ISO-10303-21;
HEADER;
FILE_DESCRIPTION (( 'STEP AP203' ),
    '1' );
FILE_NAME ('YZN10-002-K03 Зажим наборный ЗНИ-2,5мм2 (JXB24А) серый ИЭК.STEP',
    '2016-08-24T13:07:12',
    ( '' ),
    ( '' ),
    'SwSTEP 2.0',
    'SolidWorks 2014',
    '' );
FILE_SCHEMA (( 'CONFIG_CONTROL_DESIGN' ));
ENDSEC;

DATA;
#1 = ORIENTED_EDGE ( 'NONE', *, *, #4064, .T. ) ;
#2 = PLANE ( 'NONE',  #1010 ) ;
#3 = ORIENTED_EDGE ( 'NONE', *, *, #7889, .T. ) ;
#4 = CARTESIAN_POINT ( 'NONE',  ( 10.92876006921453000, -2.173214871976886900, 0.0000000000000000000 ) ) ;
#5 = ORIENTED_EDGE ( 'NONE', *, *, #1086, .F. ) ;
#6 = CARTESIAN_POINT ( 'NONE',  ( 11.15865589330015900, -8.950690092180613200, 0.1000000000000000100 ) ) ;
#7 = FACE_OUTER_BOUND ( 'NONE', #1001, .T. ) ;
#8 = FACE_OUTER_BOUND ( 'NONE', #2986, .T. ) ;
#9 = CARTESIAN_POINT ( 'NONE',  ( 31.82296703857309000, 18.50000000000000000, 0.0000000000000000000 ) ) ;
#10 = DIRECTION ( 'NONE',  ( -1.000000000000000000, 0.0000000000000000000, 0.0000000000000000000 ) ) ;
#11 = DIRECTION ( 'NONE',  ( -0.8805491088722701100, 0.4739549207089753800, 0.0000000000000000000 ) ) ;
#12 = ORIENTED_EDGE ( 'NONE', *, *, #8706, .T. ) ;
#13 = CARTESIAN_POINT ( 'NONE',  ( 47.50000000000000000, -22.00000000000000000, 0.0000000000000000000 ) ) ;
#14 = EDGE_CURVE ( 'NONE', #3015, #9898, #3322, .T. ) ;
#15 = ORIENTED_EDGE ( 'NONE', *, *, #11512, .T. ) ;
#16 = CARTESIAN_POINT ( 'NONE',  ( 11.00853637560144400, -2.164551643816342800, 0.0000000000000000000 ) ) ;
#17 = VECTOR ( 'NONE', #7888, 1000.000000000000000 ) ;
#18 = CARTESIAN_POINT ( 'NONE',  ( 10.20773029278871400, -7.181359900455318800, 0.1000000000000000100 ) ) ;
#19 = EDGE_LOOP ( 'NONE', ( #10443, #674, #8248, #11360 ) ) ;
#20 = FACE_OUTER_BOUND ( 'NONE', #458, .T. ) ;
#21 = CARTESIAN_POINT ( 'NONE',  ( 10.75994389374292700, -7.051569947597982900, 0.1000000000000000100 ) ) ;
#22 = EDGE_CURVE ( 'NONE', #1352, #8038, #7692, .T. ) ;
#23 = EDGE_CURVE ( 'NONE', #6999, #2580, #5740, .T. ) ;
#24 = CARTESIAN_POINT ( 'NONE',  ( 10.44114188564112100, -1.673246638571285000, 0.1000000000000000100 ) ) ;
#25 = ORIENTED_EDGE ( 'NONE', *, *, #1539, .F. ) ;
#26 = CARTESIAN_POINT ( 'NONE',  ( 10.74863938369780300, -6.778762497857916200, 0.1000000000000000100 ) ) ;
#27 = LINE ( 'NONE', #6563, #9022 ) ;
#28 = EDGE_CURVE ( 'NONE', #4718, #5619, #10157, .T. ) ;
#29 = DIRECTION ( 'NONE',  ( 0.0000000000000000000, 0.0000000000000000000, 1.000000000000000000 ) ) ;
#30 = CARTESIAN_POINT ( 'NONE',  ( 42.50000000000000000, 17.50000000000000000, 1.000000000000000000 ) ) ;
#31 = DIRECTION ( 'NONE',  ( 0.0000000000000000000, -1.000000000000000000, 0.0000000000000000000 ) ) ;
#32 = CARTESIAN_POINT ( 'NONE',  ( 33.83851648071344400, 20.50000000000000000, 8.099999999999999600 ) ) ;
#33 = CARTESIAN_POINT ( 'NONE',  ( 11.08291289913136200, -8.501806959089481800, 0.1000000000000000100 ) ) ;
#34 = ORIENTED_EDGE ( 'NONE', *, *, #264, .F. ) ;
#35 = VECTOR ( 'NONE', #7533, 1000.000000000000000 ) ;
#36 = CARTESIAN_POINT ( 'NONE',  ( 11.05652393913494800, -8.487645353415221200, 6.776263578034402700E-017 ) ) ;
#37 = ADVANCED_FACE ( 'NONE', ( #11612 ), #8928, .T. ) ;
#38 = CARTESIAN_POINT ( 'NONE',  ( 10.13796510110220500, -6.591139098301236600, -1.355252715606880500E-017 ) ) ;
#39 = CARTESIAN_POINT ( 'NONE',  ( 0.9295475300359314900, -8.000000000000000000, 5.000000000000000000 ) ) ;
#40 = ORIENTED_EDGE ( 'NONE', *, *, #3256, .T. ) ;
#41 = DIRECTION ( 'NONE',  ( -0.6853646990049903100, -0.7281999926928035500, 0.0000000000000000000 ) ) ;
#42 = FACE_OUTER_BOUND ( 'NONE', #9249, .T. ) ;
#43 = EDGE_LOOP ( 'NONE', ( #2899, #2744, #608, #8672 ) ) ;
#44 = VECTOR ( 'NONE', #7934, 1000.000000000000000 ) ;
#45 = EDGE_CURVE ( 'NONE', #738, #4268, #6932, .T. ) ;
#46 = EDGE_CURVE ( 'NONE', #4320, #7965, #8229, .T. ) ;
#47 = CARTESIAN_POINT ( 'NONE',  ( 10.84247055252897400, -9.093048212143630200, 0.0000000000000000000 ) ) ;
#48 = ORIENTED_EDGE ( 'NONE', *, *, #3466, .F. ) ;
#49 = CARTESIAN_POINT ( 'NONE',  ( 38.24999999999999300, 10.10357955453048200, 0.0000000000000000000 ) ) ;
#50 = AXIS2_PLACEMENT_3D ( 'NONE', #2217, #2172, #2137 ) ;
#51 = CARTESIAN_POINT ( 'NONE',  ( 11.05652393913494800, -8.487645353415221200, 0.1000000000000000100 ) ) ;
#52 = CARTESIAN_POINT ( 'NONE',  ( 11.13464502991613800, 5.017092958867329400, 0.1000000000000000100 ) ) ;
#53 = ORIENTED_EDGE ( 'NONE', *, *, #4839, .F. ) ;
#54 = DIRECTION ( 'NONE',  ( 0.0000000000000000000, 0.0000000000000000000, -1.000000000000000000 ) ) ;
#55 = CARTESIAN_POINT ( 'NONE',  ( 11.53804230008270800, -7.789541331156661900, 0.0000000000000000000 ) ) ;
#56 = VECTOR ( 'NONE', #6149, 1000.000000000000000 ) ;
#57 = ORIENTED_EDGE ( 'NONE', *, *, #6381, .T. ) ;
#58 = LINE ( 'NONE', #8603, #589 ) ;
#59 = PLANE ( 'NONE',  #942 ) ;
#60 = EDGE_CURVE ( 'NONE', #9991, #5148, #4979, .T. ) ;
#61 = EDGE_LOOP ( 'NONE', ( #5965, #5660, #1100, #3286 ) ) ;
#62 = ORIENTED_EDGE ( 'NONE', *, *, #5615, .F. ) ;
#63 = AXIS2_PLACEMENT_3D ( 'NONE', #3212, #3168, #3125 ) ;
#64 = CARTESIAN_POINT ( 'NONE',  ( 11.10689167287253900, -8.517958205483315800, 6.776263578034402700E-017 ) ) ;
#65 = CARTESIAN_POINT ( 'NONE',  ( 10.38208601914130500, -7.134129448341821200, 0.1000000000000000100 ) ) ;
#66 = CARTESIAN_POINT ( 'NONE',  ( 36.49999999999999300, 19.00000000000000000, 5.399999999999999500 ) ) ;
#67 = AXIS2_PLACEMENT_3D ( 'NONE', #11165, #4105, #5230 ) ;
#68 = CARTESIAN_POINT ( 'NONE',  ( 10.35784993088617500, -1.834205528789036400, 4.065758146820641600E-017 ) ) ;
#69 = LINE ( 'NONE', #127, #56 ) ;
#70 = LINE ( 'NONE', #6897, #1781 ) ;
#71 = ORIENTED_EDGE ( 'NONE', *, *, #8896, .T. ) ;
#72 = CARTESIAN_POINT ( 'NONE',  ( 11.36519782525624600, -3.503437822533238300, -0.0000000000000000000 ) ) ;
#73 = ORIENTED_EDGE ( 'NONE', *, *, #6011, .F. ) ;
#74 = CARTESIAN_POINT ( 'NONE',  ( 32.49999999999998600, 9.250000000000001800, 7.099999999999999600 ) ) ;
#75 = CARTESIAN_POINT ( 'NONE',  ( 11.10689167287253900, -8.517958205483315800, 0.1000000000000000100 ) ) ;
#76 = CARTESIAN_POINT ( 'NONE',  ( 10.87861682703568900, -6.913169500456171500, 0.0000000000000000000 ) ) ;
#77 = DIRECTION ( 'NONE',  ( 0.0000000000000000000, 0.0000000000000000000, -1.000000000000000000 ) ) ;
#78 = ORIENTED_EDGE ( 'NONE', *, *, #5205, .T. ) ;
#79 = AXIS2_PLACEMENT_3D ( 'NONE', #7432, #2043, #8339 ) ;
#80 = LINE ( 'NONE', #2773, #6896 ) ;
#81 = DIRECTION ( 'NONE',  ( -1.000000000000000000, 0.0000000000000000000, 0.0000000000000000000 ) ) ;
#82 = CARTESIAN_POINT ( 'NONE',  ( 11.33366125398997100, -1.887132519910252700, 0.1000000000000000100 ) ) ;
#83 = EDGE_LOOP ( 'NONE', ( #146, #4684, #8193, #2198 ) ) ;
#84 = EDGE_CURVE ( 'NONE', #9501, #11470, #6612, .T. ) ;
#85 = ORIENTED_EDGE ( 'NONE', *, *, #454, .F. ) ;
#86 = PLANE ( 'NONE',  #1325 ) ;
#87 = CARTESIAN_POINT ( 'NONE',  ( 9.765197825256244400, -2.464476783572199500, 0.1000000000000000100 ) ) ;
#88 = CARTESIAN_POINT ( 'NONE',  ( 11.08291289913136200, -8.501806959089481800, 6.776263578034402700E-017 ) ) ;
#89 = CARTESIAN_POINT ( 'NONE',  ( 11.37624257420694500, -7.949990622090827400, 0.1000000000000000100 ) ) ;
#90 = CARTESIAN_POINT ( 'NONE',  ( 10.40311533864643000, -7.345888124055489000, 0.1000000000000000100 ) ) ;
#91 = LINE ( 'NONE', #6086, #6217 ) ;
#92 = FACE_OUTER_BOUND ( 'NONE', #10324, .T. ) ;
#93 = DIRECTION ( 'NONE',  ( 1.000000000000000000, 0.0000000000000000000, 0.0000000000000000000 ) ) ;
#94 = ORIENTED_EDGE ( 'NONE', *, *, #5543, .F. ) ;
#95 = EDGE_CURVE ( 'NONE', #5942, #4490, #9965, .T. ) ;
#96 = EDGE_CURVE ( 'NONE', #2883, #9600, #438, .T. ) ;
#97 = CARTESIAN_POINT ( 'NONE',  ( 52.57322218718048400, 0.9731581000727596000, 0.0000000000000000000 ) ) ;
#98 = ORIENTED_EDGE ( 'NONE', *, *, #9260, .T. ) ;
#99 = B_SPLINE_CURVE_WITH_KNOTS ( 'NONE', 3,
 ( #47, #3720, #11510, #5133, #6681, #10856, #1415, #5669, #9558, #1829, #11231, #11295, #418, #10184, #9236, #10700, #9657, #8268, #2738 ),
 .UNSPECIFIED., .F., .F.,
 ( 4, 1, 1, 1, 1, 1, 1, 1, 1, 1, 1, 1, 1, 1, 1, 1, 4 ),
 ( 0.0000000000000000000, 0.07252090518391338100, 0.1412584642877199300, 0.2068419122999999900, 0.2701594006086008300, 0.3321595069318694100, 0.3922732462541572700, 0.4519275107686906400, 0.5124972394773890100, 0.5726256474852147200, 0.6313141251234994900, 0.6903979771953372400, 0.7491375235669499600, 0.8090543560298239000, 0.8705775423599694300, 0.9340063582065070100, 1.000000000000000000 ),
 .UNSPECIFIED. ) ;
#100 = ORIENTED_EDGE ( 'NONE', *, *, #5615, .T. ) ;
#101 = LINE ( 'NONE', #5464, #10741 ) ;
#102 = PLANE ( 'NONE',  #3356 ) ;
#103 = CARTESIAN_POINT ( 'NONE',  ( 32.50000000000000000, -18.50000000000000000, 8.099999999999999600 ) ) ;
#104 = CARTESIAN_POINT ( 'NONE',  ( 10.19574299676949300, -1.903270652283345600, 0.1000000000000000100 ) ) ;
#105 = EDGE_LOOP ( 'NONE', ( #9275, #705, #1209, #1792, #9702, #5484, #2887, #7325, #5058, #6606, #6400, #1709 ) ) ;
#106 = CARTESIAN_POINT ( 'NONE',  ( 11.26377739538453700, -6.342414447433115200, 2.710505431213761100E-017 ) ) ;
#107 = ORIENTED_EDGE ( 'NONE', *, *, #8859, .F. ) ;
#108 = CARTESIAN_POINT ( 'NONE',  ( 9.994772397750320900, -1.394020901121252100, 0.1000000000000000100 ) ) ;
#109 = CARTESIAN_POINT ( 'NONE',  ( 10.36409292606372600, -7.361579993804289400, 4.065758146820641600E-017 ) ) ;
#110 = EDGE_CURVE ( 'NONE', #371, #2595, #11351, .T. ) ;
#111 = LINE ( 'NONE', #6923, #9495 ) ;
#112 = EDGE_CURVE ( 'NONE', #953, #3994, #9695, .T. ) ;
#113 = DIRECTION ( 'NONE',  ( 9.637352644315593600E-015, 1.000000000000000000, -0.0000000000000000000 ) ) ;
#114 = CARTESIAN_POINT ( 'NONE',  ( 26.84242326782791100, 8.000000000000076400, -23.17665792529315300 ) ) ;
#115 = CARTESIAN_POINT ( 'NONE',  ( 10.86005832474096000, -1.222770533802067100, 1.355252715606880500E-017 ) ) ;
#116 = VECTOR ( 'NONE', #7748, 1000.000000000000000 ) ;
#117 = CARTESIAN_POINT ( 'NONE',  ( 10.17475122370690400, -1.060282085231034600, 0.0000000000000000000 ) ) ;
#118 = CARTESIAN_POINT ( 'NONE',  ( 10.81777029730337400, -6.985869480539777900, -0.0000000000000000000 ) ) ;
#119 = CARTESIAN_POINT ( 'NONE',  ( 10.57394050878888500, -8.524730020834189400, -0.0000000000000000000 ) ) ;
#120 = ORIENTED_EDGE ( 'NONE', *, *, #11670, .F. ) ;
#121 = EDGE_CURVE ( 'NONE', #1204, #5370, #8096, .T. ) ;
#122 = ORIENTED_EDGE ( 'NONE', *, *, #6572, .T. ) ;
#123 = EDGE_CURVE ( 'NONE', #10885, #1315, #149, .T. ) ;
#124 = VECTOR ( 'NONE', #29, 1000.000000000000000 ) ;
#125 = LINE ( 'NONE', #11304, #192 ) ;
#126 = DIRECTION ( 'NONE',  ( 1.000000000000000000, 0.0000000000000000000, 0.0000000000000000000 ) ) ;
#127 = CARTESIAN_POINT ( 'NONE',  ( 9.964645029916154000, 6.667092958867341300, 0.1000000000000000100 ) ) ;
#128 = PLANE ( 'NONE',  #7654 ) ;
#129 = DIRECTION ( 'NONE',  ( 0.6853646990049906400, -0.7281999926928031100, 0.0000000000000000000 ) ) ;
#130 = CARTESIAN_POINT ( 'NONE',  ( 35.49999999999998600, -14.50000000000000500, 1.500000000000000000 ) ) ;
#131 = CARTESIAN_POINT ( 'NONE',  ( 11.34571918078600400, -8.976173221748714700, 0.1000000000000000100 ) ) ;
#132 = CARTESIAN_POINT ( 'NONE',  ( 10.36409292606372600, -7.361579993804289400, 0.1000000000000000100 ) ) ;
#133 = ORIENTED_EDGE ( 'NONE', *, *, #7889, .F. ) ;
#134 = ADVANCED_FACE ( 'NONE', ( #10180 ), #2006, .T. ) ;
#135 = CARTESIAN_POINT ( 'NONE',  ( 42.50000000000000000, 17.50000000000000000, 43.15709628591621100 ) ) ;
#136 = ORIENTED_EDGE ( 'NONE', *, *, #3612, .T. ) ;
#137 = LINE ( 'NONE', #7947, #5957 ) ;
#138 = AXIS2_PLACEMENT_3D ( 'NONE', #6920, #8646, #8059 ) ;
#139 = ORIENTED_EDGE ( 'NONE', *, *, #1141, .T. ) ;
#140 = CARTESIAN_POINT ( 'NONE',  ( 10.96114930745268400, -2.172521631857923900, 0.0000000000000000000 ) ) ;
#141 = LINE ( 'NONE', #9538, #10218 ) ;
#142 = CARTESIAN_POINT ( 'NONE',  ( 9.793526264522993700, -6.691576718358177800, 0.1000000000000000100 ) ) ;
#143 = ORIENTED_EDGE ( 'NONE', *, *, #3295, .F. ) ;
#144 = VERTEX_POINT ( 'NONE', #2256 ) ;
#145 = CARTESIAN_POINT ( 'NONE',  ( 9.999999999999998200, -18.50000000000000000, 8.099999999999999600 ) ) ;
#146 = ORIENTED_EDGE ( 'NONE', *, *, #1940, .F. ) ;
#147 = LINE ( 'NONE', #3558, #8504 ) ;
#148 = DIRECTION ( 'NONE',  ( -0.0000000000000000000, 1.000000000000000000, -0.0000000000000000000 ) ) ;
#149 = CIRCLE ( 'NONE', #9971, 1.000000000000000900 ) ;
#150 = CARTESIAN_POINT ( 'NONE',  ( 11.58916029016220200, -7.712278881627409700, 0.1000000000000000100 ) ) ;
#151 = VERTEX_POINT ( 'NONE', #8360 ) ;
#152 = AXIS2_PLACEMENT_3D ( 'NONE', #7874, #2516, #8760 ) ;
#153 = CARTESIAN_POINT ( 'NONE',  ( 11.21947834649329100, -8.770126739136362200, 1.355252715606880500E-017 ) ) ;
#154 = CARTESIAN_POINT ( 'NONE',  ( 10.44235005712857500, -7.327109652009585100, 0.1000000000000000100 ) ) ;
#155 = VERTEX_POINT ( 'NONE', #2385 ) ;
#156 = DIRECTION ( 'NONE',  ( 0.2538981284121021300, 0.9672309653794338700, 0.0000000000000000000 ) ) ;
#157 = CARTESIAN_POINT ( 'NONE',  ( 9.244645029916135600, 4.057092958867349000, 0.1000000000000000100 ) ) ;
#158 = DIRECTION ( 'NONE',  ( -0.0000000000000000000, -0.0000000000000000000, 1.000000000000000000 ) ) ;
#159 = CARTESIAN_POINT ( 'NONE',  ( 10.94117185123027100, -6.835580679676097800, 0.1000000000000000100 ) ) ;
#160 = CARTESIAN_POINT ( 'NONE',  ( 10.75994389374292700, -7.051569947597982900, 0.0000000000000000000 ) ) ;
#161 = VERTEX_POINT ( 'NONE', #2224 ) ;
#162 = DIRECTION ( 'NONE',  ( -1.000000000000000000, 0.0000000000000000000, 0.0000000000000000000 ) ) ;
#163 = DIRECTION ( 'NONE',  ( -1.000000000000000000, 0.0000000000000000000, 0.0000000000000000000 ) ) ;
#164 = LINE ( 'NONE', #2331, #4589 ) ;
#165 = VECTOR ( 'NONE', #1586, 1000.000000000000000 ) ;
#166 = CARTESIAN_POINT ( 'NONE',  ( 11.36519782525624600, -3.503437822533238300, 0.1000000000000000100 ) ) ;
#167 = ORIENTED_EDGE ( 'NONE', *, *, #7564, .F. ) ;
#168 = DIRECTION ( 'NONE',  ( -5.723576928965327800E-016, -1.000000000000000000, 0.0000000000000000000 ) ) ;
#169 = CARTESIAN_POINT ( 'NONE',  ( 11.85464502991613700, 5.017092958867322300, 0.1000000000000000100 ) ) ;
#170 = CARTESIAN_POINT ( 'NONE',  ( 11.17578636216773400, -8.316301090787483500, 0.1000000000000000100 ) ) ;
#171 = VERTEX_POINT ( 'NONE', #2371 ) ;
#172 = EDGE_CURVE ( 'NONE', #10550, #3026, #201, .T. ) ;
#173 = DIRECTION ( 'NONE',  ( 0.0000000000000000000, 0.0000000000000000000, -1.000000000000000000 ) ) ;
#174 = CARTESIAN_POINT ( 'NONE',  ( 11.21346033640461400, -8.828871588529628100, 0.1000000000000000100 ) ) ;
#175 = CARTESIAN_POINT ( 'NONE',  ( 30.49999999999999300, 18.50000000000000000, 8.099999999999999600 ) ) ;
#176 = CARTESIAN_POINT ( 'NONE',  ( 10.15835358043112500, -1.902763741966000400, 1.355252715606880500E-017 ) ) ;
#177 = VECTOR ( 'NONE', #7321, 1000.000000000000000 ) ;
#178 = DIRECTION ( 'NONE',  ( -0.0000000000000000000, -0.0000000000000000000, -1.000000000000000000 ) ) ;
#179 = CARTESIAN_POINT ( 'NONE',  ( 10.94117185123027100, -6.835580679676097800, 0.1000000000000000100 ) ) ;
#180 = ORIENTED_EDGE ( 'NONE', *, *, #6438, .T. ) ;
#181 = LINE ( 'NONE', #9704, #456 ) ;
#182 = DIRECTION ( 'NONE',  ( -0.0000000000000000000, -0.0000000000000000000, -1.000000000000000000 ) ) ;
#183 = DIRECTION ( 'NONE',  ( -0.0000000000000000000, 1.000000000000000000, -0.0000000000000000000 ) ) ;
#184 = ORIENTED_EDGE ( 'NONE', *, *, #5019, .F. ) ;
#185 = AXIS2_PLACEMENT_3D ( 'NONE', #873, #4557, #9007 ) ;
#186 = CARTESIAN_POINT ( 'NONE',  ( 5.393968951792284200, -12.74344776061612600, -0.0000000000000000000 ) ) ;
#187 = CARTESIAN_POINT ( 'NONE',  ( 10.27767103982685600, -7.174533222443211700, -1.355252715606880500E-017 ) ) ;
#188 = CARTESIAN_POINT ( 'NONE',  ( 32.49999999999998600, -9.250000000000001800, 7.099999999999999600 ) ) ;
#189 = EDGE_CURVE ( 'NONE', #7111, #10462, #3760, .T. ) ;
#190 = EDGE_CURVE ( 'NONE', #9757, #4718, #4590, .T. ) ;
#191 = VERTEX_POINT ( 'NONE', #2127 ) ;
#192 = VECTOR ( 'NONE', #529, 1000.000000000000100 ) ;
#193 = VECTOR ( 'NONE', #536, 1000.000000000000000 ) ;
#194 = ADVANCED_FACE ( 'NONE', ( #3206 ), #1824, .T. ) ;
#195 = ORIENTED_EDGE ( 'NONE', *, *, #3974, .F. ) ;
#196 = EDGE_CURVE ( 'NONE', #6361, #11426, #9342, .T. ) ;
#197 = CARTESIAN_POINT ( 'NONE',  ( 11.15176879839604300, -6.616887435800803600, 0.1000000000000000100 ) ) ;
#198 = DIRECTION ( 'NONE',  ( -1.000000000000000000, -0.0000000000000000000, -0.0000000000000000000 ) ) ;
#199 = PLANE ( 'NONE',  #4969 ) ;
#200 = CARTESIAN_POINT ( 'NONE',  ( 11.26377739538453700, -6.342414447433115200, 0.1000000000000000100 ) ) ;
#201 = LINE ( 'NONE', #2325, #10650 ) ;
#202 = VERTEX_POINT ( 'NONE', #1984 ) ;
#203 = VECTOR ( 'NONE', #8217, 1000.000000000000000 ) ;
#204 = CARTESIAN_POINT ( 'NONE',  ( 42.88350718518842100, 10.15004534589628400, 0.0000000000000000000 ) ) ;
#205 = FACE_OUTER_BOUND ( 'NONE', #7829, .T. ) ;
#206 = CARTESIAN_POINT ( 'NONE',  ( 9.782400562072197700, -7.051633475322111300, 5.421010862427522200E-017 ) ) ;
#207 = DIRECTION ( 'NONE',  ( 0.9825233695253955400, 0.1861392713439668500, 0.0000000000000000000 ) ) ;
#208 = CARTESIAN_POINT ( 'NONE',  ( 9.244645029916155100, 6.667092958867347500, 0.0000000000000000000 ) ) ;
#209 = EDGE_CURVE ( 'NONE', #2120, #10224, #1816, .T. ) ;
#210 = PLANE ( 'NONE',  #6171 ) ;
#211 = CARTESIAN_POINT ( 'NONE',  ( 11.17818483824325800, -6.599541718637135900, 0.1000000000000000100 ) ) ;
#212 = DIRECTION ( 'NONE',  ( -0.0000000000000000000, 1.000000000000000000, -0.0000000000000000000 ) ) ;
#213 = AXIS2_PLACEMENT_3D ( 'NONE', #1223, #5451, #8307 ) ;
#214 = VECTOR ( 'NONE', #1437, 1000.000000000000000 ) ;
#215 = VERTEX_POINT ( 'NONE', #1846 ) ;
#216 = VECTOR ( 'NONE', #6673, 1000.000000000000000 ) ;
#217 = CARTESIAN_POINT ( 'NONE',  ( 10.23110691616533600, -1.051489770585186400, -0.0000000000000000000 ) ) ;
#218 = PLANE ( 'NONE',  #854 ) ;
#219 = EDGE_LOOP ( 'NONE', ( #4171, #3707, #9591, #9008 ) ) ;
#220 = CARTESIAN_POINT ( 'NONE',  ( 10.52102695439021400, -9.219348541970186200, 0.1000000000000000100 ) ) ;
#221 = ORIENTED_EDGE ( 'NONE', *, *, #10044, .T. ) ;
#222 = PLANE ( 'NONE',  #9137 ) ;
#223 = CARTESIAN_POINT ( 'NONE',  ( 32.49999999999998600, -14.00000000000000000, 5.099999999999999600 ) ) ;
#224 = DIRECTION ( 'NONE',  ( 0.0000000000000000000, 0.0000000000000000000, -1.000000000000000000 ) ) ;
#225 = VECTOR ( 'NONE', #10188, 1000.000000000000000 ) ;
#226 = CIRCLE ( 'NONE', #2801, 0.5000000000000004400 ) ;
#227 = ORIENTED_EDGE ( 'NONE', *, *, #1215, .T. ) ;
#228 = CARTESIAN_POINT ( 'NONE',  ( 10.32516590450707000, -7.374016793644067000, 4.065758146820641600E-017 ) ) ;
#230 = ORIENTED_EDGE ( 'NONE', *, *, #1759, .F. ) ;
#229 = AXIS2_PLACEMENT_3D ( 'NONE', #5995, #11053, #2032 ) ;
#231 = EDGE_LOOP ( 'NONE', ( #10045, #4474, #4360, #6486 ) ) ;
#232 = CARTESIAN_POINT ( 'NONE',  ( 35.49999999999999300, 14.49999999999999500, 0.0000000000000000000 ) ) ;
#233 = LINE ( 'NONE', #291, #8827 ) ;
#234 = FACE_OUTER_BOUND ( 'NONE', #9400, .T. ) ;
#235 = CARTESIAN_POINT ( 'NONE',  ( 11.47994299963299400, -7.826349348756187000, 0.1000000000000000100 ) ) ;
#236 = CARTESIAN_POINT ( 'NONE',  ( 10.63565237071079000, -1.568372887468303400, 0.0000000000000000000 ) ) ;
#237 = DIRECTION ( 'NONE',  ( -0.5247814819151485100, 0.8512369800701451400, 0.0000000000000000000 ) ) ;
#238 = CARTESIAN_POINT ( 'NONE',  ( 9.964645029916168200, 7.627092958867339500, 0.1000000000000000100 ) ) ;
#239 = EDGE_LOOP ( 'NONE', ( #6053, #1850, #9845, #1243 ) ) ;
#240 = DIRECTION ( 'NONE',  ( 1.000000000000000000, -5.723576928965327800E-016, 0.0000000000000000000 ) ) ;
#241 = CARTESIAN_POINT ( 'NONE',  ( 9.244645029916114300, 2.257092958867350500, 0.1000000000000000100 ) ) ;
#242 = CARTESIAN_POINT ( 'NONE',  ( 9.962981374332322600, -7.315618928297491900, 0.1000000000000000100 ) ) ;
#243 = ORIENTED_EDGE ( 'NONE', *, *, #5097, .F. ) ;
#244 = CARTESIAN_POINT ( 'NONE',  ( 10.38747580527537000, -2.044939861662560300, 0.1000000000000000100 ) ) ;
#245 = VECTOR ( 'NONE', #11286, 1000.000000000000000 ) ;
#246 = VECTOR ( 'NONE', #2740, 1000.000000000000000 ) ;
#247 = EDGE_CURVE ( 'NONE', #2795, #11562, #11145, .T. ) ;
#248 = DIRECTION ( 'NONE',  ( 0.8512369800701451400, 0.5247814819151485100, 0.0000000000000000000 ) ) ;
#249 = DIRECTION ( 'NONE',  ( 0.0000000000000000000, 0.0000000000000000000, -1.000000000000000000 ) ) ;
#250 = PLANE ( 'NONE',  #8845 ) ;
#251 = VERTEX_POINT ( 'NONE', #1780 ) ;
#252 = DIRECTION ( 'NONE',  ( -1.000000000000000000, 0.0000000000000000000, 0.0000000000000000000 ) ) ;
#253 = CARTESIAN_POINT ( 'NONE',  ( 39.49999999999999300, 15.00000000000000000, 5.399999999999999500 ) ) ;
#254 = ADVANCED_FACE ( 'NONE', ( #8874 ), #1803, .T. ) ;
#255 = ORIENTED_EDGE ( 'NONE', *, *, #7273, .F. ) ;
#256 = ADVANCED_FACE ( 'NONE', ( #5305 ), #1997, .T. ) ;
#257 = PLANE ( 'NONE',  #5113 ) ;
#258 = VECTOR ( 'NONE', #10119, 1000.000000000000000 ) ;
#259 = DIRECTION ( 'NONE',  ( -1.000000000000000000, 0.0000000000000000000, -0.0000000000000000000 ) ) ;
#260 = LINE ( 'NONE', #8417, #10974 ) ;
#261 = CARTESIAN_POINT ( 'NONE',  ( 11.13662639668481600, -7.721619640715059200, 0.1000000000000000100 ) ) ;
#262 = DIRECTION ( 'NONE',  ( 0.0000000000000000000, -1.000000000000000000, 0.0000000000000000000 ) ) ;
#263 = EDGE_CURVE ( 'NONE', #9159, #6933, #4454, .T. ) ;
#264 = EDGE_CURVE ( 'NONE', #7253, #1267, #11060, .T. ) ;
#265 = CARTESIAN_POINT ( 'NONE',  ( 11.25054580489118500, -2.018713717005374600, 0.1000000000000000100 ) ) ;
#266 = ORIENTED_EDGE ( 'NONE', *, *, #10702, .F. ) ;
#267 = ORIENTED_EDGE ( 'NONE', *, *, #7586, .F. ) ;
#268 = CARTESIAN_POINT ( 'NONE',  ( 10.63576379557179800, -1.584290297969050700, -0.0000000000000000000 ) ) ;
#269 = CARTESIAN_POINT ( 'NONE',  ( 42.50000000000000000, 16.50000000000000000, 8.099999999999999600 ) ) ;
#270 = ORIENTED_EDGE ( 'NONE', *, *, #2071, .T. ) ;
#271 = CARTESIAN_POINT ( 'NONE',  ( 42.50000000000000000, 16.50000000000000000, -2.499999999999995100 ) ) ;
#272 = APPROVAL_DATE_TIME ( #5554, #2634 ) ;
#273 = CARTESIAN_POINT ( 'NONE',  ( 10.75176141553979500, -2.144364394614676900, 0.1000000000000000100 ) ) ;
#274 = ORIENTED_EDGE ( 'NONE', *, *, #6351, .F. ) ;
#275 = CARTESIAN_POINT ( 'NONE',  ( 10.81718621390579700, -1.952488073034433200, 0.1000000000000000100 ) ) ;
#276 = CARTESIAN_POINT ( 'NONE',  ( 10.32516590450707000, -7.374016793644067000, 0.1000000000000000100 ) ) ;
#277 = ORIENTED_EDGE ( 'NONE', *, *, #3677, .T. ) ;
#278 = EDGE_CURVE ( 'NONE', #10300, #5103, #3121, .T. ) ;
#279 = CARTESIAN_POINT ( 'NONE',  ( 11.17818483824325800, -6.599541718637135900, -0.0000000000000000000 ) ) ;
#280 = CARTESIAN_POINT ( 'NONE',  ( 11.37979464782570600, -8.658895441887558800, 1.355252715606880500E-017 ) ) ;
#281 = DIRECTION ( 'NONE',  ( -1.000000000000000000, 0.0000000000000000000, 0.0000000000000000000 ) ) ;
#282 = VECTOR ( 'NONE', #2593, 1000.000000000000000 ) ;
#283 = CIRCLE ( 'NONE', #5566, 3.000000000000002700 ) ;
#284 = VECTOR ( 'NONE', #6856, 1000.000000000000000 ) ;
#285 = EDGE_CURVE ( 'NONE', #1040, #10385, #3349, .T. ) ;
#286 = DIRECTION ( 'NONE',  ( -1.000000000000000000, -0.0000000000000000000, -0.0000000000000000000 ) ) ;
#287 = CARTESIAN_POINT ( 'NONE',  ( 10.19396542398809300, -7.388808130949898100, 5.421010862427522200E-017 ) ) ;
#288 = CARTESIAN_POINT ( 'NONE',  ( 10.53976809592247200, -1.911637479816519200, 0.0000000000000000000 ) ) ;
#289 = ORIENTED_EDGE ( 'NONE', *, *, #5411, .F. ) ;
#290 = DIRECTION ( 'NONE',  ( 0.0000000000000000000, 0.0000000000000000000, -1.000000000000000000 ) ) ;
#291 = CARTESIAN_POINT ( 'NONE',  ( 8.000000000000000000, 3.500000000000000400, 8.099999999999999600 ) ) ;
#292 = LINE ( 'NONE', #1381, #7870 ) ;
#293 = LINE ( 'NONE', #6470, #4190 ) ;
#294 = DIRECTION ( 'NONE',  ( -0.0000000000000000000, 0.0000000000000000000, 1.000000000000000000 ) ) ;
#295 = CYLINDRICAL_SURFACE ( 'NONE', #2677, 0.5000000000000004400 ) ;
#296 = CARTESIAN_POINT ( 'NONE',  ( 9.244645029916135600, 4.777092958867349600, 0.0000000000000000000 ) ) ;
#297 = DIRECTION ( 'NONE',  ( -1.000000000000000000, 0.0000000000000000000, 0.0000000000000000000 ) ) ;
#298 = ORIENTED_EDGE ( 'NONE', *, *, #10940, .F. ) ;
#299 = CARTESIAN_POINT ( 'NONE',  ( 11.38597704603546700, -8.755061199156616100, 0.1000000000000000100 ) ) ;
#300 = ORIENTED_EDGE ( 'NONE', *, *, #4298, .F. ) ;
#301 = PLANE ( 'NONE',  #10881 ) ;
#302 = CARTESIAN_POINT ( 'NONE',  ( 4.393968951792283300, -12.74344776061612600, 0.0000000000000000000 ) ) ;
#303 = VERTEX_POINT ( 'NONE', #157 ) ;
#304 = CARTESIAN_POINT ( 'NONE',  ( 11.13464502991613800, 5.017092958867329400, 0.1000000000000000100 ) ) ;
#305 = CARTESIAN_POINT ( 'NONE',  ( 9.999999999999998200, -18.50000000000000000, 8.099999999999999600 ) ) ;
#306 = VECTOR ( 'NONE', #7022, 1000.000000000000000 ) ;
#307 = FACE_OUTER_BOUND ( 'NONE', #1844, .T. ) ;
#308 = EDGE_LOOP ( 'NONE', ( #4524, #782, #5654, #6988 ) ) ;
#309 = DIRECTION ( 'NONE',  ( 1.000000000000000000, 0.0000000000000000000, 0.0000000000000000000 ) ) ;
#310 = CARTESIAN_POINT ( 'NONE',  ( 42.49999999999999300, -7.145898033750314400, -17.91005284086394400 ) ) ;
#311 = CARTESIAN_POINT ( 'NONE',  ( 47.50000000000000000, 5.796270854249228500, -9.836774842293200600 ) ) ;
#312 = ORIENTED_EDGE ( 'NONE', *, *, #10434, .F. ) ;
#313 = ADVANCED_FACE ( 'NONE', ( #6099 ), #199, .T. ) ;
#314 = FACE_OUTER_BOUND ( 'NONE', #4311, .T. ) ;
#315 = ADVANCED_FACE ( 'NONE', ( #6973 ), #210, .F. ) ;
#316 = CARTESIAN_POINT ( 'NONE',  ( 9.979852471848335700, -1.135019069448141200, 0.1000000000000000100 ) ) ;
#317 = CARTESIAN_POINT ( 'NONE',  ( 10.28629169337090100, -7.382834861029238900, 4.065758146820641600E-017 ) ) ;
#318 = CARTESIAN_POINT ( 'NONE',  ( 38.67082039324992600, -8.585410196624971800, 30.61942011011341700 ) ) ;
#319 = DIRECTION ( 'NONE',  ( 0.9672309653794339800, -0.2538981284121021900, 0.0000000000000000000 ) ) ;
#320 = EDGE_LOOP ( 'NONE', ( #9076, #4707, #10032, #4377 ) ) ;
#321 = LINE ( 'NONE', #10374, #948 ) ;
#322 = CARTESIAN_POINT ( 'NONE',  ( 10.60705136326001300, -7.207510380554835700, 0.1000000000000000100 ) ) ;
#323 = EDGE_CURVE ( 'NONE', #7452, #4107, #10781, .T. ) ;
#324 = CARTESIAN_POINT ( 'NONE',  ( 10.06960905400141600, -6.401233919133783700, 0.1000000000000000100 ) ) ;
#325 = DIRECTION ( 'NONE',  ( 1.000000000000000000, 0.0000000000000000000, 0.0000000000000000000 ) ) ;
#326 = ORIENTED_EDGE ( 'NONE', *, *, #9451, .F. ) ;
#327 = CARTESIAN_POINT ( 'NONE',  ( 10.67008648153339900, -2.098283218915653100, 0.1000000000000000100 ) ) ;
#328 = VECTOR ( 'NONE', #6274, 1000.000000000000000 ) ;
#329 = ORIENTED_EDGE ( 'NONE', *, *, #10407, .F. ) ;
#330 = LINE ( 'NONE', #5073, #5163 ) ;
#331 = DIRECTION ( 'NONE',  ( -1.734723475976807100E-015, 1.000000000000000000, 0.0000000000000000000 ) ) ;
#332 = EDGE_CURVE ( 'NONE', #7044, #360, #283, .T. ) ;
#333 = EDGE_CURVE ( 'NONE', #1431, #9471, #4483, .T. ) ;
#334 = CARTESIAN_POINT ( 'NONE',  ( 10.28629169337090100, -7.382834861029238900, 0.1000000000000000100 ) ) ;
#335 = ORIENTED_EDGE ( 'NONE', *, *, #5683, .F. ) ;
#336 = CARTESIAN_POINT ( 'NONE',  ( 11.37624257420694500, -7.949990622090827400, -0.0000000000000000000 ) ) ;
#337 = DIRECTION ( 'NONE',  ( -0.0000000000000000000, 0.0000000000000000000, 1.000000000000000000 ) ) ;
#338 = CARTESIAN_POINT ( 'NONE',  ( 9.963420244840266400, -1.446544120013056200, 0.1000000000000000100 ) ) ;
#339 = LINE ( 'NONE', #1008, #7287 ) ;
#340 = VERTEX_POINT ( 'NONE', #449 ) ;
#341 = LINE ( 'NONE', #3293, #116 ) ;
#342 = LINE ( 'NONE', #10539, #11618 ) ;
#343 = EDGE_LOOP ( 'NONE', ( #2536, #10695 ) ) ;
#344 = AXIS2_PLACEMENT_3D ( 'NONE', #7800, #8688, #3344 ) ;
#345 = CARTESIAN_POINT ( 'NONE',  ( 38.50000000000000000, -16.99999999999999600, 0.0000000000000000000 ) ) ;
#346 = DIRECTION ( 'NONE',  ( -1.000000000000000000, 0.0000000000000000000, 0.0000000000000000000 ) ) ;
#347 = CARTESIAN_POINT ( 'NONE',  ( 11.12759916371445400, -6.402221333619956500, 0.0000000000000000000 ) ) ;
#348 = CARTESIAN_POINT ( 'NONE',  ( 11.38514930251289500, -8.706448149552853600, 0.0000000000000000000 ) ) ;
#349 = EDGE_CURVE ( 'NONE', #5322, #1364, #4412, .T. ) ;
#350 = EDGE_CURVE ( 'NONE', #2022, #2603, #4522, .T. ) ;
#351 = CARTESIAN_POINT ( 'NONE',  ( 9.999728315902970600, -7.338397246058867100, 0.1000000000000000100 ) ) ;
#352 = CARTESIAN_POINT ( 'NONE',  ( 36.49999999999999300, 19.50000000000000000, 2.700000000000000200 ) ) ;
#353 = LINE ( 'NONE', #1665, #1967 ) ;
#354 = VERTEX_POINT ( 'NONE', #477 ) ;
#355 = PERSON_AND_ORGANIZATION ( #9870, #6272 ) ;
#356 = ORIENTED_EDGE ( 'NONE', *, *, #11625, .T. ) ;
#357 = CARTESIAN_POINT ( 'NONE',  ( 4.708604252787291800, 12.01524776792332000, 5.000000000000000900 ) ) ;
#358 = EDGE_CURVE ( 'NONE', #2785, #6267, #3542, .T. ) ;
#359 = CARTESIAN_POINT ( 'NONE',  ( 10.24760413378244400, -7.388258875925280300, 4.065758146820641600E-017 ) ) ;
#360 = VERTEX_POINT ( 'NONE', #452 ) ;
#361 = DIRECTION ( 'NONE',  ( 0.0000000000000000000, 0.0000000000000000000, 1.000000000000000000 ) ) ;
#362 = CARTESIAN_POINT ( 'NONE',  ( 42.49999999999999300, -16.99999999999999600, 8.099999999999999600 ) ) ;
#363 = PLANE ( 'NONE',  #839 ) ;
#364 = DIRECTION ( 'NONE',  ( 1.000000000000000000, 0.0000000000000000000, 0.0000000000000000000 ) ) ;
#365 = DIRECTION ( 'NONE',  ( -1.000000000000000000, 1.156482317317870300E-015, 0.0000000000000000000 ) ) ;
#366 = CARTESIAN_POINT ( 'NONE',  ( 9.854228244322920100, -6.567206293813765000, 4.065758146820641600E-017 ) ) ;
#367 = CARTESIAN_POINT ( 'NONE',  ( 44.50000000000000000, 10.15004534589628300, 0.0000000000000000000 ) ) ;
#368 = ORIENTED_EDGE ( 'NONE', *, *, #10763, .F. ) ;
#369 = VECTOR ( 'NONE', #3218, 1000.000000000000000 ) ;
#370 = CARTESIAN_POINT ( 'NONE',  ( 10.84457148153794700, -2.169100355249234700, 0.0000000000000000000 ) ) ;
#371 = VERTEX_POINT ( 'NONE', #668 ) ;
#372 = EDGE_LOOP ( 'NONE', ( #11674, #4883, #400, #5769 ) ) ;
#373 = ORIENTED_EDGE ( 'NONE', *, *, #11087, .F. ) ;
#374 = AXIS2_PLACEMENT_3D ( 'NONE', #2528, #2510, #2926 ) ;
#375 = CARTESIAN_POINT ( 'NONE',  ( 41.49999999999999300, 18.00000000000000400, 8.099999999999999600 ) ) ;
#376 = DIRECTION ( 'NONE',  ( -0.6246950475544245100, 0.7808688094430301700, -0.0000000000000000000 ) ) ;
#377 = ADVANCED_FACE ( 'NONE', ( #4010 ), #580, .F. ) ;
#378 = APPROVAL_STATUS ( 'not_yet_approved' ) ;
#379 = CARTESIAN_POINT ( 'NONE',  ( 11.36519782525624600, -7.950191069286487000, 0.1000000000000000100 ) ) ;
#380 = ADVANCED_FACE ( 'NONE', ( #8475 ), #689, .T. ) ;
#381 = LINE ( 'NONE', #6468, #7330 ) ;
#382 = ADVANCED_FACE ( 'NONE', ( #4114 ), #869, .F. ) ;
#383 = CYLINDRICAL_SURFACE ( 'NONE', #9837, 1.499999999999996200 ) ;
#384 = CARTESIAN_POINT ( 'NONE',  ( 11.67688613694455700, -7.757009251104669500, 0.0000000000000000000 ) ) ;
#385 = DIRECTION ( 'NONE',  ( -0.0000000000000000000, -0.0000000000000000000, -1.000000000000000000 ) ) ;
#386 = ORIENTED_EDGE ( 'NONE', *, *, #123, .T. ) ;
#387 = DIRECTION ( 'NONE',  ( 0.0000000000000000000, -1.000000000000000000, -0.0000000000000000000 ) ) ;
#388 = ORIENTED_EDGE ( 'NONE', *, *, #8554, .F. ) ;
#389 = ORIENTED_EDGE ( 'NONE', *, *, #10762, .F. ) ;
#390 = LINE ( 'NONE', #3081, #124 ) ;
#391 = CARTESIAN_POINT ( 'NONE',  ( 30.50000000000000700, -18.50000000000000000, 0.0000000000000000000 ) ) ;
#392 = CARTESIAN_POINT ( 'NONE',  ( 11.19896405902248100, -1.633957303052719000, 0.0000000000000000000 ) ) ;
#393 = FACE_OUTER_BOUND ( 'NONE', #8630, .T. ) ;
#394 = CARTESIAN_POINT ( 'NONE',  ( 10.95244454265031200, -6.821544189214221500, 0.1000000000000000100 ) ) ;
#395 = CARTESIAN_POINT ( 'NONE',  ( 10.70544307544528600, -7.110313293074370700, 0.1000000000000000100 ) ) ;
#396 = CARTESIAN_POINT ( 'NONE',  ( 11.04626348137796100, -8.258630103602033800, -0.0000000000000000000 ) ) ;
#397 = ORIENTED_EDGE ( 'NONE', *, *, #3326, .F. ) ;
#398 = CARTESIAN_POINT ( 'NONE',  ( 11.58021183816323500, -7.734487024893057900, 0.1000000000000000100 ) ) ;
#399 = UNCERTAINTY_MEASURE_WITH_UNIT (LENGTH_MEASURE( 1.000000000000000100E-005 ), #7555, 'distance_accuracy_value', 'NONE');
#400 = ORIENTED_EDGE ( 'NONE', *, *, #11419, .T. ) ;
#401 = CARTESIAN_POINT ( 'NONE',  ( 9.244645029916155100, 6.907092958867348600, 0.0000000000000000000 ) ) ;
#402 = CARTESIAN_POINT ( 'NONE',  ( 10.60705136326001300, -7.207510380554835700, 4.065758146820641600E-017 ) ) ;
#403 = VECTOR ( 'NONE', #10037, 1000.000000000000000 ) ;
#404 = DIRECTION ( 'NONE',  ( -1.000000000000000000, 0.0000000000000000000, 0.0000000000000000000 ) ) ;
#405 = CARTESIAN_POINT ( 'NONE',  ( 11.37109834655980300, -8.612952000292974500, 1.355252715606880500E-017 ) ) ;
#406 = VECTOR ( 'NONE', #11324, 1000.000000000000000 ) ;
#407 = DIRECTION ( 'NONE',  ( -0.0000000000000000000, 1.000000000000000000, -0.0000000000000000000 ) ) ;
#408 = CARTESIAN_POINT ( 'NONE',  ( 11.16156600535270700, -6.382391312406915600, 2.710505431213761100E-017 ) ) ;
#409 = CARTESIAN_POINT ( 'NONE',  ( 9.765577576060387300, -6.872037689942779100, 0.1000000000000000100 ) ) ;
#410 = CARTESIAN_POINT ( 'NONE',  ( 10.49247055252897300, -8.757333926429343100, 0.1000000000000000100 ) ) ;
#411 = ORIENTED_EDGE ( 'NONE', *, *, #5458, .F. ) ;
#412 = EDGE_LOOP ( 'NONE', ( #5116, #6398, #2353, #6266 ) ) ;
#413 = DIRECTION ( 'NONE',  ( -0.0000000000000000000, -0.0000000000000000000, 1.000000000000000000 ) ) ;
#414 = B_SPLINE_CURVE_WITH_KNOTS ( 'NONE', 3,
 ( #9412, #8014, #8099, #8314, #11668, #2027, #7481, #2878, #8404, #10127, #1787, #9331, #2343, #9712, #4820, #6842, #11421, #621, #8176 ),
 .UNSPECIFIED., .F., .F.,
 ( 4, 1, 1, 1, 1, 1, 1, 1, 1, 1, 1, 1, 1, 1, 1, 1, 4 ),
 ( 0.0000000000000000000, 0.06569257862171987200, 0.1296385243031882000, 0.1919177375969918800, 0.2527934416358043100, 0.3137573236582782400, 0.3745055579052819500, 0.4357765086534037300, 0.4986219823668496300, 0.5612072432159260800, 0.6220829472547400000, 0.6827516570766679600, 0.7429534395703788500, 0.8044238261286140700, 0.8673071575872025600, 0.9320814093553084800, 1.000000000000000000 ),
 .UNSPECIFIED. ) ;
#415 = EDGE_CURVE ( 'NONE', #9314, #8128, #8288, .T. ) ;
#416 = FACE_OUTER_BOUND ( 'NONE', #7989, .T. ) ;
#417 = LINE ( 'NONE', #10787, #5990 ) ;
#418 = CARTESIAN_POINT ( 'NONE',  ( 10.52875706227711000, -8.921257739824946900, 0.0000000000000000000 ) ) ;
#419 = CARTESIAN_POINT ( 'NONE',  ( 36.99999999999999300, 19.50000000000000000, 5.399999999999999500 ) ) ;
#420 = ORIENTED_EDGE ( 'NONE', *, *, #8104, .F. ) ;
#421 = CARTESIAN_POINT ( 'NONE',  ( 43.84601194083008800, -4.822467856198581000, 8.099999999999999600 ) ) ;
#422 = ORIENTED_EDGE ( 'NONE', *, *, #5082, .F. ) ;
#423 = CARTESIAN_POINT ( 'NONE',  ( 3.559173988450535100E-015, -12.50000000000000000, 0.0000000000000000000 ) ) ;
#424 = CARTESIAN_POINT ( 'NONE',  ( 39.99999999999999300, 14.49999999999999500, 2.700000000000000200 ) ) ;
#425 = EDGE_CURVE ( 'NONE', #5705, #2493, #10777, .T. ) ;
#426 = ORIENTED_EDGE ( 'NONE', *, *, #1125, .T. ) ;
#427 = EDGE_CURVE ( 'NONE', #5011, #1663, #6474, .T. ) ;
#428 = VECTOR ( 'NONE', #10088, 1000.000000000000000 ) ;
#429 = ORIENTED_EDGE ( 'NONE', *, *, #7245, .F. ) ;
#430 = DIRECTION ( 'NONE',  ( 1.000000000000000000, 0.0000000000000000000, 0.0000000000000000000 ) ) ;
#431 = DIRECTION ( 'NONE',  ( -1.000000000000000000, 0.0000000000000000000, -0.0000000000000000000 ) ) ;
#432 = EDGE_CURVE ( 'NONE', #10550, #10069, #2699, .T. ) ;
#433 = CARTESIAN_POINT ( 'NONE',  ( 10.94117185123027100, -6.835580679676097800, 0.0000000000000000000 ) ) ;
#434 = EDGE_LOOP ( 'NONE', ( #4417, #9706, #3352, #9079 ) ) ;
#435 = CARTESIAN_POINT ( 'NONE',  ( 43.75779230267191600, 6.861205613747118900, 0.0000000000000000000 ) ) ;
#436 = LINE ( 'NONE', #8132, #11687 ) ;
#437 = DIRECTION ( 'NONE',  ( -0.9825233695253955400, -0.1861392713439668800, 0.0000000000000000000 ) ) ;
#438 = LINE ( 'NONE', #933, #7013 ) ;
#439 = CARTESIAN_POINT ( 'NONE',  ( 10.79820474939269700, -6.717705361854220800, 0.1000000000000000100 ) ) ;
#440 = CIRCLE ( 'NONE', #9634, 1.000000000000000900 ) ;
#441 = ADVANCED_FACE ( 'NONE', ( #3619 ), #5087, .T. ) ;
#442 = ADVANCED_FACE ( 'NONE', ( #9070 ), #2660, .F. ) ;
#443 = ORIENTED_EDGE ( 'NONE', *, *, #1146, .F. ) ;
#444 = CARTESIAN_POINT ( 'NONE',  ( 10.54964502991611400, 3.127092958867336800, 0.0000000000000000000 ) ) ;
#445 = CARTESIAN_POINT ( 'NONE',  ( 9.984338845850908600, -6.441161271037727500, 0.0000000000000000000 ) ) ;
#446 = DIRECTION ( 'NONE',  ( -1.000000000000000000, 0.0000000000000000000, 0.0000000000000000000 ) ) ;
#447 = ORIENTED_EDGE ( 'NONE', *, *, #9663, .F. ) ;
#448 = CARTESIAN_POINT ( 'NONE',  ( 10.90026276032118000, -1.009931329026744900, 0.1000000000000000100 ) ) ;
#449 = CARTESIAN_POINT ( 'NONE',  ( 10.84247055252897400, -9.093048212143630200, 0.1000000000000000100 ) ) ;
#450 = CARTESIAN_POINT ( 'NONE',  ( 11.42914669908402200, -7.946957204093248400, 0.1000000000000000100 ) ) ;
#451 = VERTEX_POINT ( 'NONE', #7076 ) ;
#452 = CARTESIAN_POINT ( 'NONE',  ( 41.49999999999999300, 21.00000000000000000, 8.099999999999999600 ) ) ;
#453 = CARTESIAN_POINT ( 'NONE',  ( 39.99999999999999300, 10.99999999999999800, 8.099999999999999600 ) ) ;
#454 = EDGE_CURVE ( 'NONE', #4721, #8075, #6804, .T. ) ;
#455 = CARTESIAN_POINT ( 'NONE',  ( 10.17915886421728500, -2.111230030325446500, 0.1000000000000000100 ) ) ;
#456 = VECTOR ( 'NONE', #10583, 1000.000000000000000 ) ;
#457 = CARTESIAN_POINT ( 'NONE',  ( 10.54853630255090700, -8.556751396848994800, 4.065758146820641600E-017 ) ) ;
#458 = EDGE_LOOP ( 'NONE', ( #1211, #9006, #8707, #8000 ) ) ;
#459 = DIRECTION ( 'NONE',  ( 0.0000000000000000000, -1.000000000000000000, 0.0000000000000000000 ) ) ;
#460 = ORIENTED_EDGE ( 'NONE', *, *, #7736, .F. ) ;
#461 = ORIENTED_EDGE ( 'NONE', *, *, #583, .F. ) ;
#462 = CARTESIAN_POINT ( 'NONE',  ( 47.50000000000000000, -7.849954654103714600, 30.61942011011341700 ) ) ;
#463 = VERTEX_POINT ( 'NONE', #2494 ) ;
#464 = CARTESIAN_POINT ( 'NONE',  ( 15.10296701856556100, -12.83456326127513100, 5.000000000000000000 ) ) ;
#465 = DIRECTION ( 'NONE',  ( -1.000000000000000000, 1.058751417262843400E-014, 0.0000000000000000000 ) ) ;
#466 = PLANE ( 'NONE',  #3718 ) ;
#467 = EDGE_CURVE ( 'NONE', #5557, #5046, #5450, .T. ) ;
#468 = FACE_OUTER_BOUND ( 'NONE', #2695, .T. ) ;
#469 = FACE_OUTER_BOUND ( 'NONE', #83, .T. ) ;
#470 = CARTESIAN_POINT ( 'NONE',  ( 10.54853630255090700, -8.556751396848994800, 0.1000000000000000100 ) ) ;
#471 = VERTEX_POINT ( 'NONE', #11390 ) ;
#472 = AXIS2_PLACEMENT_3D ( 'NONE', #10303, #8035, #8092 ) ;
#473 = CARTESIAN_POINT ( 'NONE',  ( 11.05408292045161500, -2.152819772806984700, 0.1000000000000000100 ) ) ;
#474 = VERTEX_POINT ( 'NONE', #11235 ) ;
#475 = VECTOR ( 'NONE', #8348, 1000.000000000000000 ) ;
#476 = CARTESIAN_POINT ( 'NONE',  ( 44.13491204469567500, -4.137030143936652100, 0.0000000000000000000 ) ) ;
#477 = CARTESIAN_POINT ( 'NONE',  ( 36.99999999999999300, 19.50000000000000000, 5.399999999999999500 ) ) ;
#478 = CARTESIAN_POINT ( 'NONE',  ( 11.03867376318543600, -6.721643508754486800, 0.0000000000000000000 ) ) ;
#479 = CARTESIAN_POINT ( 'NONE',  ( 10.18630172136014200, -1.903437822533238500, 0.1000000000000000100 ) ) ;
#480 = PLANE ( 'NONE',  #6963 ) ;
#481 = ORIENTED_EDGE ( 'NONE', *, *, #45, .F. ) ;
#482 = VECTOR ( 'NONE', #6090, 1000.000000000000000 ) ;
#484 = CARTESIAN_POINT ( 'NONE',  ( 54.99244289248920800, 0.9731581000727528300, 0.0000000000000000000 ) ) ;
#483 = PLANE ( 'NONE',  #2318 ) ;
#485 = CARTESIAN_POINT ( 'NONE',  ( 9.244645029916140900, 5.017092958867349000, 0.1000000000000000100 ) ) ;
#486 = CARTESIAN_POINT ( 'NONE',  ( 9.765197825256244400, -3.503437822533238300, 0.1000000000000000100 ) ) ;
#487 = ORIENTED_EDGE ( 'NONE', *, *, #2857, .T. ) ;
#488 = CARTESIAN_POINT ( 'NONE',  ( 0.7879379035845676100, 2.499999999999999600, 1.000000000000000900 ) ) ;
#489 = PLANE ( 'NONE',  #548 ) ;
#490 = CARTESIAN_POINT ( 'NONE',  ( 10.94066128367887100, -8.451131404666846000, 6.776263578034402700E-017 ) ) ;
#491 = CARTESIAN_POINT ( 'NONE',  ( 4.393968951792282400, 12.74344776061612400, 5.000000000000000000 ) ) ;
#492 = CARTESIAN_POINT ( 'NONE',  ( 11.45849323164444100, -7.942951197651929400, 0.1000000000000000100 ) ) ;
#493 = VERTEX_POINT ( 'NONE', #2169 ) ;
#494 = DIRECTION ( 'NONE',  ( -0.0000000000000000000, 0.0000000000000000000, 1.000000000000000000 ) ) ;
#495 = LINE ( 'NONE', #6212, #10046 ) ;
#496 = CARTESIAN_POINT ( 'NONE',  ( 9.932220404681931600, -6.853565475252192000, 0.0000000000000000000 ) ) ;
#497 = CARTESIAN_POINT ( 'NONE',  ( 39.99999999999999300, 14.49999999999999500, 2.700000000000000200 ) ) ;
#498 = CIRCLE ( 'NONE', #213, 1.750000000000001600 ) ;
#499 = DIRECTION ( 'NONE',  ( -0.0000000000000000000, -0.0000000000000000000, -1.000000000000000000 ) ) ;
#500 = ORIENTED_EDGE ( 'NONE', *, *, #8555, .F. ) ;
#501 = DIRECTION ( 'NONE',  ( 0.0000000000000000000, 0.0000000000000000000, 1.000000000000000000 ) ) ;
#502 = DIRECTION ( 'NONE',  ( 0.0000000000000000000, 0.0000000000000000000, 1.000000000000000000 ) ) ;
#503 = CARTESIAN_POINT ( 'NONE',  ( 36.49999999999999300, 7.496180162456648900, 8.099999999999999600 ) ) ;
#504 = EDGE_CURVE ( 'NONE', #8867, #9031, #5220, .T. ) ;
#505 = VECTOR ( 'NONE', #262, 1000.000000000000000 ) ;
#506 = EDGE_CURVE ( 'NONE', #451, #8748, #6754, .T. ) ;
#507 = CARTESIAN_POINT ( 'NONE',  ( 42.50000000000000700, -25.50000000000000000, 14.20327780786684700 ) ) ;
#508 = DIRECTION ( 'NONE',  ( -0.0000000000000000000, -0.0000000000000000000, -1.000000000000000000 ) ) ;
#509 = VERTEX_POINT ( 'NONE', #4655 ) ;
#510 = LINE ( 'NONE', #6796, #4356 ) ;
#511 = DIRECTION ( 'NONE',  ( 0.0000000000000000000, 0.0000000000000000000, 1.000000000000000000 ) ) ;
#512 = ADVANCED_FACE ( 'NONE', ( #10317 ), #1626, .F. ) ;
#513 = CARTESIAN_POINT ( 'NONE',  ( 10.61714587720429700, -2.672268991364406900, 0.1000000000000000100 ) ) ;
#514 = VECTOR ( 'NONE', #3073, 1000.000000000000000 ) ;
#515 = ADVANCED_FACE ( 'NONE', ( #9097 ), #5880, .F. ) ;
#516 = DIRECTION ( 'NONE',  ( -0.0000000000000000000, -0.0000000000000000000, -1.000000000000000000 ) ) ;
#517 = ORIENTED_EDGE ( 'NONE', *, *, #8462, .F. ) ;
#518 = CARTESIAN_POINT ( 'NONE',  ( 9.774994895108614300, -1.396910516878397700, 1.355252715606880500E-017 ) ) ;
#519 = PLANE ( 'NONE',  #138 ) ;
#520 = VECTOR ( 'NONE', #7812, 1000.000000000000000 ) ;
#521 = ORIENTED_EDGE ( 'NONE', *, *, #7743, .F. ) ;
#522 = FACE_OUTER_BOUND ( 'NONE', #308, .T. ) ;
#523 = ORIENTED_EDGE ( 'NONE', *, *, #535, .F. ) ;
#524 = CARTESIAN_POINT ( 'NONE',  ( 11.13464502991613800, 5.017092958867329400, 0.0000000000000000000 ) ) ;
#525 = CARTESIAN_POINT ( 'NONE',  ( 11.17740176397118100, -1.496352621507488000, 0.1000000000000000100 ) ) ;
#526 = EDGE_CURVE ( 'NONE', #5682, #7335, #927, .T. ) ;
#527 = ORIENTED_EDGE ( 'NONE', *, *, #1977, .T. ) ;
#528 = EDGE_CURVE ( 'NONE', #2800, #10131, #10534, .T. ) ;
#530 = CARTESIAN_POINT ( 'NONE',  ( 10.92883418889261000, -8.448892367987785000, -0.0000000000000000000 ) ) ;
#529 = DIRECTION ( 'NONE',  ( 0.4739549207089751600, 0.8805491088722701100, -0.0000000000000000000 ) ) ;
#531 = EDGE_CURVE ( 'NONE', #11374, #6429, #1545, .T. ) ;
#532 = VECTOR ( 'NONE', #6560, 1000.000000000000000 ) ;
#533 = CARTESIAN_POINT ( 'NONE',  ( 11.21553682045396400, -2.054855381016079000, 0.0000000000000000000 ) ) ;
#534 = APPROVAL_PERSON_ORGANIZATION ( #355, #9815, #5877 ) ;
#535 = EDGE_CURVE ( 'NONE', #8239, #6044, #1054, .T. ) ;
#536 = DIRECTION ( 'NONE',  ( 0.0000000000000000000, 1.000000000000000000, 0.0000000000000000000 ) ) ;
#537 = DIRECTION ( 'NONE',  ( 0.0000000000000000000, -1.000000000000000000, 0.0000000000000000000 ) ) ;
#538 = CARTESIAN_POINT ( 'NONE',  ( 11.19290088415114500, -8.893299077218246800, 0.1000000000000000100 ) ) ;
#539 = VERTEX_POINT ( 'NONE', #946 ) ;
#540 = ORIENTED_EDGE ( 'NONE', *, *, #8254, .T. ) ;
#541 = ORIENTED_EDGE ( 'NONE', *, *, #7423, .F. ) ;
#542 = DIRECTION ( 'NONE',  ( -0.7915544022606775300, -0.6110987058256149900, 0.0000000000000000000 ) ) ;
#543 = DIRECTION ( 'NONE',  ( -0.0000000000000000000, -0.0000000000000000000, 1.000000000000000000 ) ) ;
#544 = CARTESIAN_POINT ( 'NONE',  ( 8.500000000000001800, 14.49804735160447300, 8.099999999999999600 ) ) ;
#545 = LINE ( 'NONE', #6864, #532 ) ;
#546 = CARTESIAN_POINT ( 'NONE',  ( 10.33983720117562800, -8.996115261918642900, -0.0000000000000000000 ) ) ;
#547 = LINE ( 'NONE', #4357, #8242 ) ;
#548 = AXIS2_PLACEMENT_3D ( 'NONE', #448, #319, #156 ) ;
#549 = CARTESIAN_POINT ( 'NONE',  ( 10.45091211097053300, -1.526976783572199200, 0.1000000000000000100 ) ) ;
#550 = CARTESIAN_POINT ( 'NONE',  ( 9.793526264522993700, -6.691576718358177800, -0.0000000000000000000 ) ) ;
#551 = VERTEX_POINT ( 'NONE', #7811 ) ;
#552 = DIRECTION ( 'NONE',  ( -0.0000000000000000000, -0.0000000000000000000, -1.000000000000000000 ) ) ;
#553 = CARTESIAN_POINT ( 'NONE',  ( 11.13464502991614500, 5.947092958867328200, 0.1000000000000000100 ) ) ;
#554 = CARTESIAN_POINT ( 'NONE',  ( 11.19875475997191200, -1.621821820648690100, 0.1000000000000000100 ) ) ;
#555 = DIRECTION ( 'NONE',  ( -0.0000000000000000000, -0.0000000000000000000, -1.000000000000000000 ) ) ;
#556 = ORIENTED_EDGE ( 'NONE', *, *, #4797, .F. ) ;
#557 = CARTESIAN_POINT ( 'NONE',  ( 10.20464502991615100, 6.667092958867337800, 0.1000000000000000100 ) ) ;
#558 = LINE ( 'NONE', #7998, #1020 ) ;
#559 = LINE ( 'NONE', #5950, #284 ) ;
#560 = CARTESIAN_POINT ( 'NONE',  ( 10.41659012387315100, -7.112946417883375000, 0.1000000000000000100 ) ) ;
#561 = CARTESIAN_POINT ( 'NONE',  ( 9.244645029916155100, 6.907092958867348600, 0.1000000000000000100 ) ) ;
#562 = EDGE_LOOP ( 'NONE', ( #8043, #133, #9995, #9383 ) ) ;
#563 = ORIENTED_EDGE ( 'NONE', *, *, #8554, .T. ) ;
#564 = AXIS2_PLACEMENT_3D ( 'NONE', #10294, #11188, #5858 ) ;
#565 = CARTESIAN_POINT ( 'NONE',  ( 11.24580568859154400, -8.374006383303498800, 0.1000000000000000100 ) ) ;
#566 = CARTESIAN_POINT ( 'NONE',  ( 11.49999999999999600, 14.49804735160447300, 6.099999999999999600 ) ) ;
#567 = CARTESIAN_POINT ( 'NONE',  ( 10.63597937787916700, -1.615086944714664100, 0.0000000000000000000 ) ) ;
#568 = LINE ( 'NONE', #11316, #403 ) ;
#569 = VECTOR ( 'NONE', #8185, 1000.000000000000000 ) ;
#570 = CARTESIAN_POINT ( 'NONE',  ( 9.744777480428494300, -1.619038867107050600, -0.0000000000000000000 ) ) ;
#571 = EDGE_CURVE ( 'NONE', #9267, #1902, #111, .T. ) ;
#572 = PLANE ( 'NONE',  #4676 ) ;
#573 = ORIENTED_EDGE ( 'NONE', *, *, #5616, .F. ) ;
#574 = ADVANCED_FACE ( 'NONE', ( #1340 ), #11329, .F. ) ;
#575 = CARTESIAN_POINT ( 'NONE',  ( 11.06864022137370500, -6.690108630667228200, 0.1000000000000000100 ) ) ;
#576 = EDGE_LOOP ( 'NONE', ( #5925, #10005, #3066, #11551 ) ) ;
#577 = DIRECTION ( 'NONE',  ( 7.461176240760465200E-015, 1.000000000000000000, 0.0000000000000000000 ) ) ;
#578 = CARTESIAN_POINT ( 'NONE',  ( 11.06096451454356400, -1.331439133541092700, -0.0000000000000000000 ) ) ;
#579 = ORIENTED_EDGE ( 'NONE', *, *, #10234, .T. ) ;
#580 = PLANE ( 'NONE',  #8577 ) ;
#581 = LINE ( 'NONE', #1808, #10103 ) ;
#582 = DIRECTION ( 'NONE',  ( 0.0000000000000000000, -0.0000000000000000000, -1.000000000000000000 ) ) ;
#583 = EDGE_CURVE ( 'NONE', #3847, #539, #3498, .T. ) ;
#584 = EDGE_CURVE ( 'NONE', #6837, #5322, #3962, .T. ) ;
#585 = DIRECTION ( 'NONE',  ( -0.0000000000000000000, -0.0000000000000000000, 1.000000000000000000 ) ) ;
#586 = ORIENTED_EDGE ( 'NONE', *, *, #9141, .F. ) ;
#587 = ORIENTED_EDGE ( 'NONE', *, *, #8912, .F. ) ;
#588 = CARTESIAN_POINT ( 'NONE',  ( 10.63977466654859500, -1.659726606060106400, 0.1000000000000000100 ) ) ;
#589 = VECTOR ( 'NONE', #1256, 1000.000000000000000 ) ;
#590 = VERTEX_POINT ( 'NONE', #5976 ) ;
#591 = CARTESIAN_POINT ( 'NONE',  ( 32.49999999999998600, 18.50000000000000000, 8.099999999999999600 ) ) ;
#592 = VECTOR ( 'NONE', #2428, 1000.000000000000000 ) ;
#593 = CARTESIAN_POINT ( 'NONE',  ( 11.03201161001837200, -1.308571941458301700, 0.0000000000000000000 ) ) ;
#594 = ORIENTED_EDGE ( 'NONE', *, *, #8635, .T. ) ;
#595 = AXIS2_PLACEMENT_3D ( 'NONE', #634, #6122, #672 ) ;
#596 = EDGE_CURVE ( 'NONE', #2033, #5026, #5751, .T. ) ;
#597 = EDGE_CURVE ( 'NONE', #5842, #6919, #2329, .T. ) ;
#598 = CARTESIAN_POINT ( 'NONE',  ( 10.63579056812117700, -1.555058998208675800, 0.1000000000000000100 ) ) ;
#599 = VECTOR ( 'NONE', #1252, 1000.000000000000000 ) ;
#600 = VERTEX_POINT ( 'NONE', #3274 ) ;
#601 = VECTOR ( 'NONE', #3955, 1000.000000000000000 ) ;
#602 = ORIENTED_EDGE ( 'NONE', *, *, #1834, .F. ) ;
#603 = DIRECTION ( 'NONE',  ( 1.000000000000000000, 0.0000000000000000000, 0.0000000000000000000 ) ) ;
#604 = CARTESIAN_POINT ( 'NONE',  ( 36.76794919243109700, -12.99999999999999800, 0.0000000000000000000 ) ) ;
#605 = EDGE_CURVE ( 'NONE', #3239, #9789, #5263, .T. ) ;
#606 = CARTESIAN_POINT ( 'NONE',  ( 10.24760413378244400, -7.388258875925280300, 0.1000000000000000100 ) ) ;
#607 = CARTESIAN_POINT ( 'NONE',  ( 6.849614011047666700, -12.83456326127513100, 5.000000000000000000 ) ) ;
#608 = ORIENTED_EDGE ( 'NONE', *, *, #10099, .F. ) ;
#609 = CARTESIAN_POINT ( 'NONE',  ( 9.761131923708090200, -1.754817662705068400, 0.0000000000000000000 ) ) ;
#610 = EDGE_LOOP ( 'NONE', ( #11332, #5861, #3669, #3494 ) ) ;
#611 = CARTESIAN_POINT ( 'NONE',  ( 32.49999999999998600, 2.000000000000000000, 5.099999999999999600 ) ) ;
#612 = VECTOR ( 'NONE', #7058, 1000.000000000000000 ) ;
#613 = ADVANCED_FACE ( 'NONE', ( #8752 ), #6833, .F. ) ;
#614 = CIRCLE ( 'NONE', #1944, 0.3999999999999975800 ) ;
#615 = DIRECTION ( 'NONE',  ( -1.000000000000000000, 1.051347561198065900E-014, 0.0000000000000000000 ) ) ;
#616 = PLANE ( 'NONE',  #4014 ) ;
#617 = DIRECTION ( 'NONE',  ( 0.0000000000000000000, 0.0000000000000000000, 1.000000000000000000 ) ) ;
#618 = ORIENTED_EDGE ( 'NONE', *, *, #10814, .T. ) ;
#619 = PLANE ( 'NONE',  #8737 ) ;
#620 = CARTESIAN_POINT ( 'NONE',  ( 10.00000000000000000, 14.49804735160447300, 6.099999999999999600 ) ) ;
#621 = CARTESIAN_POINT ( 'NONE',  ( 11.38551843195228800, -8.775004713791515700, 0.1000000000000000100 ) ) ;
#622 = EDGE_CURVE ( 'NONE', #6693, #303, #2962, .T. ) ;
#623 = CARTESIAN_POINT ( 'NONE',  ( 7.048445366811455100, -12.83456326127513100, 2.999999999999999100 ) ) ;
#624 = DIRECTION ( 'NONE',  ( 0.0000000000000000000, -0.0000000000000000000, -1.000000000000000000 ) ) ;
#625 = AXIS2_PLACEMENT_3D ( 'NONE', #5881, #1751, #823 ) ;
#626 = ORIENTED_EDGE ( 'NONE', *, *, #2548, .T. ) ;
#627 = DIRECTION ( 'NONE',  ( 1.000000000000000000, 0.0000000000000000000, 0.0000000000000000000 ) ) ;
#628 = VECTOR ( 'NONE', #7621, 1000.000000000000000 ) ;
#629 = EDGE_LOOP ( 'NONE', ( #5548, #3935, #1861, #10041 ) ) ;
#630 = LINE ( 'NONE', #11621, #9933 ) ;
#631 = CARTESIAN_POINT ( 'NONE',  ( 11.85464502991613000, 4.777092958867322100, 0.1000000000000000100 ) ) ;
#632 = CARTESIAN_POINT ( 'NONE',  ( 9.991218381499042100, -7.075870389947028500, 0.1000000000000000100 ) ) ;
#633 = VERTEX_POINT ( 'NONE', #1262 ) ;
#634 = CARTESIAN_POINT ( 'NONE',  ( 2.081668171172168500E-014, -22.00000000000000000, 8.099999999999999600 ) ) ;
#635 = VECTOR ( 'NONE', #3384, 1000.000000000000000 ) ;
#636 = DIRECTION ( 'NONE',  ( -0.0000000000000000000, -0.0000000000000000000, -1.000000000000000000 ) ) ;
#637 = PLANE ( 'NONE',  #9839 ) ;
#638 = ORIENTED_EDGE ( 'NONE', *, *, #14, .F. ) ;
#639 = VECTOR ( 'NONE', #3064, 1000.000000000000000 ) ;
#640 = ORIENTED_EDGE ( 'NONE', *, *, #2754, .T. ) ;
#641 = ADVANCED_FACE ( 'NONE', ( #8540 ), #1210, .T. ) ;
#642 = B_SPLINE_CURVE_WITH_KNOTS ( 'NONE', 3,
 ( #7558, #3200, #3508, #3547, #10123, #1864, #1934, #2645, #2068, #10858, #3813 ),
 .UNSPECIFIED., .F., .F.,
 ( 4, 1, 1, 1, 1, 1, 1, 1, 4 ),
 ( 0.0000000000000000000, 0.1607976150087547500, 0.3102195965544258200, 0.4498380259333032400, 0.5797476245520966100, 0.6987225367143259400, 0.8090360169135396600, 0.9088344906514229700, 1.000000000000000000 ),
 .UNSPECIFIED. ) ;
#643 = DIRECTION ( 'NONE',  ( -1.000000000000000000, 0.0000000000000000000, 0.0000000000000000000 ) ) ;
#644 = CARTESIAN_POINT ( 'NONE',  ( 10.16398056731355100, -2.110810235799818200, -0.0000000000000000000 ) ) ;
#645 = ORIENTED_EDGE ( 'NONE', *, *, #3784, .F. ) ;
#646 = ORIENTED_EDGE ( 'NONE', *, *, #3409, .F. ) ;
#647 = VECTOR ( 'NONE', #11267, 1000.000000000000000 ) ;
#648 = DIRECTION ( 'NONE',  ( -0.0000000000000000000, -0.0000000000000000000, -1.000000000000000000 ) ) ;
#649 = FACE_OUTER_BOUND ( 'NONE', #3647, .T. ) ;
#650 = CARTESIAN_POINT ( 'NONE',  ( 11.36519782525624600, -7.950191069286487000, 0.0000000000000000000 ) ) ;
#651 = VERTEX_POINT ( 'NONE', #491 ) ;
#652 = CARTESIAN_POINT ( 'NONE',  ( 10.00000000000000000, 17.63735574933683000, 0.0000000000000000000 ) ) ;
#653 = EDGE_CURVE ( 'NONE', #10580, #4520, #5602, .T. ) ;
#654 = ADVANCED_FACE ( 'NONE', ( #3672 ), #10570, .T. ) ;
#655 = CARTESIAN_POINT ( 'NONE',  ( 8.000000000000007100, 9.157317253416650300, -23.17665792529315300 ) ) ;
#656 = CARTESIAN_POINT ( 'NONE',  ( 44.18251492603761200, -4.349954654103710200, 8.099999999999999600 ) ) ;
#657 = CARTESIAN_POINT ( 'NONE',  ( 10.30964502991613200, 4.057092958867338300, 0.1000000000000000100 ) ) ;
#658 = VERTEX_POINT ( 'NONE', #4215 ) ;
#659 = ORIENTED_EDGE ( 'NONE', *, *, #891, .T. ) ;
#660 = FACE_OUTER_BOUND ( 'NONE', #8798, .T. ) ;
#661 = CARTESIAN_POINT ( 'NONE',  ( 15.10296701856556100, 12.83456326127513100, 0.0000000000000000000 ) ) ;
#662 = LINE ( 'NONE', #4939, #258 ) ;
#663 = ORIENTED_EDGE ( 'NONE', *, *, #6931, .F. ) ;
#664 = AXIS2_PLACEMENT_3D ( 'NONE', #1503, #9689, #4342 ) ;
#665 = DIRECTION ( 'NONE',  ( -0.0000000000000000000, -0.0000000000000000000, -1.000000000000000000 ) ) ;
#666 = EDGE_CURVE ( 'NONE', #2543, #4277, #10015, .T. ) ;
#667 = EDGE_CURVE ( 'NONE', #2487, #9156, #9366, .T. ) ;
#668 = CARTESIAN_POINT ( 'NONE',  ( 26.64242326782791200, -7.800000000000076200, 8.099999999999999600 ) ) ;
#669 = DIRECTION ( 'NONE',  ( 0.0000000000000000000, -8.941873587509316400E-017, 1.000000000000000000 ) ) ;
#670 = LINE ( 'NONE', #424, #785 ) ;
#671 = COORDINATED_UNIVERSAL_TIME_OFFSET ( 3, 0, .AHEAD. ) ;
#672 = DIRECTION ( 'NONE',  ( 1.000000000000000000, 0.0000000000000000000, 0.0000000000000000000 ) ) ;
#673 = CARTESIAN_POINT ( 'NONE',  ( 9.950320037445239400, -6.765793739731549300, -0.0000000000000000000 ) ) ;
#674 = ORIENTED_EDGE ( 'NONE', *, *, #2822, .F. ) ;
#675 = ORIENTED_EDGE ( 'NONE', *, *, #11134, .T. ) ;
#676 = ORIENTED_EDGE ( 'NONE', *, *, #23, .F. ) ;
#677 = DIRECTION ( 'NONE',  ( 0.0000000000000000000, 0.0000000000000000000, 1.000000000000000000 ) ) ;
#678 = VERTEX_POINT ( 'NONE', #1346 ) ;
#679 = DIRECTION ( 'NONE',  ( 1.000000000000000000, -7.461176240760465200E-015, 0.0000000000000000000 ) ) ;
#680 = CARTESIAN_POINT ( 'NONE',  ( 10.84247055252897400, -9.093048212143630200, 0.1000000000000000100 ) ) ;
#681 = LINE ( 'NONE', #8623, #4568 ) ;
#682 = CARTESIAN_POINT ( 'NONE',  ( 9.964645029916154000, 6.667092958867341300, 0.1000000000000000100 ) ) ;
#683 = VERTEX_POINT ( 'NONE', #6430 ) ;
#684 = CARTESIAN_POINT ( 'NONE',  ( 32.70722253488646200, -19.22527887210262100, 0.0000000000000000000 ) ) ;
#685 = EDGE_CURVE ( 'NONE', #6102, #10199, #6601, .T. ) ;
#686 = EDGE_LOOP ( 'NONE', ( #843, #602, #3047, #11479 ) ) ;
#687 = ADVANCED_FACE ( 'NONE', ( #1281 ), #5207, .T. ) ;
#688 = VERTEX_POINT ( 'NONE', #10680 ) ;
#689 = PLANE ( 'NONE',  #9764 ) ;
#690 = VECTOR ( 'NONE', #6622, 1000.000000000000000 ) ;
#691 = CARTESIAN_POINT ( 'NONE',  ( 10.45091211097053100, -1.487853406948823000, 0.1000000000000000100 ) ) ;
#692 = DIRECTION ( 'NONE',  ( -0.0000000000000000000, 1.000000000000000000, -0.0000000000000000000 ) ) ;
#693 = ORIENTED_EDGE ( 'NONE', *, *, #2644, .T. ) ;
#694 = EDGE_CURVE ( 'NONE', #11626, #5557, #10669, .T. ) ;
#695 = DIRECTION ( 'NONE',  ( 0.0000000000000000000, -1.000000000000000000, 0.0000000000000000000 ) ) ;
#696 = ORIENTED_EDGE ( 'NONE', *, *, #9063, .F. ) ;
#697 = ORIENTED_EDGE ( 'NONE', *, *, #9273, .F. ) ;
#698 = AXIS2_PLACEMENT_3D ( 'NONE', #11233, #11150, #11106 ) ;
#699 = VECTOR ( 'NONE', #952, 1000.000000000000000 ) ;
#700 = CARTESIAN_POINT ( 'NONE',  ( 9.994772397750320900, -1.394020901121252100, 1.355252715606880500E-017 ) ) ;
#701 = DIRECTION ( 'NONE',  ( -1.000000000000000000, 0.0000000000000000000, 0.0000000000000000000 ) ) ;
#702 = CARTESIAN_POINT ( 'NONE',  ( 9.900272551422780500, -2.000032446018821000, 1.355252715606880500E-017 ) ) ;
#703 = VERTEX_POINT ( 'NONE', #130 ) ;
#704 = CARTESIAN_POINT ( 'NONE',  ( 10.84247055252897600, -9.093048212143632000, 1.355252715606880500E-017 ) ) ;
#705 = ORIENTED_EDGE ( 'NONE', *, *, #5674, .T. ) ;
#706 = DIRECTION ( 'NONE',  ( -1.000000000000000000, 0.0000000000000000000, 0.0000000000000000000 ) ) ;
#707 = CARTESIAN_POINT ( 'NONE',  ( 40.49999999999999300, 14.49999999999999500, 0.0000000000000000000 ) ) ;
#708 = LINE ( 'NONE', #1284, #635 ) ;
#709 = PLANE ( 'NONE',  #2019 ) ;
#710 = FACE_OUTER_BOUND ( 'NONE', #4301, .T. ) ;
#711 = ORIENTED_EDGE ( 'NONE', *, *, #9817, .F. ) ;
#712 = AXIS2_PLACEMENT_3D ( 'NONE', #4697, #10073, #4729 ) ;
#713 = DIRECTION ( 'NONE',  ( 7.461176240760465200E-015, 1.000000000000000000, 0.0000000000000000000 ) ) ;
#714 = CARTESIAN_POINT ( 'NONE',  ( 10.63977466654859500, -1.659726606060106400, -0.0000000000000000000 ) ) ;
#715 = CARTESIAN_POINT ( 'NONE',  ( 11.02792191170208500, -8.474911332979061700, 0.1000000000000000100 ) ) ;
#716 = EDGE_LOOP ( 'NONE', ( #9009, #4695, #8668, #8920 ) ) ;
#717 = EDGE_CURVE ( 'NONE', #2376, #7091, #6251, .T. ) ;
#718 = ORIENTED_EDGE ( 'NONE', *, *, #209, .T. ) ;
#719 = DIRECTION ( 'NONE',  ( 0.0000000000000000000, 0.0000000000000000000, 1.000000000000000000 ) ) ;
#720 = CARTESIAN_POINT ( 'NONE',  ( 0.0000000000000000000, 12.50000000000000000, 8.099999999999999600 ) ) ;
#721 = LINE ( 'NONE', #2255, #11669 ) ;
#722 = CARTESIAN_POINT ( 'NONE',  ( 0.0000000000000000000, 6.999999999999999100, 3.250000000000000400 ) ) ;
#723 = CARTESIAN_POINT ( 'NONE',  ( 11.19177743552396700, -8.622657427429908600, 0.0000000000000000000 ) ) ;
#724 = ORIENTED_EDGE ( 'NONE', *, *, #818, .F. ) ;
#725 = CARTESIAN_POINT ( 'NONE',  ( 10.92464502991613500, 5.017092958867331200, 0.1000000000000000100 ) ) ;
#726 = DIRECTION ( 'NONE',  ( -0.0000000000000000000, -0.0000000000000000000, -1.000000000000000000 ) ) ;
#727 = CARTESIAN_POINT ( 'NONE',  ( 11.14785518314578800, -8.555644116195390200, 6.776263578034402700E-017 ) ) ;
#728 = CARTESIAN_POINT ( 'NONE',  ( 11.01929020775302200, -6.482863140940337700, -0.0000000000000000000 ) ) ;
#729 = LINE ( 'NONE', #4143, #647 ) ;
#730 = DIRECTION ( 'NONE',  ( -1.000000000000000000, -0.0000000000000000000, -0.0000000000000000000 ) ) ;
#731 = EDGE_CURVE ( 'NONE', #3445, #5176, #568, .T. ) ;
#732 = LINE ( 'NONE', #10264, #936 ) ;
#733 = EDGE_CURVE ( 'NONE', #6350, #1181, #9860, .T. ) ;
#734 = LINE ( 'NONE', #2705, #8413 ) ;
#735 = CARTESIAN_POINT ( 'NONE',  ( 36.49999999999999300, -12.99999999999999800, 8.099999999999999600 ) ) ;
#736 = ORIENTED_EDGE ( 'NONE', *, *, #3649, .T. ) ;
#737 = ORIENTED_EDGE ( 'NONE', *, *, #11296, .F. ) ;
#738 = VERTEX_POINT ( 'NONE', #10640 ) ;
#739 = DIRECTION ( 'NONE',  ( -0.0000000000000000000, -0.0000000000000000000, -1.000000000000000000 ) ) ;
#740 = CARTESIAN_POINT ( 'NONE',  ( 11.12876774322440100, -8.535658057168948400, 0.1000000000000000100 ) ) ;
#741 = CARTESIAN_POINT ( 'NONE',  ( 11.38597704603546700, -1.604087173182589000, 0.1000000000000000100 ) ) ;
#742 = CARTESIAN_POINT ( 'NONE',  ( 9.765197825256244400, -3.711230030325446600, 0.1000000000000000100 ) ) ;
#743 = LINE ( 'NONE', #9370, #216 ) ;
#744 = CARTESIAN_POINT ( 'NONE',  ( 11.63702634860861800, -7.833181914275155800, -1.355252715606880500E-017 ) ) ;
#745 = LINE ( 'NONE', #7289, #628 ) ;
#746 = ADVANCED_FACE ( 'NONE', ( #1225 ), #8034, .F. ) ;
#747 = CARTESIAN_POINT ( 'NONE',  ( 11.16474235180804800, -8.576763565546826800, 6.776263578034402700E-017 ) ) ;
#748 = CARTESIAN_POINT ( 'NONE',  ( 10.80352464916892600, -9.091984863855239900, 1.355252715606880500E-017 ) ) ;
#749 = CARTESIAN_POINT ( 'NONE',  ( 39.49999999999999300, 15.00000000000000000, 8.099999999999999600 ) ) ;
#750 = AXIS2_PLACEMENT_3D ( 'NONE', #5797, #11121, #4043 ) ;
#751 = VERTEX_POINT ( 'NONE', #7039 ) ;
#752 = DIRECTION ( 'NONE',  ( 0.6853646990049906400, 0.7281999926928031100, -0.0000000000000000000 ) ) ;
#753 = EDGE_CURVE ( 'NONE', #8838, #1013, #3664, .T. ) ;
#754 = ORIENTED_EDGE ( 'NONE', *, *, #7012, .T. ) ;
#755 = EDGE_CURVE ( 'NONE', #2194, #9587, #1031, .T. ) ;
#756 = ORIENTED_EDGE ( 'NONE', *, *, #5123, .F. ) ;
#757 = LINE ( 'NONE', #6467, #7524 ) ;
#758 = VERTEX_POINT ( 'NONE', #4947 ) ;
#759 = CARTESIAN_POINT ( 'NONE',  ( 11.16474235180804800, -8.576763565546826800, 0.1000000000000000100 ) ) ;
#760 = CARTESIAN_POINT ( 'NONE',  ( 11.06480849772313500, -1.072738678181460500, 0.1000000000000000100 ) ) ;
#761 = EDGE_CURVE ( 'NONE', #8867, #851, #1981, .T. ) ;
#762 = CARTESIAN_POINT ( 'NONE',  ( 10.88803420377665500, -1.232616011130798700, 0.1000000000000000100 ) ) ;
#763 = CARTESIAN_POINT ( 'NONE',  ( 11.21962788751244500, -8.748120406965691500, 0.1000000000000000100 ) ) ;
#764 = ORIENTED_EDGE ( 'NONE', *, *, #6307, .F. ) ;
#765 = EDGE_CURVE ( 'NONE', #10876, #6999, #10412, .T. ) ;
#766 = ORIENTED_EDGE ( 'NONE', *, *, #11585, .F. ) ;
#767 = CARTESIAN_POINT ( 'NONE',  ( 11.17839326037311700, -2.086715523635018300, 0.0000000000000000000 ) ) ;
#768 = CARTESIAN_POINT ( 'NONE',  ( 11.19435514533878100, -1.704122844016525700, 0.1000000000000000100 ) ) ;
#769 = LINE ( 'NONE', #8809, #3309 ) ;
#770 = CARTESIAN_POINT ( 'NONE',  ( 35.49999999999999300, -14.00000000000000000, 7.099999999999999600 ) ) ;
#771 = ORIENTED_EDGE ( 'NONE', *, *, #11039, .T. ) ;
#772 = AXIS2_PLACEMENT_3D ( 'NONE', #5052, #537, #5706 ) ;
#773 = CARTESIAN_POINT ( 'NONE',  ( 11.85464502991610800, 2.257092958867323000, 0.0000000000000000000 ) ) ;
#774 = VECTOR ( 'NONE', #4821, 1000.000000000000000 ) ;
#775 = CARTESIAN_POINT ( 'NONE',  ( 10.22181645896300900, -7.388856006223353900, 4.065758146820641600E-017 ) ) ;
#776 = B_SPLINE_CURVE_WITH_KNOTS ( 'NONE', 3,
 ( #7594, #2193, #10105, #6814, #2519, #11615, #235, #6771, #1195, #6695, #4666 ),
 .UNSPECIFIED., .F., .F.,
 ( 4, 1, 1, 1, 1, 1, 1, 1, 4 ),
 ( 0.0000000000000000000, 0.1268942154261363500, 0.2463692226938157800, 0.3624881870471580700, 0.4778756860781797600, 0.5961619098410034800, 0.7207238674396027100, 0.8546640315813471800, 1.000000000000000000 ),
 .UNSPECIFIED. ) ;
#777 = ORIENTED_EDGE ( 'NONE', *, *, #5356, .F. ) ;
#778 = FACE_OUTER_BOUND ( 'NONE', #2461, .T. ) ;
#779 = DIRECTION ( 'NONE',  ( 0.0000000000000000000, 0.0000000000000000000, -1.000000000000000000 ) ) ;
#780 = CARTESIAN_POINT ( 'NONE',  ( 11.14785518314578800, -8.555644116195390200, 0.1000000000000000100 ) ) ;
#781 = DIRECTION ( 'NONE',  ( 2.891205793294681200E-014, 1.000000000000000000, -0.0000000000000000000 ) ) ;
#782 = ORIENTED_EDGE ( 'NONE', *, *, #1617, .F. ) ;
#783 = LINE ( 'NONE', #11079, #3496 ) ;
#784 = CARTESIAN_POINT ( 'NONE',  ( 10.98681196333559700, -9.280806750865705700, 0.1000000000000000100 ) ) ;
#785 = VECTOR ( 'NONE', #1549, 1000.000000000000000 ) ;
#786 = CARTESIAN_POINT ( 'NONE',  ( 11.63702634860861800, -7.833181914275155800, 0.1000000000000000100 ) ) ;
#787 = CARTESIAN_POINT ( 'NONE',  ( 10.58598410329547000, -8.999646679533920900, 0.1000000000000000100 ) ) ;
#788 = DIRECTION ( 'NONE',  ( 0.08715574274766155200, 0.9961946980917453200, 0.0000000000000000000 ) ) ;
#789 = AXIS2_PLACEMENT_3D ( 'NONE', #4319, #10552, #5217 ) ;
#790 = B_SPLINE_CURVE_WITH_KNOTS ( 'NONE', 3,
 ( #8513, #4457, #6439, #9931, #4350, #9498, #4899, #11325, #1127, #10370, #8616, #6321, #4858, #8164, #5486, #2195, #5891, #11660, #5208 ),
 .UNSPECIFIED., .F., .F.,
 ( 4, 1, 1, 1, 1, 1, 1, 1, 1, 1, 1, 1, 1, 1, 1, 1, 4 ),
 ( 0.0000000000000000000, 0.05956949811980975100, 0.1170451948422638600, 0.1733571427674343300, 0.2294071986133116600, 0.2856210799912846100, 0.3428442290431478700, 0.4014435764307288100, 0.4623551417979966400, 0.5245379489337442800, 0.5868721529874860700, 0.6502511745994908900, 0.7151794734880500000, 0.7818615537057312900, 0.8511950260811274000, 0.9240015797171047300, 0.9999999999999998900 ),
 .UNSPECIFIED. ) ;
#791 = CARTESIAN_POINT ( 'NONE',  ( 44.50000000000000000, -17.99999999999999600, 0.0000000000000000000 ) ) ;
#792 = FACE_OUTER_BOUND ( 'NONE', #7781, .T. ) ;
#793 = EDGE_LOOP ( 'NONE', ( #6614, #8358, #3443, #594 ) ) ;
#794 = VECTOR ( 'NONE', #3876, 1000.000000000000000 ) ;
#795 = VECTOR ( 'NONE', #8010, 1000.000000000000200 ) ;
#796 = DIRECTION ( 'NONE',  ( -0.0000000000000000000, 0.0000000000000000000, -1.000000000000000000 ) ) ;
#797 = CARTESIAN_POINT ( 'NONE',  ( 10.22181645896300900, -7.388856006223353900, 0.1000000000000000100 ) ) ;
#798 = ORIENTED_EDGE ( 'NONE', *, *, #506, .T. ) ;
#799 = CARTESIAN_POINT ( 'NONE',  ( 10.38536113951192000, -8.548299815818902300, 0.1000000000000000100 ) ) ;
#800 = VECTOR ( 'NONE', #7478, 1000.000000000000000 ) ;
#801 = EDGE_CURVE ( 'NONE', #11364, #9058, #558, .T. ) ;
#802 = CARTESIAN_POINT ( 'NONE',  ( 10.44114188564112100, -1.673246638571285000, 0.0000000000000000000 ) ) ;
#803 = ORIENTED_EDGE ( 'NONE', *, *, #7601, .F. ) ;
#804 = LINE ( 'NONE', #4395, #10359 ) ;
#805 = CARTESIAN_POINT ( 'NONE',  ( 11.11400417241086600, -1.874156422486831000, 1.355252715606880500E-017 ) ) ;
#806 = ORIENTED_EDGE ( 'NONE', *, *, #10481, .T. ) ;
#807 = DIRECTION ( 'NONE',  ( 0.6853646990049907500, -0.7281999926928031100, 0.0000000000000000000 ) ) ;
#808 = VERTEX_POINT ( 'NONE', #10667 ) ;
#809 = DIRECTION ( 'NONE',  ( 1.000000000000000000, 0.0000000000000000000, -0.0000000000000000000 ) ) ;
#810 = DIRECTION ( 'NONE',  ( -0.0000000000000000000, 0.0000000000000000000, 1.000000000000000000 ) ) ;
#811 = CARTESIAN_POINT ( 'NONE',  ( 9.931431591490012400, -6.884931329026747100, 0.1000000000000000100 ) ) ;
#812 = CARTESIAN_POINT ( 'NONE',  ( 36.99999999999999300, 14.49999999999999800, 8.099999999999999600 ) ) ;
#813 = CYLINDRICAL_SURFACE ( 'NONE', #7927, 3.000000000000002700 ) ;
#814 = LINE ( 'NONE', #2877, #3182 ) ;
#815 = ORIENTED_EDGE ( 'NONE', *, *, #4734, .T. ) ;
#816 = CARTESIAN_POINT ( 'NONE',  ( 10.11863880451864600, -1.298186167926135900, 1.355252715606880500E-017 ) ) ;
#817 = ORIENTED_EDGE ( 'NONE', *, *, #11049, .F. ) ;
#818 = EDGE_CURVE ( 'NONE', #6999, #9487, #7113, .T. ) ;
#819 = VERTEX_POINT ( 'NONE', #7346 ) ;
#820 = EDGE_CURVE ( 'NONE', #8888, #10759, #2565, .T. ) ;
#821 = DIRECTION ( 'NONE',  ( -8.410780489584527900E-015, -1.000000000000000000, 0.0000000000000000000 ) ) ;
#822 = CARTESIAN_POINT ( 'NONE',  ( 11.12876774322440100, -8.535658057168948400, 6.776263578034402700E-017 ) ) ;
#823 = DIRECTION ( 'NONE',  ( -1.000000000000000000, 0.0000000000000000000, 0.0000000000000000000 ) ) ;
#824 = CARTESIAN_POINT ( 'NONE',  ( 11.67688613694455700, -7.757009251104669500, 0.1000000000000000100 ) ) ;
#825 = CARTESIAN_POINT ( 'NONE',  ( 10.49761872899736500, -8.827563773684337500, 1.355252715606880500E-017 ) ) ;
#826 = ORIENTED_EDGE ( 'NONE', *, *, #1214, .T. ) ;
#827 = LINE ( 'NONE', #6825, #11146 ) ;
#828 = DIRECTION ( 'NONE',  ( 0.0000000000000000000, -1.000000000000000000, 0.0000000000000000000 ) ) ;
#829 = ORIENTED_EDGE ( 'NONE', *, *, #196, .F. ) ;
#830 = ORIENTED_EDGE ( 'NONE', *, *, #6235, .T. ) ;
#831 = CARTESIAN_POINT ( 'NONE',  ( 40.49999999999999300, 10.99999999999999800, 8.099999999999999600 ) ) ;
#832 = CARTESIAN_POINT ( 'NONE',  ( 7.048445366811458600, 12.83456326127513100, 5.000000000000000000 ) ) ;
#833 = DIRECTION ( 'NONE',  ( 0.0000000000000000000, -1.000000000000000000, 0.0000000000000000000 ) ) ;
#834 = VECTOR ( 'NONE', #1570, 1000.000000000000000 ) ;
#835 = FACE_OUTER_BOUND ( 'NONE', #8864, .T. ) ;
#836 = CARTESIAN_POINT ( 'NONE',  ( 10.30637042363168400, -8.772994554085340000, 0.0000000000000000000 ) ) ;
#837 = PLANE ( 'NONE',  #3484 ) ;
#838 = DIRECTION ( 'NONE',  ( 0.0000000000000000000, 0.0000000000000000000, 1.000000000000000000 ) ) ;
#840 = ORIENTED_EDGE ( 'NONE', *, *, #6982, .F. ) ;
#839 = AXIS2_PLACEMENT_3D ( 'NONE', #1791, #5647, #6957 ) ;
#841 = DIRECTION ( 'NONE',  ( -0.0000000000000000000, -0.0000000000000000000, -1.000000000000000000 ) ) ;
#842 = CARTESIAN_POINT ( 'NONE',  ( 10.93604303246050300, -1.965249725255078200, 0.1000000000000000100 ) ) ;
#843 = ORIENTED_EDGE ( 'NONE', *, *, #2550, .F. ) ;
#844 = ORIENTED_EDGE ( 'NONE', *, *, #10408, .T. ) ;
#845 = DIRECTION ( 'NONE',  ( -0.0000000000000000000, 0.0000000000000000000, 1.000000000000000000 ) ) ;
#846 = LINE ( 'NONE', #9551, #7787 ) ;
#847 = DIRECTION ( 'NONE',  ( 0.0000000000000000000, -1.000000000000000000, 0.0000000000000000000 ) ) ;
#848 = CARTESIAN_POINT ( 'NONE',  ( 10.30545756551598500, -8.811554705650124200, 0.0000000000000000000 ) ) ;
#849 = ORIENTED_EDGE ( 'NONE', *, *, #11634, .T. ) ;
#850 = B_SPLINE_CURVE_WITH_KNOTS ( 'NONE', 3,
 ( #4542, #4251, #6371, #6956, #8450, #11035, #5020, #10994, #2034, #11234, #10360, #2551, #4074, #6867, #4401, #11328, #8662, #9998, #2124 ),
 .UNSPECIFIED., .F., .F.,
 ( 4, 1, 1, 1, 1, 1, 1, 1, 1, 1, 1, 1, 1, 1, 1, 1, 4 ),
 ( 0.0000000000000000000, 0.07294563919508979800, 0.1430049213093403400, 0.2107544345251198800, 0.2759870974140387100, 0.3392869077613638300, 0.4024502959450458900, 0.4649271051707017900, 0.5278270476925393000, 0.5900617648565218400, 0.6502710416541022100, 0.7081984835580834600, 0.7657674231517872500, 0.8233401086504047500, 0.8810026228638996300, 0.9395226882961748000, 1.000000000000000000 ),
 .UNSPECIFIED. ) ;
#851 = VERTEX_POINT ( 'NONE', #10394 ) ;
#852 = AXIS2_PLACEMENT_3D ( 'NONE', #10794, #2817, #281 ) ;
#853 = DIRECTION ( 'NONE',  ( -0.0000000000000000000, -0.0000000000000000000, -1.000000000000000000 ) ) ;
#854 = AXIS2_PLACEMENT_3D ( 'NONE', #5351, #297, #10085 ) ;
#855 = LINE ( 'NONE', #11336, #17 ) ;
#856 = DIRECTION ( 'NONE',  ( 1.000000000000000000, -1.051347561198065800E-014, 0.0000000000000000000 ) ) ;
#857 = DIRECTION ( 'NONE',  ( -1.000000000000000000, 0.0000000000000000000, -0.0000000000000000000 ) ) ;
#858 = LOCAL_TIME ( 16, 7, 12.00000000000000000, #11287 ) ;
#859 = DIRECTION ( 'NONE',  ( -0.6853646990049906400, -0.7281999926928031100, 0.0000000000000000000 ) ) ;
#860 = CARTESIAN_POINT ( 'NONE',  ( 11.60838477929381100, -7.866061627699521000, -1.355252715606880500E-017 ) ) ;
#861 = DIRECTION ( 'NONE',  ( -8.163404592832049300E-015, -1.000000000000000000, -0.0000000000000000000 ) ) ;
#862 = CARTESIAN_POINT ( 'NONE',  ( 39.99999999999999300, 14.49999999999999500, 1.000000000000000000 ) ) ;
#863 = VERTEX_POINT ( 'NONE', #5195 ) ;
#864 = VERTEX_POINT ( 'NONE', #11330 ) ;
#865 = FACE_OUTER_BOUND ( 'NONE', #5108, .T. ) ;
#866 = VERTEX_POINT ( 'NONE', #3877 ) ;
#867 = LINE ( 'NONE', #11055, #690 ) ;
#868 = ADVANCED_FACE ( 'NONE', ( #3985 ), #5226, .T. ) ;
#869 = PLANE ( 'NONE',  #10929 ) ;
#870 = CARTESIAN_POINT ( 'NONE',  ( 10.64523083604850100, -1.701340142850631600, 0.0000000000000000000 ) ) ;
#871 = CARTESIAN_POINT ( 'NONE',  ( 11.08312465389440500, -9.022453199103441800, 0.0000000000000000000 ) ) ;
#872 = ORIENTED_EDGE ( 'NONE', *, *, #1309, .T. ) ;
#873 = CARTESIAN_POINT ( 'NONE',  ( 52.57322218718048400, 0.9731581000727596000, -9.836774842293200600 ) ) ;
#874 = EDGE_CURVE ( 'NONE', #3597, #5581, #27, .T. ) ;
#875 = CARTESIAN_POINT ( 'NONE',  ( 11.55526147399042400, -7.907777839100837100, 0.1000000000000000100 ) ) ;
#876 = LINE ( 'NONE', #7363, #2170 ) ;
#877 = FACE_OUTER_BOUND ( 'NONE', #2529, .T. ) ;
#878 = DIRECTION ( 'NONE',  ( 0.0000000000000000000, -1.000000000000000000, -0.0000000000000000000 ) ) ;
#879 = LINE ( 'NONE', #1699, #2775 ) ;
#880 = CARTESIAN_POINT ( 'NONE',  ( 33.83851648071344400, 21.00000000000000000, 8.099999999999999600 ) ) ;
#881 = EDGE_LOOP ( 'NONE', ( #4419, #6738, #999, #4733 ) ) ;
#882 = PLANE ( 'NONE',  #4535 ) ;
#883 = ORIENTED_EDGE ( 'NONE', *, *, #1992, .F. ) ;
#884 = AXIS2_PLACEMENT_3D ( 'NONE', #9989, #4646, #10872 ) ;
#885 = CARTESIAN_POINT ( 'NONE',  ( 10.96371081405765200, -8.455495007469211900, 6.776263578034402700E-017 ) ) ;
#886 = CARTESIAN_POINT ( 'NONE',  ( 35.49999999999999300, -9.250000000000001800, 7.099999999999999600 ) ) ;
#887 = CARTESIAN_POINT ( 'NONE',  ( 8.000000000000007100, 9.157317253416650300, 8.099999999999999600 ) ) ;
#888 = CARTESIAN_POINT ( 'NONE',  ( 10.30576283179684400, -8.798659915260373100, -0.0000000000000000000 ) ) ;
#889 = ORIENTED_EDGE ( 'NONE', *, *, #6916, .T. ) ;
#890 = EDGE_CURVE ( 'NONE', #8932, #3821, #7838, .T. ) ;
#891 = EDGE_CURVE ( 'NONE', #9501, #2692, #8841, .T. ) ;
#892 = LINE ( 'NONE', #7523, #639 ) ;
#893 = CARTESIAN_POINT ( 'NONE',  ( 10.13132834156165700, -1.898602271559408200, -0.0000000000000000000 ) ) ;
#894 = VECTOR ( 'NONE', #5104, 1000.000000000000100 ) ;
#895 = ORIENTED_EDGE ( 'NONE', *, *, #9228, .F. ) ;
#896 = CARTESIAN_POINT ( 'NONE',  ( 30.11585916156554500, -18.50000000000000000, 3.099999999999999600 ) ) ;
#897 = DIRECTION ( 'NONE',  ( -0.0000000000000000000, -0.0000000000000000000, -1.000000000000000000 ) ) ;
#898 = CARTESIAN_POINT ( 'NONE',  ( 11.08312465389440500, -9.022453199103441800, 0.1000000000000000100 ) ) ;
#899 = DIRECTION ( 'NONE',  ( -0.0000000000000000000, -0.0000000000000000000, -1.000000000000000000 ) ) ;
#900 = CARTESIAN_POINT ( 'NONE',  ( 11.60838477929381100, -7.866061627699521000, 0.1000000000000000100 ) ) ;
#901 = DIRECTION ( 'NONE',  ( 0.0000000000000000000, 0.0000000000000000000, -1.000000000000000000 ) ) ;
#902 = ADVANCED_FACE ( 'NONE', ( #9737 ), #4552, .T. ) ;
#903 = CARTESIAN_POINT ( 'NONE',  ( 9.932220404681931600, -6.853565475252192000, -1.355252715606880500E-017 ) ) ;
#904 = PLANE ( 'NONE',  #9417 ) ;
#905 = ORIENTED_EDGE ( 'NONE', *, *, #6152, .F. ) ;
#906 = EDGE_CURVE ( 'NONE', #10131, #3994, #9440, .T. ) ;
#907 = CARTESIAN_POINT ( 'NONE',  ( 10.33212855040453300, -2.079257833997628400, 0.1000000000000000100 ) ) ;
#908 = ORIENTED_EDGE ( 'NONE', *, *, #6917, .F. ) ;
#909 = LINE ( 'NONE', #2859, #246 ) ;
#910 = ORIENTED_EDGE ( 'NONE', *, *, #6758, .T. ) ;
#911 = PLANE ( 'NONE',  #11671 ) ;
#912 = VECTOR ( 'NONE', #2643, 1000.000000000000000 ) ;
#913 = CARTESIAN_POINT ( 'NONE',  ( 36.49999999999998600, 15.00000000000000000, 8.099999999999999600 ) ) ;
#914 = ORIENTED_EDGE ( 'NONE', *, *, #2766, .T. ) ;
#915 = VECTOR ( 'NONE', #3459, 1000.000000000000000 ) ;
#916 = CARTESIAN_POINT ( 'NONE',  ( 35.49999999999999300, -14.00000000000000000, 5.099999999999999600 ) ) ;
#917 = ORIENTED_EDGE ( 'NONE', *, *, #2569, .F. ) ;
#918 = CARTESIAN_POINT ( 'NONE',  ( 10.20902899408741700, -7.389152108247527600, 0.1000000000000000100 ) ) ;
#919 = AXIS2_PLACEMENT_3D ( 'NONE', #9849, #6373, #6224 ) ;
#920 = CARTESIAN_POINT ( 'NONE',  ( 2.081668171172168500E-014, -22.00000000000000000, 1.000000000000000000 ) ) ;
#921 = CARTESIAN_POINT ( 'NONE',  ( 10.43013289019131100, -3.503437822533238300, -0.0000000000000000000 ) ) ;
#922 = CARTESIAN_POINT ( 'NONE',  ( 10.30637042363168400, -8.772994554085340000, 0.0000000000000000000 ) ) ;
#923 = ORIENTED_EDGE ( 'NONE', *, *, #5117, .F. ) ;
#924 = VERTEX_POINT ( 'NONE', #52 ) ;
#925 = VECTOR ( 'NONE', #5291, 1000.000000000000000 ) ;
#926 = CARTESIAN_POINT ( 'NONE',  ( 9.931898717924076100, -1.643343006382751200, 0.0000000000000000000 ) ) ;
#927 = LINE ( 'NONE', #591, #3457 ) ;
#928 = CARTESIAN_POINT ( 'NONE',  ( 11.13662639668481600, -7.721619640715059200, 0.1000000000000000100 ) ) ;
#929 = ORIENTED_EDGE ( 'NONE', *, *, #2071, .F. ) ;
#930 = CARTESIAN_POINT ( 'NONE',  ( 10.20902899408741500, -7.389152108247526700, 4.065758146820641600E-017 ) ) ;
#931 = CARTESIAN_POINT ( 'NONE',  ( 10.30545756551598500, -8.811554705650124200, 0.1000000000000000100 ) ) ;
#932 = DIRECTION ( 'NONE',  ( 1.000000000000000000, 0.0000000000000000000, 0.0000000000000000000 ) ) ;
#933 = CARTESIAN_POINT ( 'NONE',  ( 13.01877120494743200, 9.157317253416650300, 8.099999999999999600 ) ) ;
#934 = CARTESIAN_POINT ( 'NONE',  ( 11.67688613694455700, -7.757009251104669500, 0.1000000000000000100 ) ) ;
#935 = CARTESIAN_POINT ( 'NONE',  ( 11.58075993745551800, -7.890926173105922800, -1.355252715606880500E-017 ) ) ;
#936 = VECTOR ( 'NONE', #3933, 1000.000000000000000 ) ;
#937 = EDGE_LOOP ( 'NONE', ( #6878, #10465, #8204, #1264 ) ) ;
#938 = CARTESIAN_POINT ( 'NONE',  ( 36.49999999999999300, 10.49999999999999600, 8.099999999999999600 ) ) ;
#939 = LINE ( 'NONE', #8030, #8219 ) ;
#940 = CARTESIAN_POINT ( 'NONE',  ( 10.00931351702960900, -6.667285764018435800, 0.1000000000000000100 ) ) ;
#941 = CARTESIAN_POINT ( 'NONE',  ( 10.90026276032118000, -1.009931329026744900, -0.0000000000000000000 ) ) ;
#942 = AXIS2_PLACEMENT_3D ( 'NONE', #9983, #6440, #998 ) ;
#943 = DIRECTION ( 'NONE',  ( -0.0000000000000000000, 0.0000000000000000000, -1.000000000000000000 ) ) ;
#944 = ORIENTED_EDGE ( 'NONE', *, *, #1674, .T. ) ;
#945 = FACE_OUTER_BOUND ( 'NONE', #7168, .T. ) ;
#946 = CARTESIAN_POINT ( 'NONE',  ( 10.00000000000000000, 17.63735574933682300, 0.0000000000000000000 ) ) ;
#947 = PLANE ( 'NONE',  #6320 ) ;
#948 = VECTOR ( 'NONE', #8598, 1000.000000000000000 ) ;
#949 = CARTESIAN_POINT ( 'NONE',  ( 10.48119878762321000, -7.304016401166055800, 0.1000000000000000100 ) ) ;
#950 = CARTESIAN_POINT ( 'NONE',  ( 11.36519782525624600, -2.464476783572199500, -0.0000000000000000000 ) ) ;
#951 = EDGE_LOOP ( 'NONE', ( #9525, #4258, #5585, #6497 ) ) ;
#952 = DIRECTION ( 'NONE',  ( -0.0000000000000000000, -0.0000000000000000000, 1.000000000000000000 ) ) ;
#953 = VERTEX_POINT ( 'NONE', #6743 ) ;
#954 = ORIENTED_EDGE ( 'NONE', *, *, #2559, .F. ) ;
#955 = CARTESIAN_POINT ( 'NONE',  ( 11.36519782525624600, -2.672268991364406900, 0.1000000000000000100 ) ) ;
#956 = ADVANCED_FACE ( 'NONE', ( #9307 ), #363, .F. ) ;
#957 = EDGE_CURVE ( 'NONE', #3644, #1098, #1599, .T. ) ;
#958 = EDGE_CURVE ( 'NONE', #7790, #600, #4605, .T. ) ;
#959 = EDGE_CURVE ( 'NONE', #11126, #8838, #4255, .T. ) ;
#960 = DIRECTION ( 'NONE',  ( 0.9961946980917452100, -0.08715574274766199600, 0.0000000000000000000 ) ) ;
#961 = CARTESIAN_POINT ( 'NONE',  ( 9.931431591490012400, -6.884931329026747100, 0.0000000000000000000 ) ) ;
#962 = ORIENTED_EDGE ( 'NONE', *, *, #4384, .T. ) ;
#963 = FACE_OUTER_BOUND ( 'NONE', #5693, .T. ) ;
#964 = DIRECTION ( 'NONE',  ( -0.0000000000000000000, 1.000000000000000000, -0.0000000000000000000 ) ) ;
#965 = CARTESIAN_POINT ( 'NONE',  ( 44.50000000000000000, 10.15004534589628300, 8.099999999999999600 ) ) ;
#966 = CARTESIAN_POINT ( 'NONE',  ( 10.31150244604416600, -8.734662525848776200, -0.0000000000000000000 ) ) ;
#967 = ORIENTED_EDGE ( 'NONE', *, *, #2956, .F. ) ;
#968 = DIRECTION ( 'NONE',  ( -0.0000000000000000000, -0.0000000000000000000, -1.000000000000000000 ) ) ;
#969 = CARTESIAN_POINT ( 'NONE',  ( 10.43253346203182700, -1.705071565075557200, 0.1000000000000000100 ) ) ;
#970 = EDGE_LOOP ( 'NONE', ( #626, #9386, #5402, #7538 ) ) ;
#971 = VECTOR ( 'NONE', #5064, 1000.000000000000000 ) ;
#972 = AXIS2_PLACEMENT_3D ( 'NONE', #49, #6428, #989 ) ;
#973 = VECTOR ( 'NONE', #9108, 1000.000000000000000 ) ;
#974 = CARTESIAN_POINT ( 'NONE',  ( 10.75994389374292700, -7.051569947597982900, 4.065758146820641600E-017 ) ) ;
#975 = EDGE_CURVE ( 'NONE', #9803, #11447, #1293, .T. ) ;
#976 = EDGE_CURVE ( 'NONE', #2022, #6097, #8131, .T. ) ;
#977 = CARTESIAN_POINT ( 'NONE',  ( 10.61714587720429700, -2.672268991364406900, 0.1000000000000000100 ) ) ;
#978 = DIRECTION ( 'NONE',  ( -0.0000000000000000000, -0.0000000000000000000, -1.000000000000000000 ) ) ;
#979 = CARTESIAN_POINT ( 'NONE',  ( 10.81974327980170100, -9.300840419935838100, 1.355252715606880500E-017 ) ) ;
#980 = ORIENTED_EDGE ( 'NONE', *, *, #6749, .T. ) ;
#981 = CARTESIAN_POINT ( 'NONE',  ( 10.17087597683959600, -6.583959702656856400, -1.355252715606880500E-017 ) ) ;
#982 = DIRECTION ( 'NONE',  ( -0.4739549207089751600, 0.8805491088722701100, 0.0000000000000000000 ) ) ;
#983 = EDGE_LOOP ( 'NONE', ( #5692, #4210, #1917, #8065 ) ) ;
#984 = EDGE_CURVE ( 'NONE', #493, #11458, #498, .T. ) ;
#985 = LINE ( 'NONE', #9611, #9759 ) ;
#986 = DIRECTION ( 'NONE',  ( -0.0000000000000000000, -0.0000000000000000000, -1.000000000000000000 ) ) ;
#987 = VECTOR ( 'NONE', #9937, 1000.000000000000000 ) ;
#988 = CARTESIAN_POINT ( 'NONE',  ( 10.45091211097053300, -1.526976783572199200, 0.1000000000000000100 ) ) ;
#989 = DIRECTION ( 'NONE',  ( -1.000000000000000000, 0.0000000000000000000, 0.0000000000000000000 ) ) ;
#990 = VERTEX_POINT ( 'NONE', #3242 ) ;
#991 = ORIENTED_EDGE ( 'NONE', *, *, #1513, .T. ) ;
#992 = CARTESIAN_POINT ( 'NONE',  ( 10.63579056812117700, -1.555058998208675800, -0.0000000000000000000 ) ) ;
#993 = LINE ( 'NONE', #7539, #894 ) ;
#994 = CARTESIAN_POINT ( 'NONE',  ( 33.39638873255677300, -21.63736056394868600, 0.0000000000000000000 ) ) ;
#995 = AXIS2_PLACEMENT_3D ( 'NONE', #2807, #2101, #2073 ) ;
#996 = AXIS2_PLACEMENT_3D ( 'NONE', #4693, #2750, #2604 ) ;
#997 = DIRECTION ( 'NONE',  ( -0.0000000000000000000, -0.0000000000000000000, -1.000000000000000000 ) ) ;
#998 = DIRECTION ( 'NONE',  ( 0.0000000000000000000, -0.0000000000000000000, -1.000000000000000000 ) ) ;
#999 = ORIENTED_EDGE ( 'NONE', *, *, #8999, .F. ) ;
#1000 = B_SPLINE_CURVE_WITH_KNOTS ( 'NONE', 3,
 ( #7180, #10716, #8964, #3614, #9859, #4519, #10750, #5413, #11628, #6313, #871, #7214, #1806, #8123, #2751, #9005, #3654, #9897, #4554 ),
 .UNSPECIFIED., .F., .F.,
 ( 4, 1, 1, 1, 1, 1, 1, 1, 1, 1, 1, 1, 1, 1, 1, 1, 4 ),
 ( 0.0000000000000000000, 0.06446489955713137500, 0.1266746782289932300, 0.1872007972331891600, 0.2458232929332393500, 0.3047158879510935600, 0.3638857315547252600, 0.4242587027143430700, 0.4865003620401647800, 0.5491866481069046500, 0.6117224330064554600, 0.6736979191176628600, 0.7361622874266181600, 0.7992795927792321100, 0.8643468857029449300, 0.9309608661739431400, 0.9999999999999998900 ),
 .UNSPECIFIED. ) ;
#1001 = EDGE_LOOP ( 'NONE', ( #9766, #11440, #10507, #4760 ) ) ;
#1002 = DIRECTION ( 'NONE',  ( 0.0000000000000000000, -0.0000000000000000000, 1.000000000000000000 ) ) ;
#1003 = CARTESIAN_POINT ( 'NONE',  ( 9.940746422724490800, -1.701846680925409800, 1.355252715606880500E-017 ) ) ;
#1004 = CARTESIAN_POINT ( 'NONE',  ( 11.17818483824325800, -6.599541718637135900, 0.0000000000000000000 ) ) ;
#1005 = EDGE_LOOP ( 'NONE', ( #6783, #7929, #6034, #9929 ) ) ;
#1006 = LINE ( 'NONE', #7841, #11519 ) ;
#1007 = CARTESIAN_POINT ( 'NONE',  ( 10.33662825879521700, -1.852190755017378200, 4.065758146820641600E-017 ) ) ;
#1008 = CARTESIAN_POINT ( 'NONE',  ( 10.92464502991613500, 5.017092958867331200, 0.1000000000000000100 ) ) ;
#1009 = ORIENTED_EDGE ( 'NONE', *, *, #7337, .F. ) ;
#1010 = AXIS2_PLACEMENT_3D ( 'NONE', #10813, #6380, #943 ) ;
#1011 = CARTESIAN_POINT ( 'NONE',  ( 10.62055172003153200, -6.928287277084415100, 0.1000000000000000100 ) ) ;
#1012 = AXIS2_PLACEMENT_3D ( 'NONE', #11130, #10861, #11563 ) ;
#1013 = VERTEX_POINT ( 'NONE', #6908 ) ;
#1014 = CARTESIAN_POINT ( 'NONE',  ( 42.49999999999999300, -17.99999999999999600, 0.0000000000000000000 ) ) ;
#1015 = CARTESIAN_POINT ( 'NONE',  ( 5.393968951792284200, -12.74344776061612600, 5.000000000000000000 ) ) ;
#1016 = CARTESIAN_POINT ( 'NONE',  ( 11.21940135719328800, -8.728758289020115400, 6.776263578034402700E-017 ) ) ;
#1017 = CARTESIAN_POINT ( 'NONE',  ( 10.18630172136014200, -1.903437822533238500, 0.1000000000000000100 ) ) ;
#1018 = VECTOR ( 'NONE', #7778, 1000.000000000000000 ) ;
#1019 = CARTESIAN_POINT ( 'NONE',  ( 10.70544307544528600, -7.110313293074370700, -0.0000000000000000000 ) ) ;
#1020 = VECTOR ( 'NONE', #3795, 1000.000000000000000 ) ;
#1021 = LINE ( 'NONE', #1885, #987 ) ;
#1022 = DIRECTION ( 'NONE',  ( 0.0000000000000000000, 0.0000000000000000000, -1.000000000000000000 ) ) ;
#1023 = CARTESIAN_POINT ( 'NONE',  ( 9.765197825256244400, -6.889801458896877200, 0.0000000000000000000 ) ) ;
#1024 = ORIENTED_EDGE ( 'NONE', *, *, #10775, .F. ) ;
#1025 = CARTESIAN_POINT ( 'NONE',  ( 47.50000000000000000, 10.15004534589628400, 8.099999999999999600 ) ) ;
#1026 = VERTEX_POINT ( 'NONE', #6613 ) ;
#1027 = ORIENTED_EDGE ( 'NONE', *, *, #9867, .F. ) ;
#1028 = CARTESIAN_POINT ( 'NONE',  ( 7.999999999999996400, 21.00000000000000000, 8.099999999999999600 ) ) ;
#1029 = CARTESIAN_POINT ( 'NONE',  ( 10.00000000000000200, 17.63735574933683000, 5.000000000000000000 ) ) ;
#1030 = LINE ( 'NONE', #8390, #1174 ) ;
#1031 = LINE ( 'NONE', #10915, #8947 ) ;
#1032 = CARTESIAN_POINT ( 'NONE',  ( 11.32396987914643700, -8.485258556451366700, 0.1000000000000000100 ) ) ;
#1033 = CARTESIAN_POINT ( 'NONE',  ( 11.37937776417028400, -1.496062441735595000, 0.1000000000000000100 ) ) ;
#1034 = CARTESIAN_POINT ( 'NONE',  ( 9.942034350740190300, -6.974745502627548900, 0.1000000000000000100 ) ) ;
#1035 = CARTESIAN_POINT ( 'NONE',  ( 10.65241404841911600, -1.740188701354412800, -0.0000000000000000000 ) ) ;
#1036 = ORIENTED_EDGE ( 'NONE', *, *, #2782, .F. ) ;
#1037 = CARTESIAN_POINT ( 'NONE',  ( 19.33333333333341000, 8.000000000000076400, 8.099999999999999600 ) ) ;
#1038 = EDGE_CURVE ( 'NONE', #2376, #4721, #7400, .T. ) ;
#1039 = ORIENTED_EDGE ( 'NONE', *, *, #1940, .T. ) ;
#1040 = VERTEX_POINT ( 'NONE', #10361 ) ;
#1041 = CARTESIAN_POINT ( 'NONE',  ( 10.15127804816238400, -1.285208279408905300, 0.1000000000000000100 ) ) ;
#1042 = CARTESIAN_POINT ( 'NONE',  ( 10.16776703005813000, -6.376478933552907500, 0.1000000000000000100 ) ) ;
#1043 = LINE ( 'NONE', #3932, #774 ) ;
#1044 = EDGE_LOOP ( 'NONE', ( #8678, #2653, #6851, #11026 ) ) ;
#1045 = EDGE_CURVE ( 'NONE', #6257, #1540, #3152, .T. ) ;
#1046 = AXIS2_PLACEMENT_3D ( 'NONE', #1244, #4013, #10244 ) ;
#1047 = ORIENTED_EDGE ( 'NONE', *, *, #2054, .T. ) ;
#1048 = DIRECTION ( 'NONE',  ( 0.0000000000000000000, 0.0000000000000000000, 1.000000000000000000 ) ) ;
#1049 = EDGE_CURVE ( 'NONE', #7505, #5986, #1558, .T. ) ;
#1050 = EDGE_CURVE ( 'NONE', #10615, #751, #3739, .T. ) ;
#1051 = CARTESIAN_POINT ( 'NONE',  ( 10.18630172136014200, -1.903437822533238500, 0.1000000000000000100 ) ) ;
#1052 = ORIENTED_EDGE ( 'NONE', *, *, #3837, .T. ) ;
#1053 = DIRECTION ( 'NONE',  ( 1.000000000000000000, 0.0000000000000000000, 0.0000000000000000000 ) ) ;
#1054 = LINE ( 'NONE', #938, #1081 ) ;
#1055 = ADVANCED_FACE ( 'NONE', ( #9675 ), #5553, .F. ) ;
#1056 = EDGE_CURVE ( 'NONE', #7763, #5842, #9374, .T. ) ;
#1057 = CARTESIAN_POINT ( 'NONE',  ( 10.18657001488797900, -1.274742167777148000, 0.1000000000000000100 ) ) ;
#1058 = CARTESIAN_POINT ( 'NONE',  ( 9.948105704161845300, -1.728967115335418000, 1.355252715606880500E-017 ) ) ;
#1059 = CARTESIAN_POINT ( 'NONE',  ( 10.20464502991615100, 6.667092958867337800, 0.0000000000000000000 ) ) ;
#1060 = CARTESIAN_POINT ( 'NONE',  ( 37.00000000000000700, -16.38697369497305400, 8.099999999999999600 ) ) ;
#1061 = VERTEX_POINT ( 'NONE', #11122 ) ;
#1062 = FACE_OUTER_BOUND ( 'NONE', #5588, .T. ) ;
#1063 = CARTESIAN_POINT ( 'NONE',  ( 32.50000000000000000, -18.50000000000000000, 8.099999999999999600 ) ) ;
#1064 = CARTESIAN_POINT ( 'NONE',  ( 10.65464403419140500, -7.162377639831711400, 0.0000000000000000000 ) ) ;
#1065 = CARTESIAN_POINT ( 'NONE',  ( 10.65241404841911600, -1.740188701354412800, 6.776263578034402700E-017 ) ) ;
#1066 = CARTESIAN_POINT ( 'NONE',  ( 10.62631972785789200, -8.478471514149774200, -0.0000000000000000000 ) ) ;
#1067 = CARTESIAN_POINT ( 'NONE',  ( 11.36519782525624600, -2.672268991364406900, -0.0000000000000000000 ) ) ;
#1068 = VERTEX_POINT ( 'NONE', #604 ) ;
#1069 = VECTOR ( 'NONE', #9599, 1000.000000000000000 ) ;
#1070 = ORIENTED_EDGE ( 'NONE', *, *, #6916, .F. ) ;
#1071 = LINE ( 'NONE', #8479, #35 ) ;
#1072 = CARTESIAN_POINT ( 'NONE',  ( 10.63576379557179800, -1.584290297969050700, 6.776263578034402700E-017 ) ) ;
#1073 = LINE ( 'NONE', #8546, #834 ) ;
#1074 = AXIS2_PLACEMENT_3D ( 'NONE', #2731, #9071, #4723 ) ;
#1075 = CARTESIAN_POINT ( 'NONE',  ( 10.63576379557179800, -1.584290297969050700, 0.1000000000000000100 ) ) ;
#1076 = CARTESIAN_POINT ( 'NONE',  ( 11.39782176871888500, -7.949598989013074900, 0.1000000000000000100 ) ) ;
#1077 = CARTESIAN_POINT ( 'NONE',  ( 10.13132834156165700, -1.898602271559408200, 0.1000000000000000100 ) ) ;
#1078 = ORIENTED_EDGE ( 'NONE', *, *, #8394, .F. ) ;
#1079 = DIRECTION ( 'NONE',  ( 0.0000000000000000000, 0.0000000000000000000, 1.000000000000000000 ) ) ;
#1080 = DIRECTION ( 'NONE',  ( -0.1558833173373130900, 0.9877754761968503500, 0.0000000000000000000 ) ) ;
#1081 = VECTOR ( 'NONE', #964, 1000.000000000000000 ) ;
#1082 = DIRECTION ( 'NONE',  ( -0.0000000000000000000, -0.0000000000000000000, -1.000000000000000000 ) ) ;
#1083 = ORIENTED_EDGE ( 'NONE', *, *, #2570, .F. ) ;
#1084 = LINE ( 'NONE', #9875, #4217 ) ;
#1085 = CARTESIAN_POINT ( 'NONE',  ( 9.771970880938356500, -6.786378788674229100, 0.1000000000000000100 ) ) ;
#1086 = EDGE_CURVE ( 'NONE', #7071, #10876, #6590, .T. ) ;
#1087 = CYLINDRICAL_SURFACE ( 'NONE', #8503, 1.000000000000000900 ) ;
#1088 = ORIENTED_EDGE ( 'NONE', *, *, #3747, .F. ) ;
#1089 = CARTESIAN_POINT ( 'NONE',  ( 10.63597937787916700, -1.615086944714664100, 0.1000000000000000100 ) ) ;
#1090 = CARTESIAN_POINT ( 'NONE',  ( 10.52127721518359500, -7.277784794687018900, 4.065758146820641600E-017 ) ) ;
#1091 = CARTESIAN_POINT ( 'NONE',  ( 10.20464502991613600, 5.017092958867338300, 0.0000000000000000000 ) ) ;
#1092 = AXIS2_PLACEMENT_3D ( 'NONE', #3598, #4212, #3501 ) ;
#1093 = CARTESIAN_POINT ( 'NONE',  ( 7.048445366811455100, -14.50132895157399700, 2.999999999999999100 ) ) ;
#1094 = LINE ( 'NONE', #955, #2973 ) ;
#1095 = CARTESIAN_POINT ( 'NONE',  ( 44.50000000000000000, -19.99999999999999600, 8.099999999999999600 ) ) ;
#1096 = ORIENTED_EDGE ( 'NONE', *, *, #9293, .T. ) ;
#1097 = LINE ( 'NONE', #3451, #7390 ) ;
#1098 = VERTEX_POINT ( 'NONE', #9274 ) ;
#1099 = DIRECTION ( 'NONE',  ( -0.0000000000000000000, 0.0000000000000000000, 1.000000000000000000 ) ) ;
#1100 = ORIENTED_EDGE ( 'NONE', *, *, #4034, .F. ) ;
#1101 = CARTESIAN_POINT ( 'NONE',  ( 11.85464502991611500, 3.107092958867321300, 0.0000000000000000000 ) ) ;
#1102 = CARTESIAN_POINT ( 'NONE',  ( 10.81718621390579700, -1.952488073034433200, 0.1000000000000000100 ) ) ;
#1103 = DIRECTION ( 'NONE',  ( 0.0000000000000000000, 0.0000000000000000000, 1.000000000000000000 ) ) ;
#1104 = DIRECTION ( 'NONE',  ( -0.7999999999999989300, -0.6000000000000013100, 0.0000000000000000000 ) ) ;
#1105 = CARTESIAN_POINT ( 'NONE',  ( 10.60705136326001300, -7.207510380554835700, -0.0000000000000000000 ) ) ;
#1106 = CARTESIAN_POINT ( 'NONE',  ( 9.244645029916162200, 7.627092958867348400, 0.1000000000000000100 ) ) ;
#1107 = LINE ( 'NONE', #2148, #971 ) ;
#1108 = LINE ( 'NONE', #3913, #1438 ) ;
#1109 = PLANE ( 'NONE',  #5894 ) ;
#1110 = DIRECTION ( 'NONE',  ( 1.000000000000000000, 0.0000000000000000000, 0.0000000000000000000 ) ) ;
#1111 = EDGE_LOOP ( 'NONE', ( #11086, #9911, #6382, #3737 ) ) ;
#1112 = ORIENTED_EDGE ( 'NONE', *, *, #3540, .T. ) ;
#1113 = ORIENTED_EDGE ( 'NONE', *, *, #6384, .T. ) ;
#1114 = CARTESIAN_POINT ( 'NONE',  ( 3.559173988450535100E-015, -12.50000000000000000, 8.099999999999999600 ) ) ;
#1115 = DIRECTION ( 'NONE',  ( -0.0000000000000000000, -0.0000000000000000000, -1.000000000000000000 ) ) ;
#1116 = CARTESIAN_POINT ( 'NONE',  ( 11.09280989576377900, -8.273873149643773000, 0.1000000000000000100 ) ) ;
#1117 = CARTESIAN_POINT ( 'NONE',  ( 10.86649652655494700, -6.204736523831940100, 0.1000000000000000100 ) ) ;
#1118 = CARTESIAN_POINT ( 'NONE',  ( 10.66266181860371500, -1.775913707278061700, 0.0000000000000000000 ) ) ;
#1119 = ADVANCED_FACE ( 'NONE', ( #469 ), #2035, .T. ) ;
#1120 = VECTOR ( 'NONE', #636, 1000.000000000000000 ) ;
#1121 = FACE_OUTER_BOUND ( 'NONE', #716, .T. ) ;
#1122 = CARTESIAN_POINT ( 'NONE',  ( 0.0000000000000000000, 0.0000000000000000000, 8.099999999999999600 ) ) ;
#1123 = CARTESIAN_POINT ( 'NONE',  ( 9.931431591490012400, -6.884931329026747100, 0.0000000000000000000 ) ) ;
#1124 = VERTEX_POINT ( 'NONE', #11221 ) ;
#1125 = EDGE_CURVE ( 'NONE', #10199, #4527, #91, .T. ) ;
#1126 = EDGE_CURVE ( 'NONE', #4628, #3703, #5551, .T. ) ;
#1127 = CARTESIAN_POINT ( 'NONE',  ( 11.21553682045396400, -2.054855381016079000, 0.0000000000000000000 ) ) ;
#1128 = DIRECTION ( 'NONE',  ( 8.410780489584521600E-015, 1.000000000000000000, 0.0000000000000000000 ) ) ;
#1129 = ORIENTED_EDGE ( 'NONE', *, *, #3835, .T. ) ;
#1130 = ORIENTED_EDGE ( 'NONE', *, *, #6096, .F. ) ;
#1131 = CARTESIAN_POINT ( 'NONE',  ( 10.64523083604850100, -1.701340142850631600, 0.1000000000000000100 ) ) ;
#1132 = LINE ( 'NONE', #3988, #794 ) ;
#1133 = DIRECTION ( 'NONE',  ( 0.8660254037844403700, -0.4999999999999970600, -0.0000000000000000000 ) ) ;
#1134 = DIRECTION ( 'NONE',  ( -0.0000000000000000000, -0.0000000000000000000, 1.000000000000000000 ) ) ;
#1135 = DIRECTION ( 'NONE',  ( 0.0000000000000000000, 1.000000000000000000, 0.0000000000000000000 ) ) ;
#1136 = EDGE_LOOP ( 'NONE', ( #586, #1347, #1645, #11349 ) ) ;
#1137 = CARTESIAN_POINT ( 'NONE',  ( 11.19577263777073400, -6.366280365585206300, 0.1000000000000000100 ) ) ;
#1138 = ORIENTED_EDGE ( 'NONE', *, *, #7660, .T. ) ;
#1139 = EDGE_CURVE ( 'NONE', #215, #7900, #4894, .T. ) ;
#1140 = ORIENTED_EDGE ( 'NONE', *, *, #95, .F. ) ;
#1141 = EDGE_CURVE ( 'NONE', #7396, #4902, #381, .T. ) ;
#1142 = CARTESIAN_POINT ( 'NONE',  ( 10.07526276032118100, -5.124217043312459200, 0.1000000000000000100 ) ) ;
#1143 = CARTESIAN_POINT ( 'NONE',  ( 11.03201161001837200, -1.308571941458301700, 1.355252715606880500E-017 ) ) ;
#1144 = LINE ( 'NONE', #4599, #1164 ) ;
#1145 = DIRECTION ( 'NONE',  ( 0.0000000000000000000, -0.0000000000000000000, -1.000000000000000000 ) ) ;
#1146 = EDGE_CURVE ( 'NONE', #4277, #11126, #10309, .T. ) ;
#1147 = DIRECTION ( 'NONE',  ( 0.5247814819151484000, -0.8512369800701451400, 0.0000000000000000000 ) ) ;
#1148 = CARTESIAN_POINT ( 'NONE',  ( 9.796594084796215200, -7.099565554590072700, 5.421010862427522200E-017 ) ) ;
#1149 = ORIENTED_EDGE ( 'NONE', *, *, #976, .T. ) ;
#1150 = EDGE_CURVE ( 'NONE', #10340, #2250, #6492, .T. ) ;
#1151 = CARTESIAN_POINT ( 'NONE',  ( 42.49999999999999300, -17.49999999999999600, 43.15709628591621100 ) ) ;
#1152 = ORIENTED_EDGE ( 'NONE', *, *, #5697, .T. ) ;
#1153 = VECTOR ( 'NONE', #6520, 1000.000000000000000 ) ;
#1154 = VECTOR ( 'NONE', #4031, 1000.000000000000100 ) ;
#1155 = CARTESIAN_POINT ( 'NONE',  ( 10.88102803631567500, -9.092537671883741600, 1.355252715606880500E-017 ) ) ;
#1156 = CARTESIAN_POINT ( 'NONE',  ( 10.49247055252897300, -8.757333926429343100, 0.1000000000000000100 ) ) ;
#1157 = DIRECTION ( 'NONE',  ( 1.000000000000000000, -2.168404344971006900E-016, -0.0000000000000000000 ) ) ;
#1158 = CARTESIAN_POINT ( 'NONE',  ( 10.07385049738025600, -7.148966099828538000, 0.0000000000000000000 ) ) ;
#1159 = ORIENTED_EDGE ( 'NONE', *, *, #11195, .T. ) ;
#1160 = CARTESIAN_POINT ( 'NONE',  ( 10.60935940747387800, -9.264931598464658100, 0.1000000000000000100 ) ) ;
#1161 = ORIENTED_EDGE ( 'NONE', *, *, #3676, .T. ) ;
#1162 = CARTESIAN_POINT ( 'NONE',  ( 9.942049280862965700, -6.793833095758563100, 0.0000000000000000000 ) ) ;
#1163 = DIRECTION ( 'NONE',  ( -0.0000000000000000000, 1.000000000000000000, 0.0000000000000000000 ) ) ;
#1164 = VECTOR ( 'NONE', #10820, 1000.000000000000000 ) ;
#1165 = AXIS2_PLACEMENT_3D ( 'NONE', #2837, #2062, #2132 ) ;
#1166 = VECTOR ( 'NONE', #3104, 1000.000000000000000 ) ;
#1167 = CARTESIAN_POINT ( 'NONE',  ( 29.98887997691378600, 17.64728808276040800, 3.099999999999999600 ) ) ;
#1168 = VECTOR ( 'NONE', #3097, 1000.000000000000000 ) ;
#1169 = CARTESIAN_POINT ( 'NONE',  ( 7.048445366811455100, -12.83456326127513100, 3.000000000000000000 ) ) ;
#1170 = ORIENTED_EDGE ( 'NONE', *, *, #9225, .T. ) ;
#1171 = CARTESIAN_POINT ( 'NONE',  ( 10.90643159149001200, -1.965775484870900800, 0.1000000000000000100 ) ) ;
#1172 = ORIENTED_EDGE ( 'NONE', *, *, #2834, .F. ) ;
#1173 = CARTESIAN_POINT ( 'NONE',  ( 15.10296701856556100, -12.83456326127513100, 2.999999999999999100 ) ) ;
#1174 = VECTOR ( 'NONE', #2102, 1000.000000000000000 ) ;
#1175 = DIRECTION ( 'NONE',  ( 0.0000000000000000000, -1.000000000000000000, 0.0000000000000000000 ) ) ;
#1176 = ORIENTED_EDGE ( 'NONE', *, *, #753, .F. ) ;
#1177 = CARTESIAN_POINT ( 'NONE',  ( 10.26389912395754300, -1.259281978377394100, -0.0000000000000000000 ) ) ;
#1178 = CIRCLE ( 'NONE', #6331, 0.5000000000000004400 ) ;
#1179 = ADVANCED_FACE ( 'NONE', ( #10553 ), #8121, .F. ) ;
#1180 = ADVANCED_FACE ( 'NONE', ( #3580 ), #947, .F. ) ;
#1181 = VERTEX_POINT ( 'NONE', #2946 ) ;
#1182 = DIRECTION ( 'NONE',  ( 1.000000000000000000, 0.0000000000000000000, 0.0000000000000000000 ) ) ;
#1183 = ORIENTED_EDGE ( 'NONE', *, *, #11366, .T. ) ;
#1184 = DIRECTION ( 'NONE',  ( -0.0000000000000000000, 0.0000000000000000000, -1.000000000000000000 ) ) ;
#1185 = DIRECTION ( 'NONE',  ( -0.1170409738289327300, 0.9931270867543463600, 0.0000000000000000000 ) ) ;
#1186 = CARTESIAN_POINT ( 'NONE',  ( 35.49999999999999300, 14.00000000000000000, 5.099999999999999600 ) ) ;
#1187 = EDGE_CURVE ( 'NONE', #8091, #11084, #2231, .T. ) ;
#1188 = ORIENTED_EDGE ( 'NONE', *, *, #11419, .F. ) ;
#1189 = DIRECTION ( 'NONE',  ( 0.0000000000000000000, -0.0000000000000000000, -1.000000000000000000 ) ) ;
#1190 = LOCAL_TIME ( 16, 7, 12.00000000000000000, #671 ) ;
#1191 = CARTESIAN_POINT ( 'NONE',  ( 9.999728315902970600, -7.338397246058867100, 0.1000000000000000100 ) ) ;
#1192 = LINE ( 'NONE', #11521, #1120 ) ;
#1193 = CARTESIAN_POINT ( 'NONE',  ( 10.23229383096618700, -2.109361632223555500, 0.0000000000000000000 ) ) ;
#1194 = EDGE_LOOP ( 'NONE', ( #8500, #7029, #2187, #10817 ) ) ;
#1195 = CARTESIAN_POINT ( 'NONE',  ( 11.40640729089360900, -7.844851601700848500, 0.1000000000000000100 ) ) ;
#1196 = CARTESIAN_POINT ( 'NONE',  ( 36.00000000000000700, -19.99999999999999600, -8.732124598286484100 ) ) ;
#1197 = ORIENTED_EDGE ( 'NONE', *, *, #2475, .T. ) ;
#1198 = EDGE_CURVE ( 'NONE', #4380, #11283, #5971, .T. ) ;
#1199 = EDGE_CURVE ( 'NONE', #600, #9099, #9398, .T. ) ;
#1200 = CARTESIAN_POINT ( 'NONE',  ( 0.7879379035845669500, -2.499999999999999600, -8.184981199232471000 ) ) ;
#1201 = DIRECTION ( 'NONE',  ( 1.000000000000000000, -0.0000000000000000000, -0.0000000000000000000 ) ) ;
#1202 = ORIENTED_EDGE ( 'NONE', *, *, #6853, .T. ) ;
#1203 = CARTESIAN_POINT ( 'NONE',  ( 11.56089962333025900, -7.764116619334483700, 0.1000000000000000100 ) ) ;
#1204 = VERTEX_POINT ( 'NONE', #4109 ) ;
#1205 = VECTOR ( 'NONE', #6461, 1000.000000000000100 ) ;
#1206 = CARTESIAN_POINT ( 'NONE',  ( 9.932111239485207600, -1.575850651675627400, 0.1000000000000000100 ) ) ;
#1207 = CARTESIAN_POINT ( 'NONE',  ( 10.26389912395754300, -1.259281978377394100, 0.1000000000000000100 ) ) ;
#1208 = DIRECTION ( 'NONE',  ( -0.0000000000000000000, -0.0000000000000000000, 1.000000000000000000 ) ) ;
#1209 = ORIENTED_EDGE ( 'NONE', *, *, #4214, .T. ) ;
#1210 = B_SPLINE_SURFACE_WITH_KNOTS ( 'NONE', 3, 1, ( 
 ( #6820, #2630 ),
 ( #2933, #490 ),
 ( #1516, #885 ),
 ( #8545, #10318 ),
 ( #1450, #1524 ),
 ( #51, #36 ),
 ( #33, #88 ),
 ( #75, #64 ),
 ( #740, #822 ),
 ( #780, #727 ),
 ( #759, #747 ),
 ( #9754, #2429 ),
 ( #10968, #3316 ),
 ( #8083, #11153 ),
 ( #1502, #3039 ),
 ( #8517, #10538 ),
 ( #8962, #1016 ),
 ( #4449, #9066 ),
 ( #8383, #8837 ) ),
 .UNSPECIFIED., .F., .F., .F.,
 ( 4, 1, 1, 1, 1, 1, 1, 1, 1, 1, 1, 1, 1, 1, 1, 1, 4 ),
 ( 2, 2 ),
 ( 0.0000000000000000000, 0.07718350586161724900, 0.1504210116896267400, 0.2202263949175246300, 0.2870377303963412800, 0.3510200896744276000, 0.4120464105196231000, 0.4722140587259492900, 0.5311193081885455800, 0.5888973370782065700, 0.6454959264865524100, 0.7026198434054752300, 0.7589496557223874800, 0.8171265596756227500, 0.8759335790818833000, 0.9368018003846561000, 0.9999999999999998900 ),
 ( 0.0000000000000000000, 1.000000000000000000 ),
 .UNSPECIFIED. ) ;
#1211 = ORIENTED_EDGE ( 'NONE', *, *, #9618, .F. ) ;
#1212 = AXIS2_PLACEMENT_3D ( 'NONE', #3642, #9889, #4545 ) ;
#1213 = CARTESIAN_POINT ( 'NONE',  ( 10.89284456998879900, -6.607996800205018700, 0.0000000000000000000 ) ) ;
#1214 = EDGE_CURVE ( 'NONE', #11090, #1204, #7342, .T. ) ;
#1215 = EDGE_CURVE ( 'NONE', #5370, #9723, #6405, .T. ) ;
#1216 = DIRECTION ( 'NONE',  ( -0.7281999926928031100, -0.6853646990049906400, -0.0000000000000000000 ) ) ;
#1217 = ORIENTED_EDGE ( 'NONE', *, *, #247, .T. ) ;
#1218 = FACE_OUTER_BOUND ( 'NONE', #2009, .T. ) ;
#1219 = CARTESIAN_POINT ( 'NONE',  ( 10.81244771914246000, -2.163299304939740900, 0.1000000000000000100 ) ) ;
#1220 = ORIENTED_EDGE ( 'NONE', *, *, #9128, .F. ) ;
#1221 = CARTESIAN_POINT ( 'NONE',  ( 9.761550040293263600, -1.444752448756750900, 0.1000000000000000100 ) ) ;
#1222 = CARTESIAN_POINT ( 'NONE',  ( 11.85464502991611500, 3.107092958867321300, 0.1000000000000000100 ) ) ;
#1223 = CARTESIAN_POINT ( 'NONE',  ( 38.24999999999999300, 10.10357955453048200, 8.099999999999999600 ) ) ;
#1224 = DIRECTION ( 'NONE',  ( 0.0000000000000000000, 1.000000000000000000, 0.0000000000000000000 ) ) ;
#1225 = FACE_OUTER_BOUND ( 'NONE', #6581, .T. ) ;
#1226 = ORIENTED_EDGE ( 'NONE', *, *, #2251, .F. ) ;
#1227 = VECTOR ( 'NONE', #9229, 1000.000000000000000 ) ;
#1228 = CARTESIAN_POINT ( 'NONE',  ( 10.22071730577572700, -6.370970290065707300, 0.1000000000000000100 ) ) ;
#1229 = VECTOR ( 'NONE', #7108, 1000.000000000000000 ) ;
#1230 = CARTESIAN_POINT ( 'NONE',  ( 10.20902899408741700, -7.389152108247527600, 5.421010862427522200E-017 ) ) ;
#1231 = CARTESIAN_POINT ( 'NONE',  ( 10.55301698697351600, -1.944691294708802400, 0.0000000000000000000 ) ) ;
#1232 = CARTESIAN_POINT ( 'NONE',  ( 40.49999999999999300, -19.99999999999999600, -2.236067977499790700 ) ) ;
#1233 = CARTESIAN_POINT ( 'NONE',  ( 10.63792509798351900, -8.469996264091681900, -0.0000000000000000000 ) ) ;
#1234 = CARTESIAN_POINT ( 'NONE',  ( 9.744788424791559900, -1.582969216661749300, 1.355252715606880500E-017 ) ) ;
#1235 = AXIS2_PLACEMENT_3D ( 'NONE', #4905, #10237, #9924 ) ;
#1236 = LINE ( 'NONE', #7728, #1307 ) ;
#1237 = ORIENTED_EDGE ( 'NONE', *, *, #6077, .T. ) ;
#1238 = LINE ( 'NONE', #2626, #592 ) ;
#1239 = CARTESIAN_POINT ( 'NONE',  ( 36.76794919243109700, -12.99999999999999800, 0.0000000000000000000 ) ) ;
#1240 = ADVANCED_FACE ( 'NONE', ( #314 ), #5717, .F. ) ;
#1241 = ADVANCED_FACE ( 'NONE', ( #9272 ), #7892, .T. ) ;
#1242 = EDGE_LOOP ( 'NONE', ( #1078, #5662, #815, #7079 ) ) ;
#1243 = ORIENTED_EDGE ( 'NONE', *, *, #3326, .T. ) ;
#1244 = CARTESIAN_POINT ( 'NONE',  ( 9.244645029916155100, 6.667092958867347500, 0.1000000000000000100 ) ) ;
#1245 = CARTESIAN_POINT ( 'NONE',  ( 10.33212855040453300, -2.079257833997628400, 0.1000000000000000100 ) ) ;
#1246 = DIRECTION ( 'NONE',  ( 1.000000000000000000, 0.0000000000000000000, 0.0000000000000000000 ) ) ;
#1247 = LINE ( 'NONE', #6941, #8406 ) ;
#1248 = LINE ( 'NONE', #204, #7894 ) ;
#1249 = AXIS2_PLACEMENT_3D ( 'NONE', #2671, #11515, #9067 ) ;
#1250 = ORIENTED_EDGE ( 'NONE', *, *, #5376, .F. ) ;
#1251 = CARTESIAN_POINT ( 'NONE',  ( 11.38569854549509600, -8.738704972602773700, -0.0000000000000000000 ) ) ;
#1252 = DIRECTION ( 'NONE',  ( 1.000000000000000000, 0.0000000000000000000, 0.0000000000000000000 ) ) ;
#1254 = ORIENTED_EDGE ( 'NONE', *, *, #264, .T. ) ;
#1253 = AXIS2_PLACEMENT_3D ( 'NONE', #6485, #8711, #9004 ) ;
#1255 = ORIENTED_EDGE ( 'NONE', *, *, #531, .F. ) ;
#1256 = DIRECTION ( 'NONE',  ( -0.0000000000000000000, 1.000000000000000000, -0.0000000000000000000 ) ) ;
#1257 = DIRECTION ( 'NONE',  ( 0.7915544022606775300, -0.6110987058256149900, 0.0000000000000000000 ) ) ;
#1258 = LINE ( 'NONE', #10473, #1069 ) ;
#1259 = FACE_OUTER_BOUND ( 'NONE', #9950, .T. ) ;
#1260 = CARTESIAN_POINT ( 'NONE',  ( 8.000000000000007100, 9.157317253416650300, 3.099999999999998800 ) ) ;
#1261 = DIRECTION ( 'NONE',  ( 1.000000000000000000, -1.058751417262843600E-014, 0.0000000000000000000 ) ) ;
#1262 = CARTESIAN_POINT ( 'NONE',  ( 0.0000000000000000000, -6.999999999999999100, 8.099999999999997900 ) ) ;
#1263 = DIRECTION ( 'NONE',  ( 0.0000000000000000000, -0.0000000000000000000, 1.000000000000000000 ) ) ;
#1264 = ORIENTED_EDGE ( 'NONE', *, *, #820, .T. ) ;
#1265 = CARTESIAN_POINT ( 'NONE',  ( 10.02546167509024700, -6.419391538398688400, 0.1000000000000000100 ) ) ;
#1266 = CARTESIAN_POINT ( 'NONE',  ( 19.33333333333341000, -8.000000000000076400, 8.099999999999999600 ) ) ;
#1267 = VERTEX_POINT ( 'NONE', #8492 ) ;
#1268 = CARTESIAN_POINT ( 'NONE',  ( 10.69597624096103900, -2.116050974627483600, 0.1000000000000000100 ) ) ;
#1269 = VECTOR ( 'NONE', #2112, 1000.000000000000000 ) ;
#1270 = DIRECTION ( 'NONE',  ( -1.000000000000000000, 1.734723475976807300E-015, 0.0000000000000000000 ) ) ;
#1271 = LINE ( 'NONE', #5624, #10149 ) ;
#1272 = EDGE_CURVE ( 'NONE', #2991, #371, #5083, .T. ) ;
#1273 = CARTESIAN_POINT ( 'NONE',  ( 10.55379169473192000, -6.996287067354953300, 0.1000000000000000100 ) ) ;
#1274 =( NAMED_UNIT ( * ) PLANE_ANGLE_UNIT ( ) SI_UNIT ( $, .RADIAN. ) );
#1275 = ORIENTED_EDGE ( 'NONE', *, *, #1187, .F. ) ;
#1276 = CARTESIAN_POINT ( 'NONE',  ( 10.98891523411469800, -9.070078470219936400, 0.1000000000000000100 ) ) ;
#1277 = CARTESIAN_POINT ( 'NONE',  ( 35.49999999999999300, -14.00000000000000000, 7.099999999999999600 ) ) ;
#1278 = PLANE ( 'NONE',  #8143 ) ;
#1279 = EDGE_LOOP ( 'NONE', ( #4754, #6150, #5796, #6419 ) ) ;
#1280 = CARTESIAN_POINT ( 'NONE',  ( 11.42914669908402200, -7.946957204093248400, -0.0000000000000000000 ) ) ;
#1281 = FACE_OUTER_BOUND ( 'NONE', #7472, .T. ) ;
#1282 = CARTESIAN_POINT ( 'NONE',  ( 11.37930297577506500, -7.845800931755651900, 0.1000000000000000100 ) ) ;
#1283 = FACE_OUTER_BOUND ( 'NONE', #3094, .T. ) ;
#1284 = CARTESIAN_POINT ( 'NONE',  ( 9.244645029916155100, 6.667092958867347500, 0.1000000000000000100 ) ) ;
#1285 = EDGE_CURVE ( 'NONE', #6350, #9905, #7439, .T. ) ;
#1286 = EDGE_CURVE ( 'NONE', #5986, #9643, #2913, .T. ) ;
#1287 = ORIENTED_EDGE ( 'NONE', *, *, #4805, .F. ) ;
#1288 = EDGE_LOOP ( 'NONE', ( #4051, #9183, #6733, #4411, #7037, #4561, #7552 ) ) ;
#1289 = CARTESIAN_POINT ( 'NONE',  ( 11.02185854337784800, -9.057286444266676300, 0.1000000000000000100 ) ) ;
#1290 = EDGE_CURVE ( 'NONE', #7952, #590, #5777, .T. ) ;
#1291 = CARTESIAN_POINT ( 'NONE',  ( 11.37109834655980300, -8.612952000292974500, 0.0000000000000000000 ) ) ;
#1292 = CARTESIAN_POINT ( 'NONE',  ( 6.849614011047666700, -2.499999999999998700, 1.000000000000000000 ) ) ;
#1293 = LINE ( 'NONE', #6238, #8018 ) ;
#1294 = CARTESIAN_POINT ( 'NONE',  ( 10.90068592070190700, -2.173307822568978600, -0.0000000000000000000 ) ) ;
#1295 = FACE_OUTER_BOUND ( 'NONE', #5696, .T. ) ;
#1296 = DIRECTION ( 'NONE',  ( -0.0000000000000000000, -0.0000000000000000000, -1.000000000000000000 ) ) ;
#1297 = ADVANCED_FACE ( 'NONE', ( #5809 ), #2741, .F. ) ;
#1298 = VERTEX_POINT ( 'NONE', #1186 ) ;
#1299 = ADVANCED_FACE ( 'NONE', ( #7270 ), #8454, .F. ) ;
#1300 = CARTESIAN_POINT ( 'NONE',  ( 10.37771636547187800, -2.053118066525754200, 0.1000000000000000100 ) ) ;
#1301 = CARTESIAN_POINT ( 'NONE',  ( 40.49999999999999300, -17.00000000000000000, 0.0000000000000000000 ) ) ;
#1302 = ORIENTED_EDGE ( 'NONE', *, *, #5376, .T. ) ;
#1303 = DIRECTION ( 'NONE',  ( -0.8944271909999159700, 0.4472135954999576500, 0.0000000000000000000 ) ) ;
#1304 = DIRECTION ( 'NONE',  ( 1.000000000000000000, 0.0000000000000000000, -0.0000000000000000000 ) ) ;
#1305 = CARTESIAN_POINT ( 'NONE',  ( 11.28204523937740700, -1.978176704844788200, 0.1000000000000000100 ) ) ;
#1306 = CARTESIAN_POINT ( 'NONE',  ( 44.50000000000000000, 18.00000000000000400, 8.099999999999999600 ) ) ;
#1307 = VECTOR ( 'NONE', #10664, 1000.000000000000000 ) ;
#1308 = VECTOR ( 'NONE', #11595, 1000.000000000000100 ) ;
#1309 = EDGE_CURVE ( 'NONE', #11364, #7569, #4991, .T. ) ;
#1310 = CARTESIAN_POINT ( 'NONE',  ( 9.830446198983192800, -6.606434884466914100, 4.065758146820641600E-017 ) ) ;
#1311 = AXIS2_PLACEMENT_3D ( 'NONE', #2040, #2078, #2067 ) ;
#1312 = CARTESIAN_POINT ( 'NONE',  ( 10.87799154411139400, -2.172798963379973400, 0.0000000000000000000 ) ) ;
#1313 = ORIENTED_EDGE ( 'NONE', *, *, #2923, .F. ) ;
#1314 = CARTESIAN_POINT ( 'NONE',  ( 32.50000000000000000, -18.50000000000000000, 7.099999999999999600 ) ) ;
#1315 = VERTEX_POINT ( 'NONE', #10818 ) ;
#1316 = CALENDAR_DATE ( 2016, 24, 8 ) ;
#1317 = PERSON_AND_ORGANIZATION_ROLE ( 'creator' ) ;
#1318 = LINE ( 'NONE', #8142, #5194 ) ;
#1319 = CARTESIAN_POINT ( 'NONE',  ( 9.751474635245116900, -1.705598376645242700, 1.355252715606880500E-017 ) ) ;
#1320 = LINE ( 'NONE', #7914, #612 ) ;
#1321 = DIRECTION ( 'NONE',  ( -0.0000000000000000000, -0.0000000000000000000, 1.000000000000000000 ) ) ;
#1322 = EDGE_CURVE ( 'NONE', #1563, #3803, #10494, .T. ) ;
#1323 = ORIENTED_EDGE ( 'NONE', *, *, #3260, .F. ) ;
#1324 = ORIENTED_EDGE ( 'NONE', *, *, #189, .T. ) ;
#1325 = AXIS2_PLACEMENT_3D ( 'NONE', #5846, #10816, #2826 ) ;
#1326 = ORIENTED_EDGE ( 'NONE', *, *, #622, .T. ) ;
#1327 = CARTESIAN_POINT ( 'NONE',  ( 11.13464502991614500, 5.947092958867328200, 0.1000000000000000100 ) ) ;
#1328 = LINE ( 'NONE', #3240, #7697 ) ;
#1329 = EDGE_LOOP ( 'NONE', ( #6714, #2502, #5759, #11085 ) ) ;
#1330 = ORIENTED_EDGE ( 'NONE', *, *, #432, .T. ) ;
#1331 = DIRECTION ( 'NONE',  ( 0.8805491088722702300, 0.4739549207089752100, 0.0000000000000000000 ) ) ;
#1332 = CARTESIAN_POINT ( 'NONE',  ( 46.00000000000000000, -6.849954654103714600, 4.500000000000000000 ) ) ;
#1333 = CARTESIAN_POINT ( 'NONE',  ( 10.96156243991369500, -8.243305267472280200, -0.0000000000000000000 ) ) ;
#1334 = ORIENTED_EDGE ( 'NONE', *, *, #3228, .F. ) ;
#1335 = CARTESIAN_POINT ( 'NONE',  ( 11.38462243564715900, -8.813968444038074800, 0.1000000000000000100 ) ) ;
#1336 = CARTESIAN_POINT ( 'NONE',  ( 30.11585916156554500, -18.50000000000000000, 8.099999999999999600 ) ) ;
#1337 = ORIENTED_EDGE ( 'NONE', *, *, #5766, .F. ) ;
#1338 = CARTESIAN_POINT ( 'NONE',  ( 10.05876033050076000, -1.872135864336492300, 0.1000000000000000100 ) ) ;
#1339 = VECTOR ( 'NONE', #4371, 1000.000000000000000 ) ;
#1340 = FACE_OUTER_BOUND ( 'NONE', #9048, .T. ) ;
#1341 = DIRECTION ( 'NONE',  ( -0.0000000000000000000, -1.000000000000000000, -0.0000000000000000000 ) ) ;
#1342 = AXIS2_PLACEMENT_3D ( 'NONE', #7589, #2220, #8497 ) ;
#1343 = CARTESIAN_POINT ( 'NONE',  ( 10.68882701823480700, -1.838665548300780600, 0.0000000000000000000 ) ) ;
#1344 = CARTESIAN_POINT ( 'NONE',  ( 9.765197825256244400, -2.464476783572199500, -0.0000000000000000000 ) ) ;
#1345 = DIRECTION ( 'NONE',  ( -1.000000000000000000, 7.228014483236689700E-017, 0.0000000000000000000 ) ) ;
#1346 = CARTESIAN_POINT ( 'NONE',  ( 10.17915886421728500, -2.111230030325446500, 0.0000000000000000000 ) ) ;
#1347 = ORIENTED_EDGE ( 'NONE', *, *, #7476, .T. ) ;
#1348 = CARTESIAN_POINT ( 'NONE',  ( 10.09826106814322900, -7.160631799208698700, 0.1000000000000000100 ) ) ;
#1349 = EDGE_CURVE ( 'NONE', #11426, #3703, #9522, .T. ) ;
#1350 = CARTESIAN_POINT ( 'NONE',  ( 9.765197825256244400, -6.889801458896877200, 0.1000000000000000100 ) ) ;
#1351 = CARTESIAN_POINT ( 'NONE',  ( 10.49287835847653700, -8.742154721861094700, 0.1000000000000000100 ) ) ;
#1352 = VERTEX_POINT ( 'NONE', #1376 ) ;
#1353 = CARTESIAN_POINT ( 'NONE',  ( 36.49999999999999300, 7.496180162456648900, 8.099999999999999600 ) ) ;
#1354 = VECTOR ( 'NONE', #8667, 1000.000000000000000 ) ;
#1355 = CARTESIAN_POINT ( 'NONE',  ( 10.17915886421728700, -2.111230030325447000, 0.0000000000000000000 ) ) ;
#1356 = VERTEX_POINT ( 'NONE', #3756 ) ;
#1357 = VECTOR ( 'NONE', #833, 1000.000000000000000 ) ;
#1358 = CARTESIAN_POINT ( 'NONE',  ( 9.765577576060387300, -6.872037689942779100, -0.0000000000000000000 ) ) ;
#1359 = EDGE_CURVE ( 'NONE', #4379, #6618, #7177, .T. ) ;
#1360 = EDGE_CURVE ( 'NONE', #144, #4379, #6859, .T. ) ;
#1361 = CARTESIAN_POINT ( 'NONE',  ( 11.05319053842490000, -9.041143847726029700, 0.1000000000000000100 ) ) ;
#1362 = CARTESIAN_POINT ( 'NONE',  ( 10.20464502991615100, 6.667092958867337800, 0.1000000000000000100 ) ) ;
#1363 = ADVANCED_FACE ( 'NONE', ( #11679 ), #911, .T. ) ;
#1364 = VERTEX_POINT ( 'NONE', #5924 ) ;
#1365 = ADVANCED_FACE ( 'NONE', ( #11600 ), #5998, .F. ) ;
#1366 = DIRECTION ( 'NONE',  ( -0.0000000000000000000, -0.0000000000000000000, -1.000000000000000000 ) ) ;
#1367 = CARTESIAN_POINT ( 'NONE',  ( 10.63565237071079000, -1.568372887468303400, 0.1000000000000000100 ) ) ;
#1368 = CYLINDRICAL_SURFACE ( 'NONE', #2739, 0.5000000000000004400 ) ;
#1369 = DIRECTION ( 'NONE',  ( -1.000000000000000000, -0.0000000000000000000, -0.0000000000000000000 ) ) ;
#1370 = ORIENTED_EDGE ( 'NONE', *, *, #4034, .T. ) ;
#1371 = LINE ( 'NONE', #8074, #4629 ) ;
#1372 = ORIENTED_EDGE ( 'NONE', *, *, #2227, .F. ) ;
#1373 = ORIENTED_EDGE ( 'NONE', *, *, #7553, .F. ) ;
#1374 = CARTESIAN_POINT ( 'NONE',  ( 13.52221523408026000, -7.800000000000077100, 3.099999999999999600 ) ) ;
#1375 = CC_DESIGN_PERSON_AND_ORGANIZATION_ASSIGNMENT ( #2981, #4927, ( #8900 ) ) ;
#1376 = CARTESIAN_POINT ( 'NONE',  ( 9.931431591490012400, -1.612528731624147400, 0.0000000000000000000 ) ) ;
#1377 = CARTESIAN_POINT ( 'NONE',  ( 10.94117185123027100, -6.835580679676097800, 0.1000000000000000100 ) ) ;
#1378 = CARTESIAN_POINT ( 'NONE',  ( 10.96537388179813300, -1.268075300884479600, 0.1000000000000000100 ) ) ;
#1379 = EDGE_CURVE ( 'NONE', #8459, #3606, #11667, .T. ) ;
#1380 = EDGE_CURVE ( 'NONE', #1061, #8869, #11688, .T. ) ;
#1381 = CARTESIAN_POINT ( 'NONE',  ( 10.86649652655494700, -5.581359900455316500, -0.0000000000000000000 ) ) ;
#1382 = CARTESIAN_POINT ( 'NONE',  ( 11.36519782525624600, -7.846294965390384000, 0.1000000000000000100 ) ) ;
#1383 = FACE_OUTER_BOUND ( 'NONE', #2450, .T. ) ;
#1384 = CARTESIAN_POINT ( 'NONE',  ( 8.000000000000007100, 9.157317253416650300, 3.099999999999998800 ) ) ;
#1385 = ORIENTED_EDGE ( 'NONE', *, *, #3000, .T. ) ;
#1386 = LINE ( 'NONE', #9090, #8016 ) ;
#1387 = VECTOR ( 'NONE', #6061, 1000.000000000000000 ) ;
#1388 = EDGE_CURVE ( 'NONE', #9871, #1478, #2087, .T. ) ;
#1389 = CARTESIAN_POINT ( 'NONE',  ( 10.74863938369780300, -6.778762497857916200, 0.1000000000000000100 ) ) ;
#1390 = VERTEX_POINT ( 'NONE', #7858 ) ;
#1391 = CARTESIAN_POINT ( 'NONE',  ( 10.26389912395754300, -1.259281978377394100, 0.1000000000000000100 ) ) ;
#1392 = CARTESIAN_POINT ( 'NONE',  ( 11.15865589330015900, -8.950690092180613200, 0.1000000000000000100 ) ) ;
#1393 = CARTESIAN_POINT ( 'NONE',  ( 33.39638873255677300, -21.63736056394868600, 7.099999999999999600 ) ) ;
#1394 = EDGE_CURVE ( 'NONE', #340, #11614, #7985, .T. ) ;
#1395 = DIRECTION ( 'NONE',  ( -0.0000000000000000000, -0.0000000000000000000, 1.000000000000000000 ) ) ;
#1396 = CARTESIAN_POINT ( 'NONE',  ( 10.43013289019131100, -3.503437822533238300, 0.1000000000000000100 ) ) ;
#1397 = CARTESIAN_POINT ( 'NONE',  ( 10.57394050878888500, -8.524730020834189400, 4.065758146820641600E-017 ) ) ;
#1398 = CIRCLE ( 'NONE', #9397, 0.5000000000000004400 ) ;
#1399 = ORIENTED_EDGE ( 'NONE', *, *, #4139, .F. ) ;
#1400 = FACE_OUTER_BOUND ( 'NONE', #2696, .T. ) ;
#1401 = CARTESIAN_POINT ( 'NONE',  ( 9.244645029916155100, 6.667092958867347500, 0.0000000000000000000 ) ) ;
#1402 = CARTESIAN_POINT ( 'NONE',  ( 10.49763255197680100, -1.930953459011167700, 0.1000000000000000100 ) ) ;
#1403 = ORIENTED_EDGE ( 'NONE', *, *, #2754, .F. ) ;
#1404 = ORIENTED_EDGE ( 'NONE', *, *, #4778, .T. ) ;
#1405 = DIRECTION ( 'NONE',  ( 0.0000000000000000000, 0.0000000000000000000, 1.000000000000000000 ) ) ;
#1406 = PLANE ( 'NONE',  #11019 ) ;
#1407 = DIRECTION ( 'NONE',  ( -1.084202172485507000E-014, -1.000000000000000000, 0.0000000000000000000 ) ) ;
#1408 = DIRECTION ( 'NONE',  ( -1.000000000000000000, 0.0000000000000000000, -0.0000000000000000000 ) ) ;
#1409 = CARTESIAN_POINT ( 'NONE',  ( 8.200000000000008200, -8.957317253416649200, 3.099999999999999600 ) ) ;
#1410 = ORIENTED_EDGE ( 'NONE', *, *, #755, .F. ) ;
#1411 = LINE ( 'NONE', #7545, #7599 ) ;
#1412 = CARTESIAN_POINT ( 'NONE',  ( 10.60351364480287600, -8.495126498406595100, 0.1000000000000000100 ) ) ;
#1413 = CARTESIAN_POINT ( 'NONE',  ( 36.49999999999999300, 7.496180162456648900, 0.0000000000000000000 ) ) ;
#1414 = ORIENTED_EDGE ( 'NONE', *, *, #9141, .T. ) ;
#1415 = CARTESIAN_POINT ( 'NONE',  ( 10.66617790113011700, -9.057104300957409000, 0.0000000000000000000 ) ) ;
#1416 = ORIENTED_EDGE ( 'NONE', *, *, #5787, .F. ) ;
#1417 = CARTESIAN_POINT ( 'NONE',  ( 35.49999999999999300, -1.000000000000005100, 1.500000000000000000 ) ) ;
#1418 = VECTOR ( 'NONE', #10839, 1000.000000000000100 ) ;
#1419 = CARTESIAN_POINT ( 'NONE',  ( 11.38597704603546700, -1.604087173182589000, 0.1000000000000000100 ) ) ;
#1420 = VECTOR ( 'NONE', #1726, 1000.000000000000000 ) ;
#1421 = CARTESIAN_POINT ( 'NONE',  ( 10.97419243850198500, -6.794464220348476000, 0.0000000000000000000 ) ) ;
#1422 = PLANE ( 'NONE',  #9326 ) ;
#1423 = DIRECTION ( 'NONE',  ( -0.0000000000000000000, -0.0000000000000000000, -1.000000000000000000 ) ) ;
#1424 = DIRECTION ( 'NONE',  ( -0.0000000000000000000, -0.0000000000000000000, -1.000000000000000000 ) ) ;
#1426 = DIRECTION ( 'NONE',  ( 1.000000000000000000, 0.0000000000000000000, 0.0000000000000000000 ) ) ;
#1425 = CARTESIAN_POINT ( 'NONE',  ( 8.000000000000000000, 6.999999999999999100, 8.099999999999997900 ) ) ;
#1427 = CARTESIAN_POINT ( 'NONE',  ( 11.36519782525624600, -3.503437822533238300, -0.0000000000000000000 ) ) ;
#1428 = ORIENTED_EDGE ( 'NONE', *, *, #3155, .T. ) ;
#1429 = DIRECTION ( 'NONE',  ( -0.0000000000000000000, -0.0000000000000000000, 1.000000000000000000 ) ) ;
#1430 = ADVANCED_FACE ( 'NONE', ( #11526 ), #1538, .T. ) ;
#1431 = VERTEX_POINT ( 'NONE', #10013 ) ;
#1432 = ADVANCED_FACE ( 'NONE', ( #11445 ), #9686, .F. ) ;
#1433 = DIRECTION ( 'NONE',  ( 1.000000000000000000, 0.0000000000000000000, -0.0000000000000000000 ) ) ;
#1434 = CARTESIAN_POINT ( 'NONE',  ( 11.21895774781361700, -8.793988858821785800, 1.355252715606880500E-017 ) ) ;
#1435 = CARTESIAN_POINT ( 'NONE',  ( 10.17915886421728500, -2.111230030325446500, 0.0000000000000000000 ) ) ;
#1436 = FACE_OUTER_BOUND ( 'NONE', #9497, .T. ) ;
#1437 = DIRECTION ( 'NONE',  ( -8.410780489584521600E-015, -1.000000000000000000, -0.0000000000000000000 ) ) ;
#1438 = VECTOR ( 'NONE', #3723, 1000.000000000000000 ) ;
#1439 = DIRECTION ( 'NONE',  ( -0.0000000000000000000, -0.0000000000000000000, -1.000000000000000000 ) ) ;
#1440 = CARTESIAN_POINT ( 'NONE',  ( 10.63565237071079000, -1.568372887468303400, 0.1000000000000000100 ) ) ;
#1441 = DIRECTION ( 'NONE',  ( -0.6427876096865380300, 0.7660444431189791200, 0.0000000000000000000 ) ) ;
#1442 = CARTESIAN_POINT ( 'NONE',  ( 40.49999999999999300, 10.99999999999999800, 8.099999999999999600 ) ) ;
#1443 = ORIENTED_EDGE ( 'NONE', *, *, #10172, .T. ) ;
#1444 = EDGE_CURVE ( 'NONE', #471, #3597, #2259, .T. ) ;
#1445 = DIRECTION ( 'NONE',  ( -7.461176240760465200E-015, -1.000000000000000000, -0.0000000000000000000 ) ) ;
#1446 = EDGE_LOOP ( 'NONE', ( #4092, #7212, #10860, #8948 ) ) ;
#1447 = DIRECTION ( 'NONE',  ( -1.000000000000000000, 1.204669080539452000E-014, -0.0000000000000000000 ) ) ;
#1448 = ORIENTED_EDGE ( 'NONE', *, *, #8394, .T. ) ;
#1449 = FACE_OUTER_BOUND ( 'NONE', #8686, .T. ) ;
#1450 = CARTESIAN_POINT ( 'NONE',  ( 11.02792191170208500, -8.474911332979061700, 0.1000000000000000100 ) ) ;
#1451 = CARTESIAN_POINT ( 'NONE',  ( 10.92883418889261000, -8.448892367987785000, 0.1000000000000000100 ) ) ;
#1452 = DIRECTION ( 'NONE',  ( 0.9284766908852597500, -0.3713906763541026100, 0.0000000000000000000 ) ) ;
#1453 = DIRECTION ( 'NONE',  ( 1.000000000000000000, 0.0000000000000000000, -0.0000000000000000000 ) ) ;
#1454 = DIRECTION ( 'NONE',  ( -0.0000000000000000000, -0.0000000000000000000, 1.000000000000000000 ) ) ;
#1455 = ORIENTED_EDGE ( 'NONE', *, *, #6749, .F. ) ;
#1456 = ORIENTED_EDGE ( 'NONE', *, *, #1832, .T. ) ;
#1457 = AXIS2_PLACEMENT_3D ( 'NONE', #6392, #5531, #54 ) ;
#1458 = PLANE ( 'NONE',  #8801 ) ;
#1459 = EDGE_CURVE ( 'NONE', #5446, #6071, #11453, .T. ) ;
#1460 = LINE ( 'NONE', #7403, #6993 ) ;
#1461 = EDGE_CURVE ( 'NONE', #10235, #6919, #11411, .T. ) ;
#1462 = CARTESIAN_POINT ( 'NONE',  ( 10.56368793806409900, -9.244693462656158500, 0.0000000000000000000 ) ) ;
#1463 = PERSON_AND_ORGANIZATION ( #9870, #6272 ) ;
#1464 = ORIENTED_EDGE ( 'NONE', *, *, #3903, .T. ) ;
#1465 = CARTESIAN_POINT ( 'NONE',  ( 11.17578636216773400, -8.316301090787483500, 1.355252715606880500E-017 ) ) ;
#1466 = CARTESIAN_POINT ( 'NONE',  ( 2.081668171172168500E-014, -22.00000000000000000, 1.000000000000000000 ) ) ;
#1467 = CARTESIAN_POINT ( 'NONE',  ( 26.84242326782791100, 8.000000000000076400, 8.099999999999999600 ) ) ;
#1468 = ORIENTED_EDGE ( 'NONE', *, *, #7590, .F. ) ;
#1469 = DATE_AND_TIME ( #1316, #1190 ) ;
#1470 = PLANE ( 'NONE',  #4712 ) ;
#1471 = CARTESIAN_POINT ( 'NONE',  ( 6.849614011047666700, 7.999999999999996400, 1.000000000000000900 ) ) ;
#1472 = ORIENTED_EDGE ( 'NONE', *, *, #6438, .F. ) ;
#1473 = CARTESIAN_POINT ( 'NONE',  ( 9.961598059517673000, -6.739217973587861000, 0.0000000000000000000 ) ) ;
#1474 = LINE ( 'NONE', #8011, #1357 ) ;
#1475 = ORIENTED_EDGE ( 'NONE', *, *, #3837, .F. ) ;
#1476 = CARTESIAN_POINT ( 'NONE',  ( 32.49999999999998600, -2.000000000000000000, 5.099999999999999600 ) ) ;
#1477 = CARTESIAN_POINT ( 'NONE',  ( 38.50000000000000000, -15.50000000000000000, 0.0000000000000000000 ) ) ;
#1478 = VERTEX_POINT ( 'NONE', #9857 ) ;
#1479 = PLANE ( 'NONE',  #344 ) ;
#1480 = LINE ( 'NONE', #8931, #1420 ) ;
#1481 = DIRECTION ( 'NONE',  ( 0.0000000000000000000, -1.000000000000000000, 0.0000000000000000000 ) ) ;
#1482 = ORIENTED_EDGE ( 'NONE', *, *, #10170, .T. ) ;
#1483 = VECTOR ( 'NONE', #648, 1000.000000000000000 ) ;
#1484 = CARTESIAN_POINT ( 'NONE',  ( 7.048445366811455900, -14.50132895157399700, 3.000000000000000000 ) ) ;
#1485 = VERTEX_POINT ( 'NONE', #392 ) ;
#1486 = ORIENTED_EDGE ( 'NONE', *, *, #4572, .T. ) ;
#1487 = ORIENTED_EDGE ( 'NONE', *, *, #3973, .F. ) ;
#1488 = CARTESIAN_POINT ( 'NONE',  ( 0.0000000000000000000, 3.500000000000000400, 8.099999999999999600 ) ) ;
#1489 = CARTESIAN_POINT ( 'NONE',  ( 9.745482001720654700, -1.654127461886333500, 0.1000000000000000100 ) ) ;
#1490 = CARTESIAN_POINT ( 'NONE',  ( 10.12358521303915300, -7.170282200848328500, 0.0000000000000000000 ) ) ;
#1491 = ADVANCED_FACE ( 'NONE', ( #11575 ), #11118, .F. ) ;
#1492 = LINE ( 'NONE', #7360, #2816 ) ;
#1493 = LINE ( 'NONE', #5432, #1670 ) ;
#1494 = ADVANCED_FACE ( 'NONE', ( #11333 ), #10106, .T. ) ;
#1495 = DIRECTION ( 'NONE',  ( 1.000000000000000000, -1.051347561198065800E-014, 0.0000000000000000000 ) ) ;
#1496 = ORIENTED_EDGE ( 'NONE', *, *, #9824, .T. ) ;
#1497 = DIRECTION ( 'NONE',  ( 0.0000000000000000000, -0.0000000000000000000, 1.000000000000000000 ) ) ;
#1498 = DIRECTION ( 'NONE',  ( -1.927470528863118700E-014, -1.000000000000000000, -0.0000000000000000000 ) ) ;
#1499 = ORIENTED_EDGE ( 'NONE', *, *, #2782, .T. ) ;
#1500 = VERTEX_POINT ( 'NONE', #8952 ) ;
#1501 = DIRECTION ( 'NONE',  ( -0.0000000000000000000, -0.0000000000000000000, -1.000000000000000000 ) ) ;
#1502 = CARTESIAN_POINT ( 'NONE',  ( 11.21021903729588900, -8.673211712411884400, 0.1000000000000000100 ) ) ;
#1503 = CARTESIAN_POINT ( 'NONE',  ( 47.50000000000000000, 10.15004534589628400, 30.61942011011341700 ) ) ;
#1504 = VERTEX_POINT ( 'NONE', #8929 ) ;
#1505 = VECTOR ( 'NONE', #5872, 1000.000000000000000 ) ;
#1506 = DIRECTION ( 'NONE',  ( 1.000000000000000000, -9.773090005503107500E-015, 0.0000000000000000000 ) ) ;
#1507 = DIRECTION ( 'NONE',  ( -0.3713906763541058900, -0.9284766908852583000, 0.0000000000000000000 ) ) ;
#1508 = DIRECTION ( 'NONE',  ( 1.000000000000000000, 0.0000000000000000000, 0.0000000000000000000 ) ) ;
#1509 = CARTESIAN_POINT ( 'NONE',  ( 11.67688613694455700, -7.757009251104669500, 0.0000000000000000000 ) ) ;
#1510 = VERTEX_POINT ( 'NONE', #9389 ) ;
#1511 = CARTESIAN_POINT ( 'NONE',  ( 6.849614011047666700, 12.83456326127513100, 5.000000000000000000 ) ) ;
#1512 = DIRECTION ( 'NONE',  ( -0.7999999999999990500, -0.6000000000000013100, -0.0000000000000000000 ) ) ;
#1513 = EDGE_CURVE ( 'NONE', #2940, #5516, #10962, .T. ) ;
#1514 = ADVANCED_FACE ( 'NONE', ( #11208 ), #3084, .F. ) ;
#1515 = ORIENTED_EDGE ( 'NONE', *, *, #820, .F. ) ;
#1516 = CARTESIAN_POINT ( 'NONE',  ( 10.96371081405765200, -8.455495007469211900, 0.1000000000000000100 ) ) ;
#1517 = VECTOR ( 'NONE', #9835, 1000.000000000000000 ) ;
#1518 = CARTESIAN_POINT ( 'NONE',  ( 9.244645029916114300, 2.257092958867350500, 0.0000000000000000000 ) ) ;
#1519 = ORIENTED_EDGE ( 'NONE', *, *, #6751, .F. ) ;
#1520 = DIRECTION ( 'NONE',  ( -0.5547001962252216000, 0.8320502943378487200, 0.0000000000000000000 ) ) ;
#1521 = EDGE_CURVE ( 'NONE', #5454, #340, #4598, .T. ) ;
#1522 = VECTOR ( 'NONE', #11385, 1000.000000000000000 ) ;
#1523 = EDGE_CURVE ( 'NONE', #11493, #9156, #11107, .T. ) ;
#1524 = CARTESIAN_POINT ( 'NONE',  ( 11.02792191170208500, -8.474911332979061700, 6.776263578034402700E-017 ) ) ;
#1525 = ORIENTED_EDGE ( 'NONE', *, *, #5197, .F. ) ;
#1526 = VECTOR ( 'NONE', #4759, 1000.000000000000000 ) ;
#1527 = CARTESIAN_POINT ( 'NONE',  ( 10.87861682703568900, -6.913169500456171500, 0.1000000000000000100 ) ) ;
#1528 = ORIENTED_EDGE ( 'NONE', *, *, #9452, .T. ) ;
#1529 = CARTESIAN_POINT ( 'NONE',  ( 36.49999999999999300, 19.50000000000000000, 1.000000000000000000 ) ) ;
#1530 = ORIENTED_EDGE ( 'NONE', *, *, #733, .T. ) ;
#1531 = CARTESIAN_POINT ( 'NONE',  ( 35.49999999999999300, -22.00000000000000000, 7.099999999999999600 ) ) ;
#1532 = PLANE ( 'NONE',  #10368 ) ;
#1533 = CARTESIAN_POINT ( 'NONE',  ( 10.78964502991612500, 3.817092958867332800, 0.1000000000000000100 ) ) ;
#1534 = ORIENTED_EDGE ( 'NONE', *, *, #6982, .T. ) ;
#1535 = ORIENTED_EDGE ( 'NONE', *, *, #5082, .T. ) ;
#1536 = LINE ( 'NONE', #5341, #1548 ) ;
#1537 = ORIENTED_EDGE ( 'NONE', *, *, #8027, .F. ) ;
#1538 = PLANE ( 'NONE',  #3098 ) ;
#1539 = EDGE_CURVE ( 'NONE', #9831, #866, #11056, .T. ) ;
#1540 = VERTEX_POINT ( 'NONE', #9153 ) ;
#1541 = CARTESIAN_POINT ( 'NONE',  ( 9.792281846349990100, -1.846393961124117800, 0.0000000000000000000 ) ) ;
#1542 = CARTESIAN_POINT ( 'NONE',  ( 9.931698551446613600, -6.874316107263000600, -0.0000000000000000000 ) ) ;
#1543 = DIRECTION ( 'NONE',  ( -1.000000000000000000, 0.0000000000000000000, 0.0000000000000000000 ) ) ;
#1544 = EDGE_CURVE ( 'NONE', #8055, #6097, #11228, .T. ) ;
#1545 = LINE ( 'NONE', #11355, #3810 ) ;
#1546 = ADVANCED_FACE ( 'NONE', ( #10918 ), #5146, .F. ) ;
#1547 = CARTESIAN_POINT ( 'NONE',  ( 10.28365152351438100, -2.097854483784855600, 0.0000000000000000000 ) ) ;
#1548 = VECTOR ( 'NONE', #7149, 1000.000000000000000 ) ;
#1549 = DIRECTION ( 'NONE',  ( -0.0000000000000000000, -0.0000000000000000000, -1.000000000000000000 ) ) ;
#1550 = DIRECTION ( 'NONE',  ( -0.0000000000000000000, 0.0000000000000000000, 1.000000000000000000 ) ) ;
#1551 = VERTEX_POINT ( 'NONE', #5593 ) ;
#1552 = CARTESIAN_POINT ( 'NONE',  ( 11.55543250985623300, -7.908144110203458000, 0.1000000000000000100 ) ) ;
#1553 = ORIENTED_EDGE ( 'NONE', *, *, #10431, .T. ) ;
#1554 = ORIENTED_EDGE ( 'NONE', *, *, #7872, .F. ) ;
#1555 = CARTESIAN_POINT ( 'NONE',  ( 42.88350718518842100, 10.15004534589628400, 30.61942011011341700 ) ) ;
#1556 = CARTESIAN_POINT ( 'NONE',  ( 11.17815742494021700, -1.767933412804489000, -0.0000000000000000000 ) ) ;
#1557 = DIRECTION ( 'NONE',  ( -0.0000000000000000000, -0.0000000000000000000, 1.000000000000000000 ) ) ;
#1558 = LINE ( 'NONE', #11488, #2584 ) ;
#1559 = LINE ( 'NONE', #7030, #1894 ) ;
#1560 = ADVANCED_FACE ( 'NONE', ( #10889 ), #10719, .F. ) ;
#1561 = AXIS2_PLACEMENT_3D ( 'NONE', #5400, #5364, #4544 ) ;
#1563 = VERTEX_POINT ( 'NONE', #5773 ) ;
#1562 = AXIS2_PLACEMENT_3D ( 'NONE', #6009, #5876, #4926 ) ;
#1564 = CARTESIAN_POINT ( 'NONE',  ( 9.792281846349990100, -1.846393961124117800, 1.355252715606880500E-017 ) ) ;
#1565 = DIRECTION ( 'NONE',  ( 0.8320502943378382800, -0.5547001962252371400, 0.0000000000000000000 ) ) ;
#1566 = ORIENTED_EDGE ( 'NONE', *, *, #2570, .T. ) ;
#1567 = PLANE ( 'NONE',  #11062 ) ;
#1568 = FACE_OUTER_BOUND ( 'NONE', #4314, .T. ) ;
#1569 = DIRECTION ( 'NONE',  ( -0.0000000000000000000, -0.0000000000000000000, -1.000000000000000000 ) ) ;
#1570 = DIRECTION ( 'NONE',  ( -0.0000000000000000000, -0.0000000000000000000, 1.000000000000000000 ) ) ;
#1571 = CARTESIAN_POINT ( 'NONE',  ( 28.54301664136392000, -7.937784117174111900, 8.099999999999999600 ) ) ;
#1572 = ORIENTED_EDGE ( 'NONE', *, *, #4795, .F. ) ;
#1573 = ORIENTED_EDGE ( 'NONE', *, *, #2399, .F. ) ;
#1574 = AXIS2_PLACEMENT_3D ( 'NONE', #4746, #10978, #5657 ) ;
#1575 = CARTESIAN_POINT ( 'NONE',  ( 11.11087859174499900, -9.000591142680505600, 0.1000000000000000100 ) ) ;
#1576 = DIRECTION ( 'NONE',  ( -0.0000000000000000000, -0.0000000000000000000, -1.000000000000000000 ) ) ;
#1577 = DIRECTION ( 'NONE',  ( 0.9974269571912753900, -0.07169006254812307400, 0.0000000000000000000 ) ) ;
#1578 = LINE ( 'NONE', #4312, #1418 ) ;
#1579 = LINE ( 'NONE', #5904, #6807 ) ;
#1580 = EDGE_CURVE ( 'NONE', #3662, #9753, #10757, .T. ) ;
#1581 = CARTESIAN_POINT ( 'NONE',  ( 11.59376925382767500, -7.700840419935838500, 0.1000000000000000100 ) ) ;
#1582 = CARTESIAN_POINT ( 'NONE',  ( 0.0000000000000000000, -5.250000000000000900, 3.250000000000000400 ) ) ;
#1583 = ORIENTED_EDGE ( 'NONE', *, *, #5475, .T. ) ;
#1584 = DIRECTION ( 'NONE',  ( -0.0000000000000000000, -0.0000000000000000000, 1.000000000000000000 ) ) ;
#1585 = ORIENTED_EDGE ( 'NONE', *, *, #5631, .T. ) ;
#1586 = DIRECTION ( 'NONE',  ( -0.0000000000000000000, 1.000000000000000000, 0.0000000000000000000 ) ) ;
#1587 = CARTESIAN_POINT ( 'NONE',  ( 10.78964502991612500, 3.817092958867332800, 0.1000000000000000100 ) ) ;
#1588 = VECTOR ( 'NONE', #8135, 1000.000000000000000 ) ;
#1589 = LINE ( 'NONE', #4722, #1526 ) ;
#1590 = CARTESIAN_POINT ( 'NONE',  ( 9.935807555814250200, -6.823014993895531800, -0.0000000000000000000 ) ) ;
#1591 = CARTESIAN_POINT ( 'NONE',  ( 36.49999999999999300, 8.499999999999996400, 30.61942011011341700 ) ) ;
#1592 = EDGE_CURVE ( 'NONE', #990, #3136, #10800, .T. ) ;
#1593 = EDGE_CURVE ( 'NONE', #9666, #7768, #10710, .T. ) ;
#1594 = CARTESIAN_POINT ( 'NONE',  ( 11.85464502991613000, 4.057092958867322400, 0.1000000000000000100 ) ) ;
#1595 = ORIENTED_EDGE ( 'NONE', *, *, #11302, .F. ) ;
#1596 = ORIENTED_EDGE ( 'NONE', *, *, #1834, .T. ) ;
#1597 = CARTESIAN_POINT ( 'NONE',  ( 9.765197825256244400, -2.672268991364406900, 0.1000000000000000100 ) ) ;
#1598 = FACE_OUTER_BOUND ( 'NONE', #562, .T. ) ;
#1599 = LINE ( 'NONE', #11181, #5687 ) ;
#1600 = CARTESIAN_POINT ( 'NONE',  ( 6.849614011047667500, 2.499999999999998700, 1.000000000000000900 ) ) ;
#1601 = CARTESIAN_POINT ( 'NONE',  ( 35.49999999999998600, -14.50000000000000500, -0.0000000000000000000 ) ) ;
#1602 = CARTESIAN_POINT ( 'NONE',  ( 11.13659185970748500, -8.976929930007887700, 0.1000000000000000100 ) ) ;
#1603 = LINE ( 'NONE', #4627, #3708 ) ;
#1604 = CARTESIAN_POINT ( 'NONE',  ( 42.50000000000000700, -25.50000000000000000, -0.0000000000000000000 ) ) ;
#1605 = ORIENTED_EDGE ( 'NONE', *, *, #9589, .T. ) ;
#1606 = AXIS2_PLACEMENT_3D ( 'NONE', #4244, #9630, #4280 ) ;
#1607 = CARTESIAN_POINT ( 'NONE',  ( 10.98891523411469800, -9.070078470219936400, 0.1000000000000000100 ) ) ;
#1608 = ORIENTED_EDGE ( 'NONE', *, *, #7990, .F. ) ;
#1609 = EDGE_CURVE ( 'NONE', #5446, #9085, #10895, .T. ) ;
#1610 = EDGE_CURVE ( 'NONE', #10060, #3463, #10597, .T. ) ;
#1611 = VECTOR ( 'NONE', #9621, 1000.000000000000000 ) ;
#1612 = LINE ( 'NONE', #11442, #8853 ) ;
#1613 = LOCAL_TIME ( 16, 7, 12.00000000000000000, #7638 ) ;
#1614 = ORIENTED_EDGE ( 'NONE', *, *, #2836, .F. ) ;
#1615 = CARTESIAN_POINT ( 'NONE',  ( 10.00000000000000000, 17.63735574933683000, 2.999999999999999100 ) ) ;
#1616 = CARTESIAN_POINT ( 'NONE',  ( 10.66617790113011700, -9.057104300957409000, 0.1000000000000000100 ) ) ;
#1617 = EDGE_CURVE ( 'NONE', #2928, #7977, #10624, .T. ) ;
#1618 = ORIENTED_EDGE ( 'NONE', *, *, #8452, .T. ) ;
#1619 = CARTESIAN_POINT ( 'NONE',  ( 6.079333650797274800, 13.47164775330892700, 7.413944776376546000 ) ) ;
#1620 = ORIENTED_EDGE ( 'NONE', *, *, #6384, .F. ) ;
#1621 = CARTESIAN_POINT ( 'NONE',  ( 11.22708518053002500, 18.50000000000000000, 3.099999999999999600 ) ) ;
#1622 = CARTESIAN_POINT ( 'NONE',  ( 11.19896405902248100, -1.633957303052719000, 0.1000000000000000100 ) ) ;
#1623 = APPROVAL_DATE_TIME ( #1469, #9815 ) ;
#1624 = ORIENTED_EDGE ( 'NONE', *, *, #9866, .F. ) ;
#1625 = CARTESIAN_POINT ( 'NONE',  ( 11.05408292045161500, -2.152819772806984700, 0.0000000000000000000 ) ) ;
#1626 = PLANE ( 'NONE',  #2346 ) ;
#1627 = ORIENTED_EDGE ( 'NONE', *, *, #11297, .T. ) ;
#1628 = ADVANCED_FACE ( 'NONE', ( #10372 ), #2860, .F. ) ;
#1629 = VERTEX_POINT ( 'NONE', #3141 ) ;
#1630 = AXIS2_PLACEMENT_3D ( 'NONE', #453, #337, #93 ) ;
#1631 = DIRECTION ( 'NONE',  ( 1.000000000000000000, 0.0000000000000000000, 0.0000000000000000000 ) ) ;
#1632 = CARTESIAN_POINT ( 'NONE',  ( 10.52980821486663600, -1.876489770585186600, 0.0000000000000000000 ) ) ;
#1633 = CARTESIAN_POINT ( 'NONE',  ( 46.00000000000000000, -6.849954654103714600, 4.500000000000000000 ) ) ;
#1634 = CARTESIAN_POINT ( 'NONE',  ( 11.17818483824325800, -7.389152108247526700, 0.1000000000000000100 ) ) ;
#1635 = ORIENTED_EDGE ( 'NONE', *, *, #3000, .F. ) ;
#1636 = FACE_OUTER_BOUND ( 'NONE', #9434, .T. ) ;
#1637 = FACE_OUTER_BOUND ( 'NONE', #1446, .T. ) ;
#1638 = ORIENTED_EDGE ( 'NONE', *, *, #8463, .T. ) ;
#1639 = DIRECTION ( 'NONE',  ( -0.0000000000000000000, 0.0000000000000000000, 1.000000000000000000 ) ) ;
#1640 = CARTESIAN_POINT ( 'NONE',  ( 0.7879379035845669500, 7.849539771895425000, 0.0000000000000000000 ) ) ;
#1641 = CARTESIAN_POINT ( 'NONE',  ( 11.17784217207076100, -8.923029626069208600, 0.1000000000000000100 ) ) ;
#1642 = DIRECTION ( 'NONE',  ( -1.000000000000000000, 0.0000000000000000000, 0.0000000000000000000 ) ) ;
#1643 = CARTESIAN_POINT ( 'NONE',  ( 11.58075993745551800, -7.890926173105922800, 0.1000000000000000100 ) ) ;
#1644 = ADVANCED_FACE ( 'NONE', ( #10304 ), #2535, .T. ) ;
#1645 = ORIENTED_EDGE ( 'NONE', *, *, #7564, .T. ) ;
#1646 = DIRECTION ( 'NONE',  ( -0.0000000000000000000, -0.0000000000000000000, -1.000000000000000000 ) ) ;
#1647 = VECTOR ( 'NONE', #2199, 1000.000000000000200 ) ;
#1648 = CARTESIAN_POINT ( 'NONE',  ( 41.49999999999999300, -19.99999999999999600, 0.0000000000000000000 ) ) ;
#1649 = VERTEX_POINT ( 'NONE', #5798 ) ;
#1650 = VECTOR ( 'NONE', #6746, 1000.000000000000000 ) ;
#1651 = ORIENTED_EDGE ( 'NONE', *, *, #11170, .F. ) ;
#1652 = CARTESIAN_POINT ( 'NONE',  ( 10.55379169473192000, -6.996287067354953300, 0.1000000000000000100 ) ) ;
#1653 = CARTESIAN_POINT ( 'NONE',  ( 11.08291289913136200, -8.501806959089481800, 0.1000000000000000100 ) ) ;
#1654 = PLANE ( 'NONE',  #8908 ) ;
#1655 = ORIENTED_EDGE ( 'NONE', *, *, #2226, .F. ) ;
#1656 = CARTESIAN_POINT ( 'NONE',  ( 9.935205647881327100, -1.673320720840531200, 0.1000000000000000100 ) ) ;
#1657 = ORIENTED_EDGE ( 'NONE', *, *, #8705, .F. ) ;
#1658 = VECTOR ( 'NONE', #8820, 1000.000000000000000 ) ;
#1659 = ORIENTED_EDGE ( 'NONE', *, *, #6600, .T. ) ;
#1660 = ADVANCED_FACE ( 'NONE', ( #10211 ), #2495, .T. ) ;
#1661 = CARTESIAN_POINT ( 'NONE',  ( 8.000000000000007100, 9.157317253416650300, 8.099999999999999600 ) ) ;
#1662 = CARTESIAN_POINT ( 'NONE',  ( 11.21021903729588900, -8.673211712411884400, 0.0000000000000000000 ) ) ;
#1663 = VERTEX_POINT ( 'NONE', #2552 ) ;
#1664 = CARTESIAN_POINT ( 'NONE',  ( 11.38569854549509600, -8.738704972602773700, 1.355252715606880500E-017 ) ) ;
#1665 = CARTESIAN_POINT ( 'NONE',  ( 6.849614011047666700, -2.500000000000000400, 1.000000000000000900 ) ) ;
#1666 = VECTOR ( 'NONE', #376, 1000.000000000000100 ) ;
#1667 = ORIENTED_EDGE ( 'NONE', *, *, #6852, .F. ) ;
#1668 = LINE ( 'NONE', #87, #10315 ) ;
#1669 = CARTESIAN_POINT ( 'NONE',  ( 9.244645029916140900, 5.017092958867349000, 0.1000000000000000100 ) ) ;
#1670 = VECTOR ( 'NONE', #665, 1000.000000000000000 ) ;
#1671 = ORIENTED_EDGE ( 'NONE', *, *, #10582, .T. ) ;
#1672 = CARTESIAN_POINT ( 'NONE',  ( 10.25043795741779300, -1.261343761739129900, 1.355252715606880500E-017 ) ) ;
#1673 = EDGE_CURVE ( 'NONE', #7820, #9626, #10437, .T. ) ;
#1674 = EDGE_CURVE ( 'NONE', #8959, #8015, #10202, .T. ) ;
#1675 = CARTESIAN_POINT ( 'NONE',  ( 4.393968951792282400, 12.74344776061612400, 7.413944776376546000 ) ) ;
#1676 = CARTESIAN_POINT ( 'NONE',  ( 11.38569854549509600, -8.738704972602773700, 0.1000000000000000100 ) ) ;
#1677 = DIRECTION ( 'NONE',  ( 0.0000000000000000000, 1.000000000000000000, 0.0000000000000000000 ) ) ;
#1678 = DIRECTION ( 'NONE',  ( 0.0000000000000000000, 1.000000000000000000, 0.0000000000000000000 ) ) ;
#1679 = CARTESIAN_POINT ( 'NONE',  ( 11.55543250985623300, -7.908144110203458000, -1.355252715606880500E-017 ) ) ;
#1680 = ORIENTED_EDGE ( 'NONE', *, *, #10645, .F. ) ;
#1681 = ORIENTED_EDGE ( 'NONE', *, *, #10843, .F. ) ;
#1682 = CARTESIAN_POINT ( 'NONE',  ( 11.38597704603546700, -8.755061199156616100, 1.355252715606880500E-017 ) ) ;
#1683 = VECTOR ( 'NONE', #3308, 1000.000000000000000 ) ;
#1684 = CARTESIAN_POINT ( 'NONE',  ( 10.76598013258833900, -9.087949307932198900, 1.355252715606880500E-017 ) ) ;
#1685 = CARTESIAN_POINT ( 'NONE',  ( 9.975255200428167200, -7.052713421218983900, -0.0000000000000000000 ) ) ;
#1686 = ORIENTED_EDGE ( 'NONE', *, *, #667, .F. ) ;
#1687 = EDGE_CURVE ( 'NONE', #4705, #10580, #7530, .T. ) ;
#1688 = CARTESIAN_POINT ( 'NONE',  ( 10.84247055252897400, -9.093048212143630200, 1.355252715606880500E-017 ) ) ;
#1689 = ORIENTED_EDGE ( 'NONE', *, *, #8766, .F. ) ;
#1690 = CARTESIAN_POINT ( 'NONE',  ( 11.36519782525624600, -7.389152108247526700, 0.1000000000000000100 ) ) ;
#1691 = EDGE_CURVE ( 'NONE', #808, #5307, #10080, .T. ) ;
#1692 = ORIENTED_EDGE ( 'NONE', *, *, #10156, .F. ) ;
#1693 = DIRECTION ( 'NONE',  ( -0.7281999926928033300, 0.6853646990049905300, 0.0000000000000000000 ) ) ;
#1694 = LINE ( 'NONE', #4486, #1308 ) ;
#1695 = CARTESIAN_POINT ( 'NONE',  ( 0.7879379035845669500, -7.849539771895425000, 5.000000000000000000 ) ) ;
#1696 = CARTESIAN_POINT ( 'NONE',  ( 11.36519782525624600, -7.950191069286487000, 0.1000000000000000100 ) ) ;
#1697 = ORIENTED_EDGE ( 'NONE', *, *, #3904, .T. ) ;
#1698 = ORIENTED_EDGE ( 'NONE', *, *, #358, .F. ) ;
#1699 = CARTESIAN_POINT ( 'NONE',  ( 15.10296701856556100, 12.83456326127513100, 2.999999999999999100 ) ) ;
#1700 = CARTESIAN_POINT ( 'NONE',  ( 10.52102695439021400, -9.219348541970186200, -0.0000000000000000000 ) ) ;
#1701 = CARTESIAN_POINT ( 'NONE',  ( 11.18752038628166400, -1.736918768084173300, 0.1000000000000000100 ) ) ;
#1702 = VECTOR ( 'NONE', #6426, 1000.000000000000000 ) ;
#1703 = VECTOR ( 'NONE', #1175, 1000.000000000000000 ) ;
#1704 = DIRECTION ( 'NONE',  ( -1.000000000000000000, 0.0000000000000000000, -0.0000000000000000000 ) ) ;
#1705 = DIRECTION ( 'NONE',  ( -1.000000000000000000, -0.0000000000000000000, -0.0000000000000000000 ) ) ;
#1706 = ORIENTED_EDGE ( 'NONE', *, *, #5447, .T. ) ;
#1707 = EDGE_CURVE ( 'NONE', #8508, #7767, #10059, .T. ) ;
#1708 = DIRECTION ( 'NONE',  ( -0.0000000000000000000, -0.0000000000000000000, 1.000000000000000000 ) ) ;
#1709 = ORIENTED_EDGE ( 'NONE', *, *, #10254, .T. ) ;
#1710 = ORIENTED_EDGE ( 'NONE', *, *, #6270, .F. ) ;
#1711 = AXIS2_PLACEMENT_3D ( 'NONE', #7661, #1453, #4004 ) ;
#1712 = CIRCLE ( 'NONE', #5218, 1.500000000000001300 ) ;
#1713 = CARTESIAN_POINT ( 'NONE',  ( 11.00011386538594000, -1.287539040833048700, 1.355252715606880500E-017 ) ) ;
#1714 = CARTESIAN_POINT ( 'NONE',  ( 36.49999999999999300, -9.927050983124843200, 8.099999999999999600 ) ) ;
#1715 = ORIENTED_EDGE ( 'NONE', *, *, #5768, .F. ) ;
#1716 = CARTESIAN_POINT ( 'NONE',  ( 10.56390709630774400, -8.975464938259804600, 0.1000000000000000100 ) ) ;
#1717 = ORIENTED_EDGE ( 'NONE', *, *, #9902, .T. ) ;
#1718 = EDGE_LOOP ( 'NONE', ( #905, #1385, #1414, #3713 ) ) ;
#1719 = DIRECTION ( 'NONE',  ( -0.0000000000000000000, -1.000000000000000000, -0.0000000000000000000 ) ) ;
#1720 = VECTOR ( 'NONE', #8590, 1000.000000000000000 ) ;
#1721 = VERTEX_POINT ( 'NONE', #10723 ) ;
#1722 = CARTESIAN_POINT ( 'NONE',  ( 9.964645029916139800, 5.017092958867341000, 0.0000000000000000000 ) ) ;
#1723 = CARTESIAN_POINT ( 'NONE',  ( 10.92818796919389100, -1.249551405908360300, 0.1000000000000000100 ) ) ;
#1724 = CARTESIAN_POINT ( 'NONE',  ( 10.67443223348732500, -1.808863863768080900, -0.0000000000000000000 ) ) ;
#1725 = ADVANCED_FACE ( 'NONE', ( #10272 ), #4643, .F. ) ;
#1726 = DIRECTION ( 'NONE',  ( -1.000000000000000000, 1.430894232241331500E-016, -0.0000000000000000000 ) ) ;
#1727 = ORIENTED_EDGE ( 'NONE', *, *, #7245, .T. ) ;
#1728 = CARTESIAN_POINT ( 'NONE',  ( 10.36401354035010100, -8.584836177719319400, 0.1000000000000000100 ) ) ;
#1729 = VERTEX_POINT ( 'NONE', #2452 ) ;
#1730 = CARTESIAN_POINT ( 'NONE',  ( 39.49999999999999300, 14.49999999999999800, 8.099999999999999600 ) ) ;
#1731 = VECTOR ( 'NONE', #8336, 1000.000000000000000 ) ;
#1732 = CARTESIAN_POINT ( 'NONE',  ( 10.48144148745729100, -9.189463623180078100, 0.0000000000000000000 ) ) ;
#1733 = CARTESIAN_POINT ( 'NONE',  ( 11.09199554551417300, -1.895370054049444000, 1.355252715606880500E-017 ) ) ;
#1734 = EDGE_LOOP ( 'NONE', ( #10802, #2518, #1770, #4540 ) ) ;
#1735 = CARTESIAN_POINT ( 'NONE',  ( 10.00856492548280000, -2.075499289270454500, 0.1000000000000000100 ) ) ;
#1736 = EDGE_LOOP ( 'NONE', ( #5311, #2000, #5844, #7189 ) ) ;
#1737 = AXIS2_PLACEMENT_3D ( 'NONE', #6043, #6074, #624 ) ;
#1738 = DIRECTION ( 'NONE',  ( 0.0000000000000000000, -1.000000000000000000, 0.0000000000000000000 ) ) ;
#1739 = VECTOR ( 'NONE', #9315, 1000.000000000000200 ) ;
#1740 = DIRECTION ( 'NONE',  ( -0.0000000000000000000, -0.0000000000000000000, 1.000000000000000000 ) ) ;
#1741 = EDGE_CURVE ( 'NONE', #9803, #2558, #9841, .T. ) ;
#1742 = VECTOR ( 'NONE', #3355, 1000.000000000000000 ) ;
#1743 = EDGE_CURVE ( 'NONE', #2580, #6652, #9938, .T. ) ;
#1744 = VECTOR ( 'NONE', #3440, 1000.000000000000000 ) ;
#1745 = DIRECTION ( 'NONE',  ( 1.000000000000000000, 0.0000000000000000000, 0.0000000000000000000 ) ) ;
#1746 = B_SPLINE_CURVE_WITH_KNOTS ( 'NONE', 3,
 ( #4426, #10321, #10491, #8482, #9781, #11111, #4565, #10527, #10829, #9960, #10996, #8868, #4656, #1735, #5634, #11475, #8609, #4528, #11604 ),
 .UNSPECIFIED., .F., .F.,
 ( 4, 1, 1, 1, 1, 1, 1, 1, 1, 1, 1, 1, 1, 1, 1, 1, 4 ),
 ( 0.0000000000000000000, 0.07168973380787033200, 0.1407364959683107500, 0.2075815704540138200, 0.2727110091735332500, 0.3366500018118406300, 0.3995665228765540900, 0.4628058328289130200, 0.5265543612450071000, 0.5892141618359628700, 0.6495440093115332200, 0.7078444578146311200, 0.7655419361369910600, 0.8226267735377852400, 0.8802441425476690300, 0.9391365869475539800, 1.000000000000000000 ),
 .UNSPECIFIED. ) ;
#1747 = VERTEX_POINT ( 'NONE', #9969 ) ;
#1748 = EDGE_LOOP ( 'NONE', ( #6387, #8289, #1113, #5480 ) ) ;
#1749 = DIRECTION ( 'NONE',  ( 0.0000000000000000000, 0.0000000000000000000, -1.000000000000000000 ) ) ;
#1750 = DIRECTION ( 'NONE',  ( -0.9931270867543464700, -0.1170409738289327300, 0.0000000000000000000 ) ) ;
#1751 = DIRECTION ( 'NONE',  ( 0.0000000000000000000, 0.0000000000000000000, -1.000000000000000000 ) ) ;
#1752 = DIRECTION ( 'NONE',  ( 0.0000000000000000000, -0.0000000000000000000, 1.000000000000000000 ) ) ;
#1753 = LINE ( 'NONE', #2616, #8381 ) ;
#1754 = CARTESIAN_POINT ( 'NONE',  ( 11.55543250985623300, -7.908144110203458000, 0.1000000000000000100 ) ) ;
#1755 = ORIENTED_EDGE ( 'NONE', *, *, #2942, .F. ) ;
#1756 = CARTESIAN_POINT ( 'NONE',  ( 9.931699822665049000, -6.895438278732027200, 0.1000000000000000100 ) ) ;
#1757 = CARTESIAN_POINT ( 'NONE',  ( 10.49354789749992100, -8.792932663189418500, 1.355252715606880500E-017 ) ) ;
#1758 = VERTEX_POINT ( 'NONE', #8788 ) ;
#1759 = EDGE_CURVE ( 'NONE', #2509, #990, #9830, .T. ) ;
#1760 = ORIENTED_EDGE ( 'NONE', *, *, #8240, .T. ) ;
#1761 = EDGE_CURVE ( 'NONE', #471, #4807, #9717, .T. ) ;
#1762 = ORIENTED_EDGE ( 'NONE', *, *, #3386, .F. ) ;
#1763 = EDGE_CURVE ( 'NONE', #7253, #8584, #9701, .T. ) ;
#1764 = VECTOR ( 'NONE', #10011, 1000.000000000000000 ) ;
#1765 = VECTOR ( 'NONE', #10451, 1000.000000000000000 ) ;
#1766 = CARTESIAN_POINT ( 'NONE',  ( 26.84242326782791100, -7.937784117174113700, -23.17665792529315300 ) ) ;
#1767 = EDGE_CURVE ( 'NONE', #11646, #3006, #9567, .T. ) ;
#1768 = DIRECTION ( 'NONE',  ( -0.0000000000000000000, 0.0000000000000000000, 1.000000000000000000 ) ) ;
#1769 = PLANE ( 'NONE',  #4359 ) ;
#1770 = ORIENTED_EDGE ( 'NONE', *, *, #4282, .T. ) ;
#1771 = CARTESIAN_POINT ( 'NONE',  ( 10.30576283179684400, -8.798659915260373100, 0.0000000000000000000 ) ) ;
#1772 = CARTESIAN_POINT ( 'NONE',  ( 11.29770537152015700, -6.334723521361961000, 2.710505431213761100E-017 ) ) ;
#1773 = ORIENTED_EDGE ( 'NONE', *, *, #3155, .F. ) ;
#1774 = CARTESIAN_POINT ( 'NONE',  ( 11.13893793483469200, -2.113472069824482000, 0.1000000000000000100 ) ) ;
#1775 = CARTESIAN_POINT ( 'NONE',  ( 10.91640971351461100, -1.965598320456392000, 0.1000000000000000100 ) ) ;
#1776 = FACE_OUTER_BOUND ( 'NONE', #9881, .T. ) ;
#1777 = CARTESIAN_POINT ( 'NONE',  ( 26.84242326782791100, 7.937784117174111900, 3.099999999999999600 ) ) ;
#1778 = EDGE_LOOP ( 'NONE', ( #8970, #6459, #11485, #9221 ) ) ;
#1779 = AXIS2_PLACEMENT_3D ( 'NONE', #32, #779, #404 ) ;
#1780 = CARTESIAN_POINT ( 'NONE',  ( 38.50000000000000000, -14.00000000000000400, 8.099999999999999600 ) ) ;
#1781 = VECTOR ( 'NONE', #7788, 1000.000000000000000 ) ;
#1782 = DIRECTION ( 'NONE',  ( 1.000000000000000000, 0.0000000000000000000, 0.0000000000000000000 ) ) ;
#1783 = CARTESIAN_POINT ( 'NONE',  ( 10.31953943421677200, -8.696748958423217600, 0.0000000000000000000 ) ) ;
#1784 = AXIS2_PLACEMENT_3D ( 'NONE', #9284, #9234, #9197 ) ;
#1785 = CARTESIAN_POINT ( 'NONE',  ( 9.244645029916114300, 2.257092958867350500, 0.0000000000000000000 ) ) ;
#1786 = VERTEX_POINT ( 'NONE', #4549 ) ;
#1787 = CARTESIAN_POINT ( 'NONE',  ( 11.26004045349408900, -9.111898264729241200, 0.1000000000000000100 ) ) ;
#1788 = VECTOR ( 'NONE', #10345, 1000.000000000000000 ) ;
#1789 = CARTESIAN_POINT ( 'NONE',  ( 9.793120233956303300, -1.351748884140096400, 0.1000000000000000100 ) ) ;
#1790 = DIRECTION ( 'NONE',  ( -1.000000000000000000, 0.0000000000000000000, 0.0000000000000000000 ) ) ;
#1791 = CARTESIAN_POINT ( 'NONE',  ( 30.50000000000000700, -18.50000000000000000, 8.099999999999999600 ) ) ;
#1792 = ORIENTED_EDGE ( 'NONE', *, *, #6514, .T. ) ;
#1793 = CARTESIAN_POINT ( 'NONE',  ( 11.58916029016220200, -7.712278881627409700, -0.0000000000000000000 ) ) ;
#1794 = CARTESIAN_POINT ( 'NONE',  ( 11.67129483595693200, -7.770282146187519800, 0.1000000000000000100 ) ) ;
#1795 = CARTESIAN_POINT ( 'NONE',  ( 32.49999999999998600, 8.250000000000000000, 7.099999999999999600 ) ) ;
#1796 = DIRECTION ( 'NONE',  ( -0.0000000000000000000, -0.0000000000000000000, -1.000000000000000000 ) ) ;
#1797 = AXIS2_PLACEMENT_3D ( 'NONE', #7663, #2290, #8563 ) ;
#1798 = EDGE_CURVE ( 'NONE', #6589, #11493, #9351, .T. ) ;
#1799 = FACE_OUTER_BOUND ( 'NONE', #7075, .T. ) ;
#1800 = ORIENTED_EDGE ( 'NONE', *, *, #1609, .T. ) ;
#1801 = LINE ( 'NONE', #4289, #1154 ) ;
#1802 = LINE ( 'NONE', #9997, #6346 ) ;
#1803 = PLANE ( 'NONE',  #1930 ) ;
#1804 = DIRECTION ( 'NONE',  ( -1.000000000000000000, 0.0000000000000000000, 0.0000000000000000000 ) ) ;
#1805 = CARTESIAN_POINT ( 'NONE',  ( 26.84242326782791100, -7.937784117174111900, 3.099999999999999600 ) ) ;
#1806 = CARTESIAN_POINT ( 'NONE',  ( 11.02185854337784800, -9.057286444266676300, 0.0000000000000000000 ) ) ;
#1807 = ORIENTED_EDGE ( 'NONE', *, *, #6674, .T. ) ;
#1808 = CARTESIAN_POINT ( 'NONE',  ( 9.972990033048454000, -9.238502757598176600, -0.0000000000000000000 ) ) ;
#1809 = EDGE_CURVE ( 'NONE', #1098, #1026, #9445, .T. ) ;
#1810 = VECTOR ( 'NONE', #2007, 1000.000000000000000 ) ;
#1811 = EDGE_CURVE ( 'NONE', #9099, #7824, #9255, .T. ) ;
#1812 = ORIENTED_EDGE ( 'NONE', *, *, #8252, .T. ) ;
#1813 = FACE_OUTER_BOUND ( 'NONE', #8906, .T. ) ;
#1814 = CARTESIAN_POINT ( 'NONE',  ( 10.61584717590559600, -8.282658601754020500, 0.1000000000000000100 ) ) ;
#1815 = ADVANCED_FACE ( 'NONE', ( #9242 ), #3705, .F. ) ;
#1816 = B_SPLINE_CURVE_WITH_KNOTS ( 'NONE', 3,
 ( #1965, #1968, #1958, #1918, #5014, #1913, #4510, #8495, #1900, #1882, #1871, #1868, #1953, #1932, #8256, #5732, #9503, #1756, #1836 ),
 .UNSPECIFIED., .F., .F.,
 ( 4, 1, 1, 1, 1, 1, 1, 1, 1, 1, 1, 1, 1, 1, 1, 1, 4 ),
 ( 0.0000000000000000000, 0.06448480089431175800, 0.1273482216468130900, 0.1877637112662311200, 0.2473294089424894800, 0.3062334131877498800, 0.3664024640278087900, 0.4265459635676122100, 0.4888033392772909200, 0.5513071171731044300, 0.6130562946349885600, 0.6745851983741383300, 0.7368055295939813800, 0.7997463307647708600, 0.8641874171863743700, 0.9305092460750905600, 1.000000000000000000 ),
 .UNSPECIFIED. ) ;
#1817 = ORIENTED_EDGE ( 'NONE', *, *, #5783, .F. ) ;
#1818 = DIRECTION ( 'NONE',  ( -0.0000000000000000000, -0.0000000000000000000, 1.000000000000000000 ) ) ;
#1819 = ORIENTED_EDGE ( 'NONE', *, *, #9348, .F. ) ;
#1820 = CARTESIAN_POINT ( 'NONE',  ( 10.70532788208660500, -1.865369846721461400, -0.0000000000000000000 ) ) ;
#1821 = DIRECTION ( 'NONE',  ( 0.6246950475544239500, 0.7808688094430306100, 0.0000000000000000000 ) ) ;
#1822 = CARTESIAN_POINT ( 'NONE',  ( 10.33100760701850600, -8.659034518026164300, -0.0000000000000000000 ) ) ;
#1823 = CARTESIAN_POINT ( 'NONE',  ( 10.08144850468019300, -1.883409541004712300, -0.0000000000000000000 ) ) ;
#1824 = CYLINDRICAL_SURFACE ( 'NONE', #1311, 0.3999999999999975800 ) ;
#1825 = DIRECTION ( 'NONE',  ( 1.000000000000000000, 0.0000000000000000000, 0.0000000000000000000 ) ) ;
#1826 = LINE ( 'NONE', #11457, #1744 ) ;
#1827 = AXIS2_PLACEMENT_3D ( 'NONE', #7960, #2597, #8842 ) ;
#1828 = ORIENTED_EDGE ( 'NONE', *, *, #7477, .F. ) ;
#1829 = CARTESIAN_POINT ( 'NONE',  ( 10.58598410329547000, -8.999646679533920900, -0.0000000000000000000 ) ) ;
#1830 = CARTESIAN_POINT ( 'NONE',  ( 9.931898717924076100, -1.643343006382751200, 1.355252715606880500E-017 ) ) ;
#1831 = ORIENTED_EDGE ( 'NONE', *, *, #2001, .T. ) ;
#1832 = EDGE_CURVE ( 'NONE', #2072, #6288, #9619, .T. ) ;
#1833 = ORIENTED_EDGE ( 'NONE', *, *, #9207, .F. ) ;
#1834 = EDGE_CURVE ( 'NONE', #7286, #11147, #9034, .T. ) ;
#1835 = CARTESIAN_POINT ( 'NONE',  ( 45.00000000000000000, -6.849954654103714600, 4.500000000000000000 ) ) ;
#1836 = CARTESIAN_POINT ( 'NONE',  ( 9.931431591490012400, -6.884931329026747100, 0.1000000000000000100 ) ) ;
#1837 = CARTESIAN_POINT ( 'NONE',  ( 9.744418604477024500, -1.601165095260511200, 0.0000000000000000000 ) ) ;
#1838 = CARTESIAN_POINT ( 'NONE',  ( 9.935807555814250200, -6.823014993895531800, -1.355252715606880500E-017 ) ) ;
#1839 = CARTESIAN_POINT ( 'NONE',  ( 36.99999999999999300, 14.49999999999999800, 5.399999999999999500 ) ) ;
#1840 = ORIENTED_EDGE ( 'NONE', *, *, #1199, .T. ) ;
#1841 = LINE ( 'NONE', #6457, #9263 ) ;
#1842 = EDGE_CURVE ( 'NONE', #4264, #5179, #9013, .T. ) ;
#1843 = CARTESIAN_POINT ( 'NONE',  ( 10.91227574733416700, -2.173567692663108500, 0.1000000000000000100 ) ) ;
#1844 = EDGE_LOOP ( 'NONE', ( #6425, #9632, #5608, #11337 ) ) ;
#1845 = ORIENTED_EDGE ( 'NONE', *, *, #531, .T. ) ;
#1846 = CARTESIAN_POINT ( 'NONE',  ( 47.50000000000000000, -25.09999999999999800, 8.099999999999999600 ) ) ;
#1847 = DIRECTION ( 'NONE',  ( 0.0000000000000000000, 0.0000000000000000000, 1.000000000000000000 ) ) ;
#1848 = LINE ( 'NONE', #7333, #177 ) ;
#1849 = LINE ( 'NONE', #7847, #2893 ) ;
#1850 = ORIENTED_EDGE ( 'NONE', *, *, #2621, .F. ) ;
#1851 = CARTESIAN_POINT ( 'NONE',  ( 10.63606930378759500, -1.528205703454216000, 0.1000000000000000100 ) ) ;
#1852 = CARTESIAN_POINT ( 'NONE',  ( 10.86649652655494700, -5.581359900455316500, 0.1000000000000000100 ) ) ;
#1853 = ORIENTED_EDGE ( 'NONE', *, *, #7890, .T. ) ;
#1854 = LINE ( 'NONE', #4373, #1810 ) ;
#1855 = CARTESIAN_POINT ( 'NONE',  ( 36.49999999999999300, 19.50000000000000000, 0.0000000000000000000 ) ) ;
#1856 = FACE_OUTER_BOUND ( 'NONE', #9333, .T. ) ;
#1857 = CARTESIAN_POINT ( 'NONE',  ( 9.931898717924076100, -1.643343006382751200, 0.1000000000000000100 ) ) ;
#1858 = PLANE ( 'NONE',  #11365 ) ;
#1859 = CARTESIAN_POINT ( 'NONE',  ( 42.49999999999999300, -17.49999999999999600, 43.15709628591621100 ) ) ;
#1860 = CARTESIAN_POINT ( 'NONE',  ( 9.931431591490012400, -1.612528731624147400, 0.0000000000000000000 ) ) ;
#1861 = ORIENTED_EDGE ( 'NONE', *, *, #7642, .T. ) ;
#1862 = VERTEX_POINT ( 'NONE', #9584 ) ;
#1863 = AXIS2_PLACEMENT_3D ( 'NONE', #1277, #8687, #1704 ) ;
#1864 = CARTESIAN_POINT ( 'NONE',  ( 11.06864022137370500, -6.690108630667228200, -0.0000000000000000000 ) ) ;
#1865 = VECTOR ( 'NONE', #1914, 1000.000000000000000 ) ;
#1866 = DIRECTION ( 'NONE',  ( 0.0000000000000000000, -1.000000000000000000, 0.0000000000000000000 ) ) ;
#1867 = CARTESIAN_POINT ( 'NONE',  ( 11.13662639668481600, -7.950191069286487000, 0.1000000000000000100 ) ) ;
#1868 = CARTESIAN_POINT ( 'NONE',  ( 9.975255200428167200, -7.052713421218983900, 0.1000000000000000100 ) ) ;
#1869 = DIRECTION ( 'NONE',  ( -0.0000000000000000000, -0.0000000000000000000, 1.000000000000000000 ) ) ;
#1870 = CARTESIAN_POINT ( 'NONE',  ( 11.53426521556924200, -7.919566497010005300, -1.355252715606880500E-017 ) ) ;
#1871 = CARTESIAN_POINT ( 'NONE',  ( 9.991218381499042100, -7.075870389947028500, 0.1000000000000000100 ) ) ;
#1872 = ADVANCED_FACE ( 'NONE', ( #9104 ), #2868, .F. ) ;
#1873 = CARTESIAN_POINT ( 'NONE',  ( 10.02997915984766800, -6.646513894677947400, 0.1000000000000000100 ) ) ;
#1874 = CARTESIAN_POINT ( 'NONE',  ( 13.01877120494743200, -9.157317253416650300, 3.099999999999998800 ) ) ;
#1875 = EDGE_LOOP ( 'NONE', ( #663, #4250, #9855, #8739 ) ) ;
#1876 = PLANE ( 'NONE',  #2281 ) ;
#1877 = ORIENTED_EDGE ( 'NONE', *, *, #11625, .F. ) ;
#1878 = LINE ( 'NONE', #11369, #4068 ) ;
#1879 = LINE ( 'NONE', #4029, #7415 ) ;
#1880 = VECTOR ( 'NONE', #178, 1000.000000000000000 ) ;
#1881 = CARTESIAN_POINT ( 'NONE',  ( 9.765197825256244400, -5.332009251104663500, 0.0000000000000000000 ) ) ;
#1882 = CARTESIAN_POINT ( 'NONE',  ( 10.00932874583082800, -7.097534358577767000, 0.1000000000000000100 ) ) ;
#1883 = CARTESIAN_POINT ( 'NONE',  ( 11.17839326037311700, -2.086715523635018300, 0.1000000000000000100 ) ) ;
#1884 = CARTESIAN_POINT ( 'NONE',  ( 10.72400008215088700, -1.888973846905299000, 0.0000000000000000000 ) ) ;
#1885 = CARTESIAN_POINT ( 'NONE',  ( 6.849614011047667500, 2.499999999999998700, -8.184981199232471000 ) ) ;
#1886 = ORIENTED_EDGE ( 'NONE', *, *, #9902, .F. ) ;
#1887 = DIRECTION ( 'NONE',  ( -0.0000000000000000000, 0.0000000000000000000, -1.000000000000000000 ) ) ;
#1888 = EDGE_CURVE ( 'NONE', #5354, #2422, #8806, .T. ) ;
#1889 = ORIENTED_EDGE ( 'NONE', *, *, #8647, .T. ) ;
#1890 = CARTESIAN_POINT ( 'NONE',  ( 11.18752038628166400, -1.736918768084173300, 0.0000000000000000000 ) ) ;
#1891 = LINE ( 'NONE', #5239, #2018 ) ;
#1892 = FACE_OUTER_BOUND ( 'NONE', #10354, .T. ) ;
#1893 = CARTESIAN_POINT ( 'NONE',  ( 10.46025129589395100, -1.978795567053953000, 0.1000000000000000100 ) ) ;
#1894 = VECTOR ( 'NONE', #7068, 1000.000000000000000 ) ;
#1895 = PLANE ( 'NONE',  #2207 ) ;
#1896 = ORIENTED_EDGE ( 'NONE', *, *, #3054, .F. ) ;
#1897 = CARTESIAN_POINT ( 'NONE',  ( 10.92464502991613500, 5.017092958867331200, 0.0000000000000000000 ) ) ;
#1898 = ORIENTED_EDGE ( 'NONE', *, *, #6853, .F. ) ;
#1899 = AXIS2_PLACEMENT_3D ( 'NONE', #9721, #3548, #9793 ) ;
#1900 = CARTESIAN_POINT ( 'NONE',  ( 10.02920627283729400, -7.117275843327607100, 0.1000000000000000100 ) ) ;
#1901 = CARTESIAN_POINT ( 'NONE',  ( 10.86005832474096000, -1.222770533802067100, 0.1000000000000000100 ) ) ;
#1902 = VERTEX_POINT ( 'NONE', #4523 ) ;
#1903 = EDGE_CURVE ( 'NONE', #10615, #3930, #6236, .T. ) ;
#1904 = EDGE_CURVE ( 'NONE', #11470, #5494, #8774, .T. ) ;
#1905 = LINE ( 'NONE', #7907, #6127 ) ;
#1906 = CARTESIAN_POINT ( 'NONE',  ( 10.42234417069452600, -1.735060683923054900, 0.1000000000000000100 ) ) ;
#1907 = VECTOR ( 'NONE', #897, 1000.000000000000000 ) ;
#1908 = CARTESIAN_POINT ( 'NONE',  ( 6.849614011047666700, 12.83456326127513100, 5.000000000000000000 ) ) ;
#1909 = ORIENTED_EDGE ( 'NONE', *, *, #8847, .T. ) ;
#1910 = ORIENTED_EDGE ( 'NONE', *, *, #9821, .T. ) ;
#1911 = DIRECTION ( 'NONE',  ( -0.0000000000000000000, -0.0000000000000000000, -1.000000000000000000 ) ) ;
#1912 = DIRECTION ( 'NONE',  ( -0.0000000000000000000, -0.0000000000000000000, -1.000000000000000000 ) ) ;
#1913 = CARTESIAN_POINT ( 'NONE',  ( 10.09826106814322900, -7.160631799208698700, 0.1000000000000000100 ) ) ;
#1914 = DIRECTION ( 'NONE',  ( -0.0000000000000000000, -0.0000000000000000000, 1.000000000000000000 ) ) ;
#1915 = CARTESIAN_POINT ( 'NONE',  ( 0.0000000000000000000, 6.999999999999999100, 8.099999999999997900 ) ) ;
#1916 = CARTESIAN_POINT ( 'NONE',  ( 10.56288390030228200, -7.245834199185273100, 0.0000000000000000000 ) ) ;
#1917 = ORIENTED_EDGE ( 'NONE', *, *, #432, .F. ) ;
#1918 = CARTESIAN_POINT ( 'NONE',  ( 10.15054865221738600, -7.176654213671236300, 0.1000000000000000100 ) ) ;
#1919 = CARTESIAN_POINT ( 'NONE',  ( 10.20621725186908600, -6.579779380610448300, -1.355252715606880500E-017 ) ) ;
#1920 = LINE ( 'NONE', #7720, #10573 ) ;
#1921 = PLANE ( 'NONE',  #11191 ) ;
#1922 = CIRCLE ( 'NONE', #4753, 0.5000000000000004400 ) ;
#1923 = CARTESIAN_POINT ( 'NONE',  ( 42.50000000000000700, -22.00000000000000000, 12.70977222864643600 ) ) ;
#1924 = CARTESIAN_POINT ( 'NONE',  ( 9.765197825256244400, -3.711230030325446600, -0.0000000000000000000 ) ) ;
#1925 = VERTEX_POINT ( 'NONE', #650 ) ;
#1926 = EDGE_CURVE ( 'NONE', #3930, #1649, #8569, .T. ) ;
#1927 = EDGE_CURVE ( 'NONE', #5677, #10498, #7970, .T. ) ;
#1928 = CARTESIAN_POINT ( 'NONE',  ( 37.00000000000000700, -17.99999999999999600, 0.0000000000000000000 ) ) ;
#1929 = DIRECTION ( 'NONE',  ( 0.0000000000000000000, 0.0000000000000000000, -1.000000000000000000 ) ) ;
#1930 = AXIS2_PLACEMENT_3D ( 'NONE', #9226, #1750, #5002 ) ;
#1931 = CLOSED_SHELL ( 'NONE', ( #5701, #10808, #8290, #4996, #4873, #10509, #5652, #9334, #956, #11072, #5267, #315, #6375, #9167, #7577, #8345, #5953, #10144, #9642, #10734, #4370, #6767, #3394, #2571, #1180, #1628, #1546, #1297, #1725, #2029, #4067, #11312, #9359, #10323, #11645, #9391, #8645, #7261, #5817, #6635, #2540, #4998, #10201, #3215, #7230, #1179, #5151, #10367, #1660, #9332, #8407, #4563, #9727, #10261, #3186, #6577, #3833, #7519, #4388, #2229, #7646, #6633, #4122, #10670, #11125, #574, #512, #9944, #8468, #4070, #8001, #1365, #6884, #5164, #6018, #6052, #11448, #10417, #6157, #9581, #7776, #7296, #7712, #2099, #5129, #3120, #9696, #2997, #1299, #4127, #10453, #6225, #4008, #4874, #7014, #8701, #8764, #8581, #7773, #2340, #9455, #6836, #8068, #10786, #6121, #3320, #2179, #5298, #9747, #2719, #3772, #8666, #11541, #5815, #11441, #2359, #7404, #2423, #6070, #256, #1432, #7288, #11594, #2617, #442, #3536, #9278, #3944, #6519, #7033, #2097, #4817, #4006, #3946, #10683, #7118, #2485, #1560, #2547, #9523, #5760, #11477, #11371, #313, #8733, #11423, #1494, #2918, #8586, #7964, #4706, #9520, #7644, #7517, #3318, #10611, #8148, #2951, #7066, #7339, #4209, #1241, #1491, #11533, #4193, #8863, #3190, #382, #2294, #1240, #1514, #2357, #6704, #1055, #3122, #6083, #6902, #2654, #8351, #3687, #7709, #4935, #10283, #1430, #2292, #7938, #2165, #5587, #5758, #687, #8657, #37, #5955, #2596, #380, #8405, #3596, #3426, #10579, #2949, #868, #7908, #7179, #11071, #10322, #6703, #6664, #2163, #8749, #5703, #4125, #9012, #11252, #5069, #7579, #8465, #3059, #5246, #4192, #1644, #3254, #10493, #1119, #654, #3450, #5187, #4155, #3058, #6769, #2232, #11190, #9457, #9505, #4757, #4256, #6849, #11155, #4331, #11309, #9191, #4422, #6093, #134, #11008, #6960, #6019, #5907, #4560, #9073, #902, #10387, #5072, #8589, #10563, #4933, #6838, #441, #10142, #641, #3252, #11127, #9279, #254, #8699, #5503, #2998, #1363, #7832, #10259, #3340, #515, #11250, #9583, #9394, #10087, #9672, #8930, #8807, #10512, #10390, #613, #8773, #3283, #2464, #5441, #4485, #377, #1872, #5883, #2420, #3369, #11673, #3653, #5131, #746, #1815, #6900, #7024, #7458, #5887, #5281, #3296, #10455, #6731, #7673, #4815, #194, #10203, #8527, #3479, #10894 ) ) ;
#1932 = CARTESIAN_POINT ( 'NONE',  ( 9.950412144257555300, -7.002199758047646000, 0.1000000000000000100 ) ) ;
#1933 = CARTESIAN_POINT ( 'NONE',  ( 11.13893793483469200, -2.113472069824482000, 0.1000000000000000100 ) ) ;
#1934 = CARTESIAN_POINT ( 'NONE',  ( 11.09772162576865600, -6.662307073027924400, 0.0000000000000000000 ) ) ;
#1935 = ORIENTED_EDGE ( 'NONE', *, *, #6599, .T. ) ;
#1936 = ORIENTED_EDGE ( 'NONE', *, *, #7723, .F. ) ;
#1937 = LINE ( 'NONE', #7931, #1658 ) ;
#1938 = CARTESIAN_POINT ( 'NONE',  ( 11.17839326037311700, -2.086715523635018300, 0.1000000000000000100 ) ) ;
#1939 = CARTESIAN_POINT ( 'NONE',  ( 35.49999999999999300, -1.000000000000005100, 1.500000000000000000 ) ) ;
#1940 = EDGE_CURVE ( 'NONE', #3463, #2509, #8862, .T. ) ;
#1941 = VERTEX_POINT ( 'NONE', #10612 ) ;
#1942 = AXIS2_PLACEMENT_3D ( 'NONE', #3158, #3114, #2201 ) ;
#1943 = CARTESIAN_POINT ( 'NONE',  ( 10.89591833630738400, -1.965446475765815200, 6.776263578034402700E-017 ) ) ;
#1944 = AXIS2_PLACEMENT_3D ( 'NONE', #7626, #8004, #4410 ) ;
#1945 = ORIENTED_EDGE ( 'NONE', *, *, #3658, .F. ) ;
#1946 = ORIENTED_EDGE ( 'NONE', *, *, #11634, .F. ) ;
#1947 = LINE ( 'NONE', #2314, #6954 ) ;
#1948 = CARTESIAN_POINT ( 'NONE',  ( 10.31511306250630600, -1.868524400276033900, 4.065758146820641600E-017 ) ) ;
#1949 = VECTOR ( 'NONE', #6944, 1000.000000000000000 ) ;
#1950 = ORIENTED_EDGE ( 'NONE', *, *, #818, .T. ) ;
#1951 = CARTESIAN_POINT ( 'NONE',  ( 10.74443586526770200, -1.909524373140031300, -0.0000000000000000000 ) ) ;
#1952 = DIRECTION ( 'NONE',  ( -0.0000000000000000000, -0.0000000000000000000, -1.000000000000000000 ) ) ;
#1953 = CARTESIAN_POINT ( 'NONE',  ( 9.961422437199551900, -7.028259347992901400, 0.1000000000000000100 ) ) ;
#1954 = CARTESIAN_POINT ( 'NONE',  ( 9.744418604477024500, -1.601165095260511200, 0.1000000000000000100 ) ) ;
#1955 = CARTESIAN_POINT ( 'NONE',  ( 10.52127721518359500, -7.277784794687018900, -0.0000000000000000000 ) ) ;
#1956 = ORIENTED_EDGE ( 'NONE', *, *, #6397, .T. ) ;
#1957 = ORIENTED_EDGE ( 'NONE', *, *, #5117, .T. ) ;
#1958 = CARTESIAN_POINT ( 'NONE',  ( 10.17871372653082100, -7.180636825241236000, 0.1000000000000000100 ) ) ;
#1959 = FACE_OUTER_BOUND ( 'NONE', #4825, .T. ) ;
#1960 = LINE ( 'NONE', #8909, #1666 ) ;
#1961 = CARTESIAN_POINT ( 'NONE',  ( 11.36519782525624600, -3.503437822533238300, 0.1000000000000000100 ) ) ;
#1962 = DIRECTION ( 'NONE',  ( 0.0000000000000000000, 0.0000000000000000000, 1.000000000000000000 ) ) ;
#1963 = ORIENTED_EDGE ( 'NONE', *, *, #1842, .F. ) ;
#1964 = EDGE_CURVE ( 'NONE', #5046, #7479, #8714, .T. ) ;
#1965 = CARTESIAN_POINT ( 'NONE',  ( 10.20773029278871400, -7.181359900455318800, 0.1000000000000000100 ) ) ;
#1966 = CARTESIAN_POINT ( 'NONE',  ( 9.765197825256244400, -2.672268991364406900, -0.0000000000000000000 ) ) ;
#1967 = VECTOR ( 'NONE', #8311, 1000.000000000000000 ) ;
#1968 = CARTESIAN_POINT ( 'NONE',  ( 10.19797635432185800, -7.181116838230713600, 0.1000000000000000100 ) ) ;
#1969 = ORIENTED_EDGE ( 'NONE', *, *, #2989, .F. ) ;
#1970 = FACE_OUTER_BOUND ( 'NONE', #5527, .T. ) ;
#1971 = DIRECTION ( 'NONE',  ( -0.2538981284121021300, -0.9672309653794338700, 0.0000000000000000000 ) ) ;
#1972 = B_SPLINE_CURVE_WITH_KNOTS ( 'NONE', 3,
 ( #11183, #10601, #9805, #9769, #9720, #9251, #9214, #9178, #9165, #9149, #9125 ),
 .UNSPECIFIED., .F., .F.,
 ( 4, 1, 1, 1, 1, 1, 1, 1, 4 ),
 ( 0.0000000000000000000, 0.1351424649279170700, 0.2671574692725297000, 0.3939384395250278300, 0.5188880306243320900, 0.6401548334969487900, 0.7608496199590990500, 0.8798460695243682800, 1.000000000000000000 ),
 .UNSPECIFIED. ) ;
#1973 = ORIENTED_EDGE ( 'NONE', *, *, #694, .T. ) ;
#1974 = DIRECTION ( 'NONE',  ( -1.000000000000000000, 0.0000000000000000000, 0.0000000000000000000 ) ) ;
#1975 = VERTEX_POINT ( 'NONE', #722 ) ;
#1976 = VERTEX_POINT ( 'NONE', #9514 ) ;
#1977 = EDGE_CURVE ( 'NONE', #6811, #4321, #8341, .T. ) ;
#1978 = EDGE_CURVE ( 'NONE', #8077, #2800, #8398, .T. ) ;
#1979 = DIRECTION ( 'NONE',  ( 1.000000000000000000, 0.0000000000000000000, 0.0000000000000000000 ) ) ;
#1980 = CARTESIAN_POINT ( 'NONE',  ( 10.06960905400141600, -6.401233919133783700, 0.1000000000000000100 ) ) ;
#1981 = LINE ( 'NONE', #10995, #1229 ) ;
#1982 = VECTOR ( 'NONE', #2304, 1000.000000000000000 ) ;
#1983 = ORIENTED_EDGE ( 'NONE', *, *, #3613, .F. ) ;
#1984 = CARTESIAN_POINT ( 'NONE',  ( 36.49999999999999300, 14.49999999999999500, 2.700000000000000200 ) ) ;
#1985 = ORIENTED_EDGE ( 'NONE', *, *, #8833, .T. ) ;
#1986 = CARTESIAN_POINT ( 'NONE',  ( 9.765197825256244400, -5.099866393961810300, 0.1000000000000000100 ) ) ;
#1987 = LINE ( 'NONE', #10065, #3599 ) ;
#1988 = PRODUCT_DEFINITION ( 'UNKNOWN', '', #5034, #7839 ) ;
#1989 = VECTOR ( 'NONE', #7954, 1000.000000000000000 ) ;
#1990 = CARTESIAN_POINT ( 'NONE',  ( 10.27767103982685600, -7.174533222443211700, 0.1000000000000000100 ) ) ;
#1991 = EDGE_CURVE ( 'NONE', #11105, #4639, #8362, .T. ) ;
#1992 = EDGE_CURVE ( 'NONE', #10885, #7311, #8653, .T. ) ;
#1993 = CARTESIAN_POINT ( 'NONE',  ( 28.54301664136391600, 7.937784117174107500, 8.099999999999999600 ) ) ;
#1994 = CARTESIAN_POINT ( 'NONE',  ( 11.09738580441326200, -2.135278013068573800, 0.1000000000000000100 ) ) ;
#1995 = CARTESIAN_POINT ( 'NONE',  ( 10.55301698697351600, -1.944691294708802400, -0.0000000000000000000 ) ) ;
#1996 = ORIENTED_EDGE ( 'NONE', *, *, #6098, .F. ) ;
#1997 = PLANE ( 'NONE',  #3176 ) ;
#1998 = PLANE ( 'NONE',  #5473 ) ;
#1999 = EDGE_CURVE ( 'NONE', #1540, #6071, #8305, .T. ) ;
#2000 = ORIENTED_EDGE ( 'NONE', *, *, #1050, .F. ) ;
#2001 = EDGE_CURVE ( 'NONE', #2250, #10576, #8078, .T. ) ;
#2002 = LINE ( 'NONE', #11068, #2978 ) ;
#2003 = DIRECTION ( 'NONE',  ( 1.000000000000000000, 0.0000000000000000000, 0.0000000000000000000 ) ) ;
#2004 = LINE ( 'NONE', #3051, #7356 ) ;
#2005 = EDGE_CURVE ( 'NONE', #758, #10919, #8026, .T. ) ;
#2006 = PLANE ( 'NONE',  #50 ) ;
#2007 = DIRECTION ( 'NONE',  ( -0.0000000000000000000, 1.000000000000000000, -0.0000000000000000000 ) ) ;
#2008 = CARTESIAN_POINT ( 'NONE',  ( 11.37979464782570600, -8.658895441887558800, 0.1000000000000000100 ) ) ;
#2009 = EDGE_LOOP ( 'NONE', ( #4208, #3192, #8313, #4405, #7792, #917, #3555, #6159, #2021, #6799, #3787, #6947, #7471, #368, #4710 ) ) ;
#2010 = CARTESIAN_POINT ( 'NONE',  ( 11.01929020775302200, -6.482863140940337700, 0.1000000000000000100 ) ) ;
#2011 = CARTESIAN_POINT ( 'NONE',  ( 43.50000000000000000, 9.150045345896282700, 30.61942011011341700 ) ) ;
#2012 = CARTESIAN_POINT ( 'NONE',  ( 10.94376925382767500, -8.241100160195578900, 0.1000000000000000100 ) ) ;
#2013 = VERTEX_POINT ( 'NONE', #4135 ) ;
#2014 = CARTESIAN_POINT ( 'NONE',  ( 40.50000000000000000, 17.50000000000000000, 1.000000000000000000 ) ) ;
#2015 = LINE ( 'NONE', #2794, #2625 ) ;
#2016 = CARTESIAN_POINT ( 'NONE',  ( 9.957932150079896500, -1.754515491210557200, 0.1000000000000000100 ) ) ;
#2017 = AXIS2_PLACEMENT_3D ( 'NONE', #9884, #7770, #3638 ) ;
#2018 = VECTOR ( 'NONE', #10571, 1000.000000000000000 ) ;
#2019 = AXIS2_PLACEMENT_3D ( 'NONE', #9363, #6173, #6495 ) ;
#2020 = CARTESIAN_POINT ( 'NONE',  ( 9.765577576060387300, -6.872037689942779100, 0.1000000000000000100 ) ) ;
#2021 = ORIENTED_EDGE ( 'NONE', *, *, #1521, .F. ) ;
#2022 = VERTEX_POINT ( 'NONE', #8886 ) ;
#2023 = CARTESIAN_POINT ( 'NONE',  ( 11.04626348137796100, -8.258630103602033800, 0.1000000000000000100 ) ) ;
#2024 = DIRECTION ( 'NONE',  ( -1.000000000000000000, 1.084202172485506800E-014, -0.0000000000000000000 ) ) ;
#2025 = ORIENTED_EDGE ( 'NONE', *, *, #765, .F. ) ;
#2026 = LINE ( 'NONE', #175, #2600 ) ;
#2027 = CARTESIAN_POINT ( 'NONE',  ( 11.03820095113365700, -9.263837509302385700, 0.1000000000000000100 ) ) ;
#2028 = ORIENTED_EDGE ( 'NONE', *, *, #1842, .T. ) ;
#2029 = ADVANCED_FACE ( 'NONE', ( #7883 ), #4678, .F. ) ;
#2030 = AXIS2_PLACEMENT_3D ( 'NONE', #3522, #9775, #4432 ) ;
#2031 = CARTESIAN_POINT ( 'NONE',  ( 13.01877120494743200, 9.157317253416650300, -23.17665792529315300 ) ) ;
#2032 = DIRECTION ( 'NONE',  ( 1.000000000000000000, 0.0000000000000000000, 0.0000000000000000000 ) ) ;
#2033 = VERTEX_POINT ( 'NONE', #8741 ) ;
#2034 = CARTESIAN_POINT ( 'NONE',  ( 11.13415613842491700, -1.850621218922992000, 0.1000000000000000100 ) ) ;
#2035 = PLANE ( 'NONE',  #3925 ) ;
#2036 = CARTESIAN_POINT ( 'NONE',  ( 11.03820095113365700, -9.263837509302385700, 0.1000000000000000100 ) ) ;
#2037 = LINE ( 'NONE', #8470, #1739 ) ;
#2038 = CARTESIAN_POINT ( 'NONE',  ( 10.48119878762321000, -7.304016401166055800, 0.0000000000000000000 ) ) ;
#2039 = VECTOR ( 'NONE', #387, 1000.000000000000000 ) ;
#2040 = CARTESIAN_POINT ( 'NONE',  ( 47.10000000000000100, -25.09999999999999800, 8.099999999999999600 ) ) ;
#2041 = LINE ( 'NONE', #8410, #1989 ) ;
#2042 = CARTESIAN_POINT ( 'NONE',  ( 35.49999999999999300, -1.000000000000005100, -0.0000000000000000000 ) ) ;
#2043 = DIRECTION ( 'NONE',  ( 0.0000000000000000000, -0.0000000000000000000, -1.000000000000000000 ) ) ;
#2044 = B_SPLINE_CURVE_WITH_KNOTS ( 'NONE', 3,
 ( #5595, #7348, #4657, #3840, #3759, #2936, #2895, #2862, #2038, #1955, #1916, #1105, #1064, #1019, #160, #118, #76, #10917, #3799 ),
 .UNSPECIFIED., .F., .F.,
 ( 4, 1, 1, 1, 1, 1, 1, 1, 1, 1, 1, 1, 1, 1, 1, 1, 4 ),
 ( 0.0000000000000000000, 0.04045121692623480200, 0.08157542079626832500, 0.1233687918844680200, 0.1664802261056281000, 0.2107462276562716000, 0.2563951402348148600, 0.3039767037526497900, 0.3536580370427974100, 0.4079115286795446100, 0.4698395838668368900, 0.5386470607693124600, 0.6154227574284268900, 0.7000035145330352200, 0.7922167187118076500, 0.8923766228794156600, 1.000000000000000000 ),
 .UNSPECIFIED. ) ;
#2045 = ORIENTED_EDGE ( 'NONE', *, *, #6032, .F. ) ;
#2046 = CARTESIAN_POINT ( 'NONE',  ( 32.49999999999998600, 0.9999999999999965600, 1.500000000000000000 ) ) ;
#2047 = EDGE_LOOP ( 'NONE', ( #7262, #11031, #8093, #4242 ) ) ;
#2048 = ORIENTED_EDGE ( 'NONE', *, *, #6758, .F. ) ;
#2049 = CARTESIAN_POINT ( 'NONE',  ( 7.048445366811458600, 12.83456326127513100, -9.377746782780901600 ) ) ;
#2050 = DIRECTION ( 'NONE',  ( 1.000000000000000000, 0.0000000000000000000, -0.0000000000000000000 ) ) ;
#2051 = VECTOR ( 'NONE', #6951, 1000.000000000000000 ) ;
#2052 = CARTESIAN_POINT ( 'NONE',  ( 10.99619549802914500, -8.247597337936532800, 0.1000000000000000100 ) ) ;
#2053 = LINE ( 'NONE', #6748, #1742 ) ;
#2054 = EDGE_CURVE ( 'NONE', #11490, #1356, #7932, .T. ) ;
#2055 = DIRECTION ( 'NONE',  ( -0.0000000000000000000, 0.0000000000000000000, 1.000000000000000000 ) ) ;
#2056 = DIRECTION ( 'NONE',  ( 1.000000000000000000, 0.0000000000000000000, 0.0000000000000000000 ) ) ;
#2057 = CARTESIAN_POINT ( 'NONE',  ( 2.081668171172168500E-014, -22.00000000000000000, 8.099999999999999600 ) ) ;
#2058 = ORIENTED_EDGE ( 'NONE', *, *, #1379, .T. ) ;
#2059 = CARTESIAN_POINT ( 'NONE',  ( 10.30680500306837500, -8.859585405512149200, 0.1000000000000000100 ) ) ;
#2060 = EDGE_LOOP ( 'NONE', ( #11465, #6365, #2875, #1706 ) ) ;
#2061 = ORIENTED_EDGE ( 'NONE', *, *, #3224, .T. ) ;
#2062 = DIRECTION ( 'NONE',  ( 0.0000000000000000000, 1.000000000000000000, 0.0000000000000000000 ) ) ;
#2063 = DIRECTION ( 'NONE',  ( -0.0000000000000000000, -0.0000000000000000000, -1.000000000000000000 ) ) ;
#2064 = VECTOR ( 'NONE', #1439, 1000.000000000000000 ) ;
#2065 = LINE ( 'NONE', #9526, #2093 ) ;
#2066 = ORIENTED_EDGE ( 'NONE', *, *, #8104, .T. ) ;
#2067 = DIRECTION ( 'NONE',  ( 1.000000000000000000, 0.0000000000000000000, 0.0000000000000000000 ) ) ;
#2068 = CARTESIAN_POINT ( 'NONE',  ( 11.15176879839604300, -6.616887435800803600, 0.0000000000000000000 ) ) ;
#2069 = CARTESIAN_POINT ( 'NONE',  ( 35.49999999999999300, 14.00000000000000000, 5.099999999999999600 ) ) ;
#2070 = EDGE_CURVE ( 'NONE', #7409, #9926, #7750, .T. ) ;
#2071 = EDGE_CURVE ( 'NONE', #8239, #7409, #7725, .T. ) ;
#2072 = VERTEX_POINT ( 'NONE', #3011 ) ;
#2073 = DIRECTION ( 'NONE',  ( 0.0000000000000000000, 0.0000000000000000000, 1.000000000000000000 ) ) ;
#2074 = LINE ( 'NONE', #9369, #10446 ) ;
#2075 = EDGE_CURVE ( 'NONE', #4066, #3235, #7451, .T. ) ;
#2076 = CARTESIAN_POINT ( 'NONE',  ( 10.61714587720429700, -3.503437822533238300, 0.1000000000000000100 ) ) ;
#2077 = CARTESIAN_POINT ( 'NONE',  ( 52.57322218718048400, 0.9731581000727596000, 8.099999999999999600 ) ) ;
#2078 = DIRECTION ( 'NONE',  ( 0.0000000000000000000, 0.0000000000000000000, 1.000000000000000000 ) ) ;
#2079 = CARTESIAN_POINT ( 'NONE',  ( 11.26517906616691000, -1.227928021028467100, 0.1000000000000000100 ) ) ;
#2080 = ORIENTED_EDGE ( 'NONE', *, *, #4431, .F. ) ;
#2081 = LINE ( 'NONE', #977, #11361 ) ;
#2082 = CARTESIAN_POINT ( 'NONE',  ( 8.000000000000007100, 9.157317253416650300, 8.099999999999999600 ) ) ;
#2083 = DIRECTION ( 'NONE',  ( -8.410780489584521600E-015, -1.000000000000000000, -0.0000000000000000000 ) ) ;
#2084 = CARTESIAN_POINT ( 'NONE',  ( 9.815360256364448000, -7.144057495125363900, 5.421010862427522200E-017 ) ) ;
#2085 = ORIENTED_EDGE ( 'NONE', *, *, #5119, .F. ) ;
#2086 = CARTESIAN_POINT ( 'NONE',  ( 10.20464502991615800, 6.907092958867338000, 0.1000000000000000100 ) ) ;
#2087 = LINE ( 'NONE', #3507, #11545 ) ;
#2088 = CARTESIAN_POINT ( 'NONE',  ( 10.52980821486663600, -1.876489770585186600, 0.1000000000000000100 ) ) ;
#2089 = ORIENTED_EDGE ( 'NONE', *, *, #11382, .T. ) ;
#2090 = LINE ( 'NONE', #1923, #3761 ) ;
#2091 = EDGE_CURVE ( 'NONE', #1786, #5404, #7794, .T. ) ;
#2092 = CARTESIAN_POINT ( 'NONE',  ( 9.902924451246415000, -1.194648250507031300, 1.355252715606880500E-017 ) ) ;
#2093 = VECTOR ( 'NONE', #9418, 1000.000000000000200 ) ;
#2094 = CARTESIAN_POINT ( 'NONE',  ( 33.37427813527081400, 20.68569533817705500, 7.099999999999999600 ) ) ;
#2095 = CARTESIAN_POINT ( 'NONE',  ( 11.33924300420896500, -1.350986723971554100, 0.1000000000000000100 ) ) ;
#2096 = DIRECTION ( 'NONE',  ( 1.000000000000000000, 0.0000000000000000000, 0.0000000000000000000 ) ) ;
#2097 = ADVANCED_FACE ( 'NONE', ( #7602 ), #6803, .F. ) ;
#2098 = ORIENTED_EDGE ( 'NONE', *, *, #190, .F. ) ;
#2099 = ADVANCED_FACE ( 'NONE', ( #7389 ), #10297, .F. ) ;
#2100 = CARTESIAN_POINT ( 'NONE',  ( 10.70916824888592700, -9.292566246126467500, 0.1000000000000000100 ) ) ;
#2101 = DIRECTION ( 'NONE',  ( 0.0000000000000000000, 1.000000000000000000, -0.0000000000000000000 ) ) ;
#2102 = DIRECTION ( 'NONE',  ( -1.000000000000000000, 0.0000000000000000000, 0.0000000000000000000 ) ) ;
#2103 = CARTESIAN_POINT ( 'NONE',  ( 11.12551931891951900, -6.638129807082816700, 0.1000000000000000100 ) ) ;
#2104 = ORIENTED_EDGE ( 'NONE', *, *, #5328, .F. ) ;
#2105 = CARTESIAN_POINT ( 'NONE',  ( 9.964645029916154000, 6.907092958867339800, 0.0000000000000000000 ) ) ;
#2106 = ORIENTED_EDGE ( 'NONE', *, *, #4353, .T. ) ;
#2107 = LINE ( 'NONE', #1518, #9738 ) ;
#2108 = CARTESIAN_POINT ( 'NONE',  ( 39.99999999999999300, 19.00000000000000000, 5.399999999999999500 ) ) ;
#2109 = LINE ( 'NONE', #3405, #7981 ) ;
#2110 = ORIENTED_EDGE ( 'NONE', *, *, #9172, .F. ) ;
#2111 = AXIS2_PLACEMENT_3D ( 'NONE', #8349, #7121, #7028 ) ;
#2112 = DIRECTION ( 'NONE',  ( -0.0000000000000000000, -0.0000000000000000000, -1.000000000000000000 ) ) ;
#2113 = CARTESIAN_POINT ( 'NONE',  ( 10.20902899408741500, -7.389152108247526700, 0.1000000000000000100 ) ) ;
#2114 = CARTESIAN_POINT ( 'NONE',  ( 39.49999999999999300, 19.00000000000000000, 8.099999999999999600 ) ) ;
#2115 = CARTESIAN_POINT ( 'NONE',  ( 0.7879379035845669500, -7.849539771895425000, 5.000000000000000000 ) ) ;
#2116 = CARTESIAN_POINT ( 'NONE',  ( 10.55301698697351600, -1.944691294708802400, 0.1000000000000000100 ) ) ;
#2117 = FACE_OUTER_BOUND ( 'NONE', #6213, .T. ) ;
#2118 = ORIENTED_EDGE ( 'NONE', *, *, #959, .F. ) ;
#2119 = VECTOR ( 'NONE', #3400, 1000.000000000000200 ) ;
#2120 = VERTEX_POINT ( 'NONE', #4162 ) ;
#2121 = CARTESIAN_POINT ( 'NONE',  ( 42.49999999999999300, -7.145898033750314400, 8.099999999999999600 ) ) ;
#2122 = CARTESIAN_POINT ( 'NONE',  ( 9.957932150079896500, -1.754515491210557200, 0.1000000000000000100 ) ) ;
#2123 = ORIENTED_EDGE ( 'NONE', *, *, #10186, .T. ) ;
#2124 = CARTESIAN_POINT ( 'NONE',  ( 10.90643159149001400, -1.965775484870901000, 0.1000000000000000100 ) ) ;
#2125 = CARTESIAN_POINT ( 'NONE',  ( 47.50000000000000000, -25.50000000000000000, 8.099999999999999600 ) ) ;
#2126 = CARTESIAN_POINT ( 'NONE',  ( 36.00000000000000700, -19.99999999999999600, 8.099999999999999600 ) ) ;
#2127 = CARTESIAN_POINT ( 'NONE',  ( 9.244645029916155100, 6.907092958867348600, 0.1000000000000000100 ) ) ;
#2128 = CARTESIAN_POINT ( 'NONE',  ( 10.03831244620241100, -7.357142955774571100, 0.1000000000000000100 ) ) ;
#2129 = FACE_OUTER_BOUND ( 'NONE', #11685, .T. ) ;
#2130 = FACE_BOUND ( 'NONE', #11094, .T. ) ;
#2131 = DIRECTION ( 'NONE',  ( -1.000000000000000000, 0.0000000000000000000, -0.0000000000000000000 ) ) ;
#2132 = DIRECTION ( 'NONE',  ( 0.0000000000000000000, -0.0000000000000000000, 1.000000000000000000 ) ) ;
#2133 = EDGE_LOOP ( 'NONE', ( #9336, #9575, #5233, #7019, #274, #6139, #6910, #8377, #8891, #6234, #3456, #1762, #2312 ) ) ;
#2134 = EDGE_CURVE ( 'NONE', #4268, #5500, #7314, .T. ) ;
#2135 = ORIENTED_EDGE ( 'NONE', *, *, #1767, .T. ) ;
#2136 = ORIENTED_EDGE ( 'NONE', *, *, #4431, .T. ) ;
#2137 = DIRECTION ( 'NONE',  ( -0.0000000000000000000, 0.0000000000000000000, -1.000000000000000000 ) ) ;
#2138 = DIRECTION ( 'NONE',  ( 0.0000000000000000000, -0.0000000000000000000, -1.000000000000000000 ) ) ;
#2139 = CARTESIAN_POINT ( 'NONE',  ( 10.81718621390579700, -1.952488073034433200, 6.776263578034402700E-017 ) ) ;
#2140 = CARTESIAN_POINT ( 'NONE',  ( 11.05408292045161500, -2.152819772806984700, 0.1000000000000000100 ) ) ;
#2141 = CARTESIAN_POINT ( 'NONE',  ( 10.68575855442886000, -6.855599160808529800, 0.1000000000000000100 ) ) ;
#2142 = EDGE_LOOP ( 'NONE', ( #3461, #2556, #10511, #10898, #120, #693 ) ) ;
#2143 = FACE_OUTER_BOUND ( 'NONE', #8337, .T. ) ;
#2144 = DIRECTION ( 'NONE',  ( 1.982541115402065400E-016, 1.000000000000000000, 0.0000000000000000000 ) ) ;
#2145 = CARTESIAN_POINT ( 'NONE',  ( 11.13662639668481600, -7.950191069286487000, -0.0000000000000000000 ) ) ;
#2146 = AXIS2_PLACEMENT_3D ( 'NONE', #9101, #10023, #10903 ) ;
#2147 = CARTESIAN_POINT ( 'NONE',  ( 9.244645029916162200, 7.627092958867348400, 0.1000000000000000100 ) ) ;
#2148 = CARTESIAN_POINT ( 'NONE',  ( 6.849614011047666700, 7.999999999999996400, 1.000000000000000900 ) ) ;
#2149 = VERTEX_POINT ( 'NONE', #10196 ) ;
#2150 = EDGE_CURVE ( 'NONE', #7361, #9623, #7232, .T. ) ;
#2151 = EDGE_CURVE ( 'NONE', #4083, #6938, #790, .T. ) ;
#2152 = CARTESIAN_POINT ( 'NONE',  ( 11.85464502991613700, 5.017092958867322300, 0.1000000000000000100 ) ) ;
#2153 = DIRECTION ( 'NONE',  ( 0.0000000000000000000, -1.000000000000000000, 0.0000000000000000000 ) ) ;
#2154 = ORIENTED_EDGE ( 'NONE', *, *, #5408, .F. ) ;
#2155 = VECTOR ( 'NONE', #9828, 1000.000000000000000 ) ;
#2156 = CARTESIAN_POINT ( 'NONE',  ( 35.49999999999999300, -8.250000000000000000, 7.099999999999999600 ) ) ;
#2157 = LINE ( 'NONE', #8327, #6603 ) ;
#2158 = CARTESIAN_POINT ( 'NONE',  ( 10.24265141685730600, -7.180111121362063600, 0.1000000000000000100 ) ) ;
#2159 = DIRECTION ( 'NONE',  ( -0.0000000000000000000, -0.0000000000000000000, 1.000000000000000000 ) ) ;
#2160 = CARTESIAN_POINT ( 'NONE',  ( 43.75779230267191600, 6.861205613747118900, 8.099999999999999600 ) ) ;
#2161 = CARTESIAN_POINT ( 'NONE',  ( 10.87799154411139400, -2.172798963379973400, 0.1000000000000000100 ) ) ;
#2162 = EDGE_LOOP ( 'NONE', ( #9518, #7316, #1573, #6977 ) ) ;
#2163 = ADVANCED_FACE ( 'NONE', ( #7185 ), #519, .T. ) ;
#2164 = VERTEX_POINT ( 'NONE', #8719 ) ;
#2165 = ADVANCED_FACE ( 'NONE', ( #7092 ), #5245, .T. ) ;
#2166 = EDGE_CURVE ( 'NONE', #7240, #7541, #7085, .T. ) ;
#2167 = FACE_OUTER_BOUND ( 'NONE', #7636, .T. ) ;
#2168 = CARTESIAN_POINT ( 'NONE',  ( 9.765197825256244400, -2.464476783572199500, 0.1000000000000000100 ) ) ;
#2169 = CARTESIAN_POINT ( 'NONE',  ( 38.09747745019158300, 8.360238832869926600, 8.099999999999999600 ) ) ;
#2170 = VECTOR ( 'NONE', #1678, 1000.000000000000000 ) ;
#2171 = DIRECTION ( 'NONE',  ( -0.0000000000000000000, 0.0000000000000000000, 1.000000000000000000 ) ) ;
#2172 = DIRECTION ( 'NONE',  ( 1.000000000000000000, 0.0000000000000000000, -0.0000000000000000000 ) ) ;
#2173 = EDGE_CURVE ( 'NONE', #151, #6007, #7125, .T. ) ;
#2174 = CARTESIAN_POINT ( 'NONE',  ( 10.22071730577572700, -6.370970290065707300, 4.065758146820641600E-017 ) ) ;
#2175 = DIRECTION ( 'NONE',  ( -0.0000000000000000000, -0.0000000000000000000, -1.000000000000000000 ) ) ;
#2176 = ORIENTED_EDGE ( 'NONE', *, *, #285, .F. ) ;
#2177 = CARTESIAN_POINT ( 'NONE',  ( 10.56758771622028300, -1.975801299284803700, 0.0000000000000000000 ) ) ;
#2178 = ORIENTED_EDGE ( 'NONE', *, *, #4925, .T. ) ;
#2179 = ADVANCED_FACE ( 'NONE', ( #7257 ), #709, .F. ) ;
#2180 = ORIENTED_EDGE ( 'NONE', *, *, #666, .T. ) ;
#2181 = LINE ( 'NONE', #2497, #2119 ) ;
#2182 = DIRECTION ( 'NONE',  ( -1.000000000000000000, 1.734723475976805500E-015, 0.0000000000000000000 ) ) ;
#2183 = CARTESIAN_POINT ( 'NONE',  ( 9.830446198983192800, -6.606434884466914100, -0.0000000000000000000 ) ) ;
#2184 = CARTESIAN_POINT ( 'NONE',  ( 3.559173988450535100E-015, -12.50000000000000000, 0.0000000000000000000 ) ) ;
#2185 = CARTESIAN_POINT ( 'NONE',  ( 9.951540365832841000, -1.475738220955259600, -0.0000000000000000000 ) ) ;
#2186 = CARTESIAN_POINT ( 'NONE',  ( 10.85547532094377300, -9.092876015796923300, 0.1000000000000000100 ) ) ;
#2187 = ORIENTED_EDGE ( 'NONE', *, *, #11357, .T. ) ;
#2188 = CARTESIAN_POINT ( 'NONE',  ( 6.849614011047666700, -2.500000000000000400, 5.000000000000000000 ) ) ;
#2189 = ORIENTED_EDGE ( 'NONE', *, *, #5674, .F. ) ;
#2190 = CARTESIAN_POINT ( 'NONE',  ( 8.000000000000007100, 3.499999999999999600, 3.250000000000000400 ) ) ;
#2191 = DIRECTION ( 'NONE',  ( -0.0000000000000000000, 0.0000000000000000000, -1.000000000000000000 ) ) ;
#2192 = LINE ( 'NONE', #607, #2230 ) ;
#2193 = CARTESIAN_POINT ( 'NONE',  ( 11.58916029016220200, -7.712278881627409700, 0.1000000000000000100 ) ) ;
#2194 = VERTEX_POINT ( 'NONE', #2322 ) ;
#2195 = CARTESIAN_POINT ( 'NONE',  ( 11.37852171086348600, -1.726312938016489200, -0.0000000000000000000 ) ) ;
#2196 = FACE_OUTER_BOUND ( 'NONE', #3504, .T. ) ;
#2197 = CARTESIAN_POINT ( 'NONE',  ( 35.49999999999999300, 21.00000000000000000, 7.099999999999999600 ) ) ;
#2198 = ORIENTED_EDGE ( 'NONE', *, *, #11136, .T. ) ;
#2199 = DIRECTION ( 'NONE',  ( -0.9733245051209656900, -0.2294327956745223200, 0.0000000000000000000 ) ) ;
#2200 = CARTESIAN_POINT ( 'NONE',  ( 9.972990033048454000, -9.238502757598176600, 0.1000000000000000100 ) ) ;
#2201 = DIRECTION ( 'NONE',  ( 1.000000000000000000, 0.0000000000000000000, 0.0000000000000000000 ) ) ;
#2202 = VERTEX_POINT ( 'NONE', #223 ) ;
#2203 = LINE ( 'NONE', #8917, #569 ) ;
#2204 = ORIENTED_EDGE ( 'NONE', *, *, #10825, .T. ) ;
#2205 = LINE ( 'NONE', #661, #8902 ) ;
#2206 = ORIENTED_EDGE ( 'NONE', *, *, #3149, .F. ) ;
#2207 = AXIS2_PLACEMENT_3D ( 'NONE', #1939, #10020, #4679 ) ;
#2208 = CARTESIAN_POINT ( 'NONE',  ( 10.30964502991612400, 3.817092958867338100, 0.1000000000000000100 ) ) ;
#2209 = DIRECTION ( 'NONE',  ( 0.0000000000000000000, 8.941873587509316400E-017, -1.000000000000000000 ) ) ;
#2210 = CARTESIAN_POINT ( 'NONE',  ( 40.49999999999999300, -9.500000000000003600, 8.099999999999999600 ) ) ;
#2211 = ORIENTED_EDGE ( 'NONE', *, *, #2244, .T. ) ;
#2212 = CARTESIAN_POINT ( 'NONE',  ( 10.61714587720429700, -3.503437822533238300, 0.1000000000000000100 ) ) ;
#2213 = DIRECTION ( 'NONE',  ( 1.000000000000000000, 0.0000000000000000000, 0.0000000000000000000 ) ) ;
#2214 = CARTESIAN_POINT ( 'NONE',  ( 9.793120233956303300, -1.351748884140096400, 0.0000000000000000000 ) ) ;
#2215 = EDGE_CURVE ( 'NONE', #2493, #8899, #7282, .T. ) ;
#2216 = ORIENTED_EDGE ( 'NONE', *, *, #3214, .T. ) ;
#2217 = CARTESIAN_POINT ( 'NONE',  ( 11.17818483824325800, -6.599541718637135900, 0.1000000000000000100 ) ) ;
#2218 = CARTESIAN_POINT ( 'NONE',  ( 9.984338845850908600, -6.441161271037727500, 0.1000000000000000100 ) ) ;
#2219 = LINE ( 'NONE', #1594, #306 ) ;
#2220 = DIRECTION ( 'NONE',  ( 0.0000000000000000000, 0.0000000000000000000, 1.000000000000000000 ) ) ;
#2221 = VECTOR ( 'NONE', #6740, 999.9999999999998900 ) ;
#2222 = CARTESIAN_POINT ( 'NONE',  ( 10.72321729520668800, -2.131537571854980100, 0.1000000000000000100 ) ) ;
#2223 = ORIENTED_EDGE ( 'NONE', *, *, #2227, .T. ) ;
#2224 = CARTESIAN_POINT ( 'NONE',  ( 10.30545756551598500, -8.811554705650124200, 0.1000000000000000100 ) ) ;
#2225 = VERTEX_POINT ( 'NONE', #8266 ) ;
#2226 = EDGE_CURVE ( 'NONE', #7568, #7365, #6885, .T. ) ;
#2227 = EDGE_CURVE ( 'NONE', #3062, #6176, #9684, .T. ) ;
#2228 = CARTESIAN_POINT ( 'NONE',  ( 39.99999999999999300, 19.50000000000000000, 1.000000000000000000 ) ) ;
#2229 = ADVANCED_FACE ( 'NONE', ( #6750 ), #11376, .F. ) ;
#2230 = VECTOR ( 'NONE', #5157, 1000.000000000000000 ) ;
#2231 = LINE ( 'NONE', #6154, #6647 ) ;
#2232 = ADVANCED_FACE ( 'NONE', ( #6891 ), #9131, .T. ) ;
#2233 = CARTESIAN_POINT ( 'NONE',  ( 11.48568379944779300, -7.936609988999636700, -0.0000000000000000000 ) ) ;
#2234 = CARTESIAN_POINT ( 'NONE',  ( 11.19435514533878100, -1.704122844016525700, -0.0000000000000000000 ) ) ;
#2235 = ORIENTED_EDGE ( 'NONE', *, *, #5269, .F. ) ;
#2236 = FACE_OUTER_BOUND ( 'NONE', #4975, .T. ) ;
#2237 = CARTESIAN_POINT ( 'NONE',  ( 10.54964502991611400, 3.127092958867336800, 0.1000000000000000100 ) ) ;
#2238 = EDGE_LOOP ( 'NONE', ( #1755, #10648, #267, #7433 ) ) ;
#2239 = EDGE_LOOP ( 'NONE', ( #4063, #5753, #4928, #3814 ) ) ;
#2240 = CARTESIAN_POINT ( 'NONE',  ( 10.96156243991369500, -8.243305267472280200, 0.1000000000000000100 ) ) ;
#2241 = DIRECTION ( 'NONE',  ( 0.0000000000000000000, 0.0000000000000000000, -1.000000000000000000 ) ) ;
#2242 = CARTESIAN_POINT ( 'NONE',  ( 11.34302064664230000, -8.526200610302501200, 0.0000000000000000000 ) ) ;
#2243 = EDGE_CURVE ( 'NONE', #7405, #5354, #6983, .T. ) ;
#2244 = EDGE_CURVE ( 'NONE', #6102, #6693, #6725, .T. ) ;
#2245 = DIRECTION ( 'NONE',  ( 1.000000000000000000, 0.0000000000000000000, 0.0000000000000000000 ) ) ;
#2246 = ORIENTED_EDGE ( 'NONE', *, *, #95, .T. ) ;
#2247 = FACE_OUTER_BOUND ( 'NONE', #7739, .T. ) ;
#2248 = CARTESIAN_POINT ( 'NONE',  ( 32.49999999999998600, 8.250000000000000000, 7.099999999999999600 ) ) ;
#2249 = PLANE ( 'NONE',  #995 ) ;
#2250 = VERTEX_POINT ( 'NONE', #6711 ) ;
#2251 = EDGE_CURVE ( 'NONE', #9085, #6192, #6478, .T. ) ;
#2252 = CARTESIAN_POINT ( 'NONE',  ( 11.13464502991614500, 5.947092958867328200, 0.1000000000000000100 ) ) ;
#2253 = CARTESIAN_POINT ( 'NONE',  ( 9.765197825256244400, -2.672268991364406900, 0.1000000000000000100 ) ) ;
#2254 = DIRECTION ( 'NONE',  ( -0.8944271909999160800, 0.4472135954999575400, 0.0000000000000000000 ) ) ;
#2255 = CARTESIAN_POINT ( 'NONE',  ( 10.49247055252897300, -8.757333926429343100, 0.1000000000000000100 ) ) ;
#2256 = CARTESIAN_POINT ( 'NONE',  ( 31.82296703857309000, 18.50000000000000000, 7.099999999999999600 ) ) ;
#2257 = CARTESIAN_POINT ( 'NONE',  ( 10.16398056731355100, -2.110810235799818200, 0.1000000000000000100 ) ) ;
#2258 = CARTESIAN_POINT ( 'NONE',  ( 11.53804230008270800, -7.789541331156661900, 0.0000000000000000000 ) ) ;
#2259 = LINE ( 'NONE', #1766, #11487 ) ;
#2260 = VERTEX_POINT ( 'NONE', #11362 ) ;
#2261 = VECTOR ( 'NONE', #6029, 1000.000000000000000 ) ;
#2262 = CARTESIAN_POINT ( 'NONE',  ( 9.810269774573336900, -6.647850424608288100, 4.065758146820641600E-017 ) ) ;
#2263 = VECTOR ( 'NONE', #6936, 1000.000000000000000 ) ;
#2264 = DIRECTION ( 'NONE',  ( -0.0000000000000000000, -0.0000000000000000000, -1.000000000000000000 ) ) ;
#2265 = CARTESIAN_POINT ( 'NONE',  ( 10.90068592070190700, -2.173307822568978600, 0.0000000000000000000 ) ) ;
#2266 = VERTEX_POINT ( 'NONE', #2438 ) ;
#2267 = DIRECTION ( 'NONE',  ( 1.000000000000000000, -9.637352644315617200E-015, 0.0000000000000000000 ) ) ;
#2268 = APPROVAL_STATUS ( 'not_yet_approved' ) ;
#2269 = AXIS2_PLACEMENT_3D ( 'NONE', #2456, #2241, #1804 ) ;
#2270 = EDGE_LOOP ( 'NONE', ( #5546, #329, #9038, #6518 ) ) ;
#2271 = CARTESIAN_POINT ( 'NONE',  ( 11.06096451454356400, -1.331439133541092700, 1.355252715606880500E-017 ) ) ;
#2272 = ORIENTED_EDGE ( 'NONE', *, *, #4044, .F. ) ;
#2273 = LINE ( 'NONE', #2392, #1683 ) ;
#2274 = LINE ( 'NONE', #6623, #1949 ) ;
#2275 = EDGE_LOOP ( 'NONE', ( #1614, #266, #2993, #1935 ) ) ;
#2276 = CARTESIAN_POINT ( 'NONE',  ( 10.13132834156165700, -1.898602271559408200, 0.1000000000000000100 ) ) ;
#2277 = CARTESIAN_POINT ( 'NONE',  ( 10.97419243850198500, -6.794464220348476000, 0.1000000000000000100 ) ) ;
#2278 = ORIENTED_EDGE ( 'NONE', *, *, #2836, .T. ) ;
#2279 = ORIENTED_EDGE ( 'NONE', *, *, #9161, .F. ) ;
#2280 = LINE ( 'NONE', #4169, #4393 ) ;
#2281 = AXIS2_PLACEMENT_3D ( 'NONE', #9033, #2820, #9078 ) ;
#2282 = EDGE_LOOP ( 'NONE', ( #4120, #2749, #2623, #2539 ) ) ;
#2283 = CARTESIAN_POINT ( 'NONE',  ( 32.49999999999998600, -9.250000000000001800, 7.099999999999999600 ) ) ;
#2284 = DIRECTION ( 'NONE',  ( 0.0000000000000000000, 0.0000000000000000000, -1.000000000000000000 ) ) ;
#2285 = CARTESIAN_POINT ( 'NONE',  ( 10.31247573088668900, -7.164528997524079100, 0.1000000000000000100 ) ) ;
#2287 = ORIENTED_EDGE ( 'NONE', *, *, #3592, .F. ) ;
#2286 = AXIS2_PLACEMENT_3D ( 'NONE', #6035, #788, #10258 ) ;
#2288 = ORIENTED_EDGE ( 'NONE', *, *, #666, .F. ) ;
#2289 = CARTESIAN_POINT ( 'NONE',  ( 11.32255491490616200, -9.024523383225696800, 0.1000000000000000100 ) ) ;
#2290 = DIRECTION ( 'NONE',  ( -0.4472135954999577100, -0.8944271909999160800, 0.0000000000000000000 ) ) ;
#2291 = DIRECTION ( 'NONE',  ( 0.0000000000000000000, -1.000000000000000000, 0.0000000000000000000 ) ) ;
#2292 = ADVANCED_FACE ( 'NONE', ( #6510 ), #9296, .T. ) ;
#2293 = LINE ( 'NONE', #988, #2039 ) ;
#2294 = ADVANCED_FACE ( 'NONE', ( #6660 ), #6283, .F. ) ;
#2295 = CARTESIAN_POINT ( 'NONE',  ( 9.951540365832841000, -1.475738220955259600, 0.1000000000000000100 ) ) ;
#2296 = CARTESIAN_POINT ( 'NONE',  ( 38.49999999999999300, -14.00000000000000000, 0.0000000000000000000 ) ) ;
#2297 = CARTESIAN_POINT ( 'NONE',  ( 36.49999999999999300, -6.381966011250110400, 0.0000000000000000000 ) ) ;
#2298 = PLANE ( 'NONE',  #3270 ) ;
#2299 = ORIENTED_EDGE ( 'NONE', *, *, #5408, .T. ) ;
#2300 = DIRECTION ( 'NONE',  ( -0.0000000000000000000, -0.0000000000000000000, 1.000000000000000000 ) ) ;
#2301 = ORIENTED_EDGE ( 'NONE', *, *, #9652, .F. ) ;
#2302 = CARTESIAN_POINT ( 'NONE',  ( 11.37109834655980300, -8.612952000292974500, 0.1000000000000000100 ) ) ;
#2303 = CARTESIAN_POINT ( 'NONE',  ( 10.99261031399979200, -1.953311138366183200, 0.0000000000000000000 ) ) ;
#2304 = DIRECTION ( 'NONE',  ( -1.000000000000000000, 0.0000000000000000000, 0.0000000000000000000 ) ) ;
#2305 = CARTESIAN_POINT ( 'NONE',  ( 10.49367214401136100, -8.712608725564843200, 0.1000000000000000100 ) ) ;
#2306 = FACE_OUTER_BOUND ( 'NONE', #3060, .T. ) ;
#2307 = CARTESIAN_POINT ( 'NONE',  ( 11.31040644424216200, -1.934550932831752300, 0.0000000000000000000 ) ) ;
#2308 = VECTOR ( 'NONE', #6854, 1000.000000000000000 ) ;
#2309 = B_SPLINE_SURFACE_WITH_KNOTS ( 'NONE', 3, 1, ( 
 ( #4438, #5482 ),
 ( #3683, #3641 ),
 ( #3603, #3570 ),
 ( #3535, #3497 ),
 ( #2818, #2776 ),
 ( #2743, #2708 ),
 ( #2672, #2629 ),
 ( #2594, #1870 ),
 ( #1754, #1679 ),
 ( #1643, #935 ),
 ( #900, #860 ),
 ( #786, #744 ),
 ( #7097, #4582 ),
 ( #1794, #9888 ),
 ( #824, #8036 ) ),
 .UNSPECIFIED., .F., .F., .F.,
 ( 4, 1, 1, 1, 1, 1, 1, 1, 1, 1, 1, 1, 4 ),
 ( 2, 2 ),
 ( 0.0000000000000000000, 0.08407341117269261100, 0.1642623568065252100, 0.2391822639604904200, 0.3093342123912360400, 0.3765711382938792300, 0.4397589397129572100, 0.5005821005511552600, 0.5593101169029934800, 0.6725466888912146100, 0.7823750362058695700, 0.8904935128262597700, 1.000000000000000000 ),
 ( 0.0000000000000000000, 1.000000000000000000 ),
 .UNSPECIFIED. ) ;
#2310 = DIRECTION ( 'NONE',  ( 0.6110987058256149900, 0.7915544022606775300, 0.0000000000000000000 ) ) ;
#2311 = CARTESIAN_POINT ( 'NONE',  ( 10.61584717590559600, -8.282658601754020500, 0.1000000000000000100 ) ) ;
#2312 = ORIENTED_EDGE ( 'NONE', *, *, #7012, .F. ) ;
#2313 = CARTESIAN_POINT ( 'NONE',  ( 13.64169637919543400, -8.000000000000076400, -23.17665792529315300 ) ) ;
#2314 = CARTESIAN_POINT ( 'NONE',  ( 11.85464502991613700, 5.017092958867322300, 0.0000000000000000000 ) ) ;
#2315 = VERTEX_POINT ( 'NONE', #4179 ) ;
#2316 = CARTESIAN_POINT ( 'NONE',  ( 10.49247055252897300, -8.757333926429343100, 0.1000000000000000100 ) ) ;
#2317 = ORIENTED_EDGE ( 'NONE', *, *, #8172, .F. ) ;
#2318 = AXIS2_PLACEMENT_3D ( 'NONE', #1425, #2378, #8640 ) ;
#2319 = FACE_OUTER_BOUND ( 'NONE', #11387, .T. ) ;
#2320 = EDGE_CURVE ( 'NONE', #4001, #4380, #6634, .T. ) ;
#2321 = EDGE_CURVE ( 'NONE', #3744, #4345, #6306, .T. ) ;
#2322 = CARTESIAN_POINT ( 'NONE',  ( 10.43013289019131100, -2.672268991364406900, 0.1000000000000000100 ) ) ;
#2323 = ORIENTED_EDGE ( 'NONE', *, *, #8896, .F. ) ;
#2324 = ORIENTED_EDGE ( 'NONE', *, *, #4587, .T. ) ;
#2325 = CARTESIAN_POINT ( 'NONE',  ( 11.22708518053002500, -18.50000000000000000, 3.099999999999999600 ) ) ;
#2326 = CARTESIAN_POINT ( 'NONE',  ( 10.96114930745268400, -2.172521631857923900, 0.1000000000000000100 ) ) ;
#2327 = DIRECTION ( 'NONE',  ( -1.000000000000000000, -1.186689103242496500E-016, 0.0000000000000000000 ) ) ;
#2328 = DIRECTION ( 'NONE',  ( 1.000000000000000000, -0.0000000000000000000, 0.0000000000000000000 ) ) ;
#2329 = LINE ( 'NONE', #507, #10985 ) ;
#2330 = B_SPLINE_SURFACE_WITH_KNOTS ( 'NONE', 3, 1, ( 
 ( #1377, #433 ),
 ( #394, #4059 ),
 ( #5945, #1421 ),
 ( #11182, #6759 ),
 ( #7701, #478 ),
 ( #11678, #11641 ),
 ( #10833, #9948 ),
 ( #9914, #9874 ),
 ( #9053, #9018 ),
 ( #8977, #8171 ),
 ( #7300, #7266 ) ),
 .UNSPECIFIED., .F., .F., .F.,
 ( 4, 1, 1, 1, 1, 1, 1, 1, 4 ),
 ( 2, 2 ),
 ( 0.0000000000000000000, 0.1607976150087547500, 0.3102195965544258200, 0.4498380259333032400, 0.5797476245520966100, 0.6987225367143259400, 0.8090360169135396600, 0.9088344906514229700, 1.000000000000000000 ),
 ( 0.0000000000000000000, 1.000000000000000000 ),
 .UNSPECIFIED. ) ;
#2331 = CARTESIAN_POINT ( 'NONE',  ( 42.50000000000000000, 16.50000000000000000, 1.000000000000000000 ) ) ;
#2332 = PLANE ( 'NONE',  #698 ) ;
#2333 = CARTESIAN_POINT ( 'NONE',  ( 11.05679308728659500, -6.451212106667257200, 2.710505431213761100E-017 ) ) ;
#2334 = ORIENTED_EDGE ( 'NONE', *, *, #332, .F. ) ;
#2335 = EDGE_CURVE ( 'NONE', #10637, #3138, #6314, .T. ) ;
#2336 = CARTESIAN_POINT ( 'NONE',  ( 10.01400435839590700, -1.370506223071674700, 1.355252715606880500E-017 ) ) ;
#2337 = ORIENTED_EDGE ( 'NONE', *, *, #4157, .F. ) ;
#2338 = CARTESIAN_POINT ( 'NONE',  ( 10.09034235784051200, -2.102950133746817500, 0.1000000000000000100 ) ) ;
#2339 = CARTESIAN_POINT ( 'NONE',  ( 0.0000000000000000000, 0.0000000000000000000, 0.1000000000000000100 ) ) ;
#2340 = ADVANCED_FACE ( 'NONE', ( #6196 ), #7048, .T. ) ;
#2341 = ORIENTED_EDGE ( 'NONE', *, *, #9740, .F. ) ;
#2342 = LINE ( 'NONE', #7418, #6566 ) ;
#2343 = CARTESIAN_POINT ( 'NONE',  ( 11.32255491490616200, -9.024523383225696800, 0.1000000000000000100 ) ) ;
#2344 = EDGE_CURVE ( 'NONE', #6768, #7977, #6126, .T. ) ;
#2345 = CARTESIAN_POINT ( 'NONE',  ( 10.60351364480287600, -8.495126498406595100, 4.065758146820641600E-017 ) ) ;
#2346 = AXIS2_PLACEMENT_3D ( 'NONE', #8914, #168, #240 ) ;
#2347 = CARTESIAN_POINT ( 'NONE',  ( 10.20464502991615800, 6.907092958867338000, 0.1000000000000000100 ) ) ;
#2348 = ORIENTED_EDGE ( 'NONE', *, *, #984, .T. ) ;
#2349 = CARTESIAN_POINT ( 'NONE',  ( 10.92876006921453000, -2.173214871976886900, 0.1000000000000000100 ) ) ;
#2350 = ORIENTED_EDGE ( 'NONE', *, *, #7641, .T. ) ;
#2351 = PLANE ( 'NONE',  #6404 ) ;
#2352 = LINE ( 'NONE', #10150, #11070 ) ;
#2353 = ORIENTED_EDGE ( 'NONE', *, *, #7411, .T. ) ;
#2354 = DIRECTION ( 'NONE',  ( -0.8944271909999159700, 0.4472135954999575900, 0.0000000000000000000 ) ) ;
#2355 = DIRECTION ( 'NONE',  ( -1.000000000000000000, 8.260587980841866800E-015, 0.0000000000000000000 ) ) ;
#2356 = CIRCLE ( 'NONE', #8763, 1.000000000000000900 ) ;
#2357 = ADVANCED_FACE ( 'NONE', ( #6054 ), #7833, .F. ) ;
#2358 = CARTESIAN_POINT ( 'NONE',  ( 11.49999999999999600, -14.49804735160446600, 6.099999999999999600 ) ) ;
#2359 = ADVANCED_FACE ( 'NONE', ( #6065 ), #637, .T. ) ;
#2360 = ORIENTED_EDGE ( 'NONE', *, *, #9467, .F. ) ;
#2361 = CARTESIAN_POINT ( 'NONE',  ( 10.63792509798351900, -8.469996264091681900, 0.1000000000000000100 ) ) ;
#2362 = ORIENTED_EDGE ( 'NONE', *, *, #9807, .T. ) ;
#2363 = CARTESIAN_POINT ( 'NONE',  ( 10.31511306250630600, -1.868524400276033900, 0.1000000000000000100 ) ) ;
#2364 = CARTESIAN_POINT ( 'NONE',  ( 10.90643159149001400, -1.965775484870901000, 0.1000000000000000100 ) ) ;
#2365 = AXIS2_PLACEMENT_3D ( 'NONE', #3635, #9668, #9283 ) ;
#2366 = ORIENTED_EDGE ( 'NONE', *, *, #2001, .F. ) ;
#2367 = VECTOR ( 'NONE', #11194, 1000.000000000000000 ) ;
#2368 = VECTOR ( 'NONE', #10736, 1000.000000000000000 ) ;
#2369 = B_SPLINE_CURVE_WITH_KNOTS ( 'NONE', 3,
 ( #3617, #4686, #6003, #2234, #1890, #1556, #8564, #4235, #4420, #4315, #5430, #6041, #7368, #5845, #2303, #5393, #4259, #9760, #4111 ),
 .UNSPECIFIED., .F., .F.,
 ( 4, 1, 1, 1, 1, 1, 1, 1, 1, 1, 1, 1, 1, 1, 1, 1, 4 ),
 ( 0.0000000000000000000, 0.07294563919508979800, 0.1430049213093403400, 0.2107544345251198800, 0.2759870974140387100, 0.3392869077613638300, 0.4024502959450458900, 0.4649271051707017900, 0.5278270476925393000, 0.5900617648565218400, 0.6502710416541022100, 0.7081984835580834600, 0.7657674231517872500, 0.8233401086504047500, 0.8810026228638996300, 0.9395226882961748000, 1.000000000000000000 ),
 .UNSPECIFIED. ) ;
#2370 = ORIENTED_EDGE ( 'NONE', *, *, #8025, .F. ) ;
#2371 = CARTESIAN_POINT ( 'NONE',  ( 13.01877120494743200, -9.157317253416650300, 3.099999999999998800 ) ) ;
#2372 = CARTESIAN_POINT ( 'NONE',  ( 10.92876006921453000, -2.173214871976886900, 0.1000000000000000100 ) ) ;
#2373 = DIRECTION ( 'NONE',  ( -1.186689103242496500E-016, 1.000000000000000000, 0.0000000000000000000 ) ) ;
#2374 = CARTESIAN_POINT ( 'NONE',  ( 36.76794919243113200, -13.00000000000000900, 8.099999999999999600 ) ) ;
#2375 = DIRECTION ( 'NONE',  ( 2.847339190760428500E-016, -1.000000000000000000, 0.0000000000000000000 ) ) ;
#2376 = VERTEX_POINT ( 'NONE', #7623 ) ;
#2377 = CARTESIAN_POINT ( 'NONE',  ( 41.49999999999999300, 18.00000000000000400, 1.000000000000000000 ) ) ;
#2379 = DIRECTION ( 'NONE',  ( -0.0000000000000000000, -0.0000000000000000000, -1.000000000000000000 ) ) ;
#2378 = DIRECTION ( 'NONE',  ( -0.0000000000000000000, 1.000000000000000000, 0.0000000000000000000 ) ) ;
#2380 = ORIENTED_EDGE ( 'NONE', *, *, #4283, .F. ) ;
#2381 = CYLINDRICAL_SURFACE ( 'NONE', #3422, 0.5000000000000004400 ) ;
#2382 = CARTESIAN_POINT ( 'NONE',  ( 10.24129630241895100, -1.897902122847118700, -0.0000000000000000000 ) ) ;
#2383 = CARTESIAN_POINT ( 'NONE',  ( 11.13464502991613800, 5.017092958867329400, 0.0000000000000000000 ) ) ;
#2384 = DIRECTION ( 'NONE',  ( 0.0000000000000000000, -1.000000000000000000, 0.0000000000000000000 ) ) ;
#2385 = CARTESIAN_POINT ( 'NONE',  ( 35.49999999999999300, 14.00000000000000000, 7.100000000000000500 ) ) ;
#2386 = CARTESIAN_POINT ( 'NONE',  ( 11.13164392468499600, -1.407476633278807600, 1.355252715606880500E-017 ) ) ;
#2387 = ORIENTED_EDGE ( 'NONE', *, *, #8543, .F. ) ;
#2388 = CARTESIAN_POINT ( 'NONE',  ( 10.41000302006144000, -8.512853406948824600, 0.1000000000000000100 ) ) ;
#2389 = CARTESIAN_POINT ( 'NONE',  ( 43.50000000000000000, 9.150045345896282700, 8.099999999999999600 ) ) ;
#2390 = DIRECTION ( 'NONE',  ( -1.000000000000000000, 0.0000000000000000000, 0.0000000000000000000 ) ) ;
#2391 = ORIENTED_EDGE ( 'NONE', *, *, #7010, .T. ) ;
#2392 = CARTESIAN_POINT ( 'NONE',  ( 36.00000000000000700, -17.99999999999999600, 0.0000000000000000000 ) ) ;
#2393 = VECTOR ( 'NONE', #10522, 1000.000000000000000 ) ;
#2394 = CARTESIAN_POINT ( 'NONE',  ( 42.50000000000000000, 17.50000000000000000, 1.000000000000000000 ) ) ;
#2395 = ORIENTED_EDGE ( 'NONE', *, *, #9824, .F. ) ;
#2396 = VECTOR ( 'NONE', #9084, 999.9999999999998900 ) ;
#2397 = CARTESIAN_POINT ( 'NONE',  ( 36.49999999999999300, 14.49999999999999500, 0.0000000000000000000 ) ) ;
#2398 = EDGE_CURVE ( 'NONE', #5682, #8537, #6001, .T. ) ;
#2399 = EDGE_CURVE ( 'NONE', #354, #11626, #6037, .T. ) ;
#2400 = DIRECTION ( 'NONE',  ( -0.0000000000000000000, -0.0000000000000000000, -1.000000000000000000 ) ) ;
#2401 = CARTESIAN_POINT ( 'NONE',  ( 11.00011386538594000, -1.287539040833048700, -0.0000000000000000000 ) ) ;
#2402 = ORIENTED_EDGE ( 'NONE', *, *, #7133, .T. ) ;
#2403 = DIRECTION ( 'NONE',  ( -0.0000000000000000000, -0.0000000000000000000, -1.000000000000000000 ) ) ;
#2404 = CARTESIAN_POINT ( 'NONE',  ( 10.65241404841911600, -1.740188701354412800, 0.1000000000000000100 ) ) ;
#2405 = CARTESIAN_POINT ( 'NONE',  ( 11.37852171086348600, -1.726312938016489200, 0.1000000000000000100 ) ) ;
#2406 = VERTEX_POINT ( 'NONE', #10357 ) ;
#2407 = LINE ( 'NONE', #5124, #2261 ) ;
#2408 = ORIENTED_EDGE ( 'NONE', *, *, #10641, .T. ) ;
#2409 = ORIENTED_EDGE ( 'NONE', *, *, #10254, .F. ) ;
#2410 = CARTESIAN_POINT ( 'NONE',  ( 15.10296701856556100, -12.83456326127513100, 2.999999999999999100 ) ) ;
#2411 = DIRECTION ( 'NONE',  ( -0.0000000000000000000, 1.000000000000000000, -0.0000000000000000000 ) ) ;
#2412 = EDGE_CURVE ( 'NONE', #7569, #2315, #5938, .T. ) ;
#2413 = EDGE_CURVE ( 'NONE', #1551, #5721, #8051, .T. ) ;
#2414 = DIRECTION ( 'NONE',  ( -0.0000000000000000000, -0.0000000000000000000, -1.000000000000000000 ) ) ;
#2415 = CARTESIAN_POINT ( 'NONE',  ( 10.07526276032118100, -5.124217043312459200, 0.1000000000000000100 ) ) ;
#2416 = VECTOR ( 'NONE', #2904, 1000.000000000000000 ) ;
#2417 = CARTESIAN_POINT ( 'NONE',  ( 9.964645029916154000, 6.907092958867339800, 0.1000000000000000100 ) ) ;
#2418 = ORIENTED_EDGE ( 'NONE', *, *, #597, .F. ) ;
#2419 = VECTOR ( 'NONE', #7772, 1000.000000000000000 ) ;
#2420 = ADVANCED_FACE ( 'NONE', ( #5980 ), #3285, .F. ) ;
#2421 = EDGE_CURVE ( 'NONE', #7332, #11644, #5801, .T. ) ;
#2422 = VERTEX_POINT ( 'NONE', #2726 ) ;
#2423 = ADVANCED_FACE ( 'NONE', ( #5658 ), #5993, .F. ) ;
#2424 = CARTESIAN_POINT ( 'NONE',  ( 11.36519782525624600, -3.503437822533238300, 0.1000000000000000100 ) ) ;
#2425 = EDGE_CURVE ( 'NONE', #4053, #5892, #10029, .T. ) ;
#2426 = DIRECTION ( 'NONE',  ( 1.000000000000000000, 0.0000000000000000000, -0.0000000000000000000 ) ) ;
#2427 = ORIENTED_EDGE ( 'NONE', *, *, #6362, .F. ) ;
#2428 = DIRECTION ( 'NONE',  ( -1.000000000000000000, 1.156482317317870300E-015, 0.0000000000000000000 ) ) ;
#2429 = CARTESIAN_POINT ( 'NONE',  ( 11.17964131705764800, -8.599027988979592900, 6.776263578034402700E-017 ) ) ;
#2430 = DIRECTION ( 'NONE',  ( -0.0000000000000000000, -0.0000000000000000000, 1.000000000000000000 ) ) ;
#2431 = CARTESIAN_POINT ( 'NONE',  ( 10.68882701823480700, -1.838665548300780600, 6.776263578034402700E-017 ) ) ;
#2432 = DIRECTION ( 'NONE',  ( -0.0000000000000000000, -0.0000000000000000000, -1.000000000000000000 ) ) ;
#2433 = DIRECTION ( 'NONE',  ( 1.000000000000000000, -0.0000000000000000000, -0.0000000000000000000 ) ) ;
#2434 = CYLINDRICAL_SURFACE ( 'NONE', #229, 1.000000000000000900 ) ;
#2435 = EDGE_LOOP ( 'NONE', ( #11025, #5138, #9956, #1840 ) ) ;
#2436 = VECTOR ( 'NONE', #9328, 1000.000000000000000 ) ;
#2437 = CARTESIAN_POINT ( 'NONE',  ( 40.50000000000000000, 17.50000000000000000, 43.15709628591621100 ) ) ;
#2438 = CARTESIAN_POINT ( 'NONE',  ( 35.49999999999999300, -1.000000000000005100, 1.500000000000000000 ) ) ;
#2439 = ORIENTED_EDGE ( 'NONE', *, *, #4642, .F. ) ;
#2440 = ORIENTED_EDGE ( 'NONE', *, *, #5934, .T. ) ;
#2441 = AXIS2_PLACEMENT_3D ( 'NONE', #8144, #11152, #1639 ) ;
#2442 = AXIS2_PLACEMENT_3D ( 'NONE', #4273, #10711, #615 ) ;
#2443 = DIRECTION ( 'NONE',  ( -0.0000000000000000000, -0.0000000000000000000, -1.000000000000000000 ) ) ;
#2444 = LINE ( 'NONE', #2208, #2221 ) ;
#2445 = VECTOR ( 'NONE', #9025, 1000.000000000000000 ) ;
#2446 = PLANE ( 'NONE',  #8101 ) ;
#2447 = DIRECTION ( 'NONE',  ( 0.4739549207089753800, 0.8805491088722700000, 0.0000000000000000000 ) ) ;
#2448 = ORIENTED_EDGE ( 'NONE', *, *, #597, .T. ) ;
#2449 = CARTESIAN_POINT ( 'NONE',  ( 10.01400435839590700, -1.370506223071674700, 0.1000000000000000100 ) ) ;
#2450 = EDGE_LOOP ( 'NONE', ( #11532, #5250, #10249, #4487 ) ) ;
#2451 = ORIENTED_EDGE ( 'NONE', *, *, #1444, .F. ) ;
#2452 = CARTESIAN_POINT ( 'NONE',  ( 32.75144372945834400, 19.12860932364589700, 7.099999999999999600 ) ) ;
#2453 = LINE ( 'NONE', #8380, #2393 ) ;
#2454 = AXIS2_PLACEMENT_3D ( 'NONE', #4144, #10381, #5045 ) ;
#2455 = CARTESIAN_POINT ( 'NONE',  ( 10.68882701823480700, -1.838665548300780600, 0.1000000000000000100 ) ) ;
#2456 = CARTESIAN_POINT ( 'NONE',  ( 10.00000000000000200, 17.63735574933683000, 5.000000000000000000 ) ) ;
#2457 = B_SPLINE_CURVE_WITH_KNOTS ( 'NONE', 3,
 ( #10928, #9162, #7399, #2008, #8304, #2944, #9200, #3851, #10081, #4736, #10966, #5645, #170, #6538, #1116, #7440, #2052, #8346, #2977 ),
 .UNSPECIFIED., .F., .F.,
 ( 4, 1, 1, 1, 1, 1, 1, 1, 1, 1, 1, 1, 1, 1, 1, 1, 4 ),
 ( 0.0000000000000000000, 0.06521423053649375000, 0.1286118095654761300, 0.1905796646220392400, 0.2515319571563813300, 0.3113487765186087100, 0.3714034061539061600, 0.4313695500323079800, 0.4918384823751291700, 0.5524689629454202500, 0.6126351780532921500, 0.6725515884428326900, 0.7334809507766516500, 0.7958907167253734800, 0.8608645147647455700, 0.9285173266621064000, 1.000000000000000000 ),
 .UNSPECIFIED. ) ;
#2458 = DIRECTION ( 'NONE',  ( 0.0000000000000000000, 0.0000000000000000000, 1.000000000000000000 ) ) ;
#2459 = CARTESIAN_POINT ( 'NONE',  ( 33.49999999999999300, 21.00000000000000000, 7.099999999999999600 ) ) ;
#2460 = EDGE_CURVE ( 'NONE', #9723, #11666, #5886, .T. ) ;
#2461 = EDGE_LOOP ( 'NONE', ( #4765, #5198, #7596, #6755 ) ) ;
#2462 = CARTESIAN_POINT ( 'NONE',  ( 11.29770537152015700, -6.334723521361961000, 0.1000000000000000100 ) ) ;
#2463 = VERTEX_POINT ( 'NONE', #8594 ) ;
#2464 = ADVANCED_FACE ( 'NONE', ( #5498 ), #6135, .F. ) ;
#2465 = CARTESIAN_POINT ( 'NONE',  ( 10.25043795741779300, -1.261343761739129900, 0.1000000000000000100 ) ) ;
#2466 = DIRECTION ( 'NONE',  ( 1.000000000000000000, -0.0000000000000000000, -0.0000000000000000000 ) ) ;
#2467 = FACE_OUTER_BOUND ( 'NONE', #5528, .T. ) ;
#2468 = CARTESIAN_POINT ( 'NONE',  ( 10.79095564767769000, -1.941397152430561300, 6.776263578034402700E-017 ) ) ;
#2469 = LINE ( 'NONE', #9203, #5153 ) ;
#2470 = DIRECTION ( 'NONE',  ( 0.0000000000000000000, -1.000000000000000000, 0.0000000000000000000 ) ) ;
#2471 = CARTESIAN_POINT ( 'NONE',  ( 9.991334143927110400, -6.690100193155561000, 0.0000000000000000000 ) ) ;
#2472 = DIRECTION ( 'NONE',  ( -0.8320502943378477200, -0.5547001962252228200, -0.0000000000000000000 ) ) ;
#2473 = CARTESIAN_POINT ( 'NONE',  ( 11.17818483824325800, -7.389152108247526700, 0.1000000000000000100 ) ) ;
#2474 = ORIENTED_EDGE ( 'NONE', *, *, #9172, .T. ) ;
#2475 = EDGE_CURVE ( 'NONE', #493, #6765, #5823, .T. ) ;
#2476 = EDGE_CURVE ( 'NONE', #5928, #1485, #5666, .T. ) ;
#2477 = ORIENTED_EDGE ( 'NONE', *, *, #7476, .F. ) ;
#2478 = CARTESIAN_POINT ( 'NONE',  ( 36.49999999999999300, 19.00000000000000000, 5.399999999999999500 ) ) ;
#2479 = LINE ( 'NONE', #9838, #4532 ) ;
#2480 = VECTOR ( 'NONE', #1296, 1000.000000000000000 ) ;
#2481 = CARTESIAN_POINT ( 'NONE',  ( 39.99999999999999300, 19.00000000000000000, 5.399999999999999500 ) ) ;
#2482 = DIRECTION ( 'NONE',  ( -0.0000000000000000000, -0.0000000000000000000, -1.000000000000000000 ) ) ;
#2483 = CARTESIAN_POINT ( 'NONE',  ( 39.99999999999999300, 19.50000000000000000, 2.700000000000000200 ) ) ;
#2484 = VERTEX_POINT ( 'NONE', #4956 ) ;
#2485 = ADVANCED_FACE ( 'NONE', ( #5335 ), #5235, .F. ) ;
#2486 = DIRECTION ( 'NONE',  ( 0.0000000000000000000, -0.0000000000000000000, 1.000000000000000000 ) ) ;
#2487 = VERTEX_POINT ( 'NONE', #5192 ) ;
#2488 = DIRECTION ( 'NONE',  ( -1.084202172485507000E-014, -1.000000000000000000, 0.0000000000000000000 ) ) ;
#2489 = EDGE_CURVE ( 'NONE', #4807, #8624, #5255, .T. ) ;
#2490 = LINE ( 'NONE', #4089, #1166 ) ;
#2491 = EDGE_CURVE ( 'NONE', #2879, #1040, #5427, .T. ) ;
#2492 = LINE ( 'NONE', #2086, #9907 ) ;
#2493 = VERTEX_POINT ( 'NONE', #8924 ) ;
#2494 = CARTESIAN_POINT ( 'NONE',  ( 42.88350718518842100, 10.15004534589628400, 0.0000000000000000000 ) ) ;
#2495 = PLANE ( 'NONE',  #2269 ) ;
#2496 = CARTESIAN_POINT ( 'NONE',  ( 38.49999999999999300, -14.00000000000000000, 8.099999999999999600 ) ) ;
#2497 = CARTESIAN_POINT ( 'NONE',  ( 11.85464502991611500, 3.107092958867321300, 0.1000000000000000100 ) ) ;
#2498 = ORIENTED_EDGE ( 'NONE', *, *, #6152, .T. ) ;
#2499 = B_SPLINE_SURFACE_WITH_KNOTS ( 'NONE', 3, 1, ( 
 ( #10195, #9306 ),
 ( #4842, #11082 ),
 ( #5750, #288 ),
 ( #6646, #1231 ),
 ( #7550, #2177 ),
 ( #8456, #3091 ),
 ( #9346, #3996 ),
 ( #10230, #4887 ),
 ( #11115, #5792 ),
 ( #327, #6690 ),
 ( #1268, #7591 ),
 ( #2222, #8499 ),
 ( #3134, #9384 ),
 ( #4038, #10271 ),
 ( #4923, #11162 ),
 ( #5832, #370 ),
 ( #6734, #1312 ),
 ( #7635, #2265 ),
 ( #8541, #3178 ) ),
 .UNSPECIFIED., .F., .F., .F.,
 ( 4, 1, 1, 1, 1, 1, 1, 1, 1, 1, 1, 1, 1, 1, 1, 1, 4 ),
 ( 2, 2 ),
 ( 0.0000000000000000000, 0.07040442122010348600, 0.1381362712234066900, 0.2031209660154515200, 0.2665340818940437600, 0.3282707026529158600, 0.3888228852164341600, 0.4487118881875525900, 0.5088683109582582400, 0.5688848052987203200, 0.6278509740250124400, 0.6876090160606188600, 0.7474501397412317600, 0.8081787861584510700, 0.8703840964116184000, 0.9338062517213755500, 1.000000000000000000 ),
 ( 0.0000000000000000000, 1.000000000000000000 ),
 .UNSPECIFIED. ) ;
#2500 = VECTOR ( 'NONE', #10257, 1000.000000000000000 ) ;
#2501 = CARTESIAN_POINT ( 'NONE',  ( 9.839323425877015700, -1.928653032598181200, 0.0000000000000000000 ) ) ;
#2502 = ORIENTED_EDGE ( 'NONE', *, *, #11586, .F. ) ;
#2503 = CARTESIAN_POINT ( 'NONE',  ( 10.29164695151249200, -1.881058643757281200, 0.1000000000000000100 ) ) ;
#2504 = DIRECTION ( 'NONE',  ( 0.8285483883161431900, -0.5599174655417721300, 0.0000000000000000000 ) ) ;
#2505 = VECTOR ( 'NONE', #4228, 1000.000000000000000 ) ;
#2506 = CARTESIAN_POINT ( 'NONE',  ( 10.23229383096618700, -2.109361632223555500, 0.1000000000000000100 ) ) ;
#2507 = VERTEX_POINT ( 'NONE', #9485 ) ;
#2508 = CARTESIAN_POINT ( 'NONE',  ( 40.49999999999999300, 10.49999999999999600, 0.0000000000000000000 ) ) ;
#2509 = VERTEX_POINT ( 'NONE', #3585 ) ;
#2510 = DIRECTION ( 'NONE',  ( -0.0000000000000000000, -0.0000000000000000000, 1.000000000000000000 ) ) ;
#2511 = CARTESIAN_POINT ( 'NONE',  ( 28.54301664136392000, 7.937784117174111900, 8.099999999999999600 ) ) ;
#2512 = FACE_OUTER_BOUND ( 'NONE', #11021, .T. ) ;
#2513 = CARTESIAN_POINT ( 'NONE',  ( 32.49999999999998600, 2.000000000000000000, 8.099999999999999600 ) ) ;
#2514 = VERTEX_POINT ( 'NONE', #4942 ) ;
#2515 = LINE ( 'NONE', #8664, #5345 ) ;
#2516 = DIRECTION ( 'NONE',  ( -0.0000000000000000000, 0.0000000000000000000, 1.000000000000000000 ) ) ;
#2517 = VERTEX_POINT ( 'NONE', #7651 ) ;
#2518 = ORIENTED_EDGE ( 'NONE', *, *, #3540, .F. ) ;
#2519 = CARTESIAN_POINT ( 'NONE',  ( 11.53804230008270800, -7.789541331156661900, 0.1000000000000000100 ) ) ;
#2520 = ORIENTED_EDGE ( 'NONE', *, *, #5337, .F. ) ;
#2521 = DIRECTION ( 'NONE',  ( -0.0000000000000000000, -0.0000000000000000000, 1.000000000000000000 ) ) ;
#2522 = CARTESIAN_POINT ( 'NONE',  ( 11.35871838062930400, -8.568779654966796500, 0.1000000000000000100 ) ) ;
#2523 = CARTESIAN_POINT ( 'NONE',  ( 11.00853637560144400, -2.164551643816342800, 0.1000000000000000100 ) ) ;
#2524 = CYLINDRICAL_SURFACE ( 'NONE', #8319, 1.000000000000000900 ) ;
#2525 = FACE_OUTER_BOUND ( 'NONE', #5378, .T. ) ;
#2526 = B_SPLINE_CURVE_WITH_KNOTS ( 'NONE', 3,
 ( #7063, #4992, #3879, #5906, #8993, #7643, #6500, #7204, #10884, #3709, #5746, #6414, #351, #10969, #8840, #3951, #6998, #4704, #4216 ),
 .UNSPECIFIED., .F., .F.,
 ( 4, 1, 1, 1, 1, 1, 1, 1, 1, 1, 1, 1, 1, 1, 1, 1, 4 ),
 ( 0.0000000000000000000, 0.07665257437725234200, 0.1489692531692866400, 0.2182334636989635400, 0.2846465169296940000, 0.3484704855267800000, 0.4110271118609060700, 0.4722626577669695200, 0.5339067704011768400, 0.5945536544879825900, 0.6529005042233564400, 0.7104325854120042700, 0.7671514050465730900, 0.8240993059967236500, 0.8812048848701148400, 0.9397824441210583800, 0.9999999999999998900 ),
 .UNSPECIFIED. ) ;
#2527 = CARTESIAN_POINT ( 'NONE',  ( 38.24999999999999300, 10.10357955453048200, 0.0000000000000000000 ) ) ;
#2528 = CARTESIAN_POINT ( 'NONE',  ( 43.68251492603761200, -4.349954654103710200, -17.91005284086394400 ) ) ;
#2529 = EDGE_LOOP ( 'NONE', ( #1370, #2854, #2937, #6379, #6729, #6546, #5090, #6691, #10586, #4186, #9355, #2211, #1326 ) ) ;
#2530 = DIRECTION ( 'NONE',  ( -1.000000000000000000, -0.0000000000000000000, -0.0000000000000000000 ) ) ;
#2531 = AXIS2_PLACEMENT_3D ( 'NONE', #11192, #10983, #10934 ) ;
#2532 = CARTESIAN_POINT ( 'NONE',  ( 9.977541025310316100, -1.419200298727330900, 0.1000000000000000100 ) ) ;
#2533 = VERTEX_POINT ( 'NONE', #7218 ) ;
#2534 = ORIENTED_EDGE ( 'NONE', *, *, #10993, .F. ) ;
#2535 = PLANE ( 'NONE',  #996 ) ;
#2536 = ORIENTED_EDGE ( 'NONE', *, *, #3343, .F. ) ;
#2537 = LINE ( 'NONE', #3332, #2505 ) ;
#2538 = DIRECTION ( 'NONE',  ( -0.5599174655417721300, -0.8285483883161431900, 0.0000000000000000000 ) ) ;
#2539 = ORIENTED_EDGE ( 'NONE', *, *, #10082, .F. ) ;
#2540 = ADVANCED_FACE ( 'NONE', ( #5049 ), #3370, .F. ) ;
#2541 = ORIENTED_EDGE ( 'NONE', *, *, #4587, .F. ) ;
#2542 = EDGE_CURVE ( 'NONE', #4076, #8239, #5152, .T. ) ;
#2543 = VERTEX_POINT ( 'NONE', #1690 ) ;
#2544 = VECTOR ( 'NONE', #81, 1000.000000000000000 ) ;
#2545 = DIRECTION ( 'NONE',  ( -0.9961946980917452100, 0.08715574274766199600, 0.0000000000000000000 ) ) ;
#2546 = ORIENTED_EDGE ( 'NONE', *, *, #4642, .T. ) ;
#2547 = ADVANCED_FACE ( 'NONE', ( #5383 ), #4871, .T. ) ;
#2548 = EDGE_CURVE ( 'NONE', #2507, #7279, #5032, .T. ) ;
#2549 = VECTOR ( 'NONE', #7580, 1000.000000000000000 ) ;
#2550 = EDGE_CURVE ( 'NONE', #11147, #2533, #4971, .T. ) ;
#2551 = CARTESIAN_POINT ( 'NONE',  ( 11.06910331912661100, -1.914412604039978300, 0.1000000000000000100 ) ) ;
#2552 = CARTESIAN_POINT ( 'NONE',  ( 6.849614011047666700, 12.83456326127513100, 0.0000000000000000000 ) ) ;
#2553 = ORIENTED_EDGE ( 'NONE', *, *, #8326, .F. ) ;
#2554 = VECTOR ( 'NONE', #5756, 1000.000000000000000 ) ;
#2555 = CARTESIAN_POINT ( 'NONE',  ( 36.99999999999999300, 14.49999999999999500, 8.099999999999999600 ) ) ;
#2556 = ORIENTED_EDGE ( 'NONE', *, *, #3768, .F. ) ;
#2557 = CARTESIAN_POINT ( 'NONE',  ( 43.84601194083008800, -4.822467856198581000, -17.91005284086394400 ) ) ;
#2558 = VERTEX_POINT ( 'NONE', #6889 ) ;
#2559 = EDGE_CURVE ( 'NONE', #1563, #9021, #4816, .T. ) ;
#2560 = CARTESIAN_POINT ( 'NONE',  ( 10.26389912395754300, -1.259281978377394100, 0.1000000000000000100 ) ) ;
#2561 = CARTESIAN_POINT ( 'NONE',  ( 10.42078705492251300, -2.020045572190206000, 0.1000000000000000100 ) ) ;
#2562 = LINE ( 'NONE', #8194, #2549 ) ;
#2563 = ORIENTED_EDGE ( 'NONE', *, *, #4778, .F. ) ;
#2564 = CYLINDRICAL_SURFACE ( 'NONE', #5982, 1.000000000000000900 ) ;
#2565 = LINE ( 'NONE', #11036, #7023 ) ;
#2566 = CARTESIAN_POINT ( 'NONE',  ( 8.500000000000001800, -14.49804735160446600, 8.099999999999999600 ) ) ;
#2567 = VERTEX_POINT ( 'NONE', #1484 ) ;
#2568 = DIRECTION ( 'NONE',  ( -1.000000000000000000, 0.0000000000000000000, 0.0000000000000000000 ) ) ;
#2569 = EDGE_CURVE ( 'NONE', #4329, #10637, #4738, .T. ) ;
#2570 = EDGE_CURVE ( 'NONE', #10745, #10937, #4749, .T. ) ;
#2571 = ADVANCED_FACE ( 'NONE', ( #4857 ), #9416, .F. ) ;
#2572 = AXIS2_PLACEMENT_3D ( 'NONE', #186, #173, #162 ) ;
#2573 = FACE_OUTER_BOUND ( 'NONE', #3491, .T. ) ;
#2574 = CARTESIAN_POINT ( 'NONE',  ( 39.99999999999999300, 10.49999999999999600, 0.0000000000000000000 ) ) ;
#2575 = LINE ( 'NONE', #1093, #3562 ) ;
#2576 = CARTESIAN_POINT ( 'NONE',  ( 10.99694709330283100, -8.464251061740405600, -0.0000000000000000000 ) ) ;
#2577 = ORIENTED_EDGE ( 'NONE', *, *, #11170, .T. ) ;
#2578 = CARTESIAN_POINT ( 'NONE',  ( 10.93301989724946000, -9.292200634566681200, 0.1000000000000000100 ) ) ;
#2579 = ORIENTED_EDGE ( 'NONE', *, *, #7825, .F. ) ;
#2580 = VERTEX_POINT ( 'NONE', #8152 ) ;
#2581 = CARTESIAN_POINT ( 'NONE',  ( 8.000000000000000000, -3.500000000000000400, 8.099999999999999600 ) ) ;
#2582 = EDGE_CURVE ( 'NONE', #808, #4564, #4680, .T. ) ;
#2583 = CARTESIAN_POINT ( 'NONE',  ( 30.11585916156554500, -18.50000000000000000, 3.099999999999999600 ) ) ;
#2584 = VECTOR ( 'NONE', #2443, 1000.000000000000000 ) ;
#2585 = VECTOR ( 'NONE', #6336, 1000.000000000000000 ) ;
#2586 = AXIS2_PLACEMENT_3D ( 'NONE', #4541, #3637, #2858 ) ;
#2587 = VERTEX_POINT ( 'NONE', #8047 ) ;
#2588 = CARTESIAN_POINT ( 'NONE',  ( 9.810269774573336900, -6.647850424608288100, 0.0000000000000000000 ) ) ;
#2590 = EDGE_LOOP ( 'NONE', ( #8084, #11015, #4369, #2534 ) ) ;
#2589 = AXIS2_PLACEMENT_3D ( 'NONE', #1029, #8697, #6537 ) ;
#2591 = CARTESIAN_POINT ( 'NONE',  ( 10.08882381395976700, -1.313585744668043200, 0.0000000000000000000 ) ) ;
#2592 = CARTESIAN_POINT ( 'NONE',  ( 10.30964502991613200, 4.057092958867338300, 0.1000000000000000100 ) ) ;
#2593 = DIRECTION ( 'NONE',  ( 1.000000000000000000, -0.0000000000000000000, -0.0000000000000000000 ) ) ;
#2594 = CARTESIAN_POINT ( 'NONE',  ( 11.53426521556924200, -7.919566497010005300, 0.1000000000000000100 ) ) ;
#2595 = VERTEX_POINT ( 'NONE', #3269 ) ;
#2596 = ADVANCED_FACE ( 'NONE', ( #4517 ), #7566, .T. ) ;
#2597 = DIRECTION ( 'NONE',  ( -1.000000000000000000, -3.469446951953617300E-015, 0.0000000000000000000 ) ) ;
#2598 = VECTOR ( 'NONE', #4559, 1000.000000000000100 ) ;
#2599 = CARTESIAN_POINT ( 'NONE',  ( 35.49999999999999300, 14.00000000000000000, 5.099999999999999600 ) ) ;
#2600 = VECTOR ( 'NONE', #8370, 1000.000000000000000 ) ;
#2601 = DIRECTION ( 'NONE',  ( -0.0000000000000000000, -0.0000000000000000000, -1.000000000000000000 ) ) ;
#2602 = ORIENTED_EDGE ( 'NONE', *, *, #506, .F. ) ;
#2603 = VERTEX_POINT ( 'NONE', #7608 ) ;
#2604 = DIRECTION ( 'NONE',  ( 0.0000000000000000000, 0.0000000000000000000, 1.000000000000000000 ) ) ;
#2605 = CARTESIAN_POINT ( 'NONE',  ( 10.20464502991615100, 6.667092958867337800, 0.0000000000000000000 ) ) ;
#2606 = CARTESIAN_POINT ( 'NONE',  ( 11.12876774322440100, -8.535658057168948400, 0.1000000000000000100 ) ) ;
#2607 = ORIENTED_EDGE ( 'NONE', *, *, #8922, .T. ) ;
#2608 = FACE_OUTER_BOUND ( 'NONE', #219, .T. ) ;
#2609 = DIRECTION ( 'NONE',  ( 9.637352644315617200E-015, 1.000000000000000000, -0.0000000000000000000 ) ) ;
#2610 = EDGE_CURVE ( 'NONE', #3518, #688, #4934, .T. ) ;
#2611 = DIRECTION ( 'NONE',  ( 1.000000000000000000, -0.0000000000000000000, 0.0000000000000000000 ) ) ;
#2612 = ORIENTED_EDGE ( 'NONE', *, *, #1743, .F. ) ;
#2613 = CARTESIAN_POINT ( 'NONE',  ( 32.49999999999998600, 14.00000000000000000, 5.099999999999999600 ) ) ;
#2614 = CARTESIAN_POINT ( 'NONE',  ( 11.21940135719328800, -8.728758289020115400, 0.0000000000000000000 ) ) ;
#2615 = ORIENTED_EDGE ( 'NONE', *, *, #2244, .F. ) ;
#2616 = CARTESIAN_POINT ( 'NONE',  ( 32.49999999999998600, 9.250000000000001800, 5.099999999999999600 ) ) ;
#2617 = ADVANCED_FACE ( 'NONE', ( #4396 ), #4306, .F. ) ;
#2618 = ORIENTED_EDGE ( 'NONE', *, *, #4592, .T. ) ;
#2619 = LINE ( 'NONE', #2082, #6284 ) ;
#2620 = CARTESIAN_POINT ( 'NONE',  ( 11.36519782525624600, -7.389152108247526700, 0.1000000000000000100 ) ) ;
#2621 = EDGE_CURVE ( 'NONE', #3289, #6324, #4358, .T. ) ;
#2622 = EDGE_CURVE ( 'NONE', #8591, #1124, #4547, .T. ) ;
#2623 = ORIENTED_EDGE ( 'NONE', *, *, #10337, .F. ) ;
#2624 = ORIENTED_EDGE ( 'NONE', *, *, #11573, .T. ) ;
#2625 = VECTOR ( 'NONE', #2768, 1000.000000000000100 ) ;
#2626 = CARTESIAN_POINT ( 'NONE',  ( 35.49999999999998600, -14.50000000000000500, 1.500000000000000000 ) ) ;
#2627 = CARTESIAN_POINT ( 'NONE',  ( 11.27518378683679500, -8.408805365613998700, 0.1000000000000000100 ) ) ;
#2628 = CIRCLE ( 'NONE', #7488, 1.000000000000000900 ) ;
#2629 = CARTESIAN_POINT ( 'NONE',  ( 11.51092339911689400, -7.928979125435371400, -1.355252715606880500E-017 ) ) ;
#2630 = CARTESIAN_POINT ( 'NONE',  ( 10.92883418889261000, -8.448892367987785000, 6.776263578034402700E-017 ) ) ;
#2631 = CARTESIAN_POINT ( 'NONE',  ( 10.73075162289136700, -9.080251806639349600, 1.355252715606880500E-017 ) ) ;
#2632 = ORIENTED_EDGE ( 'NONE', *, *, #8978, .F. ) ;
#2633 = DIRECTION ( 'NONE',  ( -0.0000000000000000000, 1.000000000000000000, -0.0000000000000000000 ) ) ;
#2634 = APPROVAL ( #378, 'UNSPECIFIED' ) ;
#2635 = ORIENTED_EDGE ( 'NONE', *, *, #3835, .F. ) ;
#2636 = EDGE_CURVE ( 'NONE', #6925, #5705, #4566, .T. ) ;
#2637 = EDGE_CURVE ( 'NONE', #8690, #6645, #4205, .T. ) ;
#2638 = DIRECTION ( 'NONE',  ( 1.000000000000000000, 1.194072084819446200E-015, 0.0000000000000000000 ) ) ;
#2639 = LINE ( 'NONE', #169, #2368 ) ;
#2640 = VECTOR ( 'NONE', #11344, 1000.000000000000000 ) ;
#2641 = ORIENTED_EDGE ( 'NONE', *, *, #4594, .T. ) ;
#2642 = CARTESIAN_POINT ( 'NONE',  ( 9.942494245590390600, -1.507088410234931600, 0.0000000000000000000 ) ) ;
#2643 = DIRECTION ( 'NONE',  ( -1.000000000000000000, 0.0000000000000000000, 0.0000000000000000000 ) ) ;
#2644 = EDGE_CURVE ( 'NONE', #3964, #3025, #4294, .T. ) ;
#2645 = CARTESIAN_POINT ( 'NONE',  ( 11.12551931891951900, -6.638129807082816700, -0.0000000000000000000 ) ) ;
#2646 = ORIENTED_EDGE ( 'NONE', *, *, #11649, .T. ) ;
#2647 = CARTESIAN_POINT ( 'NONE',  ( 10.41000302006144000, -8.512853406948824600, 0.1000000000000000100 ) ) ;
#2648 = EDGE_CURVE ( 'NONE', #3803, #5079, #4081, .T. ) ;
#2649 = ORIENTED_EDGE ( 'NONE', *, *, #11367, .T. ) ;
#2650 = CARTESIAN_POINT ( 'NONE',  ( 11.35404076470146800, -6.329789043543558900, 0.1000000000000000100 ) ) ;
#2651 = CARTESIAN_POINT ( 'NONE',  ( 11.67688613694455700, -7.757009251104669500, 0.1000000000000000100 ) ) ;
#2652 = LINE ( 'NONE', #6611, #6739 ) ;
#2653 = ORIENTED_EDGE ( 'NONE', *, *, #6000, .F. ) ;
#2654 = ADVANCED_FACE ( 'NONE', ( #4103 ), #2715, .F. ) ;
#2655 = DIRECTION ( 'NONE',  ( 0.0000000000000000000, 0.0000000000000000000, 1.000000000000000000 ) ) ;
#2656 = CARTESIAN_POINT ( 'NONE',  ( 11.17815742494021700, -1.767933412804489000, 0.1000000000000000100 ) ) ;
#2657 = ORIENTED_EDGE ( 'NONE', *, *, #4062, .F. ) ;
#2658 = CARTESIAN_POINT ( 'NONE',  ( 32.49999999999998600, -14.00000000000000000, 7.100000000000000500 ) ) ;
#2659 = ORIENTED_EDGE ( 'NONE', *, *, #5055, .T. ) ;
#2660 = PLANE ( 'NONE',  #1074 ) ;
#2661 = CARTESIAN_POINT ( 'NONE',  ( 10.01813221893928900, -1.841594130515209300, 1.355252715606880500E-017 ) ) ;
#2662 = CARTESIAN_POINT ( 'NONE',  ( 8.000000000000000000, 6.999999999999999100, 8.099999999999997900 ) ) ;
#2663 = ORIENTED_EDGE ( 'NONE', *, *, #731, .T. ) ;
#2664 = VECTOR ( 'NONE', #2411, 1000.000000000000000 ) ;
#2665 = CARTESIAN_POINT ( 'NONE',  ( 32.75144372945834400, 19.12860932364589700, 7.099999999999999600 ) ) ;
#2666 = CIRCLE ( 'NONE', #5985, 0.5000000000000004400 ) ;
#2667 = ORIENTED_EDGE ( 'NONE', *, *, #1903, .F. ) ;
#2668 = CARTESIAN_POINT ( 'NONE',  ( 32.49999999999998600, 18.50000000000000000, 8.099999999999999600 ) ) ;
#2669 = DIRECTION ( 'NONE',  ( -0.0000000000000000000, -1.000000000000000000, -0.0000000000000000000 ) ) ;
#2670 = CARTESIAN_POINT ( 'NONE',  ( 11.05837964343806400, -4.293048212143627800, 0.1000000000000000100 ) ) ;
#2671 = CARTESIAN_POINT ( 'NONE',  ( 37.99999999999999300, -9.927050983124843200, 30.61942011011341700 ) ) ;
#2672 = CARTESIAN_POINT ( 'NONE',  ( 11.51092339911689400, -7.928979125435371400, 0.1000000000000000100 ) ) ;
#2673 = VERTEX_POINT ( 'NONE', #2574 ) ;
#2674 = CARTESIAN_POINT ( 'NONE',  ( 10.03660478676552800, -1.349688380854151100, 0.0000000000000000000 ) ) ;
#2675 = CARTESIAN_POINT ( 'NONE',  ( 10.54490062933192700, -8.949118945362698700, 0.1000000000000000100 ) ) ;
#2676 = VECTOR ( 'NONE', #752, 1000.000000000000100 ) ;
#2677 = AXIS2_PLACEMENT_3D ( 'NONE', #11438, #1557, #3420 ) ;
#2678 = DIRECTION ( 'NONE',  ( -1.000000000000000000, 0.0000000000000000000, 0.0000000000000000000 ) ) ;
#2679 = ORIENTED_EDGE ( 'NONE', *, *, #11531, .T. ) ;
#2680 = VECTOR ( 'NONE', #6020, 1000.000000000000000 ) ;
#2681 = ORIENTED_EDGE ( 'NONE', *, *, #9451, .T. ) ;
#2682 = CARTESIAN_POINT ( 'NONE',  ( 9.940746422724490800, -1.701846680925409800, 0.1000000000000000100 ) ) ;
#2683 = CARTESIAN_POINT ( 'NONE',  ( 10.34603269935063400, -8.621903444027701400, 0.1000000000000000100 ) ) ;
#2684 = CARTESIAN_POINT ( 'NONE',  ( 10.26730963415602600, -1.891475859763639600, 0.1000000000000000100 ) ) ;
#2685 = VERTEX_POINT ( 'NONE', #2394 ) ;
#2686 = CIRCLE ( 'NONE', #6990, 0.5000000000000004400 ) ;
#2687 = CARTESIAN_POINT ( 'NONE',  ( 10.81974327980170100, -9.300840419935838100, 0.0000000000000000000 ) ) ;
#2688 = LINE ( 'NONE', #1597, #10171 ) ;
#2689 = EDGE_CURVE ( 'NONE', #8825, #3112, #3919, .T. ) ;
#2690 = DIRECTION ( 'NONE',  ( 1.194072084819446200E-015, -1.000000000000000000, 0.0000000000000000000 ) ) ;
#2691 = CARTESIAN_POINT ( 'NONE',  ( 11.06910331912661100, -1.914412604039978300, 1.355252715606880500E-017 ) ) ;
#2692 = VERTEX_POINT ( 'NONE', #3048 ) ;
#2693 = DIRECTION ( 'NONE',  ( 1.000000000000000000, 0.0000000000000000000, 0.0000000000000000000 ) ) ;
#2694 = CARTESIAN_POINT ( 'NONE',  ( 11.21974327980169900, -8.757983277078695400, 0.0000000000000000000 ) ) ;
#2695 = EDGE_LOOP ( 'NONE', ( #1819, #7384, #3884, #3111 ) ) ;
#2696 = EDGE_LOOP ( 'NONE', ( #1596, #4652, #4861, #6237 ) ) ;
#2697 = VECTOR ( 'NONE', #5988, 1000.000000000000000 ) ;
#2698 = CARTESIAN_POINT ( 'NONE',  ( 13.52221523408026000, 7.800000000000077100, 33.81103081370217500 ) ) ;
#2699 = LINE ( 'NONE', #9377, #3359 ) ;
#2700 = ORIENTED_EDGE ( 'NONE', *, *, #4364, .T. ) ;
#2701 = AXIS2_PLACEMENT_3D ( 'NONE', #6433, #1887, #8235 ) ;
#2702 = CARTESIAN_POINT ( 'NONE',  ( 9.977541025310316100, -1.419200298727330900, 0.1000000000000000100 ) ) ;
#2703 = EDGE_CURVE ( 'NONE', #8932, #9235, #3997, .T. ) ;
#2704 = EDGE_CURVE ( 'NONE', #3239, #6267, #3875, .T. ) ;
#2705 = CARTESIAN_POINT ( 'NONE',  ( 6.849614011047666700, 7.999999999999996400, -8.184981199232471000 ) ) ;
#2706 = DIRECTION ( 'NONE',  ( 0.0000000000000000000, 1.000000000000000000, 0.0000000000000000000 ) ) ;
#2707 = DIRECTION ( 'NONE',  ( -0.0000000000000000000, -0.0000000000000000000, -1.000000000000000000 ) ) ;
#2708 = CARTESIAN_POINT ( 'NONE',  ( 11.48568379944779300, -7.936609988999636700, -1.355252715606880500E-017 ) ) ;
#2709 = VECTOR ( 'NONE', #577, 1000.000000000000000 ) ;
#2710 = ORIENTED_EDGE ( 'NONE', *, *, #3003, .T. ) ;
#2711 = LINE ( 'NONE', #10923, #1205 ) ;
#2712 = CARTESIAN_POINT ( 'NONE',  ( 10.49283438088450300, -8.769355915860385800, 1.355252715606880500E-017 ) ) ;
#2713 = ORIENTED_EDGE ( 'NONE', *, *, #1798, .T. ) ;
#2714 = VERTEX_POINT ( 'NONE', #916 ) ;
#2715 = PLANE ( 'NONE',  #10209 ) ;
#2716 = LINE ( 'NONE', #6904, #2747 ) ;
#2717 = DIRECTION ( 'NONE',  ( -1.000000000000000000, -5.723576928965325900E-016, 0.0000000000000000000 ) ) ;
#2718 = LINE ( 'NONE', #1467, #2664 ) ;
#2719 = ADVANCED_FACE ( 'NONE', ( #3731 ), #3561, .T. ) ;
#2720 = ORIENTED_EDGE ( 'NONE', *, *, #1038, .F. ) ;
#2721 = CARTESIAN_POINT ( 'NONE',  ( 10.30545756551598500, -8.811554705650124200, 0.0000000000000000000 ) ) ;
#2722 = EDGE_LOOP ( 'NONE', ( #8386, #1572, #25, #2324 ) ) ;
#2723 = EDGE_LOOP ( 'NONE', ( #10805, #8553, #10349, #184, #6906, #4897 ) ) ;
#2724 = EDGE_CURVE ( 'NONE', #6668, #191, #3590, .T. ) ;
#2725 = AXIS2_PLACEMENT_3D ( 'NONE', #5567, #1331, #3724 ) ;
#2726 = CARTESIAN_POINT ( 'NONE',  ( 0.0000000000000000000, -3.500000000000000400, 8.099999999999999600 ) ) ;
#2727 = CARTESIAN_POINT ( 'NONE',  ( 10.90643159149001400, -1.965775484870901000, 0.1000000000000000100 ) ) ;
#2728 = ORIENTED_EDGE ( 'NONE', *, *, #2150, .T. ) ;
#2729 = LINE ( 'NONE', #9266, #6829 ) ;
#2730 = CARTESIAN_POINT ( 'NONE',  ( 9.814466079894138800, -1.308515943749781100, -0.0000000000000000000 ) ) ;
#2731 = CARTESIAN_POINT ( 'NONE',  ( 36.99999999999999300, 19.50000000000000000, 5.399999999999999500 ) ) ;
#2732 = CARTESIAN_POINT ( 'NONE',  ( 10.43013289019131100, -3.503437822533238300, 0.1000000000000000100 ) ) ;
#2733 = CARTESIAN_POINT ( 'NONE',  ( 10.34603269935063400, -8.621903444027701400, 0.0000000000000000000 ) ) ;
#2734 = EDGE_LOOP ( 'NONE', ( #8759, #2541, #3559, #1973 ) ) ;
#2735 = VERTEX_POINT ( 'NONE', #2121 ) ;
#2736 = VECTOR ( 'NONE', #4794, 1000.000000000000000 ) ;
#2737 = LINE ( 'NONE', #11154, #7468 ) ;
#2738 = CARTESIAN_POINT ( 'NONE',  ( 10.49247055252897300, -8.757333926429343100, 0.0000000000000000000 ) ) ;
#2739 = AXIS2_PLACEMENT_3D ( 'NONE', #7345, #5670, #11013 ) ;
#2740 = DIRECTION ( 'NONE',  ( 0.0000000000000000000, 1.000000000000000000, 0.0000000000000000000 ) ) ;
#2741 = PLANE ( 'NONE',  #9309 ) ;
#2742 = CARTESIAN_POINT ( 'NONE',  ( 42.88350718518842100, 10.15004534589628400, 8.099999999999999600 ) ) ;
#2743 = CARTESIAN_POINT ( 'NONE',  ( 11.48568379944779300, -7.936609988999636700, 0.1000000000000000100 ) ) ;
#2744 = ORIENTED_EDGE ( 'NONE', *, *, #6515, .F. ) ;
#2745 = CARTESIAN_POINT ( 'NONE',  ( 9.964645029916168200, 7.627092958867338600, 0.0000000000000000000 ) ) ;
#2746 = ORIENTED_EDGE ( 'NONE', *, *, #4767, .F. ) ;
#2747 = VECTOR ( 'NONE', #3013, 1000.000000000000000 ) ;
#2748 = VECTOR ( 'NONE', #4185, 1000.000000000000000 ) ;
#2749 = ORIENTED_EDGE ( 'NONE', *, *, #9062, .T. ) ;
#2750 = DIRECTION ( 'NONE',  ( -1.000000000000000000, 0.0000000000000000000, 0.0000000000000000000 ) ) ;
#2751 = CARTESIAN_POINT ( 'NONE',  ( 10.95462629122925200, -9.080857939908689500, 0.0000000000000000000 ) ) ;
#2752 = ORIENTED_EDGE ( 'NONE', *, *, #9437, .T. ) ;
#2753 = DIRECTION ( 'NONE',  ( -0.0000000000000000000, -0.0000000000000000000, -1.000000000000000000 ) ) ;
#2754 = EDGE_CURVE ( 'NONE', #10910, #9615, #99, .T. ) ;
#2755 = LINE ( 'NONE', #8063, #7647 ) ;
#2756 = DATE_AND_TIME ( #10386, #858 ) ;
#2757 = CARTESIAN_POINT ( 'NONE',  ( 9.765197825256244400, -4.293048212143627800, -0.0000000000000000000 ) ) ;
#2758 = VERTEX_POINT ( 'NONE', #357 ) ;
#2759 = CARTESIAN_POINT ( 'NONE',  ( 9.932224053107447000, -6.915973039061565700, 0.0000000000000000000 ) ) ;
#2760 = ORIENTED_EDGE ( 'NONE', *, *, #425, .T. ) ;
#2761 = AXIS2_PLACEMENT_3D ( 'NONE', #103, #2920, #9179 ) ;
#2762 = CARTESIAN_POINT ( 'NONE',  ( 11.17740176397118100, -1.496352621507488000, 0.1000000000000000100 ) ) ;
#2763 = LINE ( 'NONE', #10050, #5668 ) ;
#2764 = EDGE_CURVE ( 'NONE', #5726, #10521, #3668, .T. ) ;
#2765 = FACE_OUTER_BOUND ( 'NONE', #4648, .T. ) ;
#2766 = EDGE_CURVE ( 'NONE', #924, #2785, #3489, .T. ) ;
#2767 = CARTESIAN_POINT ( 'NONE',  ( 10.03793818041945100, -1.857889921572389200, -0.0000000000000000000 ) ) ;
#2768 = DIRECTION ( 'NONE',  ( -0.9848077530122073500, -0.1736481776669339100, -0.0000000000000000000 ) ) ;
#2769 = ORIENTED_EDGE ( 'NONE', *, *, #5944, .F. ) ;
#2770 = DIRECTION ( 'NONE',  ( -0.9890936359499857800, -0.1472880827604086700, 0.0000000000000000000 ) ) ;
#2771 = DIRECTION ( 'NONE',  ( -1.000000000000000000, 0.0000000000000000000, 0.0000000000000000000 ) ) ;
#2772 = VERTEX_POINT ( 'NONE', #7000 ) ;
#2773 = CARTESIAN_POINT ( 'NONE',  ( 9.765197825256244400, -5.099866393961810300, 0.1000000000000000100 ) ) ;
#2774 = CARTESIAN_POINT ( 'NONE',  ( 41.11803398874989300, -7.145898033750313500, -17.91005284086394400 ) ) ;
#2775 = VECTOR ( 'NONE', #2611, 1000.000000000000000 ) ;
#2776 = CARTESIAN_POINT ( 'NONE',  ( 11.45849323164444100, -7.942951197651929400, -1.355252715606880500E-017 ) ) ;
#2777 = ORIENTED_EDGE ( 'NONE', *, *, #3455, .F. ) ;
#2778 = LINE ( 'NONE', #10464, #2640 ) ;
#2779 = CARTESIAN_POINT ( 'NONE',  ( 9.942049280862965700, -6.793833095758563100, -1.355252715606880500E-017 ) ) ;
#2780 = EDGE_LOOP ( 'NONE', ( #2206, #2427, #6464, #8446 ) ) ;
#2781 = CARTESIAN_POINT ( 'NONE',  ( 9.244645029916135600, 4.777092958867349600, 0.1000000000000000100 ) ) ;
#2782 = EDGE_CURVE ( 'NONE', #10385, #7311, #3379, .T. ) ;
#2783 = ORIENTED_EDGE ( 'NONE', *, *, #3848, .T. ) ;
#2784 = CARTESIAN_POINT ( 'NONE',  ( 10.30964502991613200, 4.057092958867338300, 0.1000000000000000100 ) ) ;
#2785 = VERTEX_POINT ( 'NONE', #2383 ) ;
#2786 = EDGE_CURVE ( 'NONE', #3026, #6887, #3279, .T. ) ;
#2787 = LINE ( 'NONE', #6014, #6766 ) ;
#2788 = ORIENTED_EDGE ( 'NONE', *, *, #3903, .F. ) ;
#2789 = CARTESIAN_POINT ( 'NONE',  ( 10.74443586526770200, -1.909524373140031300, 0.1000000000000000100 ) ) ;
#2790 = CARTESIAN_POINT ( 'NONE',  ( 11.11105637904098100, -1.380603737911799900, 0.1000000000000000100 ) ) ;
#2791 = DIRECTION ( 'NONE',  ( 0.0000000000000000000, 0.0000000000000000000, 1.000000000000000000 ) ) ;
#2792 = ORIENTED_EDGE ( 'NONE', *, *, #9062, .F. ) ;
#2793 = CARTESIAN_POINT ( 'NONE',  ( 32.49999999999997900, -14.50000000000000200, 1.500000000000000000 ) ) ;
#2794 = CARTESIAN_POINT ( 'NONE',  ( 36.89354909927018200, -15.78326063698208900, 8.099999999999999600 ) ) ;
#2795 = VERTEX_POINT ( 'NONE', #2397 ) ;
#2796 = DIRECTION ( 'NONE',  ( -9.637352644315617200E-015, -1.000000000000000000, 0.0000000000000000000 ) ) ;
#2797 = DIRECTION ( 'NONE',  ( 1.000000000000000000, -5.139921410301649800E-016, 0.0000000000000000000 ) ) ;
#2798 = LINE ( 'NONE', #11033, #3232 ) ;
#2799 = CARTESIAN_POINT ( 'NONE',  ( 11.40640729089360900, -7.844851601700848500, 0.0000000000000000000 ) ) ;
#2800 = VERTEX_POINT ( 'NONE', #1301 ) ;
#2801 = AXIS2_PLACEMENT_3D ( 'NONE', #11261, #11222, #10376 ) ;
#2802 = LINE ( 'NONE', #10575, #6145 ) ;
#2803 = DIRECTION ( 'NONE',  ( 1.000000000000000000, -1.982541115402065400E-016, 0.0000000000000000000 ) ) ;
#2804 = CARTESIAN_POINT ( 'NONE',  ( 10.36401354035010100, -8.584836177719319400, -0.0000000000000000000 ) ) ;
#2805 = CARTESIAN_POINT ( 'NONE',  ( 10.45091211097053100, -1.566100160195576000, 0.1000000000000000100 ) ) ;
#2806 = ORIENTED_EDGE ( 'NONE', *, *, #685, .T. ) ;
#2807 = CARTESIAN_POINT ( 'NONE',  ( 15.10296701856556100, -12.83456326127513100, 5.000000000000000000 ) ) ;
#2808 = B_SPLINE_SURFACE_WITH_KNOTS ( 'NONE', 3, 1, ( 
 ( #8300, #6530 ),
 ( #2974, #9231 ),
 ( #3881, #10110 ),
 ( #4764, #11001 ),
 ( #5676, #206 ),
 ( #6567, #1148 ),
 ( #7466, #2084 ),
 ( #8375, #3008 ),
 ( #9265, #3918 ),
 ( #10152, #4802 ),
 ( #11041, #5711 ),
 ( #242, #6607 ),
 ( #1191, #7504 ),
 ( #2128, #8418 ),
 ( #3046, #9304 ),
 ( #3957, #10193 ),
 ( #4840, #11080 ),
 ( #5748, #287 ),
 ( #6644, #1230 ) ),
 .UNSPECIFIED., .F., .F., .F.,
 ( 4, 1, 1, 1, 1, 1, 1, 1, 1, 1, 1, 1, 1, 1, 1, 1, 4 ),
 ( 2, 2 ),
 ( 0.0000000000000000000, 0.07665257437725234200, 0.1489692531692866400, 0.2182334636989635400, 0.2846465169296940000, 0.3484704855267800000, 0.4110271118609060700, 0.4722626577669695200, 0.5339067704011768400, 0.5945536544879825900, 0.6529005042233564400, 0.7104325854120042700, 0.7671514050465730900, 0.8240993059967236500, 0.8812048848701148400, 0.9397824441210583800, 0.9999999999999998900 ),
 ( 0.0000000000000000000, 1.000000000000000000 ),
 .UNSPECIFIED. ) ;
#2809 = VECTOR ( 'NONE', #2966, 1000.000000000000000 ) ;
#2810 = CARTESIAN_POINT ( 'NONE',  ( 9.951540365832841000, -1.475738220955259600, 1.355252715606880500E-017 ) ) ;
#2811 = CARTESIAN_POINT ( 'NONE',  ( 10.49716487212736200, -7.049404556338819500, 0.1000000000000000100 ) ) ;
#2812 = CARTESIAN_POINT ( 'NONE',  ( 0.7879379035845669500, -7.849539771895425000, -0.0000000000000000000 ) ) ;
#2813 = CARTESIAN_POINT ( 'NONE',  ( 8.000000000000007100, -3.499999999999999600, 8.099999999999999600 ) ) ;
#2814 = CARTESIAN_POINT ( 'NONE',  ( 32.49999999999998600, 14.00000000000000000, 5.099999999999999600 ) ) ;
#2815 = ORIENTED_EDGE ( 'NONE', *, *, #323, .T. ) ;
#2816 = VECTOR ( 'NONE', #8269, 1000.000000000000000 ) ;
#2817 = DIRECTION ( 'NONE',  ( -0.0000000000000000000, 0.0000000000000000000, -1.000000000000000000 ) ) ;
#2818 = CARTESIAN_POINT ( 'NONE',  ( 11.45849323164444100, -7.942951197651929400, 0.1000000000000000100 ) ) ;
#2819 = CARTESIAN_POINT ( 'NONE',  ( 10.05336569449130300, -6.628468109759400500, 0.1000000000000000100 ) ) ;
#2820 = DIRECTION ( 'NONE',  ( -1.000000000000000000, 0.0000000000000000000, 0.0000000000000000000 ) ) ;
#2821 = CARTESIAN_POINT ( 'NONE',  ( 10.00000000000000000, 18.50000000000000000, 8.099999999999999600 ) ) ;
#2822 = EDGE_CURVE ( 'NONE', #10637, #4268, #3786, .T. ) ;
#2823 = EDGE_LOOP ( 'NONE', ( #2760, #4609, #6630, #8955 ) ) ;
#2824 = ORIENTED_EDGE ( 'NONE', *, *, #1673, .F. ) ;
#2825 = LINE ( 'NONE', #10164, #1880 ) ;
#2826 = DIRECTION ( 'NONE',  ( -0.9848077530122073500, -0.1736481776669339100, 0.0000000000000000000 ) ) ;
#2827 = LINE ( 'NONE', #3573, #10038 ) ;
#2828 = DIRECTION ( 'NONE',  ( 0.0000000000000000000, -1.000000000000000000, 0.0000000000000000000 ) ) ;
#2829 = DIRECTION ( 'NONE',  ( -0.1071913287473974500, 0.9942384115700656500, 0.0000000000000000000 ) ) ;
#2830 = CARTESIAN_POINT ( 'NONE',  ( 10.03793818041945100, -1.857889921572389200, 0.1000000000000000100 ) ) ;
#2831 = PLANE ( 'NONE',  #7950 ) ;
#2832 = EDGE_LOOP ( 'NONE', ( #7407, #9713, #7526, #11290, #4451, #7742, #3892, #4551 ) ) ;
#2833 = DIRECTION ( 'NONE',  ( 0.0000000000000000000, 1.000000000000000000, 0.0000000000000000000 ) ) ;
#2834 = EDGE_CURVE ( 'NONE', #8776, #5677, #3297, .T. ) ;
#2835 = VECTOR ( 'NONE', #5743, 1000.000000000000000 ) ;
#2836 = EDGE_CURVE ( 'NONE', #6969, #9081, #8683, .T. ) ;
#2837 = CARTESIAN_POINT ( 'NONE',  ( 32.49999999999998600, 8.250000000000000000, 7.099999999999999600 ) ) ;
#2838 = ORIENTED_EDGE ( 'NONE', *, *, #8172, .T. ) ;
#2839 = VECTOR ( 'NONE', #8634, 1000.000000000000000 ) ;
#2840 = PLANE ( 'NONE',  #11413 ) ;
#2841 = ORIENTED_EDGE ( 'NONE', *, *, #9140, .T. ) ;
#2842 = CARTESIAN_POINT ( 'NONE',  ( 11.58021183816323500, -7.734487024893057900, 0.0000000000000000000 ) ) ;
#2843 = ORIENTED_EDGE ( 'NONE', *, *, #3607, .F. ) ;
#2844 = CARTESIAN_POINT ( 'NONE',  ( 10.65464403419140500, -7.162377639831711400, 4.065758146820641600E-017 ) ) ;
#2845 = DIRECTION ( 'NONE',  ( -1.000000000000000000, 0.0000000000000000000, 0.0000000000000000000 ) ) ;
#2846 = CARTESIAN_POINT ( 'NONE',  ( 10.40950110825961200, -1.763005817202572900, 0.1000000000000000100 ) ) ;
#2847 = EDGE_LOOP ( 'NONE', ( #1996, #10487, #2984, #1956 ) ) ;
#2848 = CARTESIAN_POINT ( 'NONE',  ( 10.42234417069452600, -1.735060683923054900, 0.1000000000000000100 ) ) ;
#2849 = LINE ( 'NONE', #7746, #2697 ) ;
#2850 = AXIS2_PLACEMENT_3D ( 'NONE', #10519, #11394, #8723 ) ;
#2851 = ORIENTED_EDGE ( 'NONE', *, *, #11320, .T. ) ;
#2852 = CARTESIAN_POINT ( 'NONE',  ( 11.21947834649329100, -8.770126739136362200, 0.1000000000000000100 ) ) ;
#2853 = CARTESIAN_POINT ( 'NONE',  ( 0.7879379035845676100, 2.499999999999999600, 1.000000000000000900 ) ) ;
#2854 = ORIENTED_EDGE ( 'NONE', *, *, #11296, .T. ) ;
#2855 = EDGE_CURVE ( 'NONE', #2735, #10697, #3169, .T. ) ;
#2856 = ORIENTED_EDGE ( 'NONE', *, *, #1991, .T. ) ;
#2857 = EDGE_CURVE ( 'NONE', #11172, #11129, #3079, .T. ) ;
#2858 = DIRECTION ( 'NONE',  ( 0.0000000000000000000, -0.0000000000000000000, -1.000000000000000000 ) ) ;
#2859 = CARTESIAN_POINT ( 'NONE',  ( 11.36519782525624600, -3.711230030325446600, -0.0000000000000000000 ) ) ;
#2860 = PLANE ( 'NONE',  #11468 ) ;
#2861 = DIRECTION ( 'NONE',  ( 0.8483939559819241300, 0.5293653704704729400, 0.0000000000000000000 ) ) ;
#2862 = CARTESIAN_POINT ( 'NONE',  ( 10.44235005712857500, -7.327109652009585100, -0.0000000000000000000 ) ) ;
#2863 = CARTESIAN_POINT ( 'NONE',  ( 10.23055466864901000, -6.579108743176914400, -1.355252715606880500E-017 ) ) ;
#2864 = FACE_OUTER_BOUND ( 'NONE', #11218, .T. ) ;
#2865 = VECTOR ( 'NONE', #2375, 1000.000000000000000 ) ;
#2866 = EDGE_CURVE ( 'NONE', #3235, #4066, #3010, .T. ) ;
#2867 = DIRECTION ( 'NONE',  ( 0.0000000000000000000, 0.0000000000000000000, -1.000000000000000000 ) ) ;
#2868 = PLANE ( 'NONE',  #5878 ) ;
#2869 = ORIENTED_EDGE ( 'NONE', *, *, #3612, .F. ) ;
#2870 = ORIENTED_EDGE ( 'NONE', *, *, #6437, .T. ) ;
#2871 = CARTESIAN_POINT ( 'NONE',  ( 10.00000000000000000, 17.63735574933683000, 5.000000000000000000 ) ) ;
#2872 = CARTESIAN_POINT ( 'NONE',  ( 30.49999999999998600, -2.000000000000000000, 5.099999999999999600 ) ) ;
#2873 = EDGE_LOOP ( 'NONE', ( #1403, #2777, #11058, #1152 ) ) ;
#2874 = DIRECTION ( 'NONE',  ( 0.0000000000000000000, -0.0000000000000000000, -1.000000000000000000 ) ) ;
#2875 = ORIENTED_EDGE ( 'NONE', *, *, #4976, .T. ) ;
#2876 = VECTOR ( 'NONE', #585, 1000.000000000000000 ) ;
#2877 = CARTESIAN_POINT ( 'NONE',  ( 32.49999999999997900, -14.50000000000000200, 1.500000000000000000 ) ) ;
#2878 = CARTESIAN_POINT ( 'NONE',  ( 11.13459582153899400, -9.216709002788050500, 0.1000000000000000100 ) ) ;
#2879 = VERTEX_POINT ( 'NONE', #5015 ) ;
#2880 = CARTESIAN_POINT ( 'NONE',  ( 7.048445366811455100, -12.83456326127513100, -9.377746782780901600 ) ) ;
#2881 = CARTESIAN_POINT ( 'NONE',  ( 11.13662639668481600, -7.950191069286487000, 0.1000000000000000100 ) ) ;
#2882 = ORIENTED_EDGE ( 'NONE', *, *, #3307, .F. ) ;
#2883 = VERTEX_POINT ( 'NONE', #6022 ) ;
#2884 = CALENDAR_DATE ( 2016, 24, 8 ) ;
#2885 = CARTESIAN_POINT ( 'NONE',  ( 35.49999999999999300, -14.00000000000000000, 5.099999999999999600 ) ) ;
#2886 = CARTESIAN_POINT ( 'NONE',  ( 10.29164695151249200, -1.881058643757281200, 4.065758146820641600E-017 ) ) ;
#2887 = ORIENTED_EDGE ( 'NONE', *, *, #11087, .T. ) ;
#2888 = CARTESIAN_POINT ( 'NONE',  ( 35.49999999999999300, 9.250000000000001800, 7.099999999999999600 ) ) ;
#2889 = ORIENTED_EDGE ( 'NONE', *, *, #11065, .T. ) ;
#2890 = CARTESIAN_POINT ( 'NONE',  ( 10.31247573088668900, -7.164528997524079100, -1.355252715606880500E-017 ) ) ;
#2891 = LINE ( 'NONE', #2871, #2676 ) ;
#2892 = DIRECTION ( 'NONE',  ( 1.000000000000000000, 0.0000000000000000000, 0.0000000000000000000 ) ) ;
#2893 = VECTOR ( 'NONE', #4798, 1000.000000000000100 ) ;
#2894 = CARTESIAN_POINT ( 'NONE',  ( 11.13459582153899400, -9.216709002788050500, 0.1000000000000000100 ) ) ;
#2895 = CARTESIAN_POINT ( 'NONE',  ( 10.40311533864643000, -7.345888124055489000, 0.0000000000000000000 ) ) ;
#2896 = CARTESIAN_POINT ( 'NONE',  ( 10.49287835847653700, -8.742154721861094700, -0.0000000000000000000 ) ) ;
#2897 = VERTEX_POINT ( 'NONE', #9300 ) ;
#2898 = DIRECTION ( 'NONE',  ( -1.156482317317870300E-015, -1.000000000000000000, 0.0000000000000000000 ) ) ;
#2899 = ORIENTED_EDGE ( 'NONE', *, *, #2636, .T. ) ;
#2900 = CARTESIAN_POINT ( 'NONE',  ( 10.45091211097053100, -1.566100160195576000, 0.0000000000000000000 ) ) ;
#2901 = VECTOR ( 'NONE', #8427, 1000.000000000000200 ) ;
#2902 = CIRCLE ( 'NONE', #7844, 1.749999999999999800 ) ;
#2903 = CARTESIAN_POINT ( 'NONE',  ( 11.32396987914643700, -8.485258556451366700, 1.355252715606880500E-017 ) ) ;
#2904 = DIRECTION ( 'NONE',  ( -0.0000000000000000000, -0.0000000000000000000, -1.000000000000000000 ) ) ;
#2905 = DIRECTION ( 'NONE',  ( -1.000000000000000000, -0.0000000000000000000, -0.0000000000000000000 ) ) ;
#2906 = CARTESIAN_POINT ( 'NONE',  ( 9.970058865974314300, -1.778547854382936300, 1.355252715606880500E-017 ) ) ;
#2907 = ORIENTED_EDGE ( 'NONE', *, *, #6075, .T. ) ;
#2908 = B_SPLINE_SURFACE_WITH_KNOTS ( 'NONE', 3, 1, ( 
 ( #410, #10307 ),
 ( #1351, #7678 ),
 ( #2305, #8576 ),
 ( #3220, #9469 ),
 ( #4113, #10353 ),
 ( #5009, #11239 ),
 ( #5915, #457 ),
 ( #6823, #1397 ),
 ( #7721, #2345 ),
 ( #8613, #3267 ),
 ( #9510, #4159 ) ),
 .UNSPECIFIED., .F., .F., .F.,
 ( 4, 1, 1, 1, 1, 1, 1, 1, 4 ),
 ( 2, 2 ),
 ( 0.0000000000000000000, 0.1354169652992976700, 0.2635862200284286900, 0.3871282825021084600, 0.5078892991838197500, 0.6278438893714058900, 0.7482450079734167500, 0.8718890106470925700, 1.000000000000000000 ),
 ( 0.0000000000000000000, 1.000000000000000000 ),
 .UNSPECIFIED. ) ;
#2909 = DIRECTION ( 'NONE',  ( -0.0000000000000000000, -0.0000000000000000000, -1.000000000000000000 ) ) ;
#2910 = ORIENTED_EDGE ( 'NONE', *, *, #8025, .T. ) ;
#2911 = CARTESIAN_POINT ( 'NONE',  ( 35.49999999999999300, -22.00000000000000000, 8.099999999999999600 ) ) ;
#2912 = VECTOR ( 'NONE', #9109, 1000.000000000000000 ) ;
#2913 = LINE ( 'NONE', #11663, #4651 ) ;
#2914 = DIRECTION ( 'NONE',  ( -0.0000000000000000000, -0.0000000000000000000, -1.000000000000000000 ) ) ;
#2915 = LINE ( 'NONE', #5946, #2748 ) ;
#2916 = CARTESIAN_POINT ( 'NONE',  ( 9.984338845850908600, -6.441161271037727500, 0.1000000000000000100 ) ) ;
#2917 = VERTEX_POINT ( 'NONE', #6258 ) ;
#2918 = ADVANCED_FACE ( 'NONE', ( #2864 ), #5165, .T. ) ;
#2919 = ORIENTED_EDGE ( 'NONE', *, *, #7667, .T. ) ;
#2920 = DIRECTION ( 'NONE',  ( 0.9615239476408231600, 0.2747211278973782900, -0.0000000000000000000 ) ) ;
#2921 = ORIENTED_EDGE ( 'NONE', *, *, #2990, .F. ) ;
#2922 = EDGE_CURVE ( 'NONE', #7454, #9803, #2798, .T. ) ;
#2923 = EDGE_CURVE ( 'NONE', #8742, #8591, #776, .T. ) ;
#2924 = CIRCLE ( 'NONE', #6876, 0.3999999999999975800 ) ;
#2925 = VECTOR ( 'NONE', #7510, 1000.000000000000000 ) ;
#2926 = DIRECTION ( 'NONE',  ( 1.000000000000000000, 0.0000000000000000000, 0.0000000000000000000 ) ) ;
#2927 = B_SPLINE_SURFACE_WITH_KNOTS ( 'NONE', 3, 1, ( 
 ( #2647, #5342 ),
 ( #11561, #6244 ),
 ( #799, #7151 ),
 ( #1728, #8054 ),
 ( #2683, #8933 ),
 ( #3582, #9827 ),
 ( #4488, #10718 ),
 ( #5375, #11596 ),
 ( #6277, #836 ),
 ( #7182, #1771 ),
 ( #8085, #2721 ) ),
 .UNSPECIFIED., .F., .F., .F.,
 ( 4, 1, 1, 1, 1, 1, 1, 1, 4 ),
 ( 2, 2 ),
 ( 0.0000000000000000000, 0.1351424649279170700, 0.2671574692725297000, 0.3939384395250278300, 0.5188880306243320900, 0.6401548334969487900, 0.7608496199590990500, 0.8798460695243682800, 1.000000000000000000 ),
 ( 0.0000000000000000000, 1.000000000000000000 ),
 .UNSPECIFIED. ) ;
#2928 = VERTEX_POINT ( 'NONE', #4322 ) ;
#2929 = EDGE_CURVE ( 'NONE', #9623, #2758, #2891, .T. ) ;
#2930 = DIRECTION ( 'NONE',  ( 0.0000000000000000000, -0.0000000000000000000, -1.000000000000000000 ) ) ;
#2931 = DIRECTION ( 'NONE',  ( 0.0000000000000000000, -1.000000000000000000, 0.0000000000000000000 ) ) ;
#2932 = ORIENTED_EDGE ( 'NONE', *, *, #6852, .T. ) ;
#2933 = CARTESIAN_POINT ( 'NONE',  ( 10.94066128367887100, -8.451131404666846000, 0.1000000000000000100 ) ) ;
#2934 = CARTESIAN_POINT ( 'NONE',  ( 10.24760413378244400, -7.388258875925280300, 0.1000000000000000100 ) ) ;
#2935 = EDGE_CURVE ( 'NONE', #683, #7910, #2716, .T. ) ;
#2936 = CARTESIAN_POINT ( 'NONE',  ( 10.36409292606372600, -7.361579993804289400, -0.0000000000000000000 ) ) ;
#2937 = ORIENTED_EDGE ( 'NONE', *, *, #3749, .T. ) ;
#2938 = LINE ( 'NONE', #9669, #2912 ) ;
#2939 = DIRECTION ( 'NONE',  ( -0.0000000000000000000, -0.0000000000000000000, -1.000000000000000000 ) ) ;
#2940 = VERTEX_POINT ( 'NONE', #1928 ) ;
#2941 = ORIENTED_EDGE ( 'NONE', *, *, #1888, .T. ) ;
#2942 = EDGE_CURVE ( 'NONE', #8015, #11061, #2562, .T. ) ;
#2943 = CARTESIAN_POINT ( 'NONE',  ( 10.99619549802914500, -8.247597337936532800, 1.355252715606880500E-017 ) ) ;
#2944 = CARTESIAN_POINT ( 'NONE',  ( 11.35871838062930400, -8.568779654966796500, 0.1000000000000000100 ) ) ;
#2945 = ORIENTED_EDGE ( 'NONE', *, *, #9380, .T. ) ;
#2946 = CARTESIAN_POINT ( 'NONE',  ( 0.7879379035845655000, -7.849539771895425000, 1.000000000000000400 ) ) ;
#2947 = CARTESIAN_POINT ( 'NONE',  ( 11.66018310452988500, -7.796659700489530400, 0.1000000000000000100 ) ) ;
#2948 = DIRECTION ( 'NONE',  ( 1.000000000000000000, -1.430894232241331700E-016, 0.0000000000000000000 ) ) ;
#2949 = ADVANCED_FACE ( 'NONE', ( #2573 ), #5459, .T. ) ;
#2950 = VERTEX_POINT ( 'NONE', #488 ) ;
#2951 = ADVANCED_FACE ( 'NONE', ( #2765 ), #2381, .F. ) ;
#2952 = CARTESIAN_POINT ( 'NONE',  ( 41.49999999999999300, -19.99999999999999600, 8.099999999999999600 ) ) ;
#2953 = DIRECTION ( 'NONE',  ( -0.0000000000000000000, 0.0000000000000000000, -1.000000000000000000 ) ) ;
#2954 = VERTEX_POINT ( 'NONE', #4690 ) ;
#2955 = LINE ( 'NONE', #6850, #3360 ) ;
#2956 = EDGE_CURVE ( 'NONE', #4302, #924, #2639, .T. ) ;
#2957 = ORIENTED_EDGE ( 'NONE', *, *, #10483, .F. ) ;
#2958 = AXIS2_PLACEMENT_3D ( 'NONE', #271, #4023, #1104 ) ;
#2959 = PLANE ( 'NONE',  #3970 ) ;
#2960 = ORIENTED_EDGE ( 'NONE', *, *, #9807, .F. ) ;
#2961 = LINE ( 'NONE', #3600, #915 ) ;
#2962 = LINE ( 'NONE', #11248, #7877 ) ;
#2963 = CARTESIAN_POINT ( 'NONE',  ( 10.17087597683959600, -6.583959702656856400, -0.0000000000000000000 ) ) ;
#2964 = VERTEX_POINT ( 'NONE', #8332 ) ;
#2965 = DIRECTION ( 'NONE',  ( 1.000000000000000000, 0.0000000000000000000, 0.0000000000000000000 ) ) ;
#2966 = DIRECTION ( 'NONE',  ( -1.000000000000000000, 0.0000000000000000000, 0.0000000000000000000 ) ) ;
#2967 = DIRECTION ( 'NONE',  ( -1.927470528863118700E-014, -1.000000000000000000, -0.0000000000000000000 ) ) ;
#2968 = CARTESIAN_POINT ( 'NONE',  ( 32.49999999999998600, -8.250000000000000000, 7.099999999999999600 ) ) ;
#2969 = ORIENTED_EDGE ( 'NONE', *, *, #6282, .T. ) ;
#2970 = ORIENTED_EDGE ( 'NONE', *, *, #8647, .F. ) ;
#2971 = LINE ( 'NONE', #4141, #2865 ) ;
#2972 = DIRECTION ( 'NONE',  ( 0.0000000000000000000, -0.0000000000000000000, -1.000000000000000000 ) ) ;
#2973 = VECTOR ( 'NONE', #10593, 1000.000000000000000 ) ;
#2974 = CARTESIAN_POINT ( 'NONE',  ( 9.765513057041834700, -6.908976705281652600, 0.1000000000000000100 ) ) ;
#2975 = DIRECTION ( 'NONE',  ( 0.0000000000000000000, 0.0000000000000000000, -1.000000000000000000 ) ) ;
#2976 = EDGE_LOOP ( 'NONE', ( #4343, #3796, #4962, #579 ) ) ;
#2977 = CARTESIAN_POINT ( 'NONE',  ( 10.94376925382767500, -8.241100160195578900, 0.1000000000000000100 ) ) ;
#2978 = VECTOR ( 'NONE', #7380, 1000.000000000000000 ) ;
#2979 = CARTESIAN_POINT ( 'NONE',  ( 9.970441956468747000, -2.055095320752849700, 0.1000000000000000100 ) ) ;
#2980 = EDGE_LOOP ( 'NONE', ( #573, #6789, #6356, #7150 ) ) ;
#2981 = PERSON_AND_ORGANIZATION ( #9870, #6272 ) ;
#2982 = CARTESIAN_POINT ( 'NONE',  ( 11.22708518053002500, 18.50000000000000000, 3.099999999999999600 ) ) ;
#2983 = DIRECTION ( 'NONE',  ( -0.0000000000000000000, -0.0000000000000000000, -1.000000000000000000 ) ) ;
#2984 = ORIENTED_EDGE ( 'NONE', *, *, #4299, .T. ) ;
#2985 = CARTESIAN_POINT ( 'NONE',  ( 10.32446909530058900, -8.952136764486425600, 0.1000000000000000100 ) ) ;
#2986 = EDGE_LOOP ( 'NONE', ( #6723, #255, #7176, #5472 ) ) ;
#2987 = DIRECTION ( 'NONE',  ( 1.000000000000000000, -1.084202172485507000E-014, 0.0000000000000000000 ) ) ;
#2988 = AXIS2_PLACEMENT_3D ( 'NONE', #5171, #9661, #4317 ) ;
#2989 = EDGE_CURVE ( 'NONE', #7768, #1902, #2453, .T. ) ;
#2990 = EDGE_CURVE ( 'NONE', #3287, #6102, #2444, .T. ) ;
#2991 = VERTEX_POINT ( 'NONE', #11410 ) ;
#2992 = FACE_OUTER_BOUND ( 'NONE', #3018, .T. ) ;
#2993 = ORIENTED_EDGE ( 'NONE', *, *, #8766, .T. ) ;
#2994 = VERTEX_POINT ( 'NONE', #9185 ) ;
#2995 = ORIENTED_EDGE ( 'NONE', *, *, #9817, .T. ) ;
#2996 = CARTESIAN_POINT ( 'NONE',  ( 10.53317072245659400, -1.888355819827900900, 0.1000000000000000100 ) ) ;
#2997 = ADVANCED_FACE ( 'NONE', ( #2167 ), #616, .T. ) ;
#2998 = ADVANCED_FACE ( 'NONE', ( #2129 ), #7554, .T. ) ;
#2999 = VECTOR ( 'NONE', #8071, 1000.000000000000000 ) ;
#3000 = EDGE_CURVE ( 'NONE', #6765, #3807, #2065, .T. ) ;
#3001 = VECTOR ( 'NONE', #7699, 1000.000000000000000 ) ;
#3002 = CARTESIAN_POINT ( 'NONE',  ( 9.814466079894138800, -1.308515943749781100, 0.1000000000000000100 ) ) ;
#3003 = EDGE_CURVE ( 'NONE', #6890, #10599, #2293, .T. ) ;
#3004 = EDGE_CURVE ( 'NONE', #1181, #9159, #2274, .T. ) ;
#3005 = DIRECTION ( 'NONE',  ( 0.0000000000000000000, 0.0000000000000000000, 1.000000000000000000 ) ) ;
#3006 = VERTEX_POINT ( 'NONE', #4810 ) ;
#3007 = CARTESIAN_POINT ( 'NONE',  ( 10.43013289019131100, -3.503437822533238300, 0.1000000000000000100 ) ) ;
#3008 = CARTESIAN_POINT ( 'NONE',  ( 9.837628535261355700, -7.185446957282794100, 5.421010862427522200E-017 ) ) ;
#3009 = ORIENTED_EDGE ( 'NONE', *, *, #2243, .T. ) ;
#3010 = CIRCLE ( 'NONE', #7845, 1.499999999999996200 ) ;
#3011 = CARTESIAN_POINT ( 'NONE',  ( 42.49999999999999300, -17.99999999999999600, 8.099999999999999600 ) ) ;
#3012 = LINE ( 'NONE', #11263, #2839 ) ;
#3013 = DIRECTION ( 'NONE',  ( -1.000000000000000000, -0.0000000000000000000, -0.0000000000000000000 ) ) ;
#3014 = CARTESIAN_POINT ( 'NONE',  ( 36.49999999999999300, -9.927050983124843200, 8.099999999999999600 ) ) ;
#3015 = VERTEX_POINT ( 'NONE', #6979 ) ;
#3016 = DIRECTION ( 'NONE',  ( 0.0000000000000000000, 0.0000000000000000000, -1.000000000000000000 ) ) ;
#3017 = CARTESIAN_POINT ( 'NONE',  ( 11.59376925382767500, -7.700840419935838500, -0.0000000000000000000 ) ) ;
#3018 = EDGE_LOOP ( 'NONE', ( #8485, #2380, #11017, #1070 ) ) ;
#3019 = CARTESIAN_POINT ( 'NONE',  ( 10.80067225686117800, -9.300435498570083200, 0.1000000000000000100 ) ) ;
#3020 = ORIENTED_EDGE ( 'NONE', *, *, #1126, .T. ) ;
#3021 = CARTESIAN_POINT ( 'NONE',  ( 9.942034350740190300, -6.974745502627548900, 0.0000000000000000000 ) ) ;
#3022 = AXIS2_PLACEMENT_3D ( 'NONE', #9864, #9829, #9797 ) ;
#3023 = VECTOR ( 'NONE', #3924, 1000.000000000000000 ) ;
#3024 = CARTESIAN_POINT ( 'NONE',  ( 11.13662639668481600, -7.950191069286487000, 0.0000000000000000000 ) ) ;
#3025 = VERTEX_POINT ( 'NONE', #707 ) ;
#3026 = VERTEX_POINT ( 'NONE', #9625 ) ;
#3027 = CARTESIAN_POINT ( 'NONE',  ( 10.87533232739400400, -1.964802242913837400, 0.1000000000000000100 ) ) ;
#3028 = CARTESIAN_POINT ( 'NONE',  ( 11.08724639933585400, -1.355395505842639000, 0.1000000000000000100 ) ) ;
#3029 = DIRECTION ( 'NONE',  ( -1.000000000000000000, 0.0000000000000000000, 0.0000000000000000000 ) ) ;
#3030 = VECTOR ( 'NONE', #8073, 1000.000000000000000 ) ;
#3031 = DIRECTION ( 'NONE',  ( 0.0000000000000000000, -1.000000000000000000, 0.0000000000000000000 ) ) ;
#3032 = LINE ( 'NONE', #8612, #8671 ) ;
#3033 = CARTESIAN_POINT ( 'NONE',  ( 10.58411462886948800, -2.004745412357510600, 0.1000000000000000100 ) ) ;
#3034 = ORIENTED_EDGE ( 'NONE', *, *, #2724, .T. ) ;
#3035 = AXIS2_PLACEMENT_3D ( 'NONE', #3205, #5899, #437 ) ;
#3036 = CARTESIAN_POINT ( 'NONE',  ( 10.34726229377424300, -7.151214182765711400, 0.1000000000000000100 ) ) ;
#3037 = CARTESIAN_POINT ( 'NONE',  ( 10.72751402443781500, -6.804576440327217300, -1.355252715606880500E-017 ) ) ;
#3038 = ORIENTED_EDGE ( 'NONE', *, *, #10330, .T. ) ;
#3039 = CARTESIAN_POINT ( 'NONE',  ( 11.21021903729588900, -8.673211712411884400, 6.776263578034402700E-017 ) ) ;
#3040 = CARTESIAN_POINT ( 'NONE',  ( 8.000000000000000000, -3.500000000000000000, 3.250000000000000400 ) ) ;
#3041 = LINE ( 'NONE', #5782, #5417 ) ;
#3042 = EDGE_CURVE ( 'NONE', #11470, #7091, #1854, .T. ) ;
#3043 = ORIENTED_EDGE ( 'NONE', *, *, #4847, .T. ) ;
#3044 = VECTOR ( 'NONE', #10807, 1000.000000000000000 ) ;
#3045 = CARTESIAN_POINT ( 'NONE',  ( 10.92464502991614200, 5.947092958867330000, 0.0000000000000000000 ) ) ;
#3046 = CARTESIAN_POINT ( 'NONE',  ( 10.07869286906910800, -7.371268457776374700, 0.1000000000000000100 ) ) ;
#3047 = ORIENTED_EDGE ( 'NONE', *, *, #5203, .F. ) ;
#3048 = CARTESIAN_POINT ( 'NONE',  ( 32.49999999999998600, -8.250000000000000000, 7.099999999999999600 ) ) ;
#3049 = ORIENTED_EDGE ( 'NONE', *, *, #6899, .T. ) ;
#3050 = VECTOR ( 'NONE', #4025, 1000.000000000000000 ) ;
#3051 = CARTESIAN_POINT ( 'NONE',  ( 10.92464502991613500, 5.017092958867331200, 0.0000000000000000000 ) ) ;
#3052 = EDGE_CURVE ( 'NONE', #4564, #5190, #2053, .T. ) ;
#3053 = FACE_OUTER_BOUND ( 'NONE', #3991, .T. ) ;
#3054 = EDGE_CURVE ( 'NONE', #8359, #5370, #1960, .T. ) ;
#3055 = FACE_OUTER_BOUND ( 'NONE', #8234, .T. ) ;
#3056 = CARTESIAN_POINT ( 'NONE',  ( 6.849614011047666700, -7.999999999999992900, 5.000000000000000000 ) ) ;
#3057 = DIRECTION ( 'NONE',  ( -0.0000000000000000000, -0.0000000000000000000, -1.000000000000000000 ) ) ;
#3058 = ADVANCED_FACE ( 'NONE', ( #1776 ), #2351, .T. ) ;
#3059 = ADVANCED_FACE ( 'NONE', ( #1637 ), #4958, .T. ) ;
#3060 = EDGE_LOOP ( 'NONE', ( #4790, #10671, #11428, #3863, #1553, #5910, #5571, #7645, #6112, #11135, #1697, #5964, #5767, #5807, #1237, #6608, #9252, #4459, #10727, #10459, #3980, #3825, #2477, #1635, #6667, #2348, #7069, #9693, #2659, #10399, #675, #10117, #3842, #10326, #4313, #2048, #2646, #10859 ) ) ;
#3061 = CARTESIAN_POINT ( 'NONE',  ( 36.49999999999999300, 10.10357955453048200, 0.0000000000000000000 ) ) ;
#3062 = VERTEX_POINT ( 'NONE', #5327 ) ;
#3063 = CARTESIAN_POINT ( 'NONE',  ( 10.45002119293728200, -1.603279410782058900, 0.1000000000000000100 ) ) ;
#3064 = DIRECTION ( 'NONE',  ( -0.0000000000000000000, -0.0000000000000000000, -1.000000000000000000 ) ) ;
#3065 = CARTESIAN_POINT ( 'NONE',  ( 9.840239448116795600, -1.267891854139399500, 0.1000000000000000100 ) ) ;
#3066 = ORIENTED_EDGE ( 'NONE', *, *, #1309, .F. ) ;
#3067 = CARTESIAN_POINT ( 'NONE',  ( 10.67948353954195900, -5.581359900455316500, 0.1000000000000000100 ) ) ;
#3068 = CARTESIAN_POINT ( 'NONE',  ( 30.49999999999998600, -2.000000000000000000, 8.099999999999999600 ) ) ;
#3069 = LINE ( 'NONE', #1777, #11554 ) ;
#3070 = EDGE_LOOP ( 'NONE', ( #11590, #2323, #10790, #6787 ) ) ;
#3071 = AXIS2_PLACEMENT_3D ( 'NONE', #6458, #1022, #7351 ) ;
#3072 = VERTEX_POINT ( 'NONE', #10030 ) ;
#3073 = DIRECTION ( 'NONE',  ( 0.0000000000000000000, 1.000000000000000000, 0.0000000000000000000 ) ) ;
#3074 = CARTESIAN_POINT ( 'NONE',  ( 8.000000000000000000, 5.249999999999999100, 3.250000000000000400 ) ) ;
#3075 = EDGE_CURVE ( 'NONE', #8690, #6811, #3883, .T. ) ;
#3076 = EDGE_CURVE ( 'NONE', #2406, #6933, #1493, .T. ) ;
#3077 = CARTESIAN_POINT ( 'NONE',  ( 10.91227574733416700, -2.173567692663108500, 0.1000000000000000100 ) ) ;
#3078 = ORIENTED_EDGE ( 'NONE', *, *, #9740, .T. ) ;
#3079 = LINE ( 'NONE', #1451, #2999 ) ;
#3080 = EDGE_CURVE ( 'NONE', #2406, #3655, #1578, .T. ) ;
#3081 = CARTESIAN_POINT ( 'NONE',  ( 41.49999999999999300, -19.99999999999999600, -2.236067977499790700 ) ) ;
#3082 = CARTESIAN_POINT ( 'NONE',  ( 10.84673216212965500, -6.660382172173386000, -0.0000000000000000000 ) ) ;
#3083 = DIRECTION ( 'NONE',  ( 0.0000000000000000000, -1.000000000000000000, 0.0000000000000000000 ) ) ;
#3084 = PLANE ( 'NONE',  #7292 ) ;
#3085 = ORIENTED_EDGE ( 'NONE', *, *, #4848, .F. ) ;
#3086 = VECTOR ( 'NONE', #8520, 1000.000000000000000 ) ;
#3087 = DIRECTION ( 'NONE',  ( -0.4739549207089753800, 0.8805491088722701100, 0.0000000000000000000 ) ) ;
#3088 = CARTESIAN_POINT ( 'NONE',  ( 32.49999999999998600, 18.50000000000000000, 8.099999999999999600 ) ) ;
#3089 = CARTESIAN_POINT ( 'NONE',  ( 10.26389912395754300, -1.259281978377394100, 0.1000000000000000100 ) ) ;
#3090 = EDGE_LOOP ( 'NONE', ( #3177, #4768, #2154, #6021 ) ) ;
#3091 = CARTESIAN_POINT ( 'NONE',  ( 10.58411462886948800, -2.004745412357510600, 0.0000000000000000000 ) ) ;
#3092 = LINE ( 'NONE', #2888, #3425 ) ;
#3093 = CARTESIAN_POINT ( 'NONE',  ( 9.963420244840266400, -1.446544120013056200, 0.1000000000000000100 ) ) ;
#3094 = EDGE_LOOP ( 'NONE', ( #11375, #1226, #11317, #3733 ) ) ;
#3095 = VECTOR ( 'NONE', #1974, 1000.000000000000000 ) ;
#3096 = DIRECTION ( 'NONE',  ( 1.000000000000000000, 0.0000000000000000000, 0.0000000000000000000 ) ) ;
#3097 = DIRECTION ( 'NONE',  ( -1.000000000000000000, -0.0000000000000000000, -0.0000000000000000000 ) ) ;
#3098 = AXIS2_PLACEMENT_3D ( 'NONE', #4988, #9885, #4167 ) ;
#3099 = CARTESIAN_POINT ( 'NONE',  ( 10.73075162289136700, -9.080251806639349600, 0.1000000000000000100 ) ) ;
#3100 = CARTESIAN_POINT ( 'NONE',  ( 9.931431591490012400, -6.884931329026747100, 0.0000000000000000000 ) ) ;
#3101 = DIRECTION ( 'NONE',  ( 0.0000000000000000000, -0.0000000000000000000, -1.000000000000000000 ) ) ;
#3102 = ORIENTED_EDGE ( 'NONE', *, *, #8326, .T. ) ;
#3103 = DIRECTION ( 'NONE',  ( 1.000000000000000000, -1.430894232241331700E-016, -0.0000000000000000000 ) ) ;
#3104 = DIRECTION ( 'NONE',  ( -0.0000000000000000000, -0.0000000000000000000, -1.000000000000000000 ) ) ;
#3105 = CARTESIAN_POINT ( 'NONE',  ( 10.23110691616533600, -1.051489770585186400, 0.1000000000000000100 ) ) ;
#3106 = VECTOR ( 'NONE', #7769, 1000.000000000000000 ) ;
#3107 = CARTESIAN_POINT ( 'NONE',  ( 8.000000000000000000, -3.500000000000000400, 8.099999999999999600 ) ) ;
#3108 = ORIENTED_EDGE ( 'NONE', *, *, #5389, .F. ) ;
#3109 = LINE ( 'NONE', #652, #5562 ) ;
#3110 = CARTESIAN_POINT ( 'NONE',  ( 10.54964502991611400, 3.127092958867336800, 0.0000000000000000000 ) ) ;
#3111 = ORIENTED_EDGE ( 'NONE', *, *, #5180, .T. ) ;
#3112 = VERTEX_POINT ( 'NONE', #5725 ) ;
#3113 = CARTESIAN_POINT ( 'NONE',  ( 9.744418604477024500, -1.601165095260511200, 0.1000000000000000100 ) ) ;
#3114 = DIRECTION ( 'NONE',  ( 0.0000000000000000000, -0.0000000000000000000, -1.000000000000000000 ) ) ;
#3115 = CARTESIAN_POINT ( 'NONE',  ( 30.97797361286377100, 18.50000000000000000, 8.099999999999999600 ) ) ;
#3116 = LINE ( 'NONE', #2417, #7549 ) ;
#3117 = CARTESIAN_POINT ( 'NONE',  ( 10.67948353954195900, -5.581359900455316500, 0.1000000000000000100 ) ) ;
#3118 = ORIENTED_EDGE ( 'NONE', *, *, #10044, .F. ) ;
#3119 = FACE_OUTER_BOUND ( 'NONE', #7080, .T. ) ;
#3120 = ADVANCED_FACE ( 'NONE', ( #1568 ), #1458, .F. ) ;
#3121 = LINE ( 'NONE', #1601, #8551 ) ;
#3122 = ADVANCED_FACE ( 'NONE', ( #1436 ), #4913, .F. ) ;
#3123 = CARTESIAN_POINT ( 'NONE',  ( 10.68575855442886000, -6.855599160808529800, 0.1000000000000000100 ) ) ;
#3124 = CARTESIAN_POINT ( 'NONE',  ( 10.13132834156165700, -1.898602271559408200, 1.355252715606880500E-017 ) ) ;
#3125 = DIRECTION ( 'NONE',  ( 1.000000000000000000, 0.0000000000000000000, 0.0000000000000000000 ) ) ;
#3126 = ORIENTED_EDGE ( 'NONE', *, *, #3454, .F. ) ;
#3127 = CARTESIAN_POINT ( 'NONE',  ( 10.45091211097053100, -1.566100160195576000, 0.0000000000000000000 ) ) ;
#3128 = CARTESIAN_POINT ( 'NONE',  ( 10.49716487212736200, -7.049404556338819500, -0.0000000000000000000 ) ) ;
#3129 = CARTESIAN_POINT ( 'NONE',  ( 11.37930297577506500, -7.845800931755651900, -0.0000000000000000000 ) ) ;
#3130 = CARTESIAN_POINT ( 'NONE',  ( 9.946978953977222200, -6.467384083327317500, 0.1000000000000000100 ) ) ;
#3131 = CARTESIAN_POINT ( 'NONE',  ( 10.78964502991612500, 3.817092958867332800, 0.1000000000000000100 ) ) ;
#3132 = LINE ( 'NONE', #10061, #9130 ) ;
#3133 = VECTOR ( 'NONE', #2328, 1000.000000000000000 ) ;
#3134 = CARTESIAN_POINT ( 'NONE',  ( 10.75176141553979500, -2.144364394614676900, 0.1000000000000000100 ) ) ;
#3135 = CARTESIAN_POINT ( 'NONE',  ( 32.49999999999998600, -8.250000000000000000, 5.099999999999999600 ) ) ;
#3136 = VERTEX_POINT ( 'NONE', #1881 ) ;
#3137 = EDGE_CURVE ( 'NONE', #2260, #6564, #1398, .T. ) ;
#3138 = VERTEX_POINT ( 'NONE', #8987 ) ;
#3139 = EDGE_LOOP ( 'NONE', ( #9310, #9182, #2337, #8301 ) ) ;
#3140 = CARTESIAN_POINT ( 'NONE',  ( 9.744788424791559900, -1.582969216661749300, 0.1000000000000000100 ) ) ;
#3141 = CARTESIAN_POINT ( 'NONE',  ( 0.0000000000000000000, 12.50000000000000000, 8.099999999999999600 ) ) ;
#3142 = CARTESIAN_POINT ( 'NONE',  ( 11.13662639668481600, -7.950191069286487000, 0.1000000000000000100 ) ) ;
#3143 = VECTOR ( 'NONE', #4982, 1000.000000000000000 ) ;
#3144 = CARTESIAN_POINT ( 'NONE',  ( 11.53426521556924200, -7.919566497010005300, -0.0000000000000000000 ) ) ;
#3145 = AXIS2_PLACEMENT_3D ( 'NONE', #7040, #11559, #6241 ) ;
#3146 = CARTESIAN_POINT ( 'NONE',  ( 9.977541025310316100, -1.419200298727330900, 1.355252715606880500E-017 ) ) ;
#3147 = EDGE_LOOP ( 'NONE', ( #5420, #1985, #3894, #2362 ) ) ;
#3148 = EDGE_CURVE ( 'NONE', #7521, #11562, #1192, .T. ) ;
#3149 = EDGE_CURVE ( 'NONE', #10842, #10521, #1236, .T. ) ;
#3150 = CARTESIAN_POINT ( 'NONE',  ( 8.000000000000000000, -5.250000000000000900, 3.250000000000000400 ) ) ;
#3151 = ORIENTED_EDGE ( 'NONE', *, *, #8619, .F. ) ;
#3152 = LINE ( 'NONE', #9848, #2416 ) ;
#3153 = CARTESIAN_POINT ( 'NONE',  ( 11.36519782525624600, -3.711230030325446600, 0.1000000000000000100 ) ) ;
#3154 = LINE ( 'NONE', #9430, #6493 ) ;
#3155 = EDGE_CURVE ( 'NONE', #924, #3239, #1258, .T. ) ;
#3156 = DIRECTION ( 'NONE',  ( 1.000000000000000000, 2.312964634635740700E-015, 0.0000000000000000000 ) ) ;
#3157 = CARTESIAN_POINT ( 'NONE',  ( 11.30097110048872900, -8.446223847950440300, 0.0000000000000000000 ) ) ;
#3158 = CARTESIAN_POINT ( 'NONE',  ( 39.99999999999999300, 10.99999999999999800, 0.0000000000000000000 ) ) ;
#3159 = CARTESIAN_POINT ( 'NONE',  ( 9.244645029916121400, 3.107092958867349700, 0.1000000000000000100 ) ) ;
#3160 = CARTESIAN_POINT ( 'NONE',  ( 8.200000000000008200, -8.957317253416649200, 33.81103081370217500 ) ) ;
#3161 = ORIENTED_EDGE ( 'NONE', *, *, #7658, .T. ) ;
#3162 = CARTESIAN_POINT ( 'NONE',  ( 10.15835358043112500, -1.902763741966000400, 0.1000000000000000100 ) ) ;
#3163 = ORIENTED_EDGE ( 'NONE', *, *, #1199, .F. ) ;
#3164 = EDGE_CURVE ( 'NONE', #6197, #3655, #1107, .T. ) ;
#3165 = DIRECTION ( 'NONE',  ( 0.0000000000000000000, -1.000000000000000000, 0.0000000000000000000 ) ) ;
#3166 = CARTESIAN_POINT ( 'NONE',  ( 11.21974327980169900, -8.757983277078695400, 0.1000000000000000100 ) ) ;
#3167 = DIRECTION ( 'NONE',  ( -0.6853646990049907500, 0.7281999926928031100, -0.0000000000000000000 ) ) ;
#3168 = DIRECTION ( 'NONE',  ( -0.0000000000000000000, -0.0000000000000000000, -1.000000000000000000 ) ) ;
#3169 = LINE ( 'NONE', #3371, #3106 ) ;
#3170 = CARTESIAN_POINT ( 'NONE',  ( 4.708604252787291800, 12.01524776792332000, 7.413944776376546000 ) ) ;
#3171 = VECTOR ( 'NONE', #10302, 1000.000000000000000 ) ;
#3172 = EDGE_CURVE ( 'NONE', #7592, #7452, #993, .T. ) ;
#3173 = EDGE_CURVE ( 'NONE', #1563, #8180, #1073, .T. ) ;
#3174 = CARTESIAN_POINT ( 'NONE',  ( 9.793526264522993700, -6.691576718358177800, 4.065758146820641600E-017 ) ) ;
#3175 = PLANE ( 'NONE',  #3804 ) ;
#3177 = ORIENTED_EDGE ( 'NONE', *, *, #6301, .T. ) ;
#3176 = AXIS2_PLACEMENT_3D ( 'NONE', #1795, #1550, #1631 ) ;
#3178 = CARTESIAN_POINT ( 'NONE',  ( 10.91227574733416700, -2.173567692663108500, 0.0000000000000000000 ) ) ;
#3179 = ORIENTED_EDGE ( 'NONE', *, *, #2621, .T. ) ;
#3180 = CARTESIAN_POINT ( 'NONE',  ( 9.964645029916168200, 7.627092958867339500, 0.0000000000000000000 ) ) ;
#3181 = ORIENTED_EDGE ( 'NONE', *, *, #5005, .F. ) ;
#3182 = VECTOR ( 'NONE', #7366, 1000.000000000000000 ) ;
#3183 = PERSON_AND_ORGANIZATION_ROLE ( 'creator' ) ;
#3184 = CARTESIAN_POINT ( 'NONE',  ( 11.20534037330694100, -8.862101151724788300, 0.1000000000000000100 ) ) ;
#3185 = CARTESIAN_POINT ( 'NONE',  ( 11.38597704603546700, -8.755061199156616100, 0.1000000000000000100 ) ) ;
#3186 = ADVANCED_FACE ( 'NONE', ( #792 ), #7307, .F. ) ;
#3187 = EDGE_CURVE ( 'NONE', #6874, #5577, #732, .T. ) ;
#3188 = ORIENTED_EDGE ( 'NONE', *, *, #9550, .T. ) ;
#3189 = B_SPLINE_SURFACE_WITH_KNOTS ( 'NONE', 3, 1, ( 
 ( #4407, #704 ),
 ( #5299, #11517 ),
 ( #6191, #748 ),
 ( #7099, #1684 ),
 ( #8002, #2631 ),
 ( #8882, #3537 ),
 ( #9785, #4440 ),
 ( #10673, #5334 ),
 ( #11550, #6226 ),
 ( #787, #7138 ),
 ( #1716, #8040 ),
 ( #2675, #8919 ),
 ( #3571, #9813 ),
 ( #4475, #10707 ),
 ( #5368, #11582 ),
 ( #6265, #825 ),
 ( #7173, #1757 ),
 ( #8076, #2712 ),
 ( #8956, #3604 ) ),
 .UNSPECIFIED., .F., .F., .F.,
 ( 4, 1, 1, 1, 1, 1, 1, 1, 1, 1, 1, 1, 1, 1, 1, 1, 4 ),
 ( 2, 2 ),
 ( 0.0000000000000000000, 0.07252090518391338100, 0.1412584642877199300, 0.2068419122999999900, 0.2701594006086008300, 0.3321595069318694100, 0.3922732462541572700, 0.4519275107686906400, 0.5124972394773890100, 0.5726256474852147200, 0.6313141251234994900, 0.6903979771953372400, 0.7491375235669499600, 0.8090543560298239000, 0.8705775423599694300, 0.9340063582065070100, 1.000000000000000000 ),
 ( 0.0000000000000000000, 1.000000000000000000 ),
 .UNSPECIFIED. ) ;
#3190 = ADVANCED_FACE ( 'NONE', ( #778 ), #86, .F. ) ;
#3191 = CARTESIAN_POINT ( 'NONE',  ( 4.708604252787294400, -12.01524776792332200, 5.000000000000000000 ) ) ;
#3192 = ORIENTED_EDGE ( 'NONE', *, *, #975, .F. ) ;
#3193 = CARTESIAN_POINT ( 'NONE',  ( 10.20902899408741700, -7.389152108247527600, 0.0000000000000000000 ) ) ;
#3194 = FACE_OUTER_BOUND ( 'NONE', #3981, .T. ) ;
#3195 = CARTESIAN_POINT ( 'NONE',  ( 11.17818483824325800, -6.599541718637135900, 0.1000000000000000100 ) ) ;
#3196 = FACE_OUTER_BOUND ( 'NONE', #2976, .T. ) ;
#3197 = ORIENTED_EDGE ( 'NONE', *, *, #10634, .T. ) ;
#3198 = DIRECTION ( 'NONE',  ( -0.0000000000000000000, -0.0000000000000000000, -1.000000000000000000 ) ) ;
#3199 = DIRECTION ( 'NONE',  ( 0.0000000000000000000, -0.0000000000000000000, -1.000000000000000000 ) ) ;
#3200 = CARTESIAN_POINT ( 'NONE',  ( 10.95244454265031200, -6.821544189214221500, -0.0000000000000000000 ) ) ;
#3201 = CARTESIAN_POINT ( 'NONE',  ( 10.22071730577572700, -6.370970290065707300, 0.1000000000000000100 ) ) ;
#3202 = ORIENTED_EDGE ( 'NONE', *, *, #5936, .T. ) ;
#3203 = CARTESIAN_POINT ( 'NONE',  ( 11.36411679877882900, -8.925101272260981500, 0.1000000000000000100 ) ) ;
#3204 = FACE_OUTER_BOUND ( 'NONE', #10912, .T. ) ;
#3205 = CARTESIAN_POINT ( 'NONE',  ( 9.972990033048454000, -8.595645614741032500, 0.1000000000000000100 ) ) ;
#3206 = FACE_OUTER_BOUND ( 'NONE', #9151, .T. ) ;
#3207 = LINE ( 'NONE', #9064, #2445 ) ;
#3208 = VERTEX_POINT ( 'NONE', #503 ) ;
#3209 = DIRECTION ( 'NONE',  ( -1.000000000000000000, 0.0000000000000000000, -0.0000000000000000000 ) ) ;
#3210 = AXIS2_PLACEMENT_3D ( 'NONE', #3306, #9553, #4204 ) ;
#3211 = CARTESIAN_POINT ( 'NONE',  ( 7.999999999999998200, -21.00000000000000000, 0.0000000000000000000 ) ) ;
#3212 = CARTESIAN_POINT ( 'NONE',  ( 31.82296703857309000, 19.50000000000000000, 7.099999999999999600 ) ) ;
#3213 = ORIENTED_EDGE ( 'NONE', *, *, #906, .F. ) ;
#3214 = EDGE_CURVE ( 'NONE', #2917, #2928, #708, .T. ) ;
#3215 = ADVANCED_FACE ( 'NONE', ( #649 ), #3792, .T. ) ;
#3216 = ORIENTED_EDGE ( 'NONE', *, *, #3164, .T. ) ;
#3217 = CARTESIAN_POINT ( 'NONE',  ( 11.35404076470146800, -6.329789043543558900, 2.710505431213761100E-017 ) ) ;
#3218 = DIRECTION ( 'NONE',  ( 0.0000000000000000000, -1.000000000000000000, 0.0000000000000000000 ) ) ;
#3219 = VECTOR ( 'NONE', #2432, 1000.000000000000000 ) ;
#3220 = CARTESIAN_POINT ( 'NONE',  ( 10.50067692802948500, -8.669676849271443300, 0.1000000000000000100 ) ) ;
#3221 = VECTOR ( 'NONE', #10682, 1000.000000000000000 ) ;
#3222 = CARTESIAN_POINT ( 'NONE',  ( 0.0000000000000000000, 6.999999999999999100, 8.099999999999997900 ) ) ;
#3223 = ORIENTED_EDGE ( 'NONE', *, *, #5854, .F. ) ;
#3224 = EDGE_CURVE ( 'NONE', #7900, #10235, #614, .T. ) ;
#3225 = ORIENTED_EDGE ( 'NONE', *, *, #2644, .F. ) ;
#3226 = ORIENTED_EDGE ( 'NONE', *, *, #9512, .F. ) ;
#3227 = EDGE_CURVE ( 'NONE', #4069, #9501, #545, .T. ) ;
#3228 = EDGE_CURVE ( 'NONE', #7977, #451, #662, .T. ) ;
#3229 = CARTESIAN_POINT ( 'NONE',  ( 11.36519782525624600, -5.332009251104667100, 0.1000000000000000100 ) ) ;
#3230 = CARTESIAN_POINT ( 'NONE',  ( 42.50000000000000000, -7.145898033750313500, 0.0000000000000000000 ) ) ;
#3231 = FACE_OUTER_BOUND ( 'NONE', #8169, .T. ) ;
#3232 = VECTOR ( 'NONE', #6299, 1000.000000000000000 ) ;
#3233 = CARTESIAN_POINT ( 'NONE',  ( 10.84247055252897400, -9.093048212143630200, 0.0000000000000000000 ) ) ;
#3234 = CARTESIAN_POINT ( 'NONE',  ( 10.19396542398809300, -7.388808130949898100, -0.0000000000000000000 ) ) ;
#3235 = VERTEX_POINT ( 'NONE', #5806 ) ;
#3236 = CARTESIAN_POINT ( 'NONE',  ( 11.38597704603546700, -1.604087173182589000, 0.0000000000000000000 ) ) ;
#3237 = VERTEX_POINT ( 'NONE', #2481 ) ;
#3238 = B_SPLINE_CURVE_WITH_KNOTS ( 'NONE', 3,
 ( #2316, #7693, #10365, #5025, #11253, #5929, #470, #6840, #1412, #7733, #2361 ),
 .UNSPECIFIED., .F., .F.,
 ( 4, 1, 1, 1, 1, 1, 1, 1, 4 ),
 ( 0.0000000000000000000, 0.1354169652992976700, 0.2635862200284286900, 0.3871282825021084600, 0.5078892991838197500, 0.6278438893714058900, 0.7482450079734167500, 0.8718890106470925700, 1.000000000000000000 ),
 .UNSPECIFIED. ) ;
#3239 = VERTEX_POINT ( 'NONE', #2252 ) ;
#3240 = CARTESIAN_POINT ( 'NONE',  ( 36.99999999999999300, 19.50000000000000000, 8.099999999999999600 ) ) ;
#3241 = CC_DESIGN_APPROVAL ( #2634, ( #1988 ) ) ;
#3242 = CARTESIAN_POINT ( 'NONE',  ( 9.765197825256244400, -5.099866393961810300, -0.0000000000000000000 ) ) ;
#3243 = CARTESIAN_POINT ( 'NONE',  ( 37.99999999999999300, -9.927050983124843200, 8.099999999999999600 ) ) ;
#3244 = CARTESIAN_POINT ( 'NONE',  ( 10.05876033050076000, -1.872135864336492300, 0.1000000000000000100 ) ) ;
#3245 = PLANE ( 'NONE',  #7560 ) ;
#3246 = EDGE_CURVE ( 'NONE', #2928, #7111, #69, .T. ) ;
#3247 = EDGE_CURVE ( 'NONE', #5060, #10745, #390, .T. ) ;
#3248 = CARTESIAN_POINT ( 'NONE',  ( 44.00000000000000000, -6.849954654103714600, 4.500000000000000000 ) ) ;
#3249 = VERTEX_POINT ( 'NONE', #4195 ) ;
#3250 = VECTOR ( 'NONE', #9450, 1000.000000000000000 ) ;
#3251 = DIRECTION ( 'NONE',  ( 0.0000000000000000000, -1.000000000000000000, 0.0000000000000000000 ) ) ;
#3252 = ADVANCED_FACE ( 'NONE', ( #205 ), #5574, .T. ) ;
#3253 = ORIENTED_EDGE ( 'NONE', *, *, #7660, .F. ) ;
#3254 = ADVANCED_FACE ( 'NONE', ( #42 ), #3312, .T. ) ;
#3255 = DIRECTION ( 'NONE',  ( -1.000000000000000000, -0.0000000000000000000, -0.0000000000000000000 ) ) ;
#3256 = EDGE_CURVE ( 'NONE', #2685, #10754, #855, .T. ) ;
#3257 = CARTESIAN_POINT ( 'NONE',  ( 40.49999999999999300, 14.49999999999999500, 1.000000000000000000 ) ) ;
#3258 = CARTESIAN_POINT ( 'NONE',  ( 8.000000000000000000, 3.500000000000000400, 8.099999999999999600 ) ) ;
#3259 = CARTESIAN_POINT ( 'NONE',  ( 9.751474635245116900, -1.705598376645242700, 0.1000000000000000100 ) ) ;
#3260 = EDGE_CURVE ( 'NONE', #4512, #7405, #233, .T. ) ;
#3261 = FACE_OUTER_BOUND ( 'NONE', #10746, .T. ) ;
#3262 = ORIENTED_EDGE ( 'NONE', *, *, #3607, .T. ) ;
#3263 = CARTESIAN_POINT ( 'NONE',  ( 32.50000000000000000, -18.50000000000000000, 0.0000000000000000000 ) ) ;
#3264 = FACE_OUTER_BOUND ( 'NONE', #6114, .T. ) ;
#3265 = CARTESIAN_POINT ( 'NONE',  ( 10.16424853299016300, -7.388129544413502000, 0.0000000000000000000 ) ) ;
#3266 = VECTOR ( 'NONE', #6334, 1000.000000000000000 ) ;
#3267 = CARTESIAN_POINT ( 'NONE',  ( 10.62631972785789200, -8.478471514149774200, 4.065758146820641600E-017 ) ) ;
#3268 = ORIENTED_EDGE ( 'NONE', *, *, #4213, .T. ) ;
#3269 = CARTESIAN_POINT ( 'NONE',  ( 26.64242326782791200, -7.800000000000076200, 3.099999999999999600 ) ) ;
#3270 = AXIS2_PLACEMENT_3D ( 'NONE', #1222, #8491, #8651 ) ;
#3271 = CARTESIAN_POINT ( 'NONE',  ( 10.66266181860371500, -1.775913707278061700, 0.1000000000000000100 ) ) ;
#3272 = AXIS2_PLACEMENT_3D ( 'NONE', #2821, #10755, #5679 ) ;
#3273 = VECTOR ( 'NONE', #11120, 1000.000000000000000 ) ;
#3274 = CARTESIAN_POINT ( 'NONE',  ( 10.86649652655494700, -6.204736523831940100, 0.1000000000000000100 ) ) ;
#3275 = ORIENTED_EDGE ( 'NONE', *, *, #3148, .F. ) ;
#3276 = LINE ( 'NONE', #6810, #3133 ) ;
#3277 = CARTESIAN_POINT ( 'NONE',  ( 9.950412144257555300, -7.002199758047646000, 0.1000000000000000100 ) ) ;
#3278 = CARTESIAN_POINT ( 'NONE',  ( 9.765197825256244400, -6.889801458896877200, 0.1000000000000000100 ) ) ;
#3279 = LINE ( 'NONE', #10566, #3273 ) ;
#3280 = CARTESIAN_POINT ( 'NONE',  ( 10.67948353954195900, -6.204736523831938300, 0.0000000000000000000 ) ) ;
#3281 = ORIENTED_EDGE ( 'NONE', *, *, #3164, .F. ) ;
#3282 = CARTESIAN_POINT ( 'NONE',  ( 10.12059713930768700, -7.381845506351312200, -0.0000000000000000000 ) ) ;
#3283 = ADVANCED_FACE ( 'NONE', ( #3194 ), #11256, .F. ) ;
#3284 = DIRECTION ( 'NONE',  ( 0.0000000000000000000, 0.0000000000000000000, 1.000000000000000000 ) ) ;
#3285 = PLANE ( 'NONE',  #11607 ) ;
#3286 = ORIENTED_EDGE ( 'NONE', *, *, #11433, .T. ) ;
#3287 = VERTEX_POINT ( 'NONE', #7525 ) ;
#3288 = FACE_OUTER_BOUND ( 'NONE', #1005, .T. ) ;
#3289 = VERTEX_POINT ( 'NONE', #9613 ) ;
#3290 = CARTESIAN_POINT ( 'NONE',  ( 44.50000000000000000, 18.00000000000000400, 1.000000000000000000 ) ) ;
#3291 = EDGE_LOOP ( 'NONE', ( #3782, #4781, #3329, #7665 ) ) ;
#3292 = DIRECTION ( 'NONE',  ( 0.0000000000000000000, -1.000000000000000000, 0.0000000000000000000 ) ) ;
#3293 = CARTESIAN_POINT ( 'NONE',  ( 32.49999999999998600, 0.9999999999999965600, 1.500000000000000000 ) ) ;
#3294 = DIRECTION ( 'NONE',  ( 0.8483939559819241300, 0.5293653704704729400, 0.0000000000000000000 ) ) ;
#3295 = EDGE_CURVE ( 'NONE', #1500, #7994, #5439, .T. ) ;
#3296 = ADVANCED_FACE ( 'NONE', ( #8 ), #4052, .F. ) ;
#3297 = LINE ( 'NONE', #8408, #3143 ) ;
#3298 = LINE ( 'NONE', #8560, #3250 ) ;
#3299 = CARTESIAN_POINT ( 'NONE',  ( 35.49999999999999300, 14.49999999999999500, 0.0000000000000000000 ) ) ;
#3300 = CARTESIAN_POINT ( 'NONE',  ( 9.761131923708090200, -1.754817662705068400, 1.355252715606880500E-017 ) ) ;
#3301 = ORIENTED_EDGE ( 'NONE', *, *, #22, .T. ) ;
#3302 = DIRECTION ( 'NONE',  ( -0.0000000000000000000, -0.0000000000000000000, 1.000000000000000000 ) ) ;
#3303 = ORIENTED_EDGE ( 'NONE', *, *, #5269, .T. ) ;
#3304 = ORIENTED_EDGE ( 'NONE', *, *, #3747, .T. ) ;
#3305 = CARTESIAN_POINT ( 'NONE',  ( 10.63792509798351900, -1.487853406948823000, 0.1000000000000000100 ) ) ;
#3306 = CARTESIAN_POINT ( 'NONE',  ( 45.00000000000000000, -6.849954654103714600, -0.0000000000000000000 ) ) ;
#3307 = EDGE_CURVE ( 'NONE', #6007, #9054, #9461, .T. ) ;
#3308 = DIRECTION ( 'NONE',  ( 1.000000000000000000, 0.0000000000000000000, 0.0000000000000000000 ) ) ;
#3309 = VECTOR ( 'NONE', #8681, 1000.000000000000000 ) ;
#3310 = CARTESIAN_POINT ( 'NONE',  ( 10.19574299676949300, -1.903270652283345600, -0.0000000000000000000 ) ) ;
#3311 = LINE ( 'NONE', #8989, #5689 ) ;
#3312 = PLANE ( 'NONE',  #4983 ) ;
#3313 = ORIENTED_EDGE ( 'NONE', *, *, #2491, .T. ) ;
#3314 = DIRECTION ( 'NONE',  ( -0.0000000000000000000, -0.0000000000000000000, 1.000000000000000000 ) ) ;
#3315 = CARTESIAN_POINT ( 'NONE',  ( 42.49999999999999300, -17.00000000000000000, 0.0000000000000000000 ) ) ;
#3316 = CARTESIAN_POINT ( 'NONE',  ( 11.19177743552396700, -8.622657427429908600, 6.776263578034402700E-017 ) ) ;
#3317 = CARTESIAN_POINT ( 'NONE',  ( 11.48568379944779300, -7.936609988999636700, 0.1000000000000000100 ) ) ;
#3318 = ADVANCED_FACE ( 'NONE', ( #4917 ), #7103, .F. ) ;
#3319 = ORIENTED_EDGE ( 'NONE', *, *, #4064, .F. ) ;
#3320 = ADVANCED_FACE ( 'NONE', ( #416 ), #1532, .F. ) ;
#3321 = CARTESIAN_POINT ( 'NONE',  ( 9.964645029916168200, 7.627092958867339500, 0.1000000000000000100 ) ) ;
#3322 = LINE ( 'NONE', #4078, #5018 ) ;
#3323 = CARTESIAN_POINT ( 'NONE',  ( 10.08144850468019300, -1.883409541004712300, 0.1000000000000000100 ) ) ;
#3324 = FACE_OUTER_BOUND ( 'NONE', #4262, .T. ) ;
#3325 = EDGE_CURVE ( 'NONE', #11126, #2120, #11377, .T. ) ;
#3326 = EDGE_CURVE ( 'NONE', #11104, #11581, #2688, .T. ) ;
#3327 = CARTESIAN_POINT ( 'NONE',  ( 10.96114930745268400, -2.172521631857923900, 0.1000000000000000100 ) ) ;
#3328 = EDGE_LOOP ( 'NONE', ( #10924, #5259, #556, #2838 ) ) ;
#3329 = ORIENTED_EDGE ( 'NONE', *, *, #1198, .F. ) ;
#3330 = EDGE_CURVE ( 'NONE', #9054, #8516, #1612, .T. ) ;
#3331 = CARTESIAN_POINT ( 'NONE',  ( 6.079333650797274800, 13.47164775330892700, 0.0000000000000000000 ) ) ;
#3332 = CARTESIAN_POINT ( 'NONE',  ( 11.36519782525624600, -4.319346913442329200, -0.0000000000000000000 ) ) ;
#3333 = LINE ( 'NONE', #9319, #10513 ) ;
#3334 = CIRCLE ( 'NONE', #5763, 0.5000000000000004400 ) ;
#3335 = CARTESIAN_POINT ( 'NONE',  ( 32.49999999999998600, -8.250000000000000000, 7.099999999999999600 ) ) ;
#3336 = VERTEX_POINT ( 'NONE', #401 ) ;
#3337 = CARTESIAN_POINT ( 'NONE',  ( 9.854228244322920100, -6.567206293813765000, 0.0000000000000000000 ) ) ;
#3338 = ORIENTED_EDGE ( 'NONE', *, *, #10034, .F. ) ;
#3339 = DIRECTION ( 'NONE',  ( 1.000000000000000000, 0.0000000000000000000, 0.0000000000000000000 ) ) ;
#3340 = ADVANCED_FACE ( 'NONE', ( #9208 ), #11271, .F. ) ;
#3341 = VECTOR ( 'NONE', #11133, 1000.000000000000000 ) ;
#3342 = VECTOR ( 'NONE', #2159, 1000.000000000000000 ) ;
#3343 = EDGE_CURVE ( 'NONE', #6147, #5300, #5372, .T. ) ;
#3344 = DIRECTION ( 'NONE',  ( -1.000000000000000000, -5.782411586589352700E-016, 0.0000000000000000000 ) ) ;
#3345 = DIRECTION ( 'NONE',  ( -1.982541115402065400E-016, -1.000000000000000000, 0.0000000000000000000 ) ) ;
#3346 = VERTEX_POINT ( 'NONE', #3211 ) ;
#3347 = ORIENTED_EDGE ( 'NONE', *, *, #11000, .F. ) ;
#3348 = LINE ( 'NONE', #497, #7548 ) ;
#3349 = CIRCLE ( 'NONE', #2572, 1.000000000000000900 ) ;
#3350 = CARTESIAN_POINT ( 'NONE',  ( 11.19577263777073400, -6.366280365585206300, 0.1000000000000000100 ) ) ;
#3351 = DIRECTION ( 'NONE',  ( -1.000000000000000000, 0.0000000000000000000, -0.0000000000000000000 ) ) ;
#3352 = ORIENTED_EDGE ( 'NONE', *, *, #11207, .T. ) ;
#3353 = CARTESIAN_POINT ( 'NONE',  ( 10.07869286906910800, -7.371268457776374700, 0.0000000000000000000 ) ) ;
#3354 = AXIS2_PLACEMENT_3D ( 'NONE', #3853, #3302, #2096 ) ;
#3355 = DIRECTION ( 'NONE',  ( -0.4739549207089753800, 0.8805491088722700000, -0.0000000000000000000 ) ) ;
#3356 = AXIS2_PLACEMENT_3D ( 'NONE', #6289, #8530, #7930 ) ;
#3357 = ORIENTED_EDGE ( 'NONE', *, *, #6180, .F. ) ;
#3358 = FACE_OUTER_BOUND ( 'NONE', #2275, .T. ) ;
#3359 = VECTOR ( 'NONE', #10560, 1000.000000000000000 ) ;
#3360 = VECTOR ( 'NONE', #1423, 1000.000000000000000 ) ;
#3361 = ORIENTED_EDGE ( 'NONE', *, *, #2150, .F. ) ;
#3362 = CARTESIAN_POINT ( 'NONE',  ( 10.96537388179813300, -1.268075300884479600, 0.1000000000000000100 ) ) ;
#3363 = CARTESIAN_POINT ( 'NONE',  ( 10.89591833630738400, -1.965446475765815200, -0.0000000000000000000 ) ) ;
#3364 = VERTEX_POINT ( 'NONE', #1509 ) ;
#3365 = VERTEX_POINT ( 'NONE', #7793 ) ;
#3366 = CARTESIAN_POINT ( 'NONE',  ( 9.983925233407511300, -1.801439592761193300, 0.1000000000000000100 ) ) ;
#3367 = VECTOR ( 'NONE', #2861, 1000.000000000000000 ) ;
#3368 = ORIENTED_EDGE ( 'NONE', *, *, #5273, .F. ) ;
#3369 = ADVANCED_FACE ( 'NONE', ( #2117 ), #10913, .F. ) ;
#3370 = PLANE ( 'NONE',  #4249 ) ;
#3371 = CARTESIAN_POINT ( 'NONE',  ( 42.49999999999999300, -7.145898033750314400, 8.099999999999999600 ) ) ;
#3372 = ORIENTED_EDGE ( 'NONE', *, *, #7951, .F. ) ;
#3373 = CARTESIAN_POINT ( 'NONE',  ( 11.13164392468499600, -1.407476633278807600, 0.0000000000000000000 ) ) ;
#3374 = EDGE_CURVE ( 'NONE', #9991, #3803, #10356, .T. ) ;
#3375 = CARTESIAN_POINT ( 'NONE',  ( 10.79820474939269700, -6.717705361854220800, 2.710505431213761100E-017 ) ) ;
#3376 = PLANE ( 'NONE',  #1606 ) ;
#3377 = CARTESIAN_POINT ( 'NONE',  ( 8.000000000000000000, 5.249999999999999100, 3.250000000000000400 ) ) ;
#3378 = EDGE_LOOP ( 'NONE', ( #1088, #1680, #6955, #11398 ) ) ;
#3379 = CIRCLE ( 'NONE', #10798, 1.000000000000000900 ) ;
#3380 = DIRECTION ( 'NONE',  ( 1.000000000000000000, -8.260587980841866800E-015, 0.0000000000000000000 ) ) ;
#3381 = AXIS2_PLACEMENT_3D ( 'NONE', #2114, #8400, #3029 ) ;
#3382 = ORIENTED_EDGE ( 'NONE', *, *, #3042, .F. ) ;
#3383 = LINE ( 'NONE', #2011, #8875 ) ;
#3384 = DIRECTION ( 'NONE',  ( 8.410780489584526400E-015, 1.000000000000000000, -0.0000000000000000000 ) ) ;
#3385 = EDGE_CURVE ( 'NONE', #2164, #8959, #670, .T. ) ;
#3386 = EDGE_CURVE ( 'NONE', #10027, #3821, #11299, .T. ) ;
#3387 = CARTESIAN_POINT ( 'NONE',  ( 10.00000000000000000, -14.49804735160446600, 6.099999999999999600 ) ) ;
#3388 = CARTESIAN_POINT ( 'NONE',  ( 10.34726229377424300, -7.151214182765711400, -0.0000000000000000000 ) ) ;
#3389 = CARTESIAN_POINT ( 'NONE',  ( 11.36519782525624600, -2.464476783572199500, 0.1000000000000000100 ) ) ;
#3390 = ORIENTED_EDGE ( 'NONE', *, *, #8833, .F. ) ;
#3391 = CARTESIAN_POINT ( 'NONE',  ( 9.785977046035466000, -9.238502757598176600, 0.1000000000000000100 ) ) ;
#3392 = VECTOR ( 'NONE', #331, 1000.000000000000000 ) ;
#3393 = CARTESIAN_POINT ( 'NONE',  ( 10.13796510110220500, -6.591139098301236600, 0.0000000000000000000 ) ) ;
#3394 = ADVANCED_FACE ( 'NONE', ( #5771 ), #10879, .F. ) ;
#3395 = CARTESIAN_POINT ( 'NONE',  ( 30.97797361286377100, 17.49999999999999600, 8.099999999999999600 ) ) ;
#3396 = ORIENTED_EDGE ( 'NONE', *, *, #45, .T. ) ;
#3397 = LINE ( 'NONE', #3682, #1731 ) ;
#3398 = ORIENTED_EDGE ( 'NONE', *, *, #7492, .F. ) ;
#3399 = CARTESIAN_POINT ( 'NONE',  ( 10.62055172003153200, -6.928287277084415100, -1.355252715606880500E-017 ) ) ;
#3400 = DIRECTION ( 'NONE',  ( 0.8320502943378368400, -0.5547001962252392500, -0.0000000000000000000 ) ) ;
#3401 = EDGE_CURVE ( 'NONE', #371, #808, #6522, .T. ) ;
#3402 = CARTESIAN_POINT ( 'NONE',  ( 11.13464502991614500, 5.947092958867328200, 0.0000000000000000000 ) ) ;
#3403 = CARTESIAN_POINT ( 'NONE',  ( 9.900272551422780500, -2.000032446018821000, 0.0000000000000000000 ) ) ;
#3404 = VECTOR ( 'NONE', #129, 1000.000000000000100 ) ;
#3405 = CARTESIAN_POINT ( 'NONE',  ( 36.49999999999999300, -6.381966011250110400, 8.099999999999999600 ) ) ;
#3406 = ORIENTED_EDGE ( 'NONE', *, *, #4453, .T. ) ;
#3407 = VECTOR ( 'NONE', #5774, 999.9999999999998900 ) ;
#3408 = DIRECTION ( 'NONE',  ( 8.163404592832049300E-015, 1.000000000000000000, 0.0000000000000000000 ) ) ;
#3409 = EDGE_CURVE ( 'NONE', #6342, #10615, #4184, .T. ) ;
#3410 = LINE ( 'NONE', #3927, #2736 ) ;
#3411 = EDGE_CURVE ( 'NONE', #11104, #2194, #7367, .T. ) ;
#3412 = CARTESIAN_POINT ( 'NONE',  ( 0.0000000000000000000, 3.500000000000000000, 3.250000000000000400 ) ) ;
#3413 = ORIENTED_EDGE ( 'NONE', *, *, #1126, .F. ) ;
#3414 = CARTESIAN_POINT ( 'NONE',  ( 11.38551843195228800, -8.775004713791515700, 1.355252715606880500E-017 ) ) ;
#3415 = CARTESIAN_POINT ( 'NONE',  ( 36.49999999999999300, 10.10357955453048200, 8.099999999999999600 ) ) ;
#3416 = DIRECTION ( 'NONE',  ( -0.0000000000000000000, -0.0000000000000000000, -1.000000000000000000 ) ) ;
#3417 = EDGE_LOOP ( 'NONE', ( #1554, #9865, #8213, #2402 ) ) ;
#3418 = ORIENTED_EDGE ( 'NONE', *, *, #3247, .T. ) ;
#3419 = LINE ( 'NONE', #4257, #10526 ) ;
#3420 = DIRECTION ( 'NONE',  ( 1.000000000000000000, 0.0000000000000000000, 0.0000000000000000000 ) ) ;
#3421 = ORIENTED_EDGE ( 'NONE', *, *, #2929, .F. ) ;
#3422 = AXIS2_PLACEMENT_3D ( 'NONE', #7461, #9082, #5984 ) ;
#3423 = CARTESIAN_POINT ( 'NONE',  ( 11.05679308728659500, -6.451212106667257200, 0.1000000000000000100 ) ) ;
#3424 = CARTESIAN_POINT ( 'NONE',  ( 11.36519782525624600, -7.846294965390384000, 0.0000000000000000000 ) ) ;
#3425 = VECTOR ( 'NONE', #2633, 1000.000000000000000 ) ;
#3426 = ADVANCED_FACE ( 'NONE', ( #10998 ), #5656, .T. ) ;
#3427 = FACE_OUTER_BOUND ( 'NONE', #239, .T. ) ;
#3428 = DIRECTION ( 'NONE',  ( -1.000000000000000000, 0.0000000000000000000, 0.0000000000000000000 ) ) ;
#3429 = CARTESIAN_POINT ( 'NONE',  ( 10.10735961069363900, -6.600787396916888200, -0.0000000000000000000 ) ) ;
#3430 = ORIENTED_EDGE ( 'NONE', *, *, #4734, .F. ) ;
#3431 = CARTESIAN_POINT ( 'NONE',  ( 10.08882381395976700, -1.313585744668043200, 1.355252715606880500E-017 ) ) ;
#3432 = EDGE_LOOP ( 'NONE', ( #7203, #8979, #3634, #11363 ) ) ;
#3433 = EDGE_LOOP ( 'NONE', ( #5013, #7598, #3304, #5978, #1486, #9716, #1605, #2278, #3693, #3161, #3262, #7499 ) ) ;
#3434 = CARTESIAN_POINT ( 'NONE',  ( 38.49999999999999300, -12.99999999999999800, 8.099999999999999600 ) ) ;
#3435 = CYLINDRICAL_SURFACE ( 'NONE', #4908, 1.750000000000001600 ) ;
#3436 = CARTESIAN_POINT ( 'NONE',  ( 11.35871838062930400, -8.568779654966796500, 1.355252715606880500E-017 ) ) ;
#3437 = DIRECTION ( 'NONE',  ( 1.000000000000000000, 5.782411586589352700E-016, 0.0000000000000000000 ) ) ;
#3438 = CIRCLE ( 'NONE', #5177, 0.5000000000000004400 ) ;
#3439 = CARTESIAN_POINT ( 'NONE',  ( 10.90643159149001400, -1.965775484870901000, 0.0000000000000000000 ) ) ;
#3440 = DIRECTION ( 'NONE',  ( -0.0000000000000000000, -0.0000000000000000000, -1.000000000000000000 ) ) ;
#3441 = CARTESIAN_POINT ( 'NONE',  ( 54.99244289248920800, 0.9731581000727528300, 8.099999999999999600 ) ) ;
#3442 = EDGE_CURVE ( 'NONE', #11426, #5011, #9043, .T. ) ;
#3443 = ORIENTED_EDGE ( 'NONE', *, *, #5630, .F. ) ;
#3444 = DIRECTION ( 'NONE',  ( -1.000000000000000000, 0.0000000000000000000, 0.0000000000000000000 ) ) ;
#3445 = VERTEX_POINT ( 'NONE', #3412 ) ;
#3446 = CARTESIAN_POINT ( 'NONE',  ( 19.33333333333341000, 7.800000000000084200, 33.81103081370217500 ) ) ;
#3447 = ORIENTED_EDGE ( 'NONE', *, *, #8105, .T. ) ;
#3448 = VECTOR ( 'NONE', #10665, 1000.000000000000000 ) ;
#3449 = CARTESIAN_POINT ( 'NONE',  ( 10.21200937172181600, -1.054469267640153000, -0.0000000000000000000 ) ) ;
#3450 = ADVANCED_FACE ( 'NONE', ( #10093 ), #6709, .T. ) ;
#3451 = CARTESIAN_POINT ( 'NONE',  ( 35.49999999999999300, -1.000000000000005100, 1.500000000000000000 ) ) ;
#3452 = CARTESIAN_POINT ( 'NONE',  ( 5.393968951792283300, 12.74344776061612400, 7.413944776376546000 ) ) ;
#3453 = VERTEX_POINT ( 'NONE', #6800 ) ;
#3454 = EDGE_CURVE ( 'NONE', #4380, #8899, #5276, .T. ) ;
#3455 = EDGE_CURVE ( 'NONE', #340, #10910, #9285, .T. ) ;
#3456 = ORIENTED_EDGE ( 'NONE', *, *, #4444, .F. ) ;
#3457 = VECTOR ( 'NONE', #10490, 1000.000000000000000 ) ;
#3458 = LINE ( 'NONE', #311, #3822 ) ;
#3459 = DIRECTION ( 'NONE',  ( -0.0000000000000000000, -0.0000000000000000000, -1.000000000000000000 ) ) ;
#3460 = CARTESIAN_POINT ( 'NONE',  ( 10.05099310571756100, -7.134304218967535000, 0.1000000000000000100 ) ) ;
#3461 = ORIENTED_EDGE ( 'NONE', *, *, #6363, .T. ) ;
#3462 = CARTESIAN_POINT ( 'NONE',  ( 11.36519782525624600, -2.464476783572199500, -0.0000000000000000000 ) ) ;
#3463 = VERTEX_POINT ( 'NONE', #10594 ) ;
#3464 = CARTESIAN_POINT ( 'NONE',  ( 10.03831244620241100, -7.357142955774571100, -0.0000000000000000000 ) ) ;
#3465 = AXIS2_PLACEMENT_3D ( 'NONE', #1591, #7911, #2545 ) ;
#3466 = EDGE_CURVE ( 'NONE', #5293, #11407, #10743, .T. ) ;
#3467 = VECTOR ( 'NONE', #9901, 1000.000000000000000 ) ;
#3468 = EDGE_CURVE ( 'NONE', #6324, #11581, #3333, .T. ) ;
#3469 = VECTOR ( 'NONE', #1424, 1000.000000000000000 ) ;
#3470 = ORIENTED_EDGE ( 'NONE', *, *, #583, .T. ) ;
#3471 = DIRECTION ( 'NONE',  ( -0.7281999926928033300, 0.6853646990049905300, 0.0000000000000000000 ) ) ;
#3472 = CARTESIAN_POINT ( 'NONE',  ( 10.43013289019131100, -2.672268991364406900, -0.0000000000000000000 ) ) ;
#3473 = ORIENTED_EDGE ( 'NONE', *, *, #6363, .F. ) ;
#3474 = DIRECTION ( 'NONE',  ( -0.0000000000000000000, -0.0000000000000000000, -1.000000000000000000 ) ) ;
#3475 = VECTOR ( 'NONE', #11088, 1000.000000000000000 ) ;
#3476 = CARTESIAN_POINT ( 'NONE',  ( 9.999728315902970600, -7.338397246058867100, 0.0000000000000000000 ) ) ;
#3477 = DIRECTION ( 'NONE',  ( 1.000000000000000000, -8.163404592832049300E-015, 0.0000000000000000000 ) ) ;
#3478 = VECTOR ( 'NONE', #4829, 1000.000000000000000 ) ;
#3479 = ADVANCED_FACE ( 'NONE', ( #10291 ), #7483, .T. ) ;
#3480 = CARTESIAN_POINT ( 'NONE',  ( 11.37852171086348600, -1.726312938016489200, 0.0000000000000000000 ) ) ;
#3481 = CARTESIAN_POINT ( 'NONE',  ( 11.05652393913494800, -8.487645353415221200, -0.0000000000000000000 ) ) ;
#3482 = ORIENTED_EDGE ( 'NONE', *, *, #5697, .F. ) ;
#3483 = VERTEX_POINT ( 'NONE', #6056 ) ;
#3484 = AXIS2_PLACEMENT_3D ( 'NONE', #486, #10243, #2953 ) ;
#3485 = CARTESIAN_POINT ( 'NONE',  ( 8.200000000000008200, 8.957317253416649200, 33.81103081370217500 ) ) ;
#3486 = LINE ( 'NONE', #4864, #3407 ) ;
#3487 = CARTESIAN_POINT ( 'NONE',  ( 0.9295475300359314900, -8.000000000000000000, 5.000000000000000000 ) ) ;
#3488 = AXIS2_PLACEMENT_3D ( 'NONE', #5012, #2678, #7738 ) ;
#3489 = LINE ( 'NONE', #304, #3475 ) ;
#3490 = LINE ( 'NONE', #8604, #9564 ) ;
#3491 = EDGE_LOOP ( 'NONE', ( #8325, #7561, #8120, #3650 ) ) ;
#3492 = ORIENTED_EDGE ( 'NONE', *, *, #6160, .T. ) ;
#3493 = DIRECTION ( 'NONE',  ( 0.0000000000000000000, -1.000000000000000000, 0.0000000000000000000 ) ) ;
#3494 = ORIENTED_EDGE ( 'NONE', *, *, #8978, .T. ) ;
#3495 = CARTESIAN_POINT ( 'NONE',  ( 11.67129483595693200, -7.770282146187519800, 0.1000000000000000100 ) ) ;
#3496 = VECTOR ( 'NONE', #286, 1000.000000000000000 ) ;
#3497 = CARTESIAN_POINT ( 'NONE',  ( 11.42914669908402200, -7.946957204093248400, -1.355252715606880500E-017 ) ) ;
#3498 = LINE ( 'NONE', #7867, #5161 ) ;
#3499 = EDGE_LOOP ( 'NONE', ( #5244, #3674, #8887, #10077 ) ) ;
#3500 = AXIS2_PLACEMENT_3D ( 'NONE', #8265, #2898, #9158 ) ;
#3501 = DIRECTION ( 'NONE',  ( 8.410780489584531100E-015, 1.000000000000000000, 0.0000000000000000000 ) ) ;
#3502 = VERTEX_POINT ( 'NONE', #9570 ) ;
#3503 = CARTESIAN_POINT ( 'NONE',  ( 10.35977848042690000, -9.038347052606848600, 0.0000000000000000000 ) ) ;
#3504 = EDGE_LOOP ( 'NONE', ( #1950, #9915, #5675, #9736 ) ) ;
#3505 = LINE ( 'NONE', #269, #3478 ) ;
#3506 = ORIENTED_EDGE ( 'NONE', *, *, #7586, .T. ) ;
#3507 = CARTESIAN_POINT ( 'NONE',  ( 9.744418604477024500, -1.601165095260511200, 0.1000000000000000100 ) ) ;
#3508 = CARTESIAN_POINT ( 'NONE',  ( 10.97419243850198500, -6.794464220348476000, 0.0000000000000000000 ) ) ;
#3509 = CARTESIAN_POINT ( 'NONE',  ( 11.16474235180804800, -8.576763565546826800, 0.1000000000000000100 ) ) ;
#3510 = ORIENTED_EDGE ( 'NONE', *, *, #5403, .F. ) ;
#3511 = CARTESIAN_POINT ( 'NONE',  ( 44.50000000000000000, -18.79999999999999400, -2.154065922853804200 ) ) ;
#3512 = CARTESIAN_POINT ( 'NONE',  ( 12.89929005983225700, -8.957317253416651000, 3.099999999999999600 ) ) ;
#3513 = ORIENTED_EDGE ( 'NONE', *, *, #801, .F. ) ;
#3514 = CARTESIAN_POINT ( 'NONE',  ( 11.38455124687135200, -1.666230829419362000, 0.0000000000000000000 ) ) ;
#3515 = CARTESIAN_POINT ( 'NONE',  ( 11.21974327980169900, -8.757983277078695400, 0.0000000000000000000 ) ) ;
#3516 = FACE_OUTER_BOUND ( 'NONE', #8644, .T. ) ;
#3517 = DIRECTION ( 'NONE',  ( -0.0000000000000000000, -0.0000000000000000000, -1.000000000000000000 ) ) ;
#3518 = VERTEX_POINT ( 'NONE', #5781 ) ;
#3519 = LINE ( 'NONE', #9042, #5802 ) ;
#3520 = CARTESIAN_POINT ( 'NONE',  ( 9.244645029916135600, 4.777092958867349600, 0.1000000000000000100 ) ) ;
#3521 = DIRECTION ( 'NONE',  ( 0.0000000000000000000, 0.0000000000000000000, 1.000000000000000000 ) ) ;
#3522 = CARTESIAN_POINT ( 'NONE',  ( 33.87715070637717900, -21.50000000000000000, 7.099999999999999600 ) ) ;
#3523 = ORIENTED_EDGE ( 'NONE', *, *, #4504, .F. ) ;
#3524 = AXIS2_PLACEMENT_3D ( 'NONE', #4189, #10467, #5125 ) ;
#3525 = CARTESIAN_POINT ( 'NONE',  ( 11.13659185970748500, -8.976929930007887700, 1.355252715606880500E-017 ) ) ;
#3526 = EDGE_CURVE ( 'NONE', #1747, #7568, #1922, .T. ) ;
#3527 = ORIENTED_EDGE ( 'NONE', *, *, #2413, .F. ) ;
#3528 = EDGE_CURVE ( 'NONE', #7965, #9746, #10811, .T. ) ;
#3529 = DIRECTION ( 'NONE',  ( -1.000000000000000000, 1.084202172485506800E-014, -0.0000000000000000000 ) ) ;
#3530 = DIRECTION ( 'NONE',  ( -0.0000000000000000000, 1.000000000000000000, -0.0000000000000000000 ) ) ;
#3531 = ORIENTED_EDGE ( 'NONE', *, *, #1741, .F. ) ;
#3532 = CIRCLE ( 'NONE', #919, 0.5000000000000004400 ) ;
#3533 = DIRECTION ( 'NONE',  ( 0.6853646990049906400, 0.7281999926928031100, -0.0000000000000000000 ) ) ;
#3534 = FACE_OUTER_BOUND ( 'NONE', #5248, .T. ) ;
#3535 = CARTESIAN_POINT ( 'NONE',  ( 11.42914669908402200, -7.946957204093248400, 0.1000000000000000100 ) ) ;
#3536 = ADVANCED_FACE ( 'NONE', ( #2467 ), #11214, .F. ) ;
#3537 = CARTESIAN_POINT ( 'NONE',  ( 10.69735246632516600, -9.070373652905216100, 1.355252715606880500E-017 ) ) ;
#3538 = EDGE_LOOP ( 'NONE', ( #11339, #1807, #4409, #11097, #11662, #1727, #7243, #3624, #11142, #5744, #7495 ) ) ;
#3539 = CARTESIAN_POINT ( 'NONE',  ( 11.12759916371445400, -6.402221333619956500, 0.1000000000000000100 ) ) ;
#3540 = EDGE_CURVE ( 'NONE', #7104, #7612, #6025, .T. ) ;
#3541 = CARTESIAN_POINT ( 'NONE',  ( 10.22420429901560900, -1.265361847411820000, 0.1000000000000000100 ) ) ;
#3542 = LINE ( 'NONE', #524, #2709 ) ;
#3543 = VERTEX_POINT ( 'NONE', #8321 ) ;
#3544 = LINE ( 'NONE', #11514, #3044 ) ;
#3545 = LINE ( 'NONE', #1986, #5530 ) ;
#3546 = CARTESIAN_POINT ( 'NONE',  ( 11.38558017021820700, -1.585569194130629400, 0.1000000000000000100 ) ) ;
#3547 = CARTESIAN_POINT ( 'NONE',  ( 11.00720079857645000, -6.756418227581371600, -0.0000000000000000000 ) ) ;
#3548 = DIRECTION ( 'NONE',  ( -0.7281999926928032200, 0.6853646990049907500, 0.0000000000000000000 ) ) ;
#3549 = ORIENTED_EDGE ( 'NONE', *, *, #10702, .T. ) ;
#3550 = CARTESIAN_POINT ( 'NONE',  ( 10.97914287228286900, -6.519180162154624400, 0.1000000000000000100 ) ) ;
#3551 = PLANE ( 'NONE',  #7222 ) ;
#3552 = EDGE_CURVE ( 'NONE', #10340, #4944, #10228, .T. ) ;
#3553 = AXIS2_PLACEMENT_3D ( 'NONE', #9730, #11368, #6742 ) ;
#3554 = VECTOR ( 'NONE', #1115, 1000.000000000000000 ) ;
#3555 = ORIENTED_EDGE ( 'NONE', *, *, #10906, .F. ) ;
#3556 = FACE_OUTER_BOUND ( 'NONE', #8738, .T. ) ;
#3557 = CARTESIAN_POINT ( 'NONE',  ( 11.16594593169483900, -1.797119714964525700, 0.1000000000000000100 ) ) ;
#3558 = CARTESIAN_POINT ( 'NONE',  ( 11.85464502991613000, 4.777092958867322100, 0.0000000000000000000 ) ) ;
#3559 = ORIENTED_EDGE ( 'NONE', *, *, #9680, .F. ) ;
#3560 = EDGE_CURVE ( 'NONE', #11105, #10713, #2666, .T. ) ;
#3561 = CYLINDRICAL_SURFACE ( 'NONE', #11403, 1.000000000000000900 ) ;
#3562 = VECTOR ( 'NONE', #10949, 1000.000000000000100 ) ;
#3563 = AXIS2_PLACEMENT_3D ( 'NONE', #9240, #8310, #2056 ) ;
#3564 = ORIENTED_EDGE ( 'NONE', *, *, #10620, .T. ) ;
#3565 = ORIENTED_EDGE ( 'NONE', *, *, #3658, .T. ) ;
#3566 = VERTEX_POINT ( 'NONE', #2076 ) ;
#3567 = DIRECTION ( 'NONE',  ( 1.000000000000000000, 0.0000000000000000000, 0.0000000000000000000 ) ) ;
#3568 = DIRECTION ( 'NONE',  ( -0.0000000000000000000, -0.0000000000000000000, -1.000000000000000000 ) ) ;
#3569 = CARTESIAN_POINT ( 'NONE',  ( 10.02920627283729400, -7.117275843327607100, 0.1000000000000000100 ) ) ;
#3570 = CARTESIAN_POINT ( 'NONE',  ( 11.39782176871888500, -7.949598989013074900, -1.355252715606880500E-017 ) ) ;
#3571 = CARTESIAN_POINT ( 'NONE',  ( 10.52875706227711000, -8.921257739824946900, 0.1000000000000000100 ) ) ;
#3572 = VECTOR ( 'NONE', #7319, 999.9999999999998900 ) ;
#3573 = CARTESIAN_POINT ( 'NONE',  ( 9.765197825256244400, -5.332009251104667100, 0.1000000000000000100 ) ) ;
#3574 = CIRCLE ( 'NONE', #9015, 1.000000000000000900 ) ;
#3575 = CARTESIAN_POINT ( 'NONE',  ( 11.05837964343806400, -4.293048212143627800, 0.1000000000000000100 ) ) ;
#3576 = ORIENTED_EDGE ( 'NONE', *, *, #7053, .F. ) ;
#3577 = ORIENTED_EDGE ( 'NONE', *, *, #5631, .F. ) ;
#3578 = CARTESIAN_POINT ( 'NONE',  ( 9.244645029916155100, 6.667092958867347500, 0.1000000000000000100 ) ) ;
#3579 = CARTESIAN_POINT ( 'NONE',  ( 47.10000000000000100, -25.50000000000000000, 0.0000000000000000000 ) ) ;
#3580 = FACE_OUTER_BOUND ( 'NONE', #6434, .T. ) ;
#3581 = LINE ( 'NONE', #310, #3342 ) ;
#3582 = CARTESIAN_POINT ( 'NONE',  ( 10.33100760701850600, -8.659034518026164300, 0.1000000000000000100 ) ) ;
#3583 = CARTESIAN_POINT ( 'NONE',  ( 10.02920627283729400, -7.117275843327607100, 0.0000000000000000000 ) ) ;
#3584 = ORIENTED_EDGE ( 'NONE', *, *, #6075, .F. ) ;
#3585 = CARTESIAN_POINT ( 'NONE',  ( 11.05837964343806400, -4.293048212143627800, -0.0000000000000000000 ) ) ;
#3586 = CARTESIAN_POINT ( 'NONE',  ( 11.04468961987063300, -1.930091611063125200, 1.355252715606880500E-017 ) ) ;
#3587 = B_SPLINE_CURVE_WITH_KNOTS ( 'NONE', 3,
 ( #217, #3449, #117, #8953, #10704, #9312, #7705, #7573, #8880, #7295, #6721, #2730, #2214, #7557, #5555, #11123, #4608, #5736, #1837 ),
 .UNSPECIFIED., .F., .F.,
 ( 4, 1, 1, 1, 1, 1, 1, 1, 1, 1, 1, 1, 1, 1, 1, 1, 4 ),
 ( 0.0000000000000000000, 0.07137457145977087200, 0.1392474491060188800, 0.2046060820978509200, 0.2676027319561075600, 0.3284481328511196200, 0.3884471317984230000, 0.4479821916005573600, 0.5073694247918964000, 0.5666246472759952600, 0.6257394543435818000, 0.6847378962314342200, 0.7444980218687281500, 0.8052316892840698500, 0.8680314205330778000, 0.9327956038188086600, 1.000000000000000000 ),
 .UNSPECIFIED. ) ;
#3588 = ORIENTED_EDGE ( 'NONE', *, *, #2704, .F. ) ;
#3589 = CARTESIAN_POINT ( 'NONE',  ( 10.40311533864643000, -7.345888124055489000, 0.1000000000000000100 ) ) ;
#3590 = LINE ( 'NONE', #561, #3610 ) ;
#3591 = LINE ( 'NONE', #3335, #6545 ) ;
#3592 = EDGE_CURVE ( 'NONE', #7986, #3644, #6872, .T. ) ;
#3593 = EDGE_CURVE ( 'NONE', #1124, #6874, #8421, .T. ) ;
#3594 = DIRECTION ( 'NONE',  ( 1.000000000000000000, 0.0000000000000000000, 0.0000000000000000000 ) ) ;
#3595 = EDGE_LOOP ( 'NONE', ( #9568, #4930, #10821, #9836 ) ) ;
#3596 = ADVANCED_FACE ( 'NONE', ( #8795 ), #9602, .T. ) ;
#3597 = VERTEX_POINT ( 'NONE', #1805 ) ;
#3598 = CARTESIAN_POINT ( 'NONE',  ( 11.85464502991614900, 6.667092958867320000, 0.1000000000000000100 ) ) ;
#3599 = VECTOR ( 'NONE', #9692, 1000.000000000000000 ) ;
#3600 = CARTESIAN_POINT ( 'NONE',  ( 3.559173988450535100E-015, -12.50000000000000000, 8.099999999999999600 ) ) ;
#3601 = VECTOR ( 'NONE', #10845, 1000.000000000000000 ) ;
#3602 = CARTESIAN_POINT ( 'NONE',  ( 10.15054865221738600, -7.176654213671236300, 0.1000000000000000100 ) ) ;
#3603 = CARTESIAN_POINT ( 'NONE',  ( 11.39782176871888500, -7.949598989013074900, 0.1000000000000000100 ) ) ;
#3604 = CARTESIAN_POINT ( 'NONE',  ( 10.49247055252897300, -8.757333926429343100, 1.355252715606880500E-017 ) ) ;
#3605 = ORIENTED_EDGE ( 'NONE', *, *, #10557, .T. ) ;
#3606 = VERTEX_POINT ( 'NONE', #3290 ) ;
#3607 = EDGE_CURVE ( 'NONE', #6645, #9682, #642, .T. ) ;
#3608 = EDGE_CURVE ( 'NONE', #202, #7035, #11370, .T. ) ;
#3609 = VECTOR ( 'NONE', #11346, 1000.000000000000000 ) ;
#3610 = VECTOR ( 'NONE', #1447, 1000.000000000000000 ) ;
#3611 = FACE_OUTER_BOUND ( 'NONE', #881, .T. ) ;
#3612 = EDGE_CURVE ( 'NONE', #6506, #6350, #353, .T. ) ;
#3613 = EDGE_CURVE ( 'NONE', #474, #2879, #6259, .T. ) ;
#3614 = CARTESIAN_POINT ( 'NONE',  ( 11.21346033640461400, -8.828871588529628100, -0.0000000000000000000 ) ) ;
#3615 = ORIENTED_EDGE ( 'NONE', *, *, #1809, .F. ) ;
#3616 = ORIENTED_EDGE ( 'NONE', *, *, #11650, .F. ) ;
#3617 = CARTESIAN_POINT ( 'NONE',  ( 11.19896405902248100, -1.633957303052719000, 0.0000000000000000000 ) ) ;
#3618 = VECTOR ( 'NONE', #11063, 1000.000000000000000 ) ;
#3619 = FACE_OUTER_BOUND ( 'NONE', #6826, .T. ) ;
#3620 = LINE ( 'NONE', #166, #6402 ) ;
#3621 = CARTESIAN_POINT ( 'NONE',  ( 32.49999999999998600, -14.00000000000000000, 5.099999999999999600 ) ) ;
#3622 = ORIENTED_EDGE ( 'NONE', *, *, #14, .T. ) ;
#3623 = CARTESIAN_POINT ( 'NONE',  ( 40.49999999999999300, 16.49999999999999600, 8.099999999999999600 ) ) ;
#3624 = ORIENTED_EDGE ( 'NONE', *, *, #4446, .F. ) ;
#3625 = AXIS2_PLACEMENT_3D ( 'NONE', #11492, #11460, #10721 ) ;
#3626 = DIRECTION ( 'NONE',  ( 1.000000000000000000, 0.0000000000000000000, -0.0000000000000000000 ) ) ;
#3627 = CARTESIAN_POINT ( 'NONE',  ( 10.38536113951192000, -8.548299815818902300, 0.0000000000000000000 ) ) ;
#3628 = AXIS2_PLACEMENT_3D ( 'NONE', #8395, #9080, #8501 ) ;
#3629 = VERTEX_POINT ( 'NONE', #4720 ) ;
#3630 = LINE ( 'NONE', #6592, #3618 ) ;
#3631 = CARTESIAN_POINT ( 'NONE',  ( 10.17686910332160500, -1.903210317436061700, -0.0000000000000000000 ) ) ;
#3632 = VECTOR ( 'NONE', #8607, 1000.000000000000000 ) ;
#3633 = CARTESIAN_POINT ( 'NONE',  ( 9.962981374332322600, -7.315618928297491900, -0.0000000000000000000 ) ) ;
#3634 = ORIENTED_EDGE ( 'NONE', *, *, #11158, .F. ) ;
#3635 = CARTESIAN_POINT ( 'NONE',  ( 39.99999999999999300, 19.50000000000000000, 2.700000000000000200 ) ) ;
#3636 = CARTESIAN_POINT ( 'NONE',  ( 33.49999999999999300, 21.00000000000000000, 8.099999999999999600 ) ) ;
#3637 = DIRECTION ( 'NONE',  ( 0.0000000000000000000, -1.000000000000000000, 0.0000000000000000000 ) ) ;
#3638 = DIRECTION ( 'NONE',  ( 1.000000000000000000, 0.0000000000000000000, 0.0000000000000000000 ) ) ;
#3639 = CARTESIAN_POINT ( 'NONE',  ( 10.74863938369780300, -6.778762497857916200, 0.1000000000000000100 ) ) ;
#3640 = CARTESIAN_POINT ( 'NONE',  ( 10.09826106814322900, -7.160631799208698700, 0.0000000000000000000 ) ) ;
#3641 = CARTESIAN_POINT ( 'NONE',  ( 11.37624257420694500, -7.949990622090827400, -1.355252715606880500E-017 ) ) ;
#3642 = CARTESIAN_POINT ( 'NONE',  ( 43.68251492603761200, -4.349954654103710200, 0.0000000000000000000 ) ) ;
#3643 = CARTESIAN_POINT ( 'NONE',  ( 33.87715070637717900, -21.50000000000000000, 0.0000000000000000000 ) ) ;
#3644 = VERTEX_POINT ( 'NONE', #7109 ) ;
#3645 = AXIS2_PLACEMENT_3D ( 'NONE', #484, #6857, #1426 ) ;
#3646 = CARTESIAN_POINT ( 'NONE',  ( 36.99999999999999300, 15.00000000000000000, 8.099999999999999600 ) ) ;
#3647 = EDGE_LOOP ( 'NONE', ( #8403, #817, #4918, #9061, #8116, #5401, #9900, #2728 ) ) ;
#3648 = LINE ( 'NONE', #5867, #8097 ) ;
#3649 = EDGE_CURVE ( 'NONE', #7374, #4902, #10344, .T. ) ;
#3650 = ORIENTED_EDGE ( 'NONE', *, *, #1388, .T. ) ;
#3651 = CARTESIAN_POINT ( 'NONE',  ( 44.50000000000000000, 10.15004534589628300, 8.099999999999999600 ) ) ;
#3652 = CARTESIAN_POINT ( 'NONE',  ( 11.18722822392984600, -1.528805082184967700, 0.1000000000000000100 ) ) ;
#3653 = ADVANCED_FACE ( 'NONE', ( #10482 ), #3866, .F. ) ;
#3654 = CARTESIAN_POINT ( 'NONE',  ( 10.88102803631567500, -9.092537671883741600, 0.0000000000000000000 ) ) ;
#3655 = VERTEX_POINT ( 'NONE', #7498 ) ;
#3656 = ORIENTED_EDGE ( 'NONE', *, *, #11209, .T. ) ;
#3657 = VECTOR ( 'NONE', #8893, 1000.000000000000000 ) ;
#3658 = EDGE_CURVE ( 'NONE', #3655, #9623, #3410, .T. ) ;
#3659 = EDGE_CURVE ( 'NONE', #4107, #251, #4826, .T. ) ;
#3660 = DIRECTION ( 'NONE',  ( 1.000000000000000000, -0.0000000000000000000, 0.0000000000000000000 ) ) ;
#3661 = PLANE ( 'NONE',  #9032 ) ;
#3662 = VERTEX_POINT ( 'NONE', #2012 ) ;
#3663 = CARTESIAN_POINT ( 'NONE',  ( 11.38597704603546700, -1.604087173182589000, 0.0000000000000000000 ) ) ;
#3664 = B_SPLINE_CURVE_WITH_KNOTS ( 'NONE', 3,
 ( #10749, #10846, #10739, #7896, #9188, #3128, #3776, #10561, #11051, #3388, #6261, #8535, #10588, #6129, #6060 ),
 .UNSPECIFIED., .F., .F.,
 ( 4, 1, 1, 1, 1, 1, 1, 1, 1, 1, 1, 1, 4 ),
 ( 0.0000000000000000000, 0.1439336920162156400, 0.2844931007466453000, 0.4212208197796242200, 0.5550616576505015300, 0.6194043248097695900, 0.6803199411136122700, 0.7387909889420604100, 0.7939329671564634400, 0.8474489269148678400, 0.8993488663162153600, 0.9499485740147198800, 1.000000000000000000 ),
 .UNSPECIFIED. ) ;
#3665 = CARTESIAN_POINT ( 'NONE',  ( 11.19387527155434000, -1.562750137076546600, 0.1000000000000000100 ) ) ;
#3666 = CARTESIAN_POINT ( 'NONE',  ( 10.49247055252897300, -8.757333926429343100, 0.0000000000000000000 ) ) ;
#3667 = CARTESIAN_POINT ( 'NONE',  ( 10.40172520494188100, -8.524760729471921600, -0.0000000000000000000 ) ) ;
#3668 = LINE ( 'NONE', #10314, #3554 ) ;
#3669 = ORIENTED_EDGE ( 'NONE', *, *, #5695, .F. ) ;
#3670 = FACE_OUTER_BOUND ( 'NONE', #7984, .T. ) ;
#3671 = CARTESIAN_POINT ( 'NONE',  ( 10.00022291696406500, -1.822482391473189800, -0.0000000000000000000 ) ) ;
#3672 = FACE_OUTER_BOUND ( 'NONE', #10489, .T. ) ;
#3673 = CARTESIAN_POINT ( 'NONE',  ( 9.927991316637136500, -7.288612186484355600, 0.0000000000000000000 ) ) ;
#3674 = ORIENTED_EDGE ( 'NONE', *, *, #10426, .F. ) ;
#3675 = PLANE ( 'NONE',  #8521 ) ;
#3676 = EDGE_CURVE ( 'NONE', #590, #9282, #11555, .T. ) ;
#3677 = EDGE_CURVE ( 'NONE', #7521, #8459, #4045, .T. ) ;
#3678 = DIRECTION ( 'NONE',  ( -0.6853646990049907500, 0.7281999926928031100, -0.0000000000000000000 ) ) ;
#3679 = DIRECTION ( 'NONE',  ( -1.000000000000000000, 7.228014483236689700E-017, 0.0000000000000000000 ) ) ;
#3680 = CARTESIAN_POINT ( 'NONE',  ( 10.72400008215088700, -1.888973846905299000, 0.1000000000000000100 ) ) ;
#3681 = CARTESIAN_POINT ( 'NONE',  ( 9.765197825256244400, -4.085256004351419900, -0.0000000000000000000 ) ) ;
#3682 = CARTESIAN_POINT ( 'NONE',  ( 6.849614011047666700, 7.999999999999996400, 1.000000000000000900 ) ) ;
#3683 = CARTESIAN_POINT ( 'NONE',  ( 11.37624257420694500, -7.949990622090827400, 0.1000000000000000100 ) ) ;
#3684 = VECTOR ( 'NONE', #11591, 1000.000000000000000 ) ;
#3685 = ORIENTED_EDGE ( 'NONE', *, *, #9036, .F. ) ;
#3686 = LINE ( 'NONE', #5775, #7502 ) ;
#3687 = ADVANCED_FACE ( 'NONE', ( #8031 ), #7581, .F. ) ;
#3688 = CARTESIAN_POINT ( 'NONE',  ( 9.950320037445239400, -6.765793739731549300, -1.355252715606880500E-017 ) ) ;
#3689 = DIRECTION ( 'NONE',  ( 1.000000000000000000, 0.0000000000000000000, -0.0000000000000000000 ) ) ;
#3690 = ORIENTED_EDGE ( 'NONE', *, *, #4716, .F. ) ;
#3691 = EDGE_CURVE ( 'NONE', #10576, #5890, #4445, .T. ) ;
#3692 = DIRECTION ( 'NONE',  ( 1.030199765426842000E-014, 1.000000000000000000, -0.0000000000000000000 ) ) ;
#3693 = ORIENTED_EDGE ( 'NONE', *, *, #4940, .T. ) ;
#3694 = CARTESIAN_POINT ( 'NONE',  ( 10.17915886421728500, -2.111230030325446500, 0.1000000000000000100 ) ) ;
#3695 = DIRECTION ( 'NONE',  ( -0.0000000000000000000, -0.0000000000000000000, 1.000000000000000000 ) ) ;
#3696 = VECTOR ( 'NONE', #502, 1000.000000000000000 ) ;
#3697 = CARTESIAN_POINT ( 'NONE',  ( 10.76598013258833900, -9.087949307932198900, 0.1000000000000000100 ) ) ;
#3698 = CIRCLE ( 'NONE', #4567, 1.749999999999999800 ) ;
#3699 = CARTESIAN_POINT ( 'NONE',  ( 12.89929005983225700, -8.957317253416649200, 33.81103081370217500 ) ) ;
#3700 = EDGE_LOOP ( 'NONE', ( #2098, #9347, #9357, #9349, #7158, #8799, #8457, #4783, #5465, #10022 ) ) ;
#3701 = CARTESIAN_POINT ( 'NONE',  ( 37.00000000000000700, -18.99999999999999600, 8.099999999999999600 ) ) ;
#3702 = EDGE_LOOP ( 'NONE', ( #1651, #3482, #8474, #7397 ) ) ;
#3703 = VERTEX_POINT ( 'NONE', #9975 ) ;
#3704 = CARTESIAN_POINT ( 'NONE',  ( 9.894629490969222700, -7.258063664395650400, -0.0000000000000000000 ) ) ;
#3705 = PLANE ( 'NONE',  #4677 ) ;
#3706 = CARTESIAN_POINT ( 'NONE',  ( 39.99999999999999300, 10.49999999999999600, 8.099999999999999600 ) ) ;
#3707 = ORIENTED_EDGE ( 'NONE', *, *, #7492, .T. ) ;
#3708 = VECTOR ( 'NONE', #6421, 1000.000000000000100 ) ;
#3709 = CARTESIAN_POINT ( 'NONE',  ( 9.894629490969222700, -7.258063664395650400, 0.1000000000000000100 ) ) ;
#3710 = DIRECTION ( 'NONE',  ( -0.0000000000000000000, -0.0000000000000000000, -1.000000000000000000 ) ) ;
#3711 = CARTESIAN_POINT ( 'NONE',  ( 10.84571730577572500, -1.217723536818952500, 0.1000000000000000100 ) ) ;
#3712 = CARTESIAN_POINT ( 'NONE',  ( 10.41000302006144000, -8.512853406948824600, 0.0000000000000000000 ) ) ;
#3713 = ORIENTED_EDGE ( 'NONE', *, *, #5967, .F. ) ;
#3714 = CARTESIAN_POINT ( 'NONE',  ( 10.45061114560587100, -1.578659864111118200, 4.065758146820641600E-017 ) ) ;
#3715 = EDGE_LOOP ( 'NONE', ( #1627, #9878, #10878, #4339 ) ) ;
#3716 = CARTESIAN_POINT ( 'NONE',  ( 9.864267016961004900, -7.223525817118083800, 0.0000000000000000000 ) ) ;
#3717 = LINE ( 'NONE', #928, #7741 ) ;
#3718 = AXIS2_PLACEMENT_3D ( 'NONE', #5594, #10071, #1565 ) ;
#3719 = VECTOR ( 'NONE', #1303, 1000.000000000000000 ) ;
#3720 = CARTESIAN_POINT ( 'NONE',  ( 10.82925883723644500, -9.092687489869115700, -0.0000000000000000000 ) ) ;
#3721 = CARTESIAN_POINT ( 'NONE',  ( 10.05876033050076000, -1.872135864336492300, 1.355252715606880500E-017 ) ) ;
#3722 = AXIS2_PLACEMENT_3D ( 'NONE', #6480, #10783, #10761 ) ;
#3723 = DIRECTION ( 'NONE',  ( 8.163404592832041500E-015, 1.000000000000000000, -0.0000000000000000000 ) ) ;
#3724 = DIRECTION ( 'NONE',  ( -0.4739549207089752100, 0.8805491088722702300, 0.0000000000000000000 ) ) ;
#3725 = DIRECTION ( 'NONE',  ( -1.000000000000000000, 0.0000000000000000000, 0.0000000000000000000 ) ) ;
#3726 = ORIENTED_EDGE ( 'NONE', *, *, #1610, .T. ) ;
#3727 = CARTESIAN_POINT ( 'NONE',  ( 10.07907517030712300, -6.613165638641662600, 0.1000000000000000100 ) ) ;
#3728 = CARTESIAN_POINT ( 'NONE',  ( 13.64169637919543400, 8.000000000000076400, 8.099999999999999600 ) ) ;
#3729 = ORIENTED_EDGE ( 'NONE', *, *, #3246, .F. ) ;
#3730 = CARTESIAN_POINT ( 'NONE',  ( 7.048445366811458600, 14.50132895157399700, 2.999999999999999100 ) ) ;
#3731 = FACE_OUTER_BOUND ( 'NONE', #5833, .T. ) ;
#3732 = VECTOR ( 'NONE', #6722, 1000.000000000000000 ) ;
#3733 = ORIENTED_EDGE ( 'NONE', *, *, #8910, .T. ) ;
#3734 = CARTESIAN_POINT ( 'NONE',  ( 9.774806897976574800, -1.801764838866037900, 1.355252715606880500E-017 ) ) ;
#3735 = CARTESIAN_POINT ( 'NONE',  ( 10.87533232739400400, -1.964802242913837400, 0.0000000000000000000 ) ) ;
#3736 = B_SPLINE_CURVE_WITH_KNOTS ( 'NONE', 3,
 ( #7139, #7605, #6949, #6821, #6776, #6708, #6621, #6558, #6505, #6446, #6394, #6329, #6316, #6296, #6245, #5981, #5966, #5931, #5913 ),
 .UNSPECIFIED., .F., .F.,
 ( 4, 1, 1, 1, 1, 1, 1, 1, 1, 1, 1, 1, 1, 1, 1, 1, 4 ),
 ( 0.0000000000000000000, 0.06569257862171987200, 0.1296385243031882000, 0.1919177375969918800, 0.2527934416358043100, 0.3137573236582782400, 0.3745055579052819500, 0.4357765086534037300, 0.4986219823668496300, 0.5612072432159260800, 0.6220829472547400000, 0.6827516570766679600, 0.7429534395703788500, 0.8044238261286140700, 0.8673071575872025600, 0.9320814093553084800, 1.000000000000000000 ),
 .UNSPECIFIED. ) ;
#3737 = ORIENTED_EDGE ( 'NONE', *, *, #9603, .F. ) ;
#3738 = EDGE_CURVE ( 'NONE', #8365, #6317, #8582, .T. ) ;
#3739 = LINE ( 'NONE', #6312, #5678 ) ;
#3740 = CARTESIAN_POINT ( 'NONE',  ( 9.837628535261355700, -7.185446957282794100, -0.0000000000000000000 ) ) ;
#3741 = LINE ( 'NONE', #7490, #3887 ) ;
#3742 = CARTESIAN_POINT ( 'NONE',  ( 10.19707653622118400, -2.110599986751305200, 0.0000000000000000000 ) ) ;
#3743 = DIRECTION ( 'NONE',  ( -0.7071067811865481300, -0.7071067811865470200, 0.0000000000000000000 ) ) ;
#3744 = VERTEX_POINT ( 'NONE', #10135 ) ;
#3745 = ORIENTED_EDGE ( 'NONE', *, *, #9452, .F. ) ;
#3746 = PLANE ( 'NONE',  #884 ) ;
#3747 = EDGE_CURVE ( 'NONE', #7144, #8838, #5039, .T. ) ;
#3748 = VECTOR ( 'NONE', #6865, 1000.000000000000100 ) ;
#3749 = EDGE_CURVE ( 'NONE', #6322, #8610, #6442, .T. ) ;
#3750 = VECTOR ( 'NONE', #1495, 1000.000000000000000 ) ;
#3751 = CARTESIAN_POINT ( 'NONE',  ( 10.39436669046661200, -1.788973222855343400, 0.1000000000000000100 ) ) ;
#3752 = CARTESIAN_POINT ( 'NONE',  ( 11.05679308728659500, -6.451212106667257200, 0.1000000000000000100 ) ) ;
#3753 = ORIENTED_EDGE ( 'NONE', *, *, #7072, .F. ) ;
#3754 = ORIENTED_EDGE ( 'NONE', *, *, #121, .T. ) ;
#3755 = PLANE ( 'NONE',  #2586 ) ;
#3756 = CARTESIAN_POINT ( 'NONE',  ( 36.49999999999999300, -6.381966011250114900, 8.099999999999999600 ) ) ;
#3757 = PLANE ( 'NONE',  #4175 ) ;
#3758 = LINE ( 'NONE', #557, #3750 ) ;
#3759 = CARTESIAN_POINT ( 'NONE',  ( 10.32516590450707000, -7.374016793644067000, 0.0000000000000000000 ) ) ;
#3760 = LINE ( 'NONE', #6892, #10972 ) ;
#3761 = VECTOR ( 'NONE', #2867, 1000.000000000000000 ) ;
#3762 = CARTESIAN_POINT ( 'NONE',  ( 10.24311990317832500, -6.578762497857916900, -1.355252715606880500E-017 ) ) ;
#3763 = DIRECTION ( 'NONE',  ( 0.0000000000000000000, -0.0000000000000000000, -1.000000000000000000 ) ) ;
#3764 = ORIENTED_EDGE ( 'NONE', *, *, #4430, .T. ) ;
#3765 = ORIENTED_EDGE ( 'NONE', *, *, #10009, .T. ) ;
#3766 = CARTESIAN_POINT ( 'NONE',  ( 47.50000000000000000, -7.849954654103714600, -0.0000000000000000000 ) ) ;
#3767 = ORIENTED_EDGE ( 'NONE', *, *, #10172, .F. ) ;
#3768 = EDGE_CURVE ( 'NONE', #202, #2795, #8467, .T. ) ;
#3769 = EDGE_CURVE ( 'NONE', #1902, #9021, #342, .T. ) ;
#3770 = CARTESIAN_POINT ( 'NONE',  ( 10.22420429901560900, -1.265361847411820000, 1.355252715606880500E-017 ) ) ;
#3771 = CIRCLE ( 'NONE', #3381, 0.5000000000000004400 ) ;
#3772 = ADVANCED_FACE ( 'NONE', ( #10260 ), #2434, .F. ) ;
#3773 = PLANE ( 'NONE',  #6448 ) ;
#3774 = VECTOR ( 'NONE', #1341, 1000.000000000000000 ) ;
#3775 = CARTESIAN_POINT ( 'NONE',  ( 10.26389912395754300, -1.259281978377394100, 0.0000000000000000000 ) ) ;
#3776 = CARTESIAN_POINT ( 'NONE',  ( 10.45124726252410400, -7.088146330104644100, 0.0000000000000000000 ) ) ;
#3777 = CARTESIAN_POINT ( 'NONE',  ( 10.81718621390579700, -1.952488073034433200, 0.0000000000000000000 ) ) ;
#3778 = ORIENTED_EDGE ( 'NONE', *, *, #7810, .T. ) ;
#3779 = CARTESIAN_POINT ( 'NONE',  ( 10.63565237071079000, -1.568372887468303400, 0.0000000000000000000 ) ) ;
#3780 = ORIENTED_EDGE ( 'NONE', *, *, #1359, .T. ) ;
#3781 = DIRECTION ( 'NONE',  ( -1.000000000000000000, 8.260587980841866800E-015, 0.0000000000000000000 ) ) ;
#3782 = ORIENTED_EDGE ( 'NONE', *, *, #11436, .T. ) ;
#3783 = DIRECTION ( 'NONE',  ( 1.000000000000000000, 0.0000000000000000000, 0.0000000000000000000 ) ) ;
#3784 = EDGE_CURVE ( 'NONE', #9909, #6092, #9530, .T. ) ;
#3785 = LINE ( 'NONE', #5734, #3896 ) ;
#3786 = LINE ( 'NONE', #2311, #3341 ) ;
#3787 = ORIENTED_EDGE ( 'NONE', *, *, #9437, .F. ) ;
#3788 = CARTESIAN_POINT ( 'NONE',  ( 11.13603619996276900, -8.293095877952808300, 1.355252715606880500E-017 ) ) ;
#3789 = CARTESIAN_POINT ( 'NONE',  ( 10.26730963415602600, -1.891475859763639600, 4.065758146820641600E-017 ) ) ;
#3790 = VERTEX_POINT ( 'NONE', #896 ) ;
#3791 = VECTOR ( 'NONE', #1584, 1000.000000000000000 ) ;
#3792 = PLANE ( 'NONE',  #2589 ) ;
#3793 = CARTESIAN_POINT ( 'NONE',  ( 10.84534259300365900, -1.960270279909236000, -0.0000000000000000000 ) ) ;
#3794 = CARTESIAN_POINT ( 'NONE',  ( 42.49999999999999300, -17.00000000000000000, -5.385164807134506400 ) ) ;
#3795 = DIRECTION ( 'NONE',  ( -0.0000000000000000000, -0.0000000000000000000, -1.000000000000000000 ) ) ;
#3796 = ORIENTED_EDGE ( 'NONE', *, *, #4394, .T. ) ;
#3797 = FACE_OUTER_BOUND ( 'NONE', #6172, .T. ) ;
#3798 = CARTESIAN_POINT ( 'NONE',  ( 10.00932874583082800, -7.097534358577767000, 0.1000000000000000100 ) ) ;
#3799 = CARTESIAN_POINT ( 'NONE',  ( 10.94117185123027100, -6.835580679676097800, 0.0000000000000000000 ) ) ;
#3800 = CARTESIAN_POINT ( 'NONE',  ( 10.49367214401136100, -8.712608725564843200, 0.0000000000000000000 ) ) ;
#3801 = CARTESIAN_POINT ( 'NONE',  ( 0.7879379035845669500, -7.849539771895425000, -0.0000000000000000000 ) ) ;
#3802 = B_SPLINE_CURVE_WITH_KNOTS ( 'NONE', 3,
 ( #379, #89, #1076, #450, #492, #3317, #7942, #5999, #1552, #6819, #10916, #7135, #2947, #3495, #934 ),
 .UNSPECIFIED., .F., .F.,
 ( 4, 1, 1, 1, 1, 1, 1, 1, 1, 1, 1, 1, 4 ),
 ( 0.0000000000000000000, 0.08407341117269261100, 0.1642623568065252100, 0.2391822639604904200, 0.3093342123912360400, 0.3765711382938792300, 0.4397589397129572100, 0.5005821005511552600, 0.5593101169029934800, 0.6725466888912146100, 0.7823750362058695700, 0.8904935128262597700, 1.000000000000000000 ),
 .UNSPECIFIED. ) ;
#3803 = VERTEX_POINT ( 'NONE', #7600 ) ;
#3804 = AXIS2_PLACEMENT_3D ( 'NONE', #4080, #4967, #11201 ) ;
#3805 = EDGE_CURVE ( 'NONE', #6710, #10498, #1879, .T. ) ;
#3806 = LINE ( 'NONE', #8844, #3467 ) ;
#3807 = VERTEX_POINT ( 'NONE', #6671 ) ;
#3808 = VECTOR ( 'NONE', #8190, 1000.000000000000000 ) ;
#3809 = CARTESIAN_POINT ( 'NONE',  ( 9.931662423628798900, -1.600071577772536100, 1.355252715606880500E-017 ) ) ;
#3810 = VECTOR ( 'NONE', #7385, 1000.000000000000000 ) ;
#3811 = DIRECTION ( 'NONE',  ( 0.0000000000000000000, -1.000000000000000000, -0.0000000000000000000 ) ) ;
#3812 = CARTESIAN_POINT ( 'NONE',  ( 11.36519782525624600, -7.721619640715059200, -0.0000000000000000000 ) ) ;
#3813 = CARTESIAN_POINT ( 'NONE',  ( 11.17818483824325800, -6.599541718637135900, 0.0000000000000000000 ) ) ;
#3814 = ORIENTED_EDGE ( 'NONE', *, *, #11340, .T. ) ;
#3815 = B_SPLINE_CURVE_WITH_KNOTS ( 'NONE', 3,
 ( #11128, #336, #6706, #1280, #7603, #2233, #8509, #3144, #9395, #4050, #10279, #4936, #11173, #5843, #384 ),
 .UNSPECIFIED., .F., .F.,
 ( 4, 1, 1, 1, 1, 1, 1, 1, 1, 1, 1, 1, 4 ),
 ( 0.0000000000000000000, 0.08407341117269261100, 0.1642623568065252100, 0.2391822639604904200, 0.3093342123912360400, 0.3765711382938792300, 0.4397589397129572100, 0.5005821005511552600, 0.5593101169029934800, 0.6725466888912146100, 0.7823750362058695700, 0.8904935128262597700, 1.000000000000000000 ),
 .UNSPECIFIED. ) ;
#3816 = CARTESIAN_POINT ( 'NONE',  ( 44.16534356974573000, 6.147510258116103200, 0.0000000000000000000 ) ) ;
#3817 = CARTESIAN_POINT ( 'NONE',  ( 9.815360256364448000, -7.144057495125363900, 0.0000000000000000000 ) ) ;
#3818 = EDGE_CURVE ( 'NONE', #2266, #703, #5504, .T. ) ;
#3819 = FACE_OUTER_BOUND ( 'NONE', #6067, .T. ) ;
#3820 = EDGE_CURVE ( 'NONE', #11374, #5928, #9313, .T. ) ;
#3821 = VERTEX_POINT ( 'NONE', #11262 ) ;
#3822 = VECTOR ( 'NONE', #7503, 1000.000000000000000 ) ;
#3823 = CARTESIAN_POINT ( 'NONE',  ( 9.912530810469112600, -6.497034319115152300, 0.1000000000000000100 ) ) ;
#3824 = ORIENTED_EDGE ( 'NONE', *, *, #874, .T. ) ;
#3825 = ORIENTED_EDGE ( 'NONE', *, *, #7943, .F. ) ;
#3826 = DIRECTION ( 'NONE',  ( -0.0000000000000000000, -0.0000000000000000000, 1.000000000000000000 ) ) ;
#3827 = DIRECTION ( 'NONE',  ( -0.6853646990049907500, 0.7281999926928031100, 0.0000000000000000000 ) ) ;
#3828 = LINE ( 'NONE', #6254, #1387 ) ;
#3829 = CARTESIAN_POINT ( 'NONE',  ( 9.796594084796215200, -7.099565554590072700, -0.0000000000000000000 ) ) ;
#3830 = ORIENTED_EDGE ( 'NONE', *, *, #5019, .T. ) ;
#3831 = VECTOR ( 'NONE', #6552, 1000.000000000000100 ) ;
#3832 = CC_DESIGN_PERSON_AND_ORGANIZATION_ASSIGNMENT ( #8119, #1317, ( #1988 ) ) ;
#3833 = ADVANCED_FACE ( 'NONE', ( #3053 ), #218, .F. ) ;
#3834 = ORIENTED_EDGE ( 'NONE', *, *, #8254, .F. ) ;
#3835 = EDGE_CURVE ( 'NONE', #5721, #9685, #10147, .T. ) ;
#3836 = EDGE_LOOP ( 'NONE', ( #2843, #5779, #8665, #2700 ) ) ;
#3837 = EDGE_CURVE ( 'NONE', #171, #3882, #8938, .T. ) ;
#3838 = CARTESIAN_POINT ( 'NONE',  ( 10.80352464916892600, -9.091984863855239900, 0.1000000000000000100 ) ) ;
#3839 = CARTESIAN_POINT ( 'NONE',  ( 10.87709696185287500, -9.299676437121430400, 1.355252715606880500E-017 ) ) ;
#3840 = CARTESIAN_POINT ( 'NONE',  ( 10.28629169337090100, -7.382834861029238900, -0.0000000000000000000 ) ) ;
#3841 = DIRECTION ( 'NONE',  ( 1.000000000000000000, 0.0000000000000000000, -0.0000000000000000000 ) ) ;
#3842 = ORIENTED_EDGE ( 'NONE', *, *, #9763, .F. ) ;
#3843 = LINE ( 'NONE', #9883, #4701 ) ;
#3844 = EDGE_CURVE ( 'NONE', #678, #6948, #6115, .T. ) ;
#3845 = CARTESIAN_POINT ( 'NONE',  ( 10.00000000000000000, 14.49804735160447300, 8.099999999999999600 ) ) ;
#3846 = DIRECTION ( 'NONE',  ( -0.9733245051209656900, -0.2294327956745222900, 0.0000000000000000000 ) ) ;
#3847 = VERTEX_POINT ( 'NONE', #3331 ) ;
#3848 = EDGE_CURVE ( 'NONE', #5103, #5986, #4668, .T. ) ;
#3849 = EDGE_LOOP ( 'NONE', ( #6165, #6928, #6409, #9891 ) ) ;
#3850 = DIRECTION ( 'NONE',  ( -1.000000000000000000, 0.0000000000000000000, 0.0000000000000000000 ) ) ;
#3851 = CARTESIAN_POINT ( 'NONE',  ( 11.32396987914643700, -8.485258556451366700, 0.1000000000000000100 ) ) ;
#3852 = CARTESIAN_POINT ( 'NONE',  ( 9.765197825256244400, -4.293048212143627800, 0.1000000000000000100 ) ) ;
#3853 = CARTESIAN_POINT ( 'NONE',  ( 36.99999999999999300, 15.00000000000000000, 5.399999999999999500 ) ) ;
#3854 = DIRECTION ( 'NONE',  ( -1.000000000000000000, -0.0000000000000000000, -0.0000000000000000000 ) ) ;
#3855 = ORIENTED_EDGE ( 'NONE', *, *, #4780, .T. ) ;
#3856 = LINE ( 'NONE', #10113, #9963 ) ;
#3857 = DIRECTION ( 'NONE',  ( -1.000000000000000000, 0.0000000000000000000, 0.0000000000000000000 ) ) ;
#3858 = CARTESIAN_POINT ( 'NONE',  ( 9.782400562072197700, -7.051633475322111300, 0.0000000000000000000 ) ) ;
#3859 = AXIS2_PLACEMENT_3D ( 'NONE', #2077, #5518, #4470 ) ;
#3860 = ORIENTED_EDGE ( 'NONE', *, *, #11513, .T. ) ;
#3861 = CARTESIAN_POINT ( 'NONE',  ( 30.49999999999998600, 2.000000000000000000, 8.099999999999999600 ) ) ;
#3862 = CARTESIAN_POINT ( 'NONE',  ( 8.000000000000007100, -9.157317253416650300, 3.099999999999998800 ) ) ;
#3863 = ORIENTED_EDGE ( 'NONE', *, *, #9854, .F. ) ;
#3864 = FACE_OUTER_BOUND ( 'NONE', #5054, .T. ) ;
#3865 = LINE ( 'NONE', #7278, #6142 ) ;
#3866 = PLANE ( 'NONE',  #9571 ) ;
#3867 = DIRECTION ( 'NONE',  ( -0.3713906763541029400, -0.9284766908852596400, 0.0000000000000000000 ) ) ;
#3868 = PLANE ( 'NONE',  #8673 ) ;
#3869 = ORIENTED_EDGE ( 'NONE', *, *, #1687, .T. ) ;
#3870 = CARTESIAN_POINT ( 'NONE',  ( 10.03793818041945100, -1.857889921572389200, 0.1000000000000000100 ) ) ;
#3871 = ORIENTED_EDGE ( 'NONE', *, *, #6300, .T. ) ;
#3872 = AXIS2_PLACEMENT_3D ( 'NONE', #10661, #7127, #7992 ) ;
#3873 = CARTESIAN_POINT ( 'NONE',  ( 10.00000000000000000, 14.49804735160447300, 6.099999999999999600 ) ) ;
#3874 = DIRECTION ( 'NONE',  ( 0.0000000000000000000, 1.000000000000000000, 0.0000000000000000000 ) ) ;
#3875 = LINE ( 'NONE', #1327, #3886 ) ;
#3876 = DIRECTION ( 'NONE',  ( -1.000000000000000000, 1.103914939257969200E-014, 0.0000000000000000000 ) ) ;
#3877 = CARTESIAN_POINT ( 'NONE',  ( 36.99999999999999300, 14.49999999999999500, 5.399999999999999500 ) ) ;
#3878 = LINE ( 'NONE', #10984, #3831 ) ;
#3879 = CARTESIAN_POINT ( 'NONE',  ( 9.766125689351397900, -6.946242539553809400, 0.1000000000000000100 ) ) ;
#3880 = EDGE_CURVE ( 'NONE', #2595, #5307, #7674, .T. ) ;
#3881 = CARTESIAN_POINT ( 'NONE',  ( 9.766125689351397900, -6.946242539553809400, 0.1000000000000000100 ) ) ;
#3882 = VERTEX_POINT ( 'NONE', #10096 ) ;
#3883 = B_SPLINE_CURVE_WITH_KNOTS ( 'NONE', 3,
 ( #8800, #4260, #2277, #6220, #4400, #575, #11353, #2103, #197, #4436, #211 ),
 .UNSPECIFIED., .F., .F.,
 ( 4, 1, 1, 1, 1, 1, 1, 1, 4 ),
 ( 0.0000000000000000000, 0.1607976150087547500, 0.3102195965544258200, 0.4498380259333032400, 0.5797476245520966100, 0.6987225367143259400, 0.8090360169135396600, 0.9088344906514229700, 1.000000000000000000 ),
 .UNSPECIFIED. ) ;
#3884 = ORIENTED_EDGE ( 'NONE', *, *, #4653, .T. ) ;
#3885 = DIRECTION ( 'NONE',  ( -0.0000000000000000000, 1.000000000000000000, -0.0000000000000000000 ) ) ;
#3886 = VECTOR ( 'NONE', #1082, 1000.000000000000000 ) ;
#3887 = VECTOR ( 'NONE', #5694, 1000.000000000000000 ) ;
#3888 = CARTESIAN_POINT ( 'NONE',  ( 32.49999999999998600, -9.250000000000001800, 7.099999999999999600 ) ) ;
#3889 = EDGE_CURVE ( 'NONE', #1068, #4107, #9484, .T. ) ;
#3890 = CARTESIAN_POINT ( 'NONE',  ( 11.33366125398997100, -1.887132519910252700, 0.1000000000000000100 ) ) ;
#3891 = CARTESIAN_POINT ( 'NONE',  ( 45.00000000000000000, -6.849954654103714600, 4.500000000000000000 ) ) ;
#3892 = ORIENTED_EDGE ( 'NONE', *, *, #9622, .T. ) ;
#3893 = CARTESIAN_POINT ( 'NONE',  ( 10.35977848042690000, -9.038347052606848600, 0.1000000000000000100 ) ) ;
#3894 = ORIENTED_EDGE ( 'NONE', *, *, #4236, .F. ) ;
#3895 = CARTESIAN_POINT ( 'NONE',  ( 9.772569256858172800, -7.000513302254057100, -0.0000000000000000000 ) ) ;
#3896 = VECTOR ( 'NONE', #6629, 1000.000000000000000 ) ;
#3897 = ORIENTED_EDGE ( 'NONE', *, *, #4044, .T. ) ;
#3898 = CARTESIAN_POINT ( 'NONE',  ( 11.37852171086348600, -1.726312938016489200, 0.1000000000000000100 ) ) ;
#3899 = LINE ( 'NONE', #9127, #4307 ) ;
#3900 = ORIENTED_EDGE ( 'NONE', *, *, #6830, .T. ) ;
#3901 = AXIS2_PLACEMENT_3D ( 'NONE', #135, #6504, #1079 ) ;
#3902 = CARTESIAN_POINT ( 'NONE',  ( 32.70722253488646200, -19.22527887210262100, 7.099999999999999600 ) ) ;
#3903 = EDGE_CURVE ( 'NONE', #2603, #2022, #10830, .T. ) ;
#3904 = EDGE_CURVE ( 'NONE', #10418, #251, #8295, .T. ) ;
#3905 = CARTESIAN_POINT ( 'NONE',  ( 10.90026276032118000, -1.009931329026744900, 0.1000000000000000100 ) ) ;
#3906 = LINE ( 'NONE', #5639, #4957 ) ;
#3907 = DIRECTION ( 'NONE',  ( -1.000000000000000000, -5.723576928965326900E-016, 0.0000000000000000000 ) ) ;
#3908 = VECTOR ( 'NONE', #978, 1000.000000000000000 ) ;
#3909 = LINE ( 'NONE', #9595, #9974 ) ;
#3910 = ORIENTED_EDGE ( 'NONE', *, *, #8379, .T. ) ;
#3911 = EDGE_CURVE ( 'NONE', #3502, #11642, #2479, .T. ) ;
#3912 = ORIENTED_EDGE ( 'NONE', *, *, #6778, .F. ) ;
#3913 = CARTESIAN_POINT ( 'NONE',  ( 9.244645029916121400, 3.107092958867349700, 0.1000000000000000100 ) ) ;
#3914 = DIRECTION ( 'NONE',  ( -1.000000000000000000, 0.0000000000000000000, 0.0000000000000000000 ) ) ;
#3915 = VERTEX_POINT ( 'NONE', #9936 ) ;
#3916 = PLANE ( 'NONE',  #6669 ) ;
#3917 = LINE ( 'NONE', #11345, #1611 ) ;
#3918 = CARTESIAN_POINT ( 'NONE',  ( 9.864267016961004900, -7.223525817118083800, 5.421010862427522200E-017 ) ) ;
#3919 = LINE ( 'NONE', #2880, #3791 ) ;
#3920 = CARTESIAN_POINT ( 'NONE',  ( 0.0000000000000000000, -7.000000000000000900, 3.250000000000000000 ) ) ;
#3921 = CARTESIAN_POINT ( 'NONE',  ( 10.80067225686117800, -9.300435498570083200, -0.0000000000000000000 ) ) ;
#3922 = EDGE_LOOP ( 'NONE', ( #5272, #5873, #7856, #9697 ) ) ;
#3923 = DIRECTION ( 'NONE',  ( 0.0000000000000000000, 0.0000000000000000000, -1.000000000000000000 ) ) ;
#3924 = DIRECTION ( 'NONE',  ( -0.0000000000000000000, -0.0000000000000000000, 1.000000000000000000 ) ) ;
#3925 = AXIS2_PLACEMENT_3D ( 'NONE', #3852, #6970, #6539 ) ;
#3926 = VERTEX_POINT ( 'NONE', #7714 ) ;
#3927 = CARTESIAN_POINT ( 'NONE',  ( 0.9295475300359346000, 8.000000000000001800, 5.000000000000000000 ) ) ;
#3928 = LINE ( 'NONE', #11446, #1522 ) ;
#3929 = DIRECTION ( 'NONE',  ( 2.847339190760428500E-016, -1.000000000000000000, 0.0000000000000000000 ) ) ;
#3930 = VERTEX_POINT ( 'NONE', #6431 ) ;
#3931 = LINE ( 'NONE', #2069, #4024 ) ;
#3932 = CARTESIAN_POINT ( 'NONE',  ( 11.85464502991610800, 2.257092958867323000, 0.1000000000000000100 ) ) ;
#3933 = DIRECTION ( 'NONE',  ( -0.0000000000000000000, -0.0000000000000000000, -1.000000000000000000 ) ) ;
#3934 = CARTESIAN_POINT ( 'NONE',  ( 36.99999999999999300, 19.00000000000000000, 5.399999999999999500 ) ) ;
#3935 = ORIENTED_EDGE ( 'NONE', *, *, #10826, .F. ) ;
#3936 = FACE_OUTER_BOUND ( 'NONE', #3499, .T. ) ;
#3937 = AXIS2_PLACEMENT_3D ( 'NONE', #6456, #1818, #10933 ) ;
#3938 = CARTESIAN_POINT ( 'NONE',  ( 10.24311990317832500, -6.578762497857916900, 0.1000000000000000100 ) ) ;
#3939 = DIRECTION ( 'NONE',  ( -0.7281999926928031100, -0.6853646990049907500, 0.0000000000000000000 ) ) ;
#3940 = ORIENTED_EDGE ( 'NONE', *, *, #8462, .T. ) ;
#3941 = LINE ( 'NONE', #4752, #3999 ) ;
#3942 = CARTESIAN_POINT ( 'NONE',  ( 10.62318288017882900, -2.055975756323540800, 0.1000000000000000100 ) ) ;
#3943 = PLANE ( 'NONE',  #1012 ) ;
#3944 = ADVANCED_FACE ( 'NONE', ( #5835 ), #1368, .F. ) ;
#3945 = ORIENTED_EDGE ( 'NONE', *, *, #10469, .F. ) ;
#3946 = ADVANCED_FACE ( 'NONE', ( #5347 ), #102, .F. ) ;
#3947 = DIRECTION ( 'NONE',  ( -1.000000000000000000, 0.0000000000000000000, 0.0000000000000000000 ) ) ;
#3948 = CARTESIAN_POINT ( 'NONE',  ( 10.79095564767769000, -1.941397152430561300, -0.0000000000000000000 ) ) ;
#3949 = DIRECTION ( 'NONE',  ( -1.000000000000000000, -0.0000000000000000000, -0.0000000000000000000 ) ) ;
#3950 = CARTESIAN_POINT ( 'NONE',  ( 10.79820474939269700, -6.717705361854220800, 0.1000000000000000100 ) ) ;
#3951 = CARTESIAN_POINT ( 'NONE',  ( 10.12059713930768700, -7.381845506351312200, 0.1000000000000000100 ) ) ;
#3952 = FACE_BOUND ( 'NONE', #5646, .T. ) ;
#3953 = EDGE_LOOP ( 'NONE', ( #2136, #11285, #10053, #1585 ) ) ;
#3954 = LINE ( 'NONE', #6141, #2396 ) ;
#3955 = DIRECTION ( 'NONE',  ( 1.000000000000000000, -1.030199765426841800E-014, 0.0000000000000000000 ) ) ;
#3956 = VECTOR ( 'NONE', #3846, 1000.000000000000100 ) ;
#3957 = CARTESIAN_POINT ( 'NONE',  ( 10.12059713930768700, -7.381845506351312200, 0.1000000000000000100 ) ) ;
#3958 = CARTESIAN_POINT ( 'NONE',  ( 38.09747745019158300, 8.360238832869926600, 0.0000000000000000000 ) ) ;
#3959 = EDGE_LOOP ( 'NONE', ( #3357, #2135, #5730, #3102 ) ) ;
#3960 = EDGE_CURVE ( 'NONE', #2994, #4865, #3132, .T. ) ;
#3961 = DIRECTION ( 'NONE',  ( 0.0000000000000000000, 1.000000000000000000, 0.0000000000000000000 ) ) ;
#3962 = LINE ( 'NONE', #3315, #5847 ) ;
#3963 = CARTESIAN_POINT ( 'NONE',  ( 10.54490062933192700, -8.949118945362698700, 0.1000000000000000100 ) ) ;
#3964 = VERTEX_POINT ( 'NONE', #3257 ) ;
#3965 = LINE ( 'NONE', #7572, #9872 ) ;
#3966 = CARTESIAN_POINT ( 'NONE',  ( 10.76680961900760300, -1.926954795029682100, 0.0000000000000000000 ) ) ;
#3967 = EDGE_LOOP ( 'NONE', ( #7853, #4715, #7073, #10242 ) ) ;
#3968 = DIRECTION ( 'NONE',  ( -1.000000000000000000, 0.0000000000000000000, 0.0000000000000000000 ) ) ;
#3969 = ORIENTED_EDGE ( 'NONE', *, *, #5949, .F. ) ;
#3970 = AXIS2_PLACEMENT_3D ( 'NONE', #9215, #3867, #10097 ) ;
#3971 = PLANE ( 'NONE',  #10327 ) ;
#3972 = CARTESIAN_POINT ( 'NONE',  ( 10.70532788208660500, -1.865369846721461400, 0.1000000000000000100 ) ) ;
#3973 = EDGE_CURVE ( 'NONE', #4628, #6361, #8661, .T. ) ;
#3974 = EDGE_CURVE ( 'NONE', #10852, #10754, #1460, .T. ) ;
#3975 = CARTESIAN_POINT ( 'NONE',  ( 10.37771636547187800, -2.053118066525754200, 0.1000000000000000100 ) ) ;
#3976 = ORIENTED_EDGE ( 'NONE', *, *, #3974, .T. ) ;
#3977 = VECTOR ( 'NONE', #5252, 1000.000000000000000 ) ;
#3978 = ORIENTED_EDGE ( 'NONE', *, *, #975, .T. ) ;
#3979 = DIRECTION ( 'NONE',  ( 0.0000000000000000000, 0.0000000000000000000, 1.000000000000000000 ) ) ;
#3980 = ORIENTED_EDGE ( 'NONE', *, *, #1593, .F. ) ;
#3981 = EDGE_LOOP ( 'NONE', ( #10342, #1324, #1812, #2216 ) ) ;
#3982 = CARTESIAN_POINT ( 'NONE',  ( 10.61714587720429700, -3.503437822533238300, 0.1000000000000000100 ) ) ;
#3983 = PLANE ( 'NONE',  #11032 ) ;
#3984 = CARTESIAN_POINT ( 'NONE',  ( 9.975118279421797900, -6.713950595137343500, -0.0000000000000000000 ) ) ;
#3985 = FACE_OUTER_BOUND ( 'NONE', #2239, .T. ) ;
#3986 = LINE ( 'NONE', #8293, #4845 ) ;
#3987 = EDGE_CURVE ( 'NONE', #9811, #10842, #8636, .T. ) ;
#3988 = CARTESIAN_POINT ( 'NONE',  ( 11.85464502991615600, 6.907092958867320200, 0.0000000000000000000 ) ) ;
#3989 = CARTESIAN_POINT ( 'NONE',  ( 10.82925883723644500, -9.092687489869115700, 0.1000000000000000100 ) ) ;
#3990 = DIRECTION ( 'NONE',  ( -1.000000000000000000, 0.0000000000000000000, 0.0000000000000000000 ) ) ;
#3991 = EDGE_LOOP ( 'NONE', ( #9918, #8243, #523, #270 ) ) ;
#3992 = CARTESIAN_POINT ( 'NONE',  ( 10.20281737794221600, -6.372832496060768300, 4.065758146820641600E-017 ) ) ;
#3993 = CARTESIAN_POINT ( 'NONE',  ( 10.41000302006144000, -8.512853406948824600, 0.0000000000000000000 ) ) ;
#3994 = VERTEX_POINT ( 'NONE', #7298 ) ;
#3995 = EDGE_CURVE ( 'NONE', #2964, #6705, #9751, .T. ) ;
#3996 = CARTESIAN_POINT ( 'NONE',  ( 10.60267202556122400, -2.031488401460619800, 0.0000000000000000000 ) ) ;
#3997 = LINE ( 'NONE', #1533, #3774 ) ;
#3998 = CARTESIAN_POINT ( 'NONE',  ( 8.000000000000000000, 6.999999999999999100, 8.099999999999997900 ) ) ;
#3999 = VECTOR ( 'NONE', #7417, 1000.000000000000000 ) ;
#4000 = CARTESIAN_POINT ( 'NONE',  ( 0.0000000000000000000, 0.0000000000000000000, 0.1000000000000000100 ) ) ;
#4001 = VERTEX_POINT ( 'NONE', #6727 ) ;
#4002 = DIRECTION ( 'NONE',  ( -0.0000000000000000000, -0.0000000000000000000, 1.000000000000000000 ) ) ;
#4003 = CARTESIAN_POINT ( 'NONE',  ( 10.91853306535760000, -9.087569176411744100, 0.1000000000000000100 ) ) ;
#4004 = DIRECTION ( 'NONE',  ( -0.0000000000000000000, 0.0000000000000000000, -1.000000000000000000 ) ) ;
#4005 = CARTESIAN_POINT ( 'NONE',  ( 10.23055466864901000, -6.579108743176914400, 0.1000000000000000100 ) ) ;
#4006 = ADVANCED_FACE ( 'NONE', ( #4240 ), #7148, .F. ) ;
#4007 = ORIENTED_EDGE ( 'NONE', *, *, #9045, .F. ) ;
#4008 = ADVANCED_FACE ( 'NONE', ( #9894 ), #6971, .F. ) ;
#4009 = CARTESIAN_POINT ( 'NONE',  ( 40.50000000000000000, 17.50000000000000000, 8.099999999999996100 ) ) ;
#4010 = FACE_OUTER_BOUND ( 'NONE', #5251, .T. ) ;
#4011 = CARTESIAN_POINT ( 'NONE',  ( 10.19797635432185800, -7.181116838230713600, -0.0000000000000000000 ) ) ;
#4012 = VECTOR ( 'NONE', #2024, 1000.000000000000000 ) ;
#4013 = DIRECTION ( 'NONE',  ( -1.000000000000000000, 8.410780489584527900E-015, 0.0000000000000000000 ) ) ;
#4014 = AXIS2_PLACEMENT_3D ( 'NONE', #3873, #4973, #2050 ) ;
#4015 = ORIENTED_EDGE ( 'NONE', *, *, #11136, .F. ) ;
#4016 = EDGE_LOOP ( 'NONE', ( #9516, #5315, #10255, #9303 ) ) ;
#4017 = CARTESIAN_POINT ( 'NONE',  ( 9.936137007513391200, -1.540458626858909100, -0.0000000000000000000 ) ) ;
#4018 = CARTESIAN_POINT ( 'NONE',  ( 10.50532278659042400, -8.860398486771204700, 0.1000000000000000100 ) ) ;
#4019 = CARTESIAN_POINT ( 'NONE',  ( 10.52127721518359500, -7.277784794687018900, 0.1000000000000000100 ) ) ;
#4020 = CARTESIAN_POINT ( 'NONE',  ( 33.83851648071344400, 20.50000000000000000, 0.0000000000000000000 ) ) ;
#4021 = DIRECTION ( 'NONE',  ( 1.000000000000000000, -0.0000000000000000000, -0.0000000000000000000 ) ) ;
#4022 = VECTOR ( 'NONE', #5088, 1000.000000000000000 ) ;
#4023 = DIRECTION ( 'NONE',  ( -0.6000000000000013100, 0.7999999999999989300, 0.0000000000000000000 ) ) ;
#4024 = VECTOR ( 'NONE', #1134, 1000.000000000000000 ) ;
#4025 = DIRECTION ( 'NONE',  ( -0.0000000000000000000, -0.0000000000000000000, -1.000000000000000000 ) ) ;
#4026 = CARTESIAN_POINT ( 'NONE',  ( 9.766125689351397900, -6.946242539553809400, 0.0000000000000000000 ) ) ;
#4027 = ORIENTED_EDGE ( 'NONE', *, *, #8480, .F. ) ;
#4028 = AXIS2_PLACEMENT_3D ( 'NONE', #6477, #6549, #1128 ) ;
#4029 = CARTESIAN_POINT ( 'NONE',  ( 10.18630172136014200, -1.903437822533238500, 0.1000000000000000100 ) ) ;
#4030 = EDGE_LOOP ( 'NONE', ( #2085, #1036, #2176, #5930, #10744, #411, #2520, #4027, #9444, #461, #11378, #7732, #9715, #7850 ) ) ;
#4031 = DIRECTION ( 'NONE',  ( -0.8285483883161431900, 0.5599174655417721300, 0.0000000000000000000 ) ) ;
#4032 = CARTESIAN_POINT ( 'NONE',  ( 11.03201161001837200, -1.308571941458301700, 0.1000000000000000100 ) ) ;
#4033 = VECTOR ( 'NONE', #407, 1000.000000000000000 ) ;
#4034 = EDGE_CURVE ( 'NONE', #303, #7952, #8502, .T. ) ;
#4035 = VECTOR ( 'NONE', #8643, 1000.000000000000000 ) ;
#4036 = VECTOR ( 'NONE', #3826, 1000.000000000000000 ) ;
#4037 = CARTESIAN_POINT ( 'NONE',  ( 9.912530810469112600, -6.497034319115152300, 0.1000000000000000100 ) ) ;
#4038 = CARTESIAN_POINT ( 'NONE',  ( 10.78142073132024800, -2.155287423538289300, 0.1000000000000000100 ) ) ;
#4039 = VERTEX_POINT ( 'NONE', #8333 ) ;
#4040 = ORIENTED_EDGE ( 'NONE', *, *, #7943, .T. ) ;
#4041 = CARTESIAN_POINT ( 'NONE',  ( 9.869851360431473700, -1.229881429612684300, 0.1000000000000000100 ) ) ;
#4042 = VECTOR ( 'NONE', #8221, 1000.000000000000000 ) ;
#4043 = DIRECTION ( 'NONE',  ( 1.000000000000000000, 0.0000000000000000000, 0.0000000000000000000 ) ) ;
#4044 = EDGE_CURVE ( 'NONE', #6095, #11364, #2755, .T. ) ;
#4045 = LINE ( 'NONE', #11149, #8816 ) ;
#4046 = EDGE_CURVE ( 'NONE', #1504, #3208, #11637, .T. ) ;
#4047 = FACE_OUTER_BOUND ( 'NONE', #4773, .T. ) ;
#4048 = CARTESIAN_POINT ( 'NONE',  ( 10.20464502991613600, 5.017092958867338300, 0.0000000000000000000 ) ) ;
#4049 = ORIENTED_EDGE ( 'NONE', *, *, #2075, .F. ) ;
#4050 = CARTESIAN_POINT ( 'NONE',  ( 11.58075993745551800, -7.890926173105922800, -0.0000000000000000000 ) ) ;
#4051 = ORIENTED_EDGE ( 'NONE', *, *, #5005, .T. ) ;
#4052 = PLANE ( 'NONE',  #7376 ) ;
#4053 = VERTEX_POINT ( 'NONE', #9688 ) ;
#4054 = DIRECTION ( 'NONE',  ( 0.0000000000000000000, 0.0000000000000000000, 1.000000000000000000 ) ) ;
#4055 = FACE_OUTER_BOUND ( 'NONE', #983, .T. ) ;
#4056 = VECTOR ( 'NONE', #7276, 1000.000000000000200 ) ;
#4057 = VERTEX_POINT ( 'NONE', #2694 ) ;
#4058 = CARTESIAN_POINT ( 'NONE',  ( 11.33154400603401300, -6.330549608179767400, 0.1000000000000000100 ) ) ;
#4059 = CARTESIAN_POINT ( 'NONE',  ( 10.95244454265031200, -6.821544189214221500, 0.0000000000000000000 ) ) ;
#4060 = CARTESIAN_POINT ( 'NONE',  ( 11.24580568859154400, -8.374006383303498800, 0.0000000000000000000 ) ) ;
#4061 = CARTESIAN_POINT ( 'NONE',  ( 13.01877120494743200, -9.157317253416650300, 8.099999999999999600 ) ) ;
#4062 = EDGE_CURVE ( 'NONE', #6686, #5577, #7686, .T. ) ;
#4063 = ORIENTED_EDGE ( 'NONE', *, *, #10481, .F. ) ;
#4064 = EDGE_CURVE ( 'NONE', #7071, #1181, #11389, .T. ) ;
#4065 = DIRECTION ( 'NONE',  ( -0.0000000000000000000, -0.0000000000000000000, -1.000000000000000000 ) ) ;
#4066 = VERTEX_POINT ( 'NONE', #11664 ) ;
#4067 = ADVANCED_FACE ( 'NONE', ( #2306, #9327, #6069, #3952 ), #9301, .T. ) ;
#4068 = VECTOR ( 'NONE', #11675, 999.9999999999998900 ) ;
#4069 = VERTEX_POINT ( 'NONE', #886 ) ;
#4070 = ADVANCED_FACE ( 'NONE', ( #3534 ), #1278, .F. ) ;
#4071 = DIRECTION ( 'NONE',  ( 0.0000000000000000000, -1.000000000000000000, 0.0000000000000000000 ) ) ;
#4072 = EDGE_CURVE ( 'NONE', #6705, #8825, #5078, .T. ) ;
#4073 = DIRECTION ( 'NONE',  ( -0.4472135954999575400, -0.8944271909999160800, 0.0000000000000000000 ) ) ;
#4074 = CARTESIAN_POINT ( 'NONE',  ( 11.04468961987063300, -1.930091611063125200, 0.1000000000000000100 ) ) ;
#4075 = CARTESIAN_POINT ( 'NONE',  ( 10.63741548321024400, -9.040578165221145200, 0.1000000000000000100 ) ) ;
#4076 = VERTEX_POINT ( 'NONE', #2374 ) ;
#4077 = DIRECTION ( 'NONE',  ( 1.000000000000000000, 0.0000000000000000000, 0.0000000000000000000 ) ) ;
#4078 = CARTESIAN_POINT ( 'NONE',  ( 10.24311990317832300, -6.578762497857916000, 0.1000000000000000100 ) ) ;
#4079 = CARTESIAN_POINT ( 'NONE',  ( 9.781022894784674900, -6.737850664435207200, 4.065758146820641600E-017 ) ) ;
#4080 = CARTESIAN_POINT ( 'NONE',  ( 39.99999999999999300, 19.00000000000000000, 5.399999999999999500 ) ) ;
#4081 = LINE ( 'NONE', #3766, #3956 ) ;
#4082 = DIRECTION ( 'NONE',  ( -0.0000000000000000000, -0.0000000000000000000, -1.000000000000000000 ) ) ;
#4083 = VERTEX_POINT ( 'NONE', #4758 ) ;
#4084 = FACE_OUTER_BOUND ( 'NONE', #8056, .T. ) ;
#4085 = SECURITY_CLASSIFICATION_LEVEL ( 'unclassified' ) ;
#4086 = CARTESIAN_POINT ( 'NONE',  ( 37.00000000000000700, -19.99999999999999600, 8.099999999999999600 ) ) ;
#4087 = ORIENTED_EDGE ( 'NONE', *, *, #6437, .F. ) ;
#4088 = PLANE ( 'NONE',  #6929 ) ;
#4089 = CARTESIAN_POINT ( 'NONE',  ( 10.52980821486663600, -1.876489770585186600, 0.1000000000000000100 ) ) ;
#4090 = ORIENTED_EDGE ( 'NONE', *, *, #1049, .F. ) ;
#4091 = DIRECTION ( 'NONE',  ( -0.0000000000000000000, 1.000000000000000000, -0.0000000000000000000 ) ) ;
#4092 = ORIENTED_EDGE ( 'NONE', *, *, #3987, .F. ) ;
#4093 = FACE_OUTER_BOUND ( 'NONE', #1718, .T. ) ;
#4094 = VECTOR ( 'NONE', #4118, 1000.000000000000000 ) ;
#4095 = ORIENTED_EDGE ( 'NONE', *, *, #10263, .F. ) ;
#4096 = AXIS2_PLACEMENT_3D ( 'NONE', #3845, #10075, #4731 ) ;
#4097 = CARTESIAN_POINT ( 'NONE',  ( 10.20464502991616500, 7.627092958867338600, 0.1000000000000000100 ) ) ;
#4098 = CARTESIAN_POINT ( 'NONE',  ( 43.71421443129808900, 6.363108264701245400, 8.099999999999999600 ) ) ;
#4099 = AXIS2_PLACEMENT_3D ( 'NONE', #9724, #9317, #9297 ) ;
#4100 = ORIENTED_EDGE ( 'NONE', *, *, #5389, .T. ) ;
#4101 = ORIENTED_EDGE ( 'NONE', *, *, #11572, .T. ) ;
#4102 = CYLINDRICAL_SURFACE ( 'NONE', #6297, 1.750000000000001600 ) ;
#4103 = FACE_OUTER_BOUND ( 'NONE', #8769, .T. ) ;
#4104 = CARTESIAN_POINT ( 'NONE',  ( 10.86649652655494700, -6.204736523831940100, -0.0000000000000000000 ) ) ;
#4105 = DIRECTION ( 'NONE',  ( -1.000000000000000000, -1.734723475976807100E-015, 0.0000000000000000000 ) ) ;
#4106 = CARTESIAN_POINT ( 'NONE',  ( 11.26377739538453700, -6.342414447433115200, 0.0000000000000000000 ) ) ;
#4107 = VERTEX_POINT ( 'NONE', #2296 ) ;
#4108 = CARTESIAN_POINT ( 'NONE',  ( 10.06116182695809000, -1.330345042605007600, -0.0000000000000000000 ) ) ;
#4109 = CARTESIAN_POINT ( 'NONE',  ( 7.999999999999996400, 21.00000000000000000, 8.099999999999999600 ) ) ;
#4110 = CARTESIAN_POINT ( 'NONE',  ( 0.0000000000000000000, 12.50000000000000000, 8.099999999999999600 ) ) ;
#4111 = CARTESIAN_POINT ( 'NONE',  ( 10.90643159149001400, -1.965775484870901000, 0.0000000000000000000 ) ) ;
#4112 = DIRECTION ( 'NONE',  ( 0.3713906763541058900, 0.9284766908852583000, 0.0000000000000000000 ) ) ;
#4113 = CARTESIAN_POINT ( 'NONE',  ( 10.51198695906923500, -8.629415935035190400, 0.1000000000000000100 ) ) ;
#4114 = FACE_OUTER_BOUND ( 'NONE', #7971, .T. ) ;
#4115 = ORIENTED_EDGE ( 'NONE', *, *, #1904, .T. ) ;
#4116 = LINE ( 'NONE', #10559, #3448 ) ;
#4117 = PLANE ( 'NONE',  #8884 ) ;
#4118 = DIRECTION ( 'NONE',  ( -0.0000000000000000000, -0.0000000000000000000, -1.000000000000000000 ) ) ;
#4119 = EDGE_LOOP ( 'NONE', ( #8557, #8544, #7264, #10788 ) ) ;
#4120 = ORIENTED_EDGE ( 'NONE', *, *, #3784, .T. ) ;
#4121 = CARTESIAN_POINT ( 'NONE',  ( 36.49999999999999300, -6.381966011250110400, -17.91005284086394400 ) ) ;
#4122 = ADVANCED_FACE ( 'NONE', ( #11434 ), #1422, .F. ) ;
#4123 = CARTESIAN_POINT ( 'NONE',  ( 10.51510047334507200, -8.891804256652138200, 0.1000000000000000100 ) ) ;
#4124 = CARTESIAN_POINT ( 'NONE',  ( 9.961422437199551900, -7.028259347992901400, 0.0000000000000000000 ) ) ;
#4125 = ADVANCED_FACE ( 'NONE', ( #6466 ), #5720, .T. ) ;
#4126 = LINE ( 'NONE', #2145, #4921 ) ;
#4127 = ADVANCED_FACE ( 'NONE', ( #3819 ), #6348, .T. ) ;
#4128 = LINE ( 'NONE', #11077, #3601 ) ;
#4129 = CARTESIAN_POINT ( 'NONE',  ( 10.23055466864901000, -6.579108743176914400, -0.0000000000000000000 ) ) ;
#4130 = AXIS2_PLACEMENT_3D ( 'NONE', #3441, #9690, #4344 ) ;
#4131 = ORIENTED_EDGE ( 'NONE', *, *, #2724, .F. ) ;
#4132 = ORIENTED_EDGE ( 'NONE', *, *, #4230, .F. ) ;
#4133 = EDGE_CURVE ( 'NONE', #7306, #10937, #293, .T. ) ;
#4134 = EDGE_CURVE ( 'NONE', #7994, #8771, #8512, .T. ) ;
#4135 = CARTESIAN_POINT ( 'NONE',  ( 32.49999999999998600, 0.9999999999999965600, 0.0000000000000000000 ) ) ;
#4136 = FACE_OUTER_BOUND ( 'NONE', #8285, .T. ) ;
#4137 = CARTESIAN_POINT ( 'NONE',  ( 11.38480316786730900, -1.549314747194137800, 0.1000000000000000100 ) ) ;
#4138 = CYLINDRICAL_SURFACE ( 'NONE', #2850, 1.749999999999999800 ) ;
#4139 = EDGE_CURVE ( 'NONE', #4264, #6007, #6596, .T. ) ;
#4140 = CARTESIAN_POINT ( 'NONE',  ( 13.64169637919543400, 8.000000000000076400, 8.099999999999999600 ) ) ;
#4141 = CARTESIAN_POINT ( 'NONE',  ( 0.0000000000000000000, 0.0000000000000000000, 8.099999999999999600 ) ) ;
#4142 = EDGE_CURVE ( 'NONE', #8709, #509, #1318, .T. ) ;
#4144 = CARTESIAN_POINT ( 'NONE',  ( 43.68251492603761200, -4.349954654103710200, 8.099999999999999600 ) ) ;
#4143 = CARTESIAN_POINT ( 'NONE',  ( 35.49999999999999300, 0.9999999999999963400, 1.500000000000000000 ) ) ;
#4145 = CARTESIAN_POINT ( 'NONE',  ( 10.52980821486663600, -1.876489770585186600, 0.1000000000000000100 ) ) ;
#4146 = ORIENTED_EDGE ( 'NONE', *, *, #5411, .T. ) ;
#4147 = CARTESIAN_POINT ( 'NONE',  ( 10.39436669046661200, -1.788973222855343400, 0.1000000000000000100 ) ) ;
#4148 = ORIENTED_EDGE ( 'NONE', *, *, #4363, .T. ) ;
#4149 = CARTESIAN_POINT ( 'NONE',  ( 9.785977046035466000, -9.238502757598176600, 0.1000000000000000100 ) ) ;
#4150 = CARTESIAN_POINT ( 'NONE',  ( 10.20621725186908600, -6.579779380610448300, 0.1000000000000000100 ) ) ;
#4151 = ORIENTED_EDGE ( 'NONE', *, *, #7020, .F. ) ;
#4152 = DIRECTION ( 'NONE',  ( -0.0000000000000000000, -0.0000000000000000000, 1.000000000000000000 ) ) ;
#4153 = CARTESIAN_POINT ( 'NONE',  ( 10.52875706227711000, -8.921257739824946900, 0.1000000000000000100 ) ) ;
#4154 = FACE_OUTER_BOUND ( 'NONE', #3715, .T. ) ;
#4155 = ADVANCED_FACE ( 'NONE', ( #11536 ), #8350, .T. ) ;
#4156 = CARTESIAN_POINT ( 'NONE',  ( 9.765513057041834700, -6.908976705281652600, -0.0000000000000000000 ) ) ;
#4157 = EDGE_CURVE ( 'NONE', #683, #2772, #2074, .T. ) ;
#4158 = PLANE ( 'NONE',  #10838 ) ;
#4159 = CARTESIAN_POINT ( 'NONE',  ( 10.63792509798351900, -8.469996264091681900, 4.065758146820641600E-017 ) ) ;
#4160 = ORIENTED_EDGE ( 'NONE', *, *, #3844, .F. ) ;
#4161 = ORIENTED_EDGE ( 'NONE', *, *, #4876, .T. ) ;
#4162 = CARTESIAN_POINT ( 'NONE',  ( 10.20773029278871400, -7.181359900455318800, 0.1000000000000000100 ) ) ;
#4163 = VECTOR ( 'NONE', #4513, 1000.000000000000200 ) ;
#4164 = LINE ( 'NONE', #10947, #4348 ) ;
#4165 = PLANE ( 'NONE',  #11244 ) ;
#4166 = CARTESIAN_POINT ( 'NONE',  ( 9.244645029916140900, 5.017092958867349000, 0.1000000000000000100 ) ) ;
#4167 = DIRECTION ( 'NONE',  ( 1.000000000000000000, 0.0000000000000000000, 0.0000000000000000000 ) ) ;
#4168 = EDGE_CURVE ( 'NONE', #11642, #1390, #5491, .T. ) ;
#4169 = CARTESIAN_POINT ( 'NONE',  ( 9.972990033048454000, -8.595645614741032500, 0.1000000000000000100 ) ) ;
#4170 = MANIFOLD_SOLID_BREP ( 'Зеркальное отражение1', #1931 ) ;
#4171 = ORIENTED_EDGE ( 'NONE', *, *, #2559, .T. ) ;
#4172 = CARTESIAN_POINT ( 'NONE',  ( 11.17818483824325800, -7.389152108247526700, 0.1000000000000000100 ) ) ;
#4173 = ORIENTED_EDGE ( 'NONE', *, *, #3003, .F. ) ;
#4174 = CARTESIAN_POINT ( 'NONE',  ( 11.58021183816323500, -7.734487024893057900, 0.0000000000000000000 ) ) ;
#4175 = AXIS2_PLACEMENT_3D ( 'NONE', #9480, #6155, #1145 ) ;
#4176 = CARTESIAN_POINT ( 'NONE',  ( 10.85547532094377300, -9.092876015796923300, 0.1000000000000000100 ) ) ;
#4177 = AXIS2_PLACEMENT_3D ( 'NONE', #9678, #5644, #6385 ) ;
#4178 = VECTOR ( 'NONE', #9138, 1000.000000000000000 ) ;
#4179 = CARTESIAN_POINT ( 'NONE',  ( 10.20464502991615800, 6.907092958867338000, 0.1000000000000000100 ) ) ;
#4180 = FACE_OUTER_BOUND ( 'NONE', #3959, .T. ) ;
#4181 = VERTEX_POINT ( 'NONE', #11124 ) ;
#4182 = CARTESIAN_POINT ( 'NONE',  ( 10.56390709630774400, -8.975464938259804600, 0.1000000000000000100 ) ) ;
#4183 = CARTESIAN_POINT ( 'NONE',  ( 10.17087597683959600, -6.583959702656856400, 0.1000000000000000100 ) ) ;
#4184 = B_SPLINE_CURVE_WITH_KNOTS ( 'NONE', 3,
 ( #2364, #6084, #10893, #6332, #275, #11471, #4835, #7695, #9635, #3972, #5209, #7497, #3271, #2404, #10145, #588, #9222, #8593, #1367 ),
 .UNSPECIFIED., .F., .F.,
 ( 4, 1, 1, 1, 1, 1, 1, 1, 1, 1, 1, 1, 1, 1, 1, 1, 4 ),
 ( 0.0000000000000000000, 0.05802455303444890200, 0.1136178990438339200, 0.1669572237177744400, 0.2188862097259172100, 0.2703179918650356900, 0.3218225818484100600, 0.3750480408158614100, 0.4299079289840971900, 0.4875963016421591100, 0.5479808141436268700, 0.6122393087828842400, 0.6805127954607487200, 0.7529188304273689600, 0.8300572510966485200, 0.9121641872810251100, 1.000000000000000000 ),
 .UNSPECIFIED. ) ;
#4185 = DIRECTION ( 'NONE',  ( -1.000000000000000000, -0.0000000000000000000, -0.0000000000000000000 ) ) ;
#4186 = ORIENTED_EDGE ( 'NONE', *, *, #5630, .T. ) ;
#4187 = CARTESIAN_POINT ( 'NONE',  ( 9.765197825256244400, -6.889801458896877200, 0.1000000000000000100 ) ) ;
#4188 = FACE_OUTER_BOUND ( 'NONE', #7941, .T. ) ;
#4189 = CARTESIAN_POINT ( 'NONE',  ( 35.49999999999999300, 14.49999999999999500, 1.500000000000000000 ) ) ;
#4190 = VECTOR ( 'NONE', #6449, 1000.000000000000000 ) ;
#4191 = CYLINDRICAL_SURFACE ( 'NONE', #2146, 1.499999999999996200 ) ;
#4192 = ADVANCED_FACE ( 'NONE', ( #1892 ), #11380, .T. ) ;
#4193 = ADVANCED_FACE ( 'NONE', ( #8284 ), #10871, .F. ) ;
#4194 = DIRECTION ( 'NONE',  ( -0.0000000000000000000, -0.0000000000000000000, 1.000000000000000000 ) ) ;
#4195 = CARTESIAN_POINT ( 'NONE',  ( 47.50000000000000000, -18.99999999999999600, 8.099999999999999600 ) ) ;
#4196 = CARTESIAN_POINT ( 'NONE',  ( 10.13796510110220500, -6.591139098301236600, 0.1000000000000000100 ) ) ;
#4197 = ORIENTED_EDGE ( 'NONE', *, *, #1544, .T. ) ;
#4198 = CARTESIAN_POINT ( 'NONE',  ( 10.11863880451864600, -1.298186167926135900, -0.0000000000000000000 ) ) ;
#4199 = CARTESIAN_POINT ( 'NONE',  ( 9.244645029916114300, 2.257092958867350500, 0.1000000000000000100 ) ) ;
#4200 = ORIENTED_EDGE ( 'NONE', *, *, #4941, .T. ) ;
#4201 = CARTESIAN_POINT ( 'NONE',  ( 8.200000000000008200, 8.957317253416649200, 3.099999999999999600 ) ) ;
#4202 = CARTESIAN_POINT ( 'NONE',  ( 7.048445366811458600, 12.83456326127513100, 5.000000000000000000 ) ) ;
#4203 = VECTOR ( 'NONE', #739, 1000.000000000000000 ) ;
#4204 = DIRECTION ( 'NONE',  ( -1.000000000000000000, 0.0000000000000000000, 0.0000000000000000000 ) ) ;
#4205 = LINE ( 'NONE', #5461, #4094 ) ;
#4206 = CARTESIAN_POINT ( 'NONE',  ( 32.49999999999998600, 14.49999999999999500, 1.500000000000000000 ) ) ;
#4207 = DIRECTION ( 'NONE',  ( 1.000000000000000000, 0.0000000000000000000, 0.0000000000000000000 ) ) ;
#4208 = ORIENTED_EDGE ( 'NONE', *, *, #6585, .F. ) ;
#4209 = ADVANCED_FACE ( 'NONE', ( #6961 ), #3435, .F. ) ;
#4210 = ORIENTED_EDGE ( 'NONE', *, *, #7196, .F. ) ;
#4211 = AXIS2_PLACEMENT_3D ( 'NONE', #3452, #6143, #7052 ) ;
#4212 = DIRECTION ( 'NONE',  ( 1.000000000000000000, -8.410780489584531100E-015, 0.0000000000000000000 ) ) ;
#4213 = EDGE_CURVE ( 'NONE', #3629, #751, #7905, .T. ) ;
#4214 = EDGE_CURVE ( 'NONE', #6192, #7294, #6534, .T. ) ;
#4215 = CARTESIAN_POINT ( 'NONE',  ( 43.84601194083008800, -4.822467856198581000, 0.0000000000000000000 ) ) ;
#4216 = CARTESIAN_POINT ( 'NONE',  ( 10.20902899408741700, -7.389152108247527600, 0.1000000000000000100 ) ) ;
#4217 = VECTOR ( 'NONE', #8983, 1000.000000000000000 ) ;
#4218 = DIRECTION ( 'NONE',  ( 0.0000000000000000000, -0.0000000000000000000, -1.000000000000000000 ) ) ;
#4219 = VECTOR ( 'NONE', #5061, 1000.000000000000000 ) ;
#4220 = CARTESIAN_POINT ( 'NONE',  ( 11.01396727775749600, -6.487934620953362600, 0.1000000000000000100 ) ) ;
#4221 = CARTESIAN_POINT ( 'NONE',  ( 11.09256890880230100, -6.424349763572587700, 0.1000000000000000100 ) ) ;
#4222 = ORIENTED_EDGE ( 'NONE', *, *, #9866, .T. ) ;
#4223 = CARTESIAN_POINT ( 'NONE',  ( 35.49999999999999300, 14.00000000000000000, 7.099999999999999600 ) ) ;
#4224 = ORIENTED_EDGE ( 'NONE', *, *, #9209, .F. ) ;
#4225 = ORIENTED_EDGE ( 'NONE', *, *, #6231, .F. ) ;
#4226 = CARTESIAN_POINT ( 'NONE',  ( 10.58598410329547000, -8.999646679533920900, 0.1000000000000000100 ) ) ;
#4227 = CARTESIAN_POINT ( 'NONE',  ( 11.14975002140117700, -1.435676645443692700, 0.1000000000000000100 ) ) ;
#4228 = DIRECTION ( 'NONE',  ( 0.0000000000000000000, 1.000000000000000000, 0.0000000000000000000 ) ) ;
#4229 = EDGE_CURVE ( 'NONE', #4586, #2685, #6012, .T. ) ;
#4230 = EDGE_CURVE ( 'NONE', #9156, #10310, #7215, .T. ) ;
#4231 = ORIENTED_EDGE ( 'NONE', *, *, #5936, .F. ) ;
#4232 = FACE_OUTER_BOUND ( 'NONE', #4632, .T. ) ;
#4233 = PLANE ( 'NONE',  #3524 ) ;
#4234 = CARTESIAN_POINT ( 'NONE',  ( 31.74569858724563800, -18.50000000000000000, 7.099999999999999600 ) ) ;
#4235 = CARTESIAN_POINT ( 'NONE',  ( 11.15143678916189000, -1.824716620429863700, -0.0000000000000000000 ) ) ;
#4236 = EDGE_CURVE ( 'NONE', #4832, #8720, #7031, .T. ) ;
#4237 = ORIENTED_EDGE ( 'NONE', *, *, #6460, .F. ) ;
#4238 = DIRECTION ( 'NONE',  ( -0.0000000000000000000, -0.0000000000000000000, -1.000000000000000000 ) ) ;
#4239 = CARTESIAN_POINT ( 'NONE',  ( 10.07034620277011400, -1.090053782857600000, 0.1000000000000000100 ) ) ;
#4240 = FACE_OUTER_BOUND ( 'NONE', #8437, .T. ) ;
#4241 = CARTESIAN_POINT ( 'NONE',  ( 8.000000000000007100, -3.500000000000000000, 3.249999999999999600 ) ) ;
#4242 = ORIENTED_EDGE ( 'NONE', *, *, #6793, .T. ) ;
#4243 = LINE ( 'NONE', #5975, #10413 ) ;
#4244 = CARTESIAN_POINT ( 'NONE',  ( 30.49999999999998600, 2.000000000000000000, 5.099999999999999600 ) ) ;
#4245 = CARTESIAN_POINT ( 'NONE',  ( 40.49999999999999300, -17.49999999999999600, -0.0000000000000000000 ) ) ;
#4246 = ORIENTED_EDGE ( 'NONE', *, *, #4213, .F. ) ;
#4247 = CARTESIAN_POINT ( 'NONE',  ( 10.17915886421728700, -2.111230030325447000, 0.1000000000000000100 ) ) ;
#4248 = AXIS2_PLACEMENT_3D ( 'NONE', #9654, #8969, #8936 ) ;
#4249 = AXIS2_PLACEMENT_3D ( 'NONE', #8356, #7485, #6207 ) ;
#4250 = ORIENTED_EDGE ( 'NONE', *, *, #10501, .T. ) ;
#4251 = CARTESIAN_POINT ( 'NONE',  ( 11.19871752505446800, -1.645979801990046000, 0.1000000000000000100 ) ) ;
#4252 = CARTESIAN_POINT ( 'NONE',  ( 9.900272551422780500, -2.000032446018821000, 0.1000000000000000100 ) ) ;
#4253 = EDGE_LOOP ( 'NONE', ( #10078, #9658, #6543, #356 ) ) ;
#4254 = VECTOR ( 'NONE', #10139, 1000.000000000000000 ) ;
#4255 = LINE ( 'NONE', #3639, #520 ) ;
#4256 = ADVANCED_FACE ( 'NONE', ( #8615 ), #5747, .T. ) ;
#4257 = CARTESIAN_POINT ( 'NONE',  ( 9.244645029916155100, 6.907092958867348600, 0.0000000000000000000 ) ) ;
#4258 = ORIENTED_EDGE ( 'NONE', *, *, #11237, .F. ) ;
#4259 = CARTESIAN_POINT ( 'NONE',  ( 10.93604303246050300, -1.965249725255078200, 0.0000000000000000000 ) ) ;
#4260 = CARTESIAN_POINT ( 'NONE',  ( 10.95244454265031200, -6.821544189214221500, 0.1000000000000000100 ) ) ;
#4261 = ORIENTED_EDGE ( 'NONE', *, *, #1539, .T. ) ;
#4262 = EDGE_LOOP ( 'NONE', ( #1161, #3108, #737, #11005 ) ) ;
#4263 = VECTOR ( 'NONE', #198, 1000.000000000000000 ) ;
#4264 = VERTEX_POINT ( 'NONE', #10796 ) ;
#4265 = CARTESIAN_POINT ( 'NONE',  ( 10.61041933797685400, -9.021729995706083500, 0.1000000000000000100 ) ) ;
#4266 = CARTESIAN_POINT ( 'NONE',  ( 10.08144850468019300, -1.883409541004712300, 0.1000000000000000100 ) ) ;
#4267 = PLANE ( 'NONE',  #9358 ) ;
#4268 = VERTEX_POINT ( 'NONE', #10880 ) ;
#4269 = CARTESIAN_POINT ( 'NONE',  ( 12.89929005983225700, 8.957317253416649200, 33.81103081370217500 ) ) ;
#4270 = EDGE_CURVE ( 'NONE', #4512, #5300, #10503, .T. ) ;
#4271 = CARTESIAN_POINT ( 'NONE',  ( 11.59376925382767500, -7.700840419935838500, 0.0000000000000000000 ) ) ;
#4272 = ORIENTED_EDGE ( 'NONE', *, *, #3560, .F. ) ;
#4273 = CARTESIAN_POINT ( 'NONE',  ( 10.20464502991615100, 6.667092958867337800, 0.1000000000000000100 ) ) ;
#4274 = LINE ( 'NONE', #10062, #4036 ) ;
#4275 = CARTESIAN_POINT ( 'NONE',  ( 9.979852471848335700, -1.135019069448141200, 1.355252715606880500E-017 ) ) ;
#4276 = ORIENTED_EDGE ( 'NONE', *, *, #528, .T. ) ;
#4277 = VERTEX_POINT ( 'NONE', #10970 ) ;
#4278 = ORIENTED_EDGE ( 'NONE', *, *, #9223, .T. ) ;
#4279 = CARTESIAN_POINT ( 'NONE',  ( 10.05099310571756100, -7.134304218967535000, -0.0000000000000000000 ) ) ;
#4280 = DIRECTION ( 'NONE',  ( 0.0000000000000000000, -0.0000000000000000000, 1.000000000000000000 ) ) ;
#4281 = DIRECTION ( 'NONE',  ( 0.0000000000000000000, 0.0000000000000000000, 1.000000000000000000 ) ) ;
#4282 = EDGE_CURVE ( 'NONE', #7104, #4039, #6502, .T. ) ;
#4283 = EDGE_CURVE ( 'NONE', #4952, #7790, #10090, .T. ) ;
#4284 = CARTESIAN_POINT ( 'NONE',  ( 40.49999999999999300, 10.99999999999999800, 0.0000000000000000000 ) ) ;
#4285 = ORIENTED_EDGE ( 'NONE', *, *, #3004, .T. ) ;
#4286 = LINE ( 'NONE', #4787, #4254 ) ;
#4287 = CARTESIAN_POINT ( 'NONE',  ( 9.936137007513391200, -1.540458626858909100, 0.1000000000000000100 ) ) ;
#4288 = ORIENTED_EDGE ( 'NONE', *, *, #10841, .F. ) ;
#4289 = CARTESIAN_POINT ( 'NONE',  ( 11.67688613694455700, -7.757009251104669500, -0.0000000000000000000 ) ) ;
#4290 = CARTESIAN_POINT ( 'NONE',  ( 10.49761872899736500, -8.827563773684337500, 0.1000000000000000100 ) ) ;
#4291 = CARTESIAN_POINT ( 'NONE',  ( 10.91227574733416700, -2.173567692663108500, 0.0000000000000000000 ) ) ;
#4292 = ORIENTED_EDGE ( 'NONE', *, *, #11573, .F. ) ;
#4293 = CARTESIAN_POINT ( 'NONE',  ( 38.24999999999999300, 10.10357955453048200, 8.099999999999999600 ) ) ;
#4294 = LINE ( 'NONE', #4335, #4022 ) ;
#4295 = CARTESIAN_POINT ( 'NONE',  ( 10.74863938369780300, -6.778762497857916200, 2.710505431213761100E-017 ) ) ;
#4296 = CIRCLE ( 'NONE', #8704, 1.750000000000001600 ) ;
#4297 = CARTESIAN_POINT ( 'NONE',  ( 26.64242326782791200, -7.800000000000076200, 8.099999999999999600 ) ) ;
#4298 = EDGE_CURVE ( 'NONE', #4520, #5962, #1802, .T. ) ;
#4299 = EDGE_CURVE ( 'NONE', #6120, #161, #1972, .T. ) ;
#4300 = DIRECTION ( 'NONE',  ( -0.0000000000000000000, 0.0000000000000000000, -1.000000000000000000 ) ) ;
#4301 = EDGE_LOOP ( 'NONE', ( #4901, #1595, #8423, #7875, #9515, #10217, #5114, #5538, #2612, #676, #2025, #9453 ) ) ;
#4302 = VERTEX_POINT ( 'NONE', #9107 ) ;
#4303 = CARTESIAN_POINT ( 'NONE',  ( 11.36519782525624600, -7.721619640715059200, 0.1000000000000000100 ) ) ;
#4304 = CARTESIAN_POINT ( 'NONE',  ( 36.49999999999999300, 14.49999999999999500, 2.700000000000000200 ) ) ;
#4305 = CARTESIAN_POINT ( 'NONE',  ( 37.00000000000000700, -17.00000000000000000, 0.0000000000000000000 ) ) ;
#4306 = CYLINDRICAL_SURFACE ( 'NONE', #9637, 0.5000000000000004400 ) ;
#4307 = VECTOR ( 'NONE', #2909, 1000.000000000000000 ) ;
#4308 = CARTESIAN_POINT ( 'NONE',  ( 9.970441956468747000, -2.055095320752849700, 0.0000000000000000000 ) ) ;
#4309 = DIRECTION ( 'NONE',  ( 0.0000000000000000000, -0.0000000000000000000, 1.000000000000000000 ) ) ;
#4310 = DIRECTION ( 'NONE',  ( -7.461176240760465200E-015, -1.000000000000000000, 0.0000000000000000000 ) ) ;
#4311 = EDGE_LOOP ( 'NONE', ( #1202, #2341, #9942, #9227, #7928 ) ) ;
#4312 = CARTESIAN_POINT ( 'NONE',  ( 10.00000000000000000, 17.63735574933683000, 1.000000000000000000 ) ) ;
#4313 = ORIENTED_EDGE ( 'NONE', *, *, #9467, .T. ) ;
#4314 = EDGE_LOOP ( 'NONE', ( #8942, #9722, #1399, #2028 ) ) ;
#4315 = CARTESIAN_POINT ( 'NONE',  ( 11.11400417241086600, -1.874156422486831000, -0.0000000000000000000 ) ) ;
#4316 = DIRECTION ( 'NONE',  ( 0.0000000000000000000, -1.000000000000000000, 0.0000000000000000000 ) ) ;
#4317 = DIRECTION ( 'NONE',  ( -9.637352644315593600E-015, -1.000000000000000000, 0.0000000000000000000 ) ) ;
#4318 = AXIS2_PLACEMENT_3D ( 'NONE', #10049, #2706, #4367 ) ;
#4319 = CARTESIAN_POINT ( 'NONE',  ( 5.393968951792284200, -12.74344776061612600, 5.000000000000000000 ) ) ;
#4320 = VERTEX_POINT ( 'NONE', #9873 ) ;
#4321 = VERTEX_POINT ( 'NONE', #8889 ) ;
#4322 = CARTESIAN_POINT ( 'NONE',  ( 9.244645029916155100, 6.667092958867347500, 0.1000000000000000100 ) ) ;
#4323 = LINE ( 'NONE', #1091, #4012 ) ;
#4324 = ORIENTED_EDGE ( 'NONE', *, *, #7258, .F. ) ;
#4325 = CARTESIAN_POINT ( 'NONE',  ( 40.49999999999999300, -9.500000000000003600, -0.0000000000000000000 ) ) ;
#4326 = CARTESIAN_POINT ( 'NONE',  ( 10.00000000000000000, 14.49804735160447300, 8.099999999999999600 ) ) ;
#4327 = FACE_OUTER_BOUND ( 'NONE', #7284, .T. ) ;
#4328 = DIRECTION ( 'NONE',  ( 0.0000000000000000000, 0.0000000000000000000, 1.000000000000000000 ) ) ;
#4329 = VERTEX_POINT ( 'NONE', #9912 ) ;
#4330 = DIRECTION ( 'NONE',  ( 0.0000000000000000000, 1.000000000000000000, 0.0000000000000000000 ) ) ;
#4331 = ADVANCED_FACE ( 'NONE', ( #945 ), #9858, .T. ) ;
#4332 = CARTESIAN_POINT ( 'NONE',  ( 9.761550040293263600, -1.444752448756750900, 1.355252715606880500E-017 ) ) ;
#4333 = AXIS2_PLACEMENT_3D ( 'NONE', #11605, #10251, #10214 ) ;
#4334 = ORIENTED_EDGE ( 'NONE', *, *, #5934, .F. ) ;
#4335 = CARTESIAN_POINT ( 'NONE',  ( 40.49999999999999300, 14.49999999999999500, 1.000000000000000000 ) ) ;
#4336 = VECTOR ( 'NONE', #4683, 1000.000000000000000 ) ;
#4337 = ORIENTED_EDGE ( 'NONE', *, *, #2215, .T. ) ;
#4338 = VECTOR ( 'NONE', #6204, 1000.000000000000000 ) ;
#4339 = ORIENTED_EDGE ( 'NONE', *, *, #454, .T. ) ;
#4340 = DIRECTION ( 'NONE',  ( 1.000000000000000000, 5.723576928965326900E-016, 0.0000000000000000000 ) ) ;
#4341 = CARTESIAN_POINT ( 'NONE',  ( 10.10735961069363900, -6.600787396916888200, 0.1000000000000000100 ) ) ;
#4342 = DIRECTION ( 'NONE',  ( 0.0000000000000000000, 0.0000000000000000000, -1.000000000000000000 ) ) ;
#4343 = ORIENTED_EDGE ( 'NONE', *, *, #5204, .F. ) ;
#4344 = DIRECTION ( 'NONE',  ( 1.000000000000000000, 0.0000000000000000000, 0.0000000000000000000 ) ) ;
#4345 = VERTEX_POINT ( 'NONE', #7745 ) ;
#4346 = CARTESIAN_POINT ( 'NONE',  ( 9.765197825256244400, -6.889801458896877200, 0.0000000000000000000 ) ) ;
#4347 = DIRECTION ( 'NONE',  ( -1.000000000000000000, 7.461176240760465200E-015, 0.0000000000000000000 ) ) ;
#4348 = VECTOR ( 'NONE', #5620, 1000.000000000000000 ) ;
#4349 = VECTOR ( 'NONE', #10956, 1000.000000000000000 ) ;
#4350 = CARTESIAN_POINT ( 'NONE',  ( 11.05408292045161500, -2.152819772806984700, 0.0000000000000000000 ) ) ;
#4351 = ORIENTED_EDGE ( 'NONE', *, *, #5544, .T. ) ;
#4352 = DIRECTION ( 'NONE',  ( -0.0000000000000000000, 0.0000000000000000000, 1.000000000000000000 ) ) ;
#4353 = EDGE_CURVE ( 'NONE', #5454, #4057, #1848, .T. ) ;
#4354 = EDGE_LOOP ( 'NONE', ( #7918, #8716 ) ) ;
#4355 = CARTESIAN_POINT ( 'NONE',  ( 11.36519782525624600, -4.085256004351419900, 0.1000000000000000100 ) ) ;
#4356 = VECTOR ( 'NONE', #1366, 1000.000000000000000 ) ;
#4357 = CARTESIAN_POINT ( 'NONE',  ( 10.30964502991613200, 4.057092958867338300, 0.0000000000000000000 ) ) ;
#4358 = LINE ( 'NONE', #6104, #4661 ) ;
#4359 = AXIS2_PLACEMENT_3D ( 'NONE', #5453, #11665, #6349 ) ;
#4360 = ORIENTED_EDGE ( 'NONE', *, *, #622, .F. ) ;
#4361 = VECTOR ( 'NONE', #5324, 1000.000000000000000 ) ;
#4362 = CARTESIAN_POINT ( 'NONE',  ( 11.08312465389440500, -9.022453199103441800, 1.355252715606880500E-017 ) ) ;
#4363 = EDGE_CURVE ( 'NONE', #3644, #3463, #6735, .T. ) ;
#4364 = EDGE_CURVE ( 'NONE', #6811, #9682, #3828, .T. ) ;
#4365 = DIRECTION ( 'NONE',  ( -1.000000000000000000, -0.0000000000000000000, 0.0000000000000000000 ) ) ;
#4366 = DIRECTION ( 'NONE',  ( 1.000000000000000000, 0.0000000000000000000, 0.0000000000000000000 ) ) ;
#4367 = DIRECTION ( 'NONE',  ( 0.0000000000000000000, -0.0000000000000000000, 1.000000000000000000 ) ) ;
#4368 = CARTESIAN_POINT ( 'NONE',  ( 10.17871372653082100, -7.180636825241236000, 0.1000000000000000100 ) ) ;
#4369 = ORIENTED_EDGE ( 'NONE', *, *, #1978, .T. ) ;
#4370 = ADVANCED_FACE ( 'NONE', ( #3516 ), #813, .T. ) ;
#4371 = DIRECTION ( 'NONE',  ( -1.000000000000000000, 0.0000000000000000000, 0.0000000000000000000 ) ) ;
#4372 = VECTOR ( 'NONE', #2948, 1000.000000000000000 ) ;
#4373 = CARTESIAN_POINT ( 'NONE',  ( 35.49999999999999300, 14.00000000000000000, 5.099999999999999600 ) ) ;
#4374 = DIRECTION ( 'NONE',  ( -0.8484168781345486900, -0.5293286322280575900, 0.0000000000000000000 ) ) ;
#4375 = ORIENTED_EDGE ( 'NONE', *, *, #984, .F. ) ;
#4376 = LINE ( 'NONE', #2665, #7200 ) ;
#4377 = ORIENTED_EDGE ( 'NONE', *, *, #3911, .F. ) ;
#4378 = CARTESIAN_POINT ( 'NONE',  ( 10.92883418889261000, -8.448892367987785000, 0.1000000000000000100 ) ) ;
#4379 = VERTEX_POINT ( 'NONE', #5590 ) ;
#4380 = VERTEX_POINT ( 'NONE', #5568 ) ;
#4381 = VECTOR ( 'NONE', #7334, 1000.000000000000000 ) ;
#4382 = CARTESIAN_POINT ( 'NONE',  ( 11.85464502991610800, 2.257092958867323000, 0.1000000000000000100 ) ) ;
#4383 = EDGE_CURVE ( 'NONE', #10224, #3015, #10094, .T. ) ;
#4384 = EDGE_CURVE ( 'NONE', #5404, #1975, #9656, .T. ) ;
#4385 = VERTEX_POINT ( 'NONE', #5610 ) ;
#4386 = CARTESIAN_POINT ( 'NONE',  ( 11.10689167287253900, -8.517958205483315800, -0.0000000000000000000 ) ) ;
#4387 = ORIENTED_EDGE ( 'NONE', *, *, #9687, .T. ) ;
#4388 = ADVANCED_FACE ( 'NONE', ( #2525 ), #3675, .F. ) ;
#4389 = CARTESIAN_POINT ( 'NONE',  ( 10.08144850468019300, -1.883409541004712300, 1.355252715606880500E-017 ) ) ;
#4390 = DIRECTION ( 'NONE',  ( 0.0000000000000000000, -0.0000000000000000000, 1.000000000000000000 ) ) ;
#4391 = VECTOR ( 'NONE', #4340, 1000.000000000000000 ) ;
#4392 = ORIENTED_EDGE ( 'NONE', *, *, #9816, .F. ) ;
#4393 = VECTOR ( 'NONE', #7774, 1000.000000000000100 ) ;
#4394 = EDGE_CURVE ( 'NONE', #2950, #5369, #9250, .T. ) ;
#4395 = CARTESIAN_POINT ( 'NONE',  ( 42.50000000000000700, -25.50000000000000000, 8.099999999999999600 ) ) ;
#4396 = FACE_OUTER_BOUND ( 'NONE', #2162, .T. ) ;
#4397 = B_SPLINE_CURVE_WITH_KNOTS ( 'NONE', 3,
 ( #4378, #5275, #11489, #6167, #715, #7078, #1653, #7974, #2606, #8856, #3509, #9756, #4416, #10643, #5308, #11525, #6202, #763, #7110 ),
 .UNSPECIFIED., .F., .F.,
 ( 4, 1, 1, 1, 1, 1, 1, 1, 1, 1, 1, 1, 1, 1, 1, 1, 4 ),
 ( 0.0000000000000000000, 0.07718350586161724900, 0.1504210116896267400, 0.2202263949175246300, 0.2870377303963412800, 0.3510200896744276000, 0.4120464105196231000, 0.4722140587259492900, 0.5311193081885455800, 0.5888973370782065700, 0.6454959264865524100, 0.7026198434054752300, 0.7589496557223874800, 0.8171265596756227500, 0.8759335790818833000, 0.9368018003846561000, 0.9999999999999998900 ),
 .UNSPECIFIED. ) ;
#4398 = ORIENTED_EDGE ( 'NONE', *, *, #1141, .F. ) ;
#4399 = AXIS2_PLACEMENT_3D ( 'NONE', #6805, #5941, #5033 ) ;
#4400 = CARTESIAN_POINT ( 'NONE',  ( 11.03867376318543600, -6.721643508754486800, 0.1000000000000000100 ) ) ;
#4401 = CARTESIAN_POINT ( 'NONE',  ( 10.99261031399979200, -1.953311138366183200, 0.1000000000000000100 ) ) ;
#4402 = CARTESIAN_POINT ( 'NONE',  ( 11.12759916371445400, -6.402221333619956500, 0.1000000000000000100 ) ) ;
#4403 = CARTESIAN_POINT ( 'NONE',  ( 19.33333333333329300, -8.000000000000076400, 8.099999999999999600 ) ) ;
#4404 = VECTOR ( 'NONE', #6533, 1000.000000000000000 ) ;
#4405 = ORIENTED_EDGE ( 'NONE', *, *, #8379, .F. ) ;
#4406 = LINE ( 'NONE', #2885, #4336 ) ;
#4407 = CARTESIAN_POINT ( 'NONE',  ( 10.84247055252897600, -9.093048212143632000, 0.1000000000000000100 ) ) ;
#4408 = CARTESIAN_POINT ( 'NONE',  ( 11.40640729089360900, -7.844851601700848500, 0.1000000000000000100 ) ) ;
#4409 = ORIENTED_EDGE ( 'NONE', *, *, #11139, .T. ) ;
#4410 = DIRECTION ( 'NONE',  ( 1.000000000000000000, 0.0000000000000000000, 0.0000000000000000000 ) ) ;
#4411 = ORIENTED_EDGE ( 'NONE', *, *, #7020, .T. ) ;
#4412 = LINE ( 'NONE', #362, #3696 ) ;
#4413 = CARTESIAN_POINT ( 'NONE',  ( 11.16505173410887000, -1.465211842626918900, 0.1000000000000000100 ) ) ;
#4414 = LINE ( 'NONE', #10035, #4649 ) ;
#4415 = CARTESIAN_POINT ( 'NONE',  ( 11.16505173410887000, -1.465211842626918900, 0.1000000000000000100 ) ) ;
#4416 = CARTESIAN_POINT ( 'NONE',  ( 11.19177743552396700, -8.622657427429908600, 0.1000000000000000100 ) ) ;
#4417 = ORIENTED_EDGE ( 'NONE', *, *, #1272, .F. ) ;
#4418 = EDGE_CURVE ( 'NONE', #5354, #5621, #10679, .T. ) ;
#4419 = ORIENTED_EDGE ( 'NONE', *, *, #8331, .T. ) ;
#4420 = CARTESIAN_POINT ( 'NONE',  ( 11.13415613842491700, -1.850621218922992000, 0.0000000000000000000 ) ) ;
#4421 = CARTESIAN_POINT ( 'NONE',  ( 11.13464502991613800, 5.017092958867329400, 0.1000000000000000100 ) ) ;
#4422 = ADVANCED_FACE ( 'NONE', ( #9582 ), #9741, .T. ) ;
#4423 = DIRECTION ( 'NONE',  ( 0.0000000000000000000, -1.000000000000000000, 0.0000000000000000000 ) ) ;
#4424 = EDGE_LOOP ( 'NONE', ( #11151, #11484, #5722, #10837, #9147, #7486, #10012, #1831 ) ) ;
#4425 = FACE_OUTER_BOUND ( 'NONE', #4851, .T. ) ;
#4426 = CARTESIAN_POINT ( 'NONE',  ( 9.744418604477024500, -1.601165095260511200, 0.1000000000000000100 ) ) ;
#4427 = CARTESIAN_POINT ( 'NONE',  ( 10.97914287228286900, -6.519180162154624400, 0.0000000000000000000 ) ) ;
#4428 = DIRECTION ( 'NONE',  ( 1.000000000000000000, 0.0000000000000000000, 0.0000000000000000000 ) ) ;
#4429 = ORIENTED_EDGE ( 'NONE', *, *, #333, .T. ) ;
#4430 = EDGE_CURVE ( 'NONE', #7446, #2149, #9784, .T. ) ;
#4431 = EDGE_CURVE ( 'NONE', #11666, #3346, #9705, .T. ) ;
#4432 = DIRECTION ( 'NONE',  ( -1.000000000000000000, 0.0000000000000000000, 0.0000000000000000000 ) ) ;
#4433 = ORIENTED_EDGE ( 'NONE', *, *, #4394, .F. ) ;
#4434 = VECTOR ( 'NONE', #8282, 1000.000000000000000 ) ;
#4435 = LINE ( 'NONE', #2126, #8839 ) ;
#4436 = CARTESIAN_POINT ( 'NONE',  ( 11.16964892905184900, -6.605146702102684800, 0.1000000000000000100 ) ) ;
#4437 = CARTESIAN_POINT ( 'NONE',  ( 10.88803420377665500, -1.232616011130798700, 1.355252715606880500E-017 ) ) ;
#4438 = CARTESIAN_POINT ( 'NONE',  ( 11.36519782525624600, -7.950191069286487000, 0.1000000000000000100 ) ) ;
#4439 = ORIENTED_EDGE ( 'NONE', *, *, #2491, .F. ) ;
#4440 = CARTESIAN_POINT ( 'NONE',  ( 10.66617790113011700, -9.057104300957409000, 1.355252715606880500E-017 ) ) ;
#4441 = ORIENTED_EDGE ( 'NONE', *, *, #11209, .F. ) ;
#4442 = CARTESIAN_POINT ( 'NONE',  ( 10.17686910332160500, -1.903210317436061700, 0.1000000000000000100 ) ) ;
#4443 = CC_DESIGN_DATE_AND_TIME_ASSIGNMENT ( #2756, #7639, ( #1988 ) ) ;
#4444 = EDGE_CURVE ( 'NONE', #3821, #6925, #2002, .T. ) ;
#4445 = LINE ( 'NONE', #9241, #9729 ) ;
#4446 = EDGE_CURVE ( 'NONE', #1504, #7568, #7806, .T. ) ;
#4447 = CIRCLE ( 'NONE', #789, 1.000000000000000900 ) ;
#4448 = EDGE_LOOP ( 'NONE', ( #10592, #11341, #1817, #5444 ) ) ;
#4449 = CARTESIAN_POINT ( 'NONE',  ( 11.21962788751244500, -8.748120406965691500, 0.1000000000000000100 ) ) ;
#4450 = EDGE_CURVE ( 'NONE', #8725, #4536, #10404, .T. ) ;
#4451 = ORIENTED_EDGE ( 'NONE', *, *, #5405, .T. ) ;
#4452 = DIRECTION ( 'NONE',  ( -0.0000000000000000000, -0.0000000000000000000, 1.000000000000000000 ) ) ;
#4453 = EDGE_CURVE ( 'NONE', #1510, #7090, #339, .T. ) ;
#4454 = LINE ( 'NONE', #1640, #165 ) ;
#4455 = DIRECTION ( 'NONE',  ( 0.0000000000000000000, 0.0000000000000000000, -1.000000000000000000 ) ) ;
#4456 = FACE_OUTER_BOUND ( 'NONE', #11179, .T. ) ;
#4457 = CARTESIAN_POINT ( 'NONE',  ( 10.92876006921453000, -2.173214871976886900, -0.0000000000000000000 ) ) ;
#4458 = CARTESIAN_POINT ( 'NONE',  ( 11.15143678916189000, -1.824716620429863700, 0.1000000000000000100 ) ) ;
#4459 = ORIENTED_EDGE ( 'NONE', *, *, #5268, .F. ) ;
#4460 = CARTESIAN_POINT ( 'NONE',  ( 36.49999999999999300, 19.50000000000000000, 2.700000000000000200 ) ) ;
#4461 = EDGE_LOOP ( 'NONE', ( #9288, #2279, #3869, #122 ) ) ;
#4462 = AXIS2_PLACEMENT_3D ( 'NONE', #3794, #6879, #1452 ) ;
#4463 = FACE_OUTER_BOUND ( 'NONE', #610, .T. ) ;
#4464 = AXIS2_PLACEMENT_3D ( 'NONE', #3067, #1433, #4300 ) ;
#4465 = VECTOR ( 'NONE', #1429, 1000.000000000000000 ) ;
#4466 = VECTOR ( 'NONE', #3678, 999.9999999999998900 ) ;
#4467 = DIRECTION ( 'NONE',  ( -0.0000000000000000000, -0.0000000000000000000, -1.000000000000000000 ) ) ;
#4468 = ORIENTED_EDGE ( 'NONE', *, *, #3960, .T. ) ;
#4469 = ORIENTED_EDGE ( 'NONE', *, *, #5168, .T. ) ;
#4470 = DIRECTION ( 'NONE',  ( -1.000000000000000000, 0.0000000000000000000, 0.0000000000000000000 ) ) ;
#4471 = CARTESIAN_POINT ( 'NONE',  ( 10.97914287228286900, -6.519180162154624400, 0.1000000000000000100 ) ) ;
#4472 = CARTESIAN_POINT ( 'NONE',  ( 9.931699822665049000, -6.895438278732027200, 0.0000000000000000000 ) ) ;
#4473 = LINE ( 'NONE', #5542, #4482 ) ;
#4474 = ORIENTED_EDGE ( 'NONE', *, *, #11433, .F. ) ;
#4475 = CARTESIAN_POINT ( 'NONE',  ( 10.51510047334507200, -8.891804256652138200, 0.1000000000000000100 ) ) ;
#4476 = CARTESIAN_POINT ( 'NONE',  ( 10.81974327980170100, -9.300840419935838100, 1.355252715606880500E-017 ) ) ;
#4477 = ORIENTED_EDGE ( 'NONE', *, *, #10263, .T. ) ;
#4478 = AXIS2_PLACEMENT_3D ( 'NONE', #8066, #8946, #3594 ) ;
#4479 = ORIENTED_EDGE ( 'NONE', *, *, #6232, .F. ) ;
#4480 = CARTESIAN_POINT ( 'NONE',  ( 11.36776484507881300, -1.783098794327751000, 0.1000000000000000100 ) ) ;
#4481 = ORIENTED_EDGE ( 'NONE', *, *, #3224, .F. ) ;
#4482 = VECTOR ( 'NONE', #8209, 1000.000000000000000 ) ;
#4483 = LINE ( 'NONE', #391, #10854 ) ;
#4484 = CARTESIAN_POINT ( 'NONE',  ( 10.96537388179813300, -1.268075300884479600, 1.355252715606880500E-017 ) ) ;
#4485 = ADVANCED_FACE ( 'NONE', ( #9122 ), #301, .F. ) ;
#4486 = CARTESIAN_POINT ( 'NONE',  ( 10.00000000000000000, 17.63735574933683000, 5.000000000000000000 ) ) ;
#4487 = ORIENTED_EDGE ( 'NONE', *, *, #4046, .F. ) ;
#4488 = CARTESIAN_POINT ( 'NONE',  ( 10.31953943421677200, -8.696748958423217600, 0.1000000000000000100 ) ) ;
#4489 = DIRECTION ( 'NONE',  ( -0.0000000000000000000, -0.0000000000000000000, 1.000000000000000000 ) ) ;
#4490 = VERTEX_POINT ( 'NONE', #994 ) ;
#4491 = EDGE_CURVE ( 'NONE', #2514, #11609, #414, .T. ) ;
#4492 = CARTESIAN_POINT ( 'NONE',  ( 11.13464502991614500, 5.947092958867328200, 0.1000000000000000100 ) ) ;
#4493 = CARTESIAN_POINT ( 'NONE',  ( 11.01932458700483700, -1.943229564459796800, 1.355252715606880500E-017 ) ) ;
#4494 = ORIENTED_EDGE ( 'NONE', *, *, #755, .T. ) ;
#4495 = CARTESIAN_POINT ( 'NONE',  ( 9.964645029916154000, 6.907092958867339800, 0.1000000000000000100 ) ) ;
#4496 = VERTEX_POINT ( 'NONE', #5112 ) ;
#4497 = LINE ( 'NONE', #66, #4381 ) ;
#4498 = CARTESIAN_POINT ( 'NONE',  ( 0.0000000000000000000, 0.0000000000000000000, 0.1000000000000000100 ) ) ;
#4499 = ORIENTED_EDGE ( 'NONE', *, *, #9063, .T. ) ;
#4500 = PLANE ( 'NONE',  #5875 ) ;
#4501 = EDGE_LOOP ( 'NONE', ( #5908, #11576, #4617, #10287, #4237, #1898, #10225, #9977, #8145, #9245 ) ) ;
#4502 = DIRECTION ( 'NONE',  ( 0.0000000000000000000, 0.0000000000000000000, 1.000000000000000000 ) ) ;
#4503 = EDGE_CURVE ( 'NONE', #7129, #8680, #2827, .T. ) ;
#4504 = EDGE_CURVE ( 'NONE', #8709, #10937, #6132, .T. ) ;
#4505 = CARTESIAN_POINT ( 'NONE',  ( 10.66266181860371500, -1.775913707278061700, 6.776263578034402700E-017 ) ) ;
#4506 = LINE ( 'NONE', #10409, #3171 ) ;
#4507 = PLANE ( 'NONE',  #852 ) ;
#4508 = VECTOR ( 'NONE', #4682, 1000.000000000000200 ) ;
#4509 = DIRECTION ( 'NONE',  ( -0.0000000000000000000, 1.000000000000000000, -0.0000000000000000000 ) ) ;
#4510 = CARTESIAN_POINT ( 'NONE',  ( 10.07385049738025600, -7.148966099828538000, 0.1000000000000000100 ) ) ;
#4511 = CARTESIAN_POINT ( 'NONE',  ( 9.931431591490012400, -6.884931329026747100, 0.1000000000000000100 ) ) ;
#4512 = VERTEX_POINT ( 'NONE', #2190 ) ;
#4513 = DIRECTION ( 'NONE',  ( 0.8320502943378368400, -0.5547001962252392500, -0.0000000000000000000 ) ) ;
#4514 = ORIENTED_EDGE ( 'NONE', *, *, #1763, .T. ) ;
#4515 = ORIENTED_EDGE ( 'NONE', *, *, #2942, .T. ) ;
#4516 = LINE ( 'NONE', #3040, #2419 ) ;
#4517 = FACE_OUTER_BOUND ( 'NONE', #7944, .T. ) ;
#4518 = CARTESIAN_POINT ( 'NONE',  ( 10.49763255197680100, -1.930953459011167700, 0.0000000000000000000 ) ) ;
#4519 = CARTESIAN_POINT ( 'NONE',  ( 11.19290088415114500, -8.893299077218246800, -0.0000000000000000000 ) ) ;
#4520 = VERTEX_POINT ( 'NONE', #6632 ) ;
#4521 = PLANE ( 'NONE',  #10698 ) ;
#4522 = CIRCLE ( 'NONE', #6781, 1.499999999999996200 ) ;
#4523 = CARTESIAN_POINT ( 'NONE',  ( 47.50000000000000000, 10.15004534589628400, 0.0000000000000000000 ) ) ;
#4524 = ORIENTED_EDGE ( 'NONE', *, *, #2344, .T. ) ;
#4525 = CIRCLE ( 'NONE', #10531, 1.749999999999999800 ) ;
#4526 = PLANE ( 'NONE',  #7241 ) ;
#4527 = VERTEX_POINT ( 'NONE', #4980 ) ;
#4528 = CARTESIAN_POINT ( 'NONE',  ( 10.16398056731355100, -2.110810235799818200, 0.1000000000000000100 ) ) ;
#4529 = ORIENTED_EDGE ( 'NONE', *, *, #3768, .T. ) ;
#4530 = CARTESIAN_POINT ( 'NONE',  ( 7.999999999999998200, -21.00000000000000000, 0.0000000000000000000 ) ) ;
#4531 = DIRECTION ( 'NONE',  ( 0.0000000000000000000, 0.0000000000000000000, 1.000000000000000000 ) ) ;
#4532 = VECTOR ( 'NONE', #10655, 1000.000000000000000 ) ;
#4533 = CARTESIAN_POINT ( 'NONE',  ( 10.81974327980170100, -9.300840419935838100, 0.1000000000000000100 ) ) ;
#4534 = FACE_OUTER_BOUND ( 'NONE', #11073, .T. ) ;
#4535 = AXIS2_PLACEMENT_3D ( 'NONE', #2377, #11265, #10514 ) ;
#4536 = VERTEX_POINT ( 'NONE', #7799 ) ;
#4537 = CARTESIAN_POINT ( 'NONE',  ( 11.11105637904098100, -1.380603737911799900, 0.1000000000000000100 ) ) ;
#4539 = ORIENTED_EDGE ( 'NONE', *, *, #5460, .F. ) ;
#4538 = AXIS2_PLACEMENT_3D ( 'NONE', #5274, #7898, #7946 ) ;
#4540 = ORIENTED_EDGE ( 'NONE', *, *, #10505, .T. ) ;
#4541 = CARTESIAN_POINT ( 'NONE',  ( 19.33333333333341000, -8.000000000000076400, -23.17665792529315300 ) ) ;
#4542 = CARTESIAN_POINT ( 'NONE',  ( 11.19896405902248100, -1.633957303052719000, 0.1000000000000000100 ) ) ;
#4543 = CARTESIAN_POINT ( 'NONE',  ( 31.82296703857309000, 19.50000000000000000, 0.0000000000000000000 ) ) ;
#4544 = DIRECTION ( 'NONE',  ( 1.000000000000000000, 0.0000000000000000000, 0.0000000000000000000 ) ) ;
#4545 = DIRECTION ( 'NONE',  ( 1.000000000000000000, 0.0000000000000000000, 0.0000000000000000000 ) ) ;
#4546 = DIRECTION ( 'NONE',  ( 1.000000000000000000, 0.0000000000000000000, 0.0000000000000000000 ) ) ;
#4547 = LINE ( 'NONE', #5604, #4219 ) ;
#4548 = FACE_OUTER_BOUND ( 'NONE', #1194, .T. ) ;
#4549 = CARTESIAN_POINT ( 'NONE',  ( 8.000000000000007100, 6.999999999999999100, 8.099999999999999600 ) ) ;
#4550 = ORIENTED_EDGE ( 'NONE', *, *, #4630, .T. ) ;
#4551 = ORIENTED_EDGE ( 'NONE', *, *, #8393, .T. ) ;
#4552 = PLANE ( 'NONE',  #11322 ) ;
#4553 = CARTESIAN_POINT ( 'NONE',  ( 10.07907517030712300, -6.613165638641662600, 0.1000000000000000100 ) ) ;
#4554 = CARTESIAN_POINT ( 'NONE',  ( 10.84247055252897400, -9.093048212143630200, 0.0000000000000000000 ) ) ;
#4555 = VECTOR ( 'NONE', #7784, 1000.000000000000000 ) ;
#4556 = FACE_OUTER_BOUND ( 'NONE', #793, .T. ) ;
#4557 = DIRECTION ( 'NONE',  ( -0.0000000000000000000, -0.0000000000000000000, 1.000000000000000000 ) ) ;
#4558 = EDGE_CURVE ( 'NONE', #8742, #3453, #985, .T. ) ;
#4559 = DIRECTION ( 'NONE',  ( 0.6853646990049906400, -0.7281999926928031100, 0.0000000000000000000 ) ) ;
#4560 = ADVANCED_FACE ( 'NONE', ( #10646 ), #5909, .T. ) ;
#4561 = ORIENTED_EDGE ( 'NONE', *, *, #4062, .T. ) ;
#4562 = CARTESIAN_POINT ( 'NONE',  ( 10.00000000000000000, -14.49804735160446600, 8.099999999999999600 ) ) ;
#4563 = ADVANCED_FACE ( 'NONE', ( #9415 ), #3943, .F. ) ;
#4564 = VERTEX_POINT ( 'NONE', #5739 ) ;
#4565 = CARTESIAN_POINT ( 'NONE',  ( 9.792281846349990100, -1.846393961124117800, 0.1000000000000000100 ) ) ;
#4566 = LINE ( 'NONE', #4745, #4163 ) ;
#4567 = AXIS2_PLACEMENT_3D ( 'NONE', #3074, #9325, #3979 ) ;
#4568 = VECTOR ( 'NONE', #2300, 1000.000000000000000 ) ;
#4569 = CARTESIAN_POINT ( 'NONE',  ( 10.05336569449130300, -6.628468109759400500, 0.1000000000000000100 ) ) ;
#4570 = CARTESIAN_POINT ( 'NONE',  ( 30.49999999999998600, -2.000000000000000000, 5.099999999999999600 ) ) ;
#4571 = DIRECTION ( 'NONE',  ( -1.000000000000000000, 0.0000000000000000000, 0.0000000000000000000 ) ) ;
#4572 = EDGE_CURVE ( 'NONE', #1013, #8725, #7315, .T. ) ;
#4573 = EDGE_CURVE ( 'NONE', #2487, #863, #1094, .T. ) ;
#4574 = CARTESIAN_POINT ( 'NONE',  ( 9.970058865974314300, -1.778547854382936300, -0.0000000000000000000 ) ) ;
#4575 = ORIENTED_EDGE ( 'NONE', *, *, #3004, .F. ) ;
#4576 = CARTESIAN_POINT ( 'NONE',  ( 10.80067225686117800, -9.300435498570083200, 1.355252715606880500E-017 ) ) ;
#4577 = EDGE_LOOP ( 'NONE', ( #4115, #243, #10177, #5076 ) ) ;
#4578 = ORIENTED_EDGE ( 'NONE', *, *, #2005, .T. ) ;
#4579 = DIRECTION ( 'NONE',  ( 1.182766006347823100E-016, -1.000000000000000000, 0.0000000000000000000 ) ) ;
#4580 = CARTESIAN_POINT ( 'NONE',  ( 31.82296703857309000, 19.50000000000000000, 8.099999999999999600 ) ) ;
#4581 = DIRECTION ( 'NONE',  ( 0.0000000000000000000, -0.0000000000000000000, -1.000000000000000000 ) ) ;
#4582 = CARTESIAN_POINT ( 'NONE',  ( 11.66018310452988500, -7.796659700489530400, -1.355252715606880500E-017 ) ) ;
#4583 = CARTESIAN_POINT ( 'NONE',  ( 9.961598059517673000, -6.739217973587861000, -1.355252715606880500E-017 ) ) ;
#4584 = ORIENTED_EDGE ( 'NONE', *, *, #2922, .T. ) ;
#4585 = CARTESIAN_POINT ( 'NONE',  ( 40.49999999999999300, 8.150045345896286300, 0.0000000000000000000 ) ) ;
#4586 = VERTEX_POINT ( 'NONE', #8894 ) ;
#4587 = EDGE_CURVE ( 'NONE', #9831, #5046, #11180, .T. ) ;
#4588 = CARTESIAN_POINT ( 'NONE',  ( 10.32446909530058900, -8.952136764486425600, 0.0000000000000000000 ) ) ;
#4589 = VECTOR ( 'NONE', #1512, 1000.000000000000100 ) ;
#4590 = LINE ( 'NONE', #2283, #1269 ) ;
#4591 = VECTOR ( 'NONE', #7299, 1000.000000000000000 ) ;
#4592 = EDGE_CURVE ( 'NONE', #6668, #2533, #3116, .T. ) ;
#4593 = CARTESIAN_POINT ( 'NONE',  ( 10.49716487212736200, -7.049404556338819500, 0.1000000000000000100 ) ) ;
#4594 = EDGE_CURVE ( 'NONE', #4490, #7467, #7156, .T. ) ;
#4595 = CARTESIAN_POINT ( 'NONE',  ( 26.64242326782791200, -7.800000000000076200, 33.81103081370217500 ) ) ;
#4596 = CARTESIAN_POINT ( 'NONE',  ( 11.14975002140117700, -1.435676645443692700, 0.1000000000000000100 ) ) ;
#4597 = DIRECTION ( 'NONE',  ( 0.0000000000000000000, 0.0000000000000000000, -1.000000000000000000 ) ) ;
#4598 = B_SPLINE_CURVE_WITH_KNOTS ( 'NONE', 3,
 ( #9039, #8777, #8818, #174, #3184, #538, #1641, #1392, #1602, #1575, #898, #1361, #1289, #1276, #7501, #4003, #5080, #2186, #5053 ),
 .UNSPECIFIED., .F., .F.,
 ( 4, 1, 1, 1, 1, 1, 1, 1, 1, 1, 1, 1, 1, 1, 1, 1, 4 ),
 ( 0.0000000000000000000, 0.06446489955713137500, 0.1266746782289932300, 0.1872007972331891600, 0.2458232929332393500, 0.3047158879510935600, 0.3638857315547252600, 0.4242587027143430700, 0.4865003620401647800, 0.5491866481069046500, 0.6117224330064554600, 0.6736979191176628600, 0.7361622874266181600, 0.7992795927792321100, 0.8643468857029449300, 0.9309608661739431400, 0.9999999999999998900 ),
 .UNSPECIFIED. ) ;
#4599 = CARTESIAN_POINT ( 'NONE',  ( 38.49999999999999300, -12.99999999999999800, 0.0000000000000000000 ) ) ;
#4600 = ORIENTED_EDGE ( 'NONE', *, *, #10904, .T. ) ;
#4601 = DIRECTION ( 'NONE',  ( 1.000000000000000000, 0.0000000000000000000, 0.0000000000000000000 ) ) ;
#4602 = VERTEX_POINT ( 'NONE', #5094 ) ;
#4603 = CARTESIAN_POINT ( 'NONE',  ( 10.80067225686117800, -9.300435498570083200, 0.1000000000000000100 ) ) ;
#4604 = VECTOR ( 'NONE', #4452, 1000.000000000000000 ) ;
#4605 = LINE ( 'NONE', #6640, #2835 ) ;
#4606 = LINE ( 'NONE', #10832, #4591 ) ;
#4607 = ORIENTED_EDGE ( 'NONE', *, *, #6861, .F. ) ;
#4608 = CARTESIAN_POINT ( 'NONE',  ( 9.745514637127961100, -1.547238157575123300, 0.0000000000000000000 ) ) ;
#4609 = ORIENTED_EDGE ( 'NONE', *, *, #10170, .F. ) ;
#4610 = AXIS2_PLACEMENT_3D ( 'NONE', #10289, #9532, #9488 ) ;
#4611 = CARTESIAN_POINT ( 'NONE',  ( 8.000000000000000000, -5.250000000000000900, 3.250000000000000400 ) ) ;
#4612 = EDGE_LOOP ( 'NONE', ( #5709, #6443, #3729, #11571 ) ) ;
#4613 = VECTOR ( 'NONE', #3529, 1000.000000000000000 ) ;
#4614 = CARTESIAN_POINT ( 'NONE',  ( 10.45002119293728200, -1.603279410782058900, 4.065758146820641600E-017 ) ) ;
#4615 = VERTEX_POINT ( 'NONE', #1095 ) ;
#4616 = CARTESIAN_POINT ( 'NONE',  ( 11.26377739538453700, -6.342414447433115200, 0.1000000000000000100 ) ) ;
#4617 = ORIENTED_EDGE ( 'NONE', *, *, #9225, .F. ) ;
#4618 = CARTESIAN_POINT ( 'NONE',  ( 11.06096451454356400, -1.331439133541092700, 0.1000000000000000100 ) ) ;
#4619 = CARTESIAN_POINT ( 'NONE',  ( 40.49999999999999300, -8.381966011250106900, 8.099999999999999600 ) ) ;
#4620 = CARTESIAN_POINT ( 'NONE',  ( 35.49999999999999300, -9.250000000000001800, 5.099999999999999600 ) ) ;
#4621 = CARTESIAN_POINT ( 'NONE',  ( 9.935779299346913600, -6.946097248173885900, 0.1000000000000000100 ) ) ;
#4622 = ORIENTED_EDGE ( 'NONE', *, *, #5977, .F. ) ;
#4623 = CARTESIAN_POINT ( 'NONE',  ( 10.10735961069363900, -6.600787396916888200, 0.1000000000000000100 ) ) ;
#4624 = PERSON_AND_ORGANIZATION ( #9870, #6272 ) ;
#4625 = DIRECTION ( 'NONE',  ( 0.0000000000000000000, 8.941873587509316400E-017, -1.000000000000000000 ) ) ;
#4626 = CYLINDRICAL_SURFACE ( 'NONE', #374, 0.5000000000000004400 ) ;
#4627 = CARTESIAN_POINT ( 'NONE',  ( 36.49999999999999300, 8.499999999999996400, 0.0000000000000000000 ) ) ;
#4628 = VERTEX_POINT ( 'NONE', #8985 ) ;
#4629 = VECTOR ( 'NONE', #4509, 1000.000000000000000 ) ;
#4630 = EDGE_CURVE ( 'NONE', #1485, #3629, #2369, .T. ) ;
#4631 = DIRECTION ( 'NONE',  ( 1.000000000000000000, 0.0000000000000000000, 0.0000000000000000000 ) ) ;
#4632 = EDGE_LOOP ( 'NONE', ( #2246, #2641, #5653, #8524 ) ) ;
#4633 = CARTESIAN_POINT ( 'NONE',  ( 10.87533232739400400, -1.964802242913837400, 6.776263578034402700E-017 ) ) ;
#4634 = DIRECTION ( 'NONE',  ( -0.0000000000000000000, -0.0000000000000000000, -1.000000000000000000 ) ) ;
#4635 = DIRECTION ( 'NONE',  ( 1.000000000000000000, 0.0000000000000000000, 0.0000000000000000000 ) ) ;
#4636 = ORIENTED_EDGE ( 'NONE', *, *, #1045, .F. ) ;
#4637 = PLANE ( 'NONE',  #1457 ) ;
#4638 = CARTESIAN_POINT ( 'NONE',  ( 10.76348475295128400, -9.299645922944327100, 1.355252715606880500E-017 ) ) ;
#4639 = VERTEX_POINT ( 'NONE', #1730 ) ;
#4640 = FACE_OUTER_BOUND ( 'NONE', #576, .T. ) ;
#4641 = EDGE_CURVE ( 'NONE', #10576, #2991, #11463, .T. ) ;
#4642 = EDGE_CURVE ( 'NONE', #3208, #1356, #2109, .T. ) ;
#4643 = PLANE ( 'NONE',  #3488 ) ;
#4644 = EDGE_LOOP ( 'NONE', ( #8596, #11258, #9798, #1455, #7640, #1689, #638, #7961, #8934, #4647, #443, #2288 ) ) ;
#4645 = CARTESIAN_POINT ( 'NONE',  ( 9.935205647881327100, -1.673320720840531200, 0.1000000000000000100 ) ) ;
#4646 = DIRECTION ( 'NONE',  ( 1.000000000000000000, -9.637352644315582500E-015, 0.0000000000000000000 ) ) ;
#4647 = ORIENTED_EDGE ( 'NONE', *, *, #3325, .F. ) ;
#4648 = EDGE_LOOP ( 'NONE', ( #8045, #429, #1515, #6256 ) ) ;
#4649 = VECTOR ( 'NONE', #11193, 1000.000000000000000 ) ;
#4650 = CARTESIAN_POINT ( 'NONE',  ( 10.37666654140763400, -1.812548574343024100, 0.1000000000000000100 ) ) ;
#4651 = VECTOR ( 'NONE', #1157, 1000.000000000000000 ) ;
#4652 = ORIENTED_EDGE ( 'NONE', *, *, #10992, .F. ) ;
#4653 = EDGE_CURVE ( 'NONE', #6874, #6626, #3717, .T. ) ;
#4654 = EDGE_CURVE ( 'NONE', #10599, #6710, #5885, .T. ) ;
#4655 = CARTESIAN_POINT ( 'NONE',  ( 37.00000000000000700, -19.99999999999999600, 0.0000000000000000000 ) ) ;
#4656 = CARTESIAN_POINT ( 'NONE',  ( 9.970441956468747000, -2.055095320752849700, 0.1000000000000000100 ) ) ;
#4657 = CARTESIAN_POINT ( 'NONE',  ( 10.24760413378244400, -7.388258875925280300, 0.0000000000000000000 ) ) ;
#4658 = EDGE_LOOP ( 'NONE', ( #9224, #10764, #4272, #2856 ) ) ;
#4659 = ORIENTED_EDGE ( 'NONE', *, *, #1056, .T. ) ;
#4660 = FACE_OUTER_BOUND ( 'NONE', #7290, .T. ) ;
#4661 = VECTOR ( 'NONE', #6827, 1000.000000000000000 ) ;
#4662 = DIRECTION ( 'NONE',  ( -1.000000000000000000, 0.0000000000000000000, 0.0000000000000000000 ) ) ;
#4663 = EDGE_CURVE ( 'NONE', #9753, #11129, #8926, .T. ) ;
#4664 = VERTEX_POINT ( 'NONE', #10281 ) ;
#4665 = CARTESIAN_POINT ( 'NONE',  ( 10.01400435839590700, -1.370506223071674700, -0.0000000000000000000 ) ) ;
#4666 = CARTESIAN_POINT ( 'NONE',  ( 11.36519782525624600, -7.846294965390384000, 0.1000000000000000100 ) ) ;
#4667 = DIRECTION ( 'NONE',  ( 0.0000000000000000000, -0.0000000000000000000, -1.000000000000000000 ) ) ;
#4668 = LINE ( 'NONE', #6894, #4726 ) ;
#4669 = ORIENTED_EDGE ( 'NONE', *, *, #8324, .T. ) ;
#4670 = LINE ( 'NONE', #921, #4735 ) ;
#4671 = ORIENTED_EDGE ( 'NONE', *, *, #4867, .T. ) ;
#4672 = CARTESIAN_POINT ( 'NONE',  ( 10.63606930378759500, -1.528205703454216000, 0.0000000000000000000 ) ) ;
#4673 = ORIENTED_EDGE ( 'NONE', *, *, #8786, .F. ) ;
#4674 = ORIENTED_EDGE ( 'NONE', *, *, #6498, .F. ) ;
#4675 = CARTESIAN_POINT ( 'NONE',  ( 11.53804230008270800, -7.789541331156661900, 0.1000000000000000100 ) ) ;
#4676 = AXIS2_PLACEMENT_3D ( 'NONE', #875, #7852, #259 ) ;
#4677 = AXIS2_PLACEMENT_3D ( 'NONE', #5231, #1520, #6308 ) ;
#4678 = PLANE ( 'NONE',  #7685 ) ;
#4679 = DIRECTION ( 'NONE',  ( -1.000000000000000000, 2.168404344971006900E-016, 0.0000000000000000000 ) ) ;
#4680 = LINE ( 'NONE', #8342, #4555 ) ;
#4681 = LINE ( 'NONE', #9945, #8080 ) ;
#4682 = DIRECTION ( 'NONE',  ( -0.1558833173373130900, 0.9877754761968503500, 0.0000000000000000000 ) ) ;
#4683 = DIRECTION ( 'NONE',  ( -0.0000000000000000000, -0.0000000000000000000, 1.000000000000000000 ) ) ;
#4684 = ORIENTED_EDGE ( 'NONE', *, *, #4363, .F. ) ;
#4685 = CARTESIAN_POINT ( 'NONE',  ( 10.24129630241895100, -1.897902122847118700, 4.065758146820641600E-017 ) ) ;
#4686 = CARTESIAN_POINT ( 'NONE',  ( 11.19871752505446800, -1.645979801990046000, -0.0000000000000000000 ) ) ;
#4687 = ORIENTED_EDGE ( 'NONE', *, *, #2648, .F. ) ;
#4688 = AXIS2_PLACEMENT_3D ( 'NONE', #4699, #10042, #1962 ) ;
#4689 = VECTOR ( 'NONE', #552, 1000.000000000000000 ) ;
#4690 = CARTESIAN_POINT ( 'NONE',  ( 47.50000000000000000, 5.796270854249228500, 8.099999999999999600 ) ) ;
#4691 = CARTESIAN_POINT ( 'NONE',  ( 10.44235005712857500, -7.327109652009585100, 4.065758146820641600E-017 ) ) ;
#4692 = AXIS2_PLACEMENT_3D ( 'NONE', #8162, #8057, #8041 ) ;
#4693 = CARTESIAN_POINT ( 'NONE',  ( 11.36519782525624600, -4.319346913442329200, 0.1000000000000000100 ) ) ;
#4694 = CARTESIAN_POINT ( 'NONE',  ( 4.393968951792283300, -12.74344776061612600, 7.413944776376546000 ) ) ;
#4695 = ORIENTED_EDGE ( 'NONE', *, *, #3691, .T. ) ;
#4696 = CARTESIAN_POINT ( 'NONE',  ( 10.51198695906923500, -8.629415935035190400, 0.0000000000000000000 ) ) ;
#4697 = CARTESIAN_POINT ( 'NONE',  ( 2.081668171172168500E-014, -22.00000000000000000, 0.0000000000000000000 ) ) ;
#4698 = ORIENTED_EDGE ( 'NONE', *, *, #9425, .T. ) ;
#4699 = CARTESIAN_POINT ( 'NONE',  ( 8.000000000000000000, -5.250000000000000900, 3.250000000000000400 ) ) ;
#4700 = VECTOR ( 'NONE', #10433, 1000.000000000000100 ) ;
#4701 = VECTOR ( 'NONE', #8182, 999.9999999999998900 ) ;
#4702 = VERTEX_POINT ( 'NONE', #6435 ) ;
#4703 = CARTESIAN_POINT ( 'NONE',  ( 36.99999999999999300, 15.00000000000000000, 5.399999999999999500 ) ) ;
#4704 = CARTESIAN_POINT ( 'NONE',  ( 10.19396542398809300, -7.388808130949898100, 0.1000000000000000100 ) ) ;
#4705 = VERTEX_POINT ( 'NONE', #6473 ) ;
#4706 = ADVANCED_FACE ( 'NONE', ( #1383 ), #9796, .F. ) ;
#4707 = ORIENTED_EDGE ( 'NONE', *, *, #4594, .F. ) ;
#4708 = DIRECTION ( 'NONE',  ( -0.0000000000000000000, -0.0000000000000000000, 1.000000000000000000 ) ) ;
#4709 = CARTESIAN_POINT ( 'NONE',  ( 9.854228244322920100, -6.567206293813765000, 0.1000000000000000100 ) ) ;
#4710 = ORIENTED_EDGE ( 'NONE', *, *, #4299, .F. ) ;
#4711 = ORIENTED_EDGE ( 'NONE', *, *, #10019, .F. ) ;
#4712 = AXIS2_PLACEMENT_3D ( 'NONE', #9579, #6939, #1506 ) ;
#4713 = CARTESIAN_POINT ( 'NONE',  ( 12.89929005983225700, 8.957317253416649200, 33.81103081370217500 ) ) ;
#4714 = EDGE_CURVE ( 'NONE', #9587, #8542, #1247, .T. ) ;
#4715 = ORIENTED_EDGE ( 'NONE', *, *, #11633, .F. ) ;
#4716 = EDGE_CURVE ( 'NONE', #8352, #5795, #6144, .T. ) ;
#4717 = LINE ( 'NONE', #5803, #1650 ) ;
#4718 = VERTEX_POINT ( 'NONE', #7043 ) ;
#4719 = CARTESIAN_POINT ( 'NONE',  ( 10.21200937172181600, -1.054469267640153000, 0.1000000000000000100 ) ) ;
#4720 = CARTESIAN_POINT ( 'NONE',  ( 10.90643159149001400, -1.965775484870901000, 0.0000000000000000000 ) ) ;
#4721 = VERTEX_POINT ( 'NONE', #611 ) ;
#4722 = CARTESIAN_POINT ( 'NONE',  ( 44.50000000000000000, -19.99999999999999600, -8.732124598286484100 ) ) ;
#4723 = DIRECTION ( 'NONE',  ( 0.0000000000000000000, -0.0000000000000000000, 1.000000000000000000 ) ) ;
#4724 = CARTESIAN_POINT ( 'NONE',  ( 11.44502575710740400, -7.837523778986839500, -0.0000000000000000000 ) ) ;
#4725 = LINE ( 'NONE', #9947, #4911 ) ;
#4726 = VECTOR ( 'NONE', #9016, 1000.000000000000000 ) ;
#4727 = FACE_OUTER_BOUND ( 'NONE', #2873, .T. ) ;
#4728 = CARTESIAN_POINT ( 'NONE',  ( 19.33333333333341000, -7.800000000000077100, 3.099999999999999600 ) ) ;
#4729 = DIRECTION ( 'NONE',  ( 1.000000000000000000, 0.0000000000000000000, 0.0000000000000000000 ) ) ;
#4730 = ORIENTED_EDGE ( 'NONE', *, *, #9392, .T. ) ;
#4731 = DIRECTION ( 'NONE',  ( 1.000000000000000000, 0.0000000000000000000, 0.0000000000000000000 ) ) ;
#4732 = ORIENTED_EDGE ( 'NONE', *, *, #10223, .F. ) ;
#4733 = ORIENTED_EDGE ( 'NONE', *, *, #4795, .T. ) ;
#4734 = EDGE_CURVE ( 'NONE', #6710, #1551, #9184, .T. ) ;
#4735 = VECTOR ( 'NONE', #2845, 1000.000000000000000 ) ;
#4736 = CARTESIAN_POINT ( 'NONE',  ( 11.27518378683679500, -8.408805365613998700, 0.1000000000000000100 ) ) ;
#4737 = AXIS2_PLACEMENT_3D ( 'NONE', #920, #6015, #10450 ) ;
#4738 = LINE ( 'NONE', #8129, #4700 ) ;
#4739 = CARTESIAN_POINT ( 'NONE',  ( 11.29387220321510200, -9.069641538246418800, 1.355252715606880500E-017 ) ) ;
#4740 = ORIENTED_EDGE ( 'NONE', *, *, #2460, .T. ) ;
#4741 = CARTESIAN_POINT ( 'NONE',  ( 10.30545756551598500, -8.811554705650124200, 0.1000000000000000100 ) ) ;
#4742 = EDGE_LOOP ( 'NONE', ( #8253, #4161, #11461, #1428, #7128, #10419, #4146, #2919 ) ) ;
#4743 = CARTESIAN_POINT ( 'NONE',  ( 10.76348475295128400, -9.299645922944327100, 0.1000000000000000100 ) ) ;
#4744 = ORIENTED_EDGE ( 'NONE', *, *, #7272, .T. ) ;
#4745 = CARTESIAN_POINT ( 'NONE',  ( 11.85464502991611500, 3.107092958867321300, 0.0000000000000000000 ) ) ;
#4746 = CARTESIAN_POINT ( 'NONE',  ( 43.68251492603761200, -4.349954654103710200, 8.099999999999999600 ) ) ;
#4747 = EDGE_CURVE ( 'NONE', #2964, #6148, #11067, .T. ) ;
#4748 = LINE ( 'NONE', #2459, #10492 ) ;
#4749 = CIRCLE ( 'NONE', #1784, 1.000000000000000900 ) ;
#4750 = ORIENTED_EDGE ( 'NONE', *, *, #96, .T. ) ;
#4751 = CARTESIAN_POINT ( 'NONE',  ( 10.02997915984766800, -6.646513894677947400, 0.1000000000000000100 ) ) ;
#4752 = CARTESIAN_POINT ( 'NONE',  ( 42.49999999999999300, -7.145898033750314400, 0.0000000000000000000 ) ) ;
#4753 = AXIS2_PLACEMENT_3D ( 'NONE', #5973, #9707, #5359 ) ;
#4754 = ORIENTED_EDGE ( 'NONE', *, *, #5197, .T. ) ;
#4755 = CARTESIAN_POINT ( 'NONE',  ( 10.70916824888592700, -9.292566246126467500, 1.355252715606880500E-017 ) ) ;
#4756 = EDGE_LOOP ( 'NONE', ( #7659, #221, #6752, #2969, #6901, #3303, #4600, #3564 ) ) ;
#4757 = ADVANCED_FACE ( 'NONE', ( #8625 ), #5935, .T. ) ;
#4758 = CARTESIAN_POINT ( 'NONE',  ( 10.91227574733416700, -2.173567692663108500, 0.0000000000000000000 ) ) ;
#4759 = DIRECTION ( 'NONE',  ( -0.0000000000000000000, -0.0000000000000000000, 1.000000000000000000 ) ) ;
#4760 = ORIENTED_EDGE ( 'NONE', *, *, #1691, .F. ) ;
#4761 = VECTOR ( 'NONE', #5468, 1000.000000000000000 ) ;
#4762 = CARTESIAN_POINT ( 'NONE',  ( 10.52980821486663600, -1.876489770585186600, 0.0000000000000000000 ) ) ;
#4763 = DIRECTION ( 'NONE',  ( -0.0000000000000000000, -0.0000000000000000000, -1.000000000000000000 ) ) ;
#4764 = CARTESIAN_POINT ( 'NONE',  ( 9.772569256858172800, -7.000513302254057100, 0.1000000000000000100 ) ) ;
#4765 = ORIENTED_EDGE ( 'NONE', *, *, #3172, .T. ) ;
#4766 = CARTESIAN_POINT ( 'NONE',  ( 39.49999999999999300, 19.50000000000000000, 5.399999999999999500 ) ) ;
#4767 = EDGE_CURVE ( 'NONE', #9791, #5942, #3806, .T. ) ;
#4768 = ORIENTED_EDGE ( 'NONE', *, *, #6319, .T. ) ;
#4769 = CARTESIAN_POINT ( 'NONE',  ( 11.21974327980169900, -8.757983277078695400, 1.355252715606880500E-017 ) ) ;
#4770 = LINE ( 'NONE', #1531, #4465 ) ;
#4771 = DIRECTION ( 'NONE',  ( 1.000000000000000000, 0.0000000000000000000, 0.0000000000000000000 ) ) ;
#4772 = CARTESIAN_POINT ( 'NONE',  ( 11.26004045349408900, -9.111898264729241200, 1.355252715606880500E-017 ) ) ;
#4773 = EDGE_LOOP ( 'NONE', ( #2189, #11292, #1800, #8843 ) ) ;
#4774 = CARTESIAN_POINT ( 'NONE',  ( 10.41269814671322900, -9.118174679102752500, 0.1000000000000000100 ) ) ;
#4775 = CARTESIAN_POINT ( 'NONE',  ( 10.70916824888592700, -9.292566246126467500, 0.1000000000000000100 ) ) ;
#4776 = AXIS2_PLACEMENT_3D ( 'NONE', #1634, #9734, #4390 ) ;
#4777 = DIRECTION ( 'NONE',  ( 0.0000000000000000000, -1.000000000000000000, 0.0000000000000000000 ) ) ;
#4778 = EDGE_CURVE ( 'NONE', #6938, #5962, #6045, .T. ) ;
#4779 = ORIENTED_EDGE ( 'NONE', *, *, #10621, .F. ) ;
#4780 = EDGE_CURVE ( 'NONE', #1356, #6374, #3928, .T. ) ;
#4781 = ORIENTED_EDGE ( 'NONE', *, *, #8635, .F. ) ;
#4782 = FACE_OUTER_BOUND ( 'NONE', #10869, .T. ) ;
#4783 = ORIENTED_EDGE ( 'NONE', *, *, #2421, .F. ) ;
#4784 = ORIENTED_EDGE ( 'NONE', *, *, #7256, .F. ) ;
#4785 = CARTESIAN_POINT ( 'NONE',  ( 13.01877120494743200, -9.157317253416650300, -23.17665792529315300 ) ) ;
#4786 = CARTESIAN_POINT ( 'NONE',  ( 42.50000000000000000, 17.50000000000000000, 8.099999999999996100 ) ) ;
#4787 = CARTESIAN_POINT ( 'NONE',  ( 6.849614011047666700, 12.83456326127513100, 0.0000000000000000000 ) ) ;
#4788 = VERTEX_POINT ( 'NONE', #9994 ) ;
#4789 = CARTESIAN_POINT ( 'NONE',  ( 10.94376925382767500, -8.241100160195578900, -0.0000000000000000000 ) ) ;
#4790 = ORIENTED_EDGE ( 'NONE', *, *, #1056, .F. ) ;
#4791 = LINE ( 'NONE', #9850, #5860 ) ;
#4792 = ORIENTED_EDGE ( 'NONE', *, *, #7336, .T. ) ;
#4793 = CARTESIAN_POINT ( 'NONE',  ( 10.18657001488797900, -1.274742167777148000, 1.355252715606880500E-017 ) ) ;
#4794 = DIRECTION ( 'NONE',  ( 0.0000000000000000000, 0.0000000000000000000, 1.000000000000000000 ) ) ;
#4795 = EDGE_CURVE ( 'NONE', #866, #7479, #11161, .T. ) ;
#4796 = ORIENTED_EDGE ( 'NONE', *, *, #976, .F. ) ;
#4797 = EDGE_CURVE ( 'NONE', #8610, #8932, #6281, .T. ) ;
#4798 = DIRECTION ( 'NONE',  ( 0.6110987058256149900, -0.7915544022606775300, 0.0000000000000000000 ) ) ;
#4799 = DIRECTION ( 'NONE',  ( 0.0000000000000000000, -1.000000000000000000, 0.0000000000000000000 ) ) ;
#4800 = PLANE ( 'NONE',  #9921 ) ;
#4801 = DIRECTION ( 'NONE',  ( 1.927470528863118700E-014, 1.000000000000000000, 0.0000000000000000000 ) ) ;
#4802 = CARTESIAN_POINT ( 'NONE',  ( 9.894629490969222700, -7.258063664395650400, 5.421010862427522200E-017 ) ) ;
#4803 = ORIENTED_EDGE ( 'NONE', *, *, #5168, .F. ) ;
#4804 = VECTOR ( 'NONE', #9660, 1000.000000000000000 ) ;
#4805 = EDGE_CURVE ( 'NONE', #4564, #7437, #1987, .T. ) ;
#4806 = DIRECTION ( 'NONE',  ( 0.0000000000000000000, -0.0000000000000000000, -1.000000000000000000 ) ) ;
#4807 = VERTEX_POINT ( 'NONE', #9580 ) ;
#4808 = ORIENTED_EDGE ( 'NONE', *, *, #10408, .F. ) ;
#4809 = ORIENTED_EDGE ( 'NONE', *, *, #10548, .T. ) ;
#4810 = CARTESIAN_POINT ( 'NONE',  ( 33.37427813527081400, 20.68569533817705500, 0.0000000000000000000 ) ) ;
#4811 = CARTESIAN_POINT ( 'NONE',  ( 32.50000000000000000, -18.50000000000000000, 7.099999999999999600 ) ) ;
#4812 = CARTESIAN_POINT ( 'NONE',  ( 10.94376925382767500, -8.241100160195578900, 0.1000000000000000100 ) ) ;
#4813 = CARTESIAN_POINT ( 'NONE',  ( 10.22181645896300900, -7.388856006223353900, 0.1000000000000000100 ) ) ;
#4814 = CARTESIAN_POINT ( 'NONE',  ( 0.0000000000000000000, 0.0000000000000000000, 8.099999999999999600 ) ) ;
#4815 = ADVANCED_FACE ( 'NONE', ( #877 ), #9569, .T. ) ;
#4816 = CIRCLE ( 'NONE', #4822, 6.999999999999999100 ) ;
#4817 = ADVANCED_FACE ( 'NONE', ( #4136 ), #9169, .F. ) ;
#4818 = VECTOR ( 'NONE', #9017, 1000.000000000000000 ) ;
#4819 = DIRECTION ( 'NONE',  ( -0.0000000000000000000, -0.0000000000000000000, -1.000000000000000000 ) ) ;
#4820 = CARTESIAN_POINT ( 'NONE',  ( 11.36411679877882900, -8.925101272260981500, 0.1000000000000000100 ) ) ;
#4821 = DIRECTION ( 'NONE',  ( -8.163404592832049300E-015, -1.000000000000000000, -0.0000000000000000000 ) ) ;
#4823 = ORIENTED_EDGE ( 'NONE', *, *, #2855, .T. ) ;
#4822 = AXIS2_PLACEMENT_3D ( 'NONE', #97, #4806, #11083 ) ;
#4824 = CARTESIAN_POINT ( 'NONE',  ( 19.38136546526024500, 7.937784117174111900, 8.099999999999999600 ) ) ;
#4825 = EDGE_LOOP ( 'NONE', ( #10658, #10706, #2752, #487 ) ) ;
#4826 = LINE ( 'NONE', #2496, #5294 ) ;
#4827 = CYLINDRICAL_SURFACE ( 'NONE', #4903, 1.381966011250110400 ) ;
#4828 = CARTESIAN_POINT ( 'NONE',  ( 11.22975264095289700, -6.352693352655542500, -0.0000000000000000000 ) ) ;
#4829 = DIRECTION ( 'NONE',  ( 0.0000000000000000000, 0.0000000000000000000, -1.000000000000000000 ) ) ;
#4830 = DIRECTION ( 'NONE',  ( -0.0000000000000000000, -0.0000000000000000000, 1.000000000000000000 ) ) ;
#4831 = CARTESIAN_POINT ( 'NONE',  ( 10.67008648153339900, -2.098283218915653100, 0.1000000000000000100 ) ) ;
#4832 = VERTEX_POINT ( 'NONE', #9144 ) ;
#4833 = CARTESIAN_POINT ( 'NONE',  ( 10.65771521366497000, -9.281544258370672700, 1.355252715606880500E-017 ) ) ;
#4834 = ORIENTED_EDGE ( 'NONE', *, *, #4384, .F. ) ;
#4835 = CARTESIAN_POINT ( 'NONE',  ( 10.76680961900760300, -1.926954795029682100, 0.1000000000000000100 ) ) ;
#4836 = EDGE_LOOP ( 'NONE', ( #1659, #764, #8449, #10748 ) ) ;
#4837 = CIRCLE ( 'NONE', #9287, 1.750000000000001600 ) ;
#4838 = CARTESIAN_POINT ( 'NONE',  ( 10.00000000000000200, -17.63735574933683000, -0.0000000000000000000 ) ) ;
#4839 = EDGE_CURVE ( 'NONE', #9054, #8537, #8299, .T. ) ;
#4840 = CARTESIAN_POINT ( 'NONE',  ( 10.16424853299016300, -7.388129544413502000, 0.1000000000000000100 ) ) ;
#4841 = EDGE_LOOP ( 'NONE', ( #5394, #1957, #8510, #4671 ) ) ;
#4842 = CARTESIAN_POINT ( 'NONE',  ( 10.53317072245659400, -1.888355819827900900, 0.1000000000000000100 ) ) ;
#4843 = ORIENTED_EDGE ( 'NONE', *, *, #10548, .F. ) ;
#4844 = VECTOR ( 'NONE', #1498, 1000.000000000000000 ) ;
#4845 = VECTOR ( 'NONE', #1224, 1000.000000000000000 ) ;
#4846 = DIRECTION ( 'NONE',  ( -7.461176240760465200E-015, -1.000000000000000000, -0.0000000000000000000 ) ) ;
#4847 = EDGE_CURVE ( 'NONE', #11447, #7006, #769, .T. ) ;
#4848 = EDGE_CURVE ( 'NONE', #5463, #5557, #8037, .T. ) ;
#4849 = DIRECTION ( 'NONE',  ( 1.000000000000000000, 0.0000000000000000000, 0.0000000000000000000 ) ) ;
#4850 = CARTESIAN_POINT ( 'NONE',  ( 9.244645029916121400, 3.107092958867349700, 0.0000000000000000000 ) ) ;
#4851 = EDGE_LOOP ( 'NONE', ( #4792, #447, #10905, #8532 ) ) ;
#4852 = DIRECTION ( 'NONE',  ( -0.0000000000000000000, -0.0000000000000000000, 1.000000000000000000 ) ) ;
#4853 = ORIENTED_EDGE ( 'NONE', *, *, #653, .T. ) ;
#4854 = CARTESIAN_POINT ( 'NONE',  ( 10.65771521366497000, -9.281544258370672700, 0.1000000000000000100 ) ) ;
#4855 = DIRECTION ( 'NONE',  ( 0.0000000000000000000, 0.0000000000000000000, -1.000000000000000000 ) ) ;
#4856 = FACE_BOUND ( 'NONE', #10562, .T. ) ;
#4857 = FACE_OUTER_BOUND ( 'NONE', #2238, .T. ) ;
#4858 = CARTESIAN_POINT ( 'NONE',  ( 11.33366125398997100, -1.887132519910252700, 0.0000000000000000000 ) ) ;
#4859 = LINE ( 'NONE', #8022, #2500 ) ;
#4860 = DIRECTION ( 'NONE',  ( -0.0000000000000000000, -0.0000000000000000000, 1.000000000000000000 ) ) ;
#4861 = ORIENTED_EDGE ( 'NONE', *, *, #9425, .F. ) ;
#4862 = DIRECTION ( 'NONE',  ( 0.0000000000000000000, 1.000000000000000000, 0.0000000000000000000 ) ) ;
#4863 = CARTESIAN_POINT ( 'NONE',  ( 10.65464403419140500, -7.162377639831711400, 0.1000000000000000100 ) ) ;
#4864 = CARTESIAN_POINT ( 'NONE',  ( 42.49999999999999300, -17.00000000000000000, 8.099999999999999600 ) ) ;
#4865 = VERTEX_POINT ( 'NONE', #9483 ) ;
#4866 = EDGE_CURVE ( 'NONE', #6919, #1390, #10922, .T. ) ;
#4867 = EDGE_CURVE ( 'NONE', #2994, #7653, #7487, .T. ) ;
#4868 = DIRECTION ( 'NONE',  ( 1.000000000000000000, 0.0000000000000000000, 0.0000000000000000000 ) ) ;
#4869 = VECTOR ( 'NONE', #1971, 1000.000000000000200 ) ;
#4870 = CARTESIAN_POINT ( 'NONE',  ( 11.22708518053002500, 18.50000000000000000, 3.099999999999999600 ) ) ;
#4871 = CYLINDRICAL_SURFACE ( 'NONE', #5426, 1.000000000000000900 ) ;
#4872 = VECTOR ( 'NONE', #6822, 1000.000000000000000 ) ;
#4873 = ADVANCED_FACE ( 'NONE', ( #5086 ), #1087, .F. ) ;
#4874 = ADVANCED_FACE ( 'NONE', ( #3936 ), #7676, .F. ) ;
#4875 = ORIENTED_EDGE ( 'NONE', *, *, #9951, .T. ) ;
#4876 = EDGE_CURVE ( 'NONE', #8508, #4302, #745, .T. ) ;
#4877 = B_SPLINE_CURVE_WITH_KNOTS ( 'NONE', 3,
 ( #918, #4813, #2934, #9671, #7958, #8108, #3589, #8507, #5927, #6250, #8536, #322, #7220, #5684, #11102, #11012, #1527, #11548, #159 ),
 .UNSPECIFIED., .F., .F.,
 ( 4, 1, 1, 1, 1, 1, 1, 1, 1, 1, 1, 1, 1, 1, 1, 1, 4 ),
 ( 0.0000000000000000000, 0.04045121692623480200, 0.08157542079626832500, 0.1233687918844680200, 0.1664802261056281000, 0.2107462276562716000, 0.2563951402348148600, 0.3039767037526497900, 0.3536580370427974100, 0.4079115286795446100, 0.4698395838668368900, 0.5386470607693124600, 0.6154227574284268900, 0.7000035145330352200, 0.7922167187118076500, 0.8923766228794156600, 1.000000000000000000 ),
 .UNSPECIFIED. ) ;
#4878 = DIRECTION ( 'NONE',  ( 1.000000000000000000, 0.0000000000000000000, 0.0000000000000000000 ) ) ;
#4879 = DIRECTION ( 'NONE',  ( -0.0000000000000000000, -0.0000000000000000000, -1.000000000000000000 ) ) ;
#4880 = ORIENTED_EDGE ( 'NONE', *, *, #3592, .T. ) ;
#4881 = DIRECTION ( 'NONE',  ( -0.0000000000000000000, -1.000000000000000000, -0.0000000000000000000 ) ) ;
#4882 = DIRECTION ( 'NONE',  ( 1.000000000000000000, 0.0000000000000000000, 0.0000000000000000000 ) ) ;
#4883 = ORIENTED_EDGE ( 'NONE', *, *, #10926, .F. ) ;
#4884 = CARTESIAN_POINT ( 'NONE',  ( 10.16776703005813000, -6.376478933552907500, 4.065758146820641600E-017 ) ) ;
#4885 = LINE ( 'NONE', #4570, #4761 ) ;
#4886 = ORIENTED_EDGE ( 'NONE', *, *, #8834, .T. ) ;
#4887 = CARTESIAN_POINT ( 'NONE',  ( 10.62318288017882900, -2.055975756323540800, 0.0000000000000000000 ) ) ;
#4888 = DIRECTION ( 'NONE',  ( 1.000000000000000000, 0.0000000000000000000, -0.0000000000000000000 ) ) ;
#4889 = ORIENTED_EDGE ( 'NONE', *, *, #1322, .T. ) ;
#4890 = DIRECTION ( 'NONE',  ( -1.000000000000000000, 0.0000000000000000000, -0.0000000000000000000 ) ) ;
#4891 = ORIENTED_EDGE ( 'NONE', *, *, #8910, .F. ) ;
#4892 = CARTESIAN_POINT ( 'NONE',  ( 11.31867504756417400, -1.307453288838196400, 0.1000000000000000100 ) ) ;
#4893 = CARTESIAN_POINT ( 'NONE',  ( 11.22161156514606400, -9.150926875616193000, 1.355252715606880500E-017 ) ) ;
#4894 = LINE ( 'NONE', #8506, #4349 ) ;
#4895 = CARTESIAN_POINT ( 'NONE',  ( 6.849614011047666700, -8.000000000000000000, 1.000000000000000000 ) ) ;
#4896 = CARTESIAN_POINT ( 'NONE',  ( 10.60935940747387800, -9.264931598464658100, 1.355252715606880500E-017 ) ) ;
#4897 = ORIENTED_EDGE ( 'NONE', *, *, #3911, .T. ) ;
#4898 = VECTOR ( 'NONE', #6684, 1000.000000000000000 ) ;
#4899 = CARTESIAN_POINT ( 'NONE',  ( 11.13893793483469200, -2.113472069824482000, 0.0000000000000000000 ) ) ;
#4900 = DIRECTION ( 'NONE',  ( -0.0000000000000000000, -0.0000000000000000000, -1.000000000000000000 ) ) ;
#4901 = ORIENTED_EDGE ( 'NONE', *, *, #6138, .T. ) ;
#4902 = VERTEX_POINT ( 'NONE', #7081 ) ;
#4903 = AXIS2_PLACEMENT_3D ( 'NONE', #2774, #2430, #8790 ) ;
#4904 = CARTESIAN_POINT ( 'NONE',  ( 10.94376925382767500, -8.241100160195578900, 1.355252715606880500E-017 ) ) ;
#4905 = CARTESIAN_POINT ( 'NONE',  ( 7.048445366811458600, 12.83456326127513100, -9.377746782780901600 ) ) ;
#4906 = CARTESIAN_POINT ( 'NONE',  ( 10.00931351702960900, -6.667285764018435800, 0.1000000000000000100 ) ) ;
#4907 = DIRECTION ( 'NONE',  ( 1.000000000000000000, 0.0000000000000000000, 0.0000000000000000000 ) ) ;
#4908 = AXIS2_PLACEMENT_3D ( 'NONE', #10819, #3057, #10642 ) ;
#4909 = CARTESIAN_POINT ( 'NONE',  ( 10.30964502991613200, 4.057092958867338300, 0.1000000000000000100 ) ) ;
#4910 = ORIENTED_EDGE ( 'NONE', *, *, #8127, .F. ) ;
#4911 = VECTOR ( 'NONE', #5507, 1000.000000000000000 ) ;
#4912 = ORIENTED_EDGE ( 'NONE', *, *, #11501, .T. ) ;
#4913 = PLANE ( 'NONE',  #9990 ) ;
#4914 = CARTESIAN_POINT ( 'NONE',  ( 10.10549148813806000, -1.892759340152295700, 1.355252715606880500E-017 ) ) ;
#4915 = CARTESIAN_POINT ( 'NONE',  ( 10.90026276032118000, -1.009931329026744900, 1.355252715606880500E-017 ) ) ;
#4916 = CARTESIAN_POINT ( 'NONE',  ( 11.18722822392984600, -1.528805082184967700, 0.0000000000000000000 ) ) ;
#4917 = FACE_OUTER_BOUND ( 'NONE', #5622, .T. ) ;
#4918 = ORIENTED_EDGE ( 'NONE', *, *, #5828, .F. ) ;
#4919 = VECTOR ( 'NONE', #1821, 1000.000000000000000 ) ;
#4920 = CARTESIAN_POINT ( 'NONE',  ( 9.881757585852009000, -6.530682228580125100, 0.1000000000000000100 ) ) ;
#4921 = VECTOR ( 'NONE', #1825, 1000.000000000000000 ) ;
#4922 = CARTESIAN_POINT ( 'NONE',  ( 11.36519782525624600, -7.950191069286487000, 0.1000000000000000100 ) ) ;
#4923 = CARTESIAN_POINT ( 'NONE',  ( 10.81244771914246000, -2.163299304939740900, 0.1000000000000000100 ) ) ;
#4924 = ORIENTED_EDGE ( 'NONE', *, *, #6030, .F. ) ;
#4925 = EDGE_CURVE ( 'NONE', #5892, #9726, #3736, .T. ) ;
#4926 = DIRECTION ( 'NONE',  ( 0.9733245051209656900, 0.2294327956745223200, 0.0000000000000000000 ) ) ;
#4927 = PERSON_AND_ORGANIZATION_ROLE ( 'design_owner' ) ;
#4928 = ORIENTED_EDGE ( 'NONE', *, *, #6653, .T. ) ;
#4929 = DIRECTION ( 'NONE',  ( 0.0000000000000000000, 0.0000000000000000000, -1.000000000000000000 ) ) ;
#4930 = ORIENTED_EDGE ( 'NONE', *, *, #5181, .T. ) ;
#4931 = LINE ( 'NONE', #3389, #2367 ) ;
#4932 = PLANE ( 'NONE',  #7995 ) ;
#4933 = ADVANCED_FACE ( 'NONE', ( #307 ), #9809, .T. ) ;
#4934 = LINE ( 'NONE', #6863, #4404 ) ;
#4935 = ADVANCED_FACE ( 'NONE', ( #1799 ), #7254, .F. ) ;
#4936 = CARTESIAN_POINT ( 'NONE',  ( 11.63702634860861800, -7.833181914275155800, -0.0000000000000000000 ) ) ;
#4937 = ORIENTED_EDGE ( 'NONE', *, *, #2834, .T. ) ;
#4938 = CARTESIAN_POINT ( 'NONE',  ( 10.60935940747387800, -9.264931598464658100, 0.1000000000000000100 ) ) ;
#4939 = CARTESIAN_POINT ( 'NONE',  ( 9.964645029916154000, 6.667092958867341300, 0.0000000000000000000 ) ) ;
#4940 = EDGE_CURVE ( 'NONE', #9081, #7717, #6839, .T. ) ;
#4941 = EDGE_CURVE ( 'NONE', #6176, #6948, #2490, .T. ) ;
#4942 = CARTESIAN_POINT ( 'NONE',  ( 10.81974327980170100, -9.300840419935838100, 0.1000000000000000100 ) ) ;
#4943 = CARTESIAN_POINT ( 'NONE',  ( 10.20464502991616500, 7.627092958867338600, 0.1000000000000000100 ) ) ;
#4944 = VERTEX_POINT ( 'NONE', #4201 ) ;
#4945 = CIRCLE ( 'NONE', #2030, 0.5000000000000004400 ) ;
#4946 = EDGE_LOOP ( 'NONE', ( #517, #4049, #11225, #10569 ) ) ;
#4947 = CARTESIAN_POINT ( 'NONE',  ( 10.67948353954195900, -5.581359900455316500, -0.0000000000000000000 ) ) ;
#4948 = CARTESIAN_POINT ( 'NONE',  ( 19.33333333333341000, -7.800000000000077100, 33.81103081370217500 ) ) ;
#4949 = CARTESIAN_POINT ( 'NONE',  ( 10.42078705492251300, -2.020045572190206000, 0.0000000000000000000 ) ) ;
#4950 = CARTESIAN_POINT ( 'NONE',  ( 11.17578636216773400, -8.316301090787483500, 0.0000000000000000000 ) ) ;
#4951 = CARTESIAN_POINT ( 'NONE',  ( 9.999999999999998200, -18.50000000000000000, 8.099999999999999600 ) ) ;
#4952 = VERTEX_POINT ( 'NONE', #3117 ) ;
#4953 = EDGE_LOOP ( 'NONE', ( #3078, #6338, #1475, #4007 ) ) ;
#4954 = CARTESIAN_POINT ( 'NONE',  ( 11.85464502991615600, 6.907092958867320200, 0.1000000000000000100 ) ) ;
#4955 = VERTEX_POINT ( 'NONE', #2911 ) ;
#4956 = CARTESIAN_POINT ( 'NONE',  ( 33.83851648071344400, 21.00000000000000000, 0.0000000000000000000 ) ) ;
#4957 = VECTOR ( 'NONE', #163, 1000.000000000000000 ) ;
#4958 = PLANE ( 'NONE',  #7607 ) ;
#4959 = CARTESIAN_POINT ( 'NONE',  ( 9.991334143927110400, -6.690100193155561000, 0.1000000000000000100 ) ) ;
#4960 = DIRECTION ( 'NONE',  ( -9.637352644315580900E-015, -1.000000000000000000, 0.0000000000000000000 ) ) ;
#4961 = DIRECTION ( 'NONE',  ( 0.0000000000000000000, 0.0000000000000000000, -1.000000000000000000 ) ) ;
#4962 = ORIENTED_EDGE ( 'NONE', *, *, #10311, .T. ) ;
#4963 = PLANE ( 'NONE',  #11098 ) ;
#4964 = EDGE_LOOP ( 'NONE', ( #10231, #4441, #8726, #7707 ) ) ;
#4965 = EDGE_CURVE ( 'NONE', #10418, #953, #2015, .T. ) ;
#4966 = CARTESIAN_POINT ( 'NONE',  ( 9.771970880938356500, -6.786378788674229100, 4.065758146820641600E-017 ) ) ;
#4967 = DIRECTION ( 'NONE',  ( 1.000000000000000000, 0.0000000000000000000, 0.0000000000000000000 ) ) ;
#4968 = ORIENTED_EDGE ( 'NONE', *, *, #3659, .T. ) ;
#4969 = AXIS2_PLACEMENT_3D ( 'NONE', #1555, #248, #237 ) ;
#4970 = CARTESIAN_POINT ( 'NONE',  ( 43.50000000000000000, 9.150045345896282700, 8.099999999999999600 ) ) ;
#4971 = LINE ( 'NONE', #2105, #4844 ) ;
#4972 = LINE ( 'NONE', #8136, #5077 ) ;
#4973 = DIRECTION ( 'NONE',  ( 0.0000000000000000000, 0.0000000000000000000, 1.000000000000000000 ) ) ;
#4974 = DATE_TIME_ROLE ( 'classification_date' ) ;
#4975 = EDGE_LOOP ( 'NONE', ( #10892, #10155, #8007, #3225, #10270, #195 ) ) ;
#4976 = EDGE_CURVE ( 'NONE', #688, #9019, #3092, .T. ) ;
#4977 = ORIENTED_EDGE ( 'NONE', *, *, #323, .F. ) ;
#4978 = DIRECTION ( 'NONE',  ( -1.000000000000000000, 0.0000000000000000000, -0.0000000000000000000 ) ) ;
#4979 = LINE ( 'NONE', #9065, #1647 ) ;
#4980 = CARTESIAN_POINT ( 'NONE',  ( 10.30964502991613200, 4.057092958867338300, 0.0000000000000000000 ) ) ;
#4981 = LINE ( 'NONE', #74, #4263 ) ;
#4982 = DIRECTION ( 'NONE',  ( 0.0000000000000000000, -1.000000000000000000, -0.0000000000000000000 ) ) ;
#4983 = AXIS2_PLACEMENT_3D ( 'NONE', #11314, #3493, #2930 ) ;
#4984 = CARTESIAN_POINT ( 'NONE',  ( 10.51884536322203400, -1.895046570433441600, 0.1000000000000000100 ) ) ;
#4985 = ORIENTED_EDGE ( 'NONE', *, *, #4072, .T. ) ;
#4986 = ORIENTED_EDGE ( 'NONE', *, *, #6930, .T. ) ;
#4987 = DIRECTION ( 'NONE',  ( -1.000000000000000000, -0.0000000000000000000, -0.0000000000000000000 ) ) ;
#4988 = CARTESIAN_POINT ( 'NONE',  ( 2.081668171172168500E-014, -22.00000000000000000, 8.099999999999999600 ) ) ;
#4989 = CARTESIAN_POINT ( 'NONE',  ( 9.975118279421797900, -6.713950595137343500, 0.1000000000000000100 ) ) ;
#4990 = DIRECTION ( 'NONE',  ( 1.000000000000000000, 0.0000000000000000000, 0.0000000000000000000 ) ) ;
#4991 = LINE ( 'NONE', #9640, #5416 ) ;
#4992 = CARTESIAN_POINT ( 'NONE',  ( 9.765513057041834700, -6.908976705281652600, 0.1000000000000000100 ) ) ;
#4993 = VECTOR ( 'NONE', #11640, 1000.000000000000200 ) ;
#4994 = DIRECTION ( 'NONE',  ( -0.0000000000000000000, -0.0000000000000000000, 1.000000000000000000 ) ) ;
#4995 = CARTESIAN_POINT ( 'NONE',  ( 10.84673216212965500, -6.660382172173386000, 2.710505431213761100E-017 ) ) ;
#4996 = ADVANCED_FACE ( 'NONE', ( #3864 ), #4626, .F. ) ;
#4997 = ORIENTED_EDGE ( 'NONE', *, *, #3820, .F. ) ;
#4998 = ADVANCED_FACE ( 'NONE', ( #3261 ), #2249, .F. ) ;
#4999 = CARTESIAN_POINT ( 'NONE',  ( 0.7879379035845669500, -7.849539771895425000, 1.000000000000000000 ) ) ;
#5000 = VERTEX_POINT ( 'NONE', #2389 ) ;
#5001 = CARTESIAN_POINT ( 'NONE',  ( 10.90026276032118000, -1.009931329026744900, 0.1000000000000000100 ) ) ;
#5002 = DIRECTION ( 'NONE',  ( 0.1170409738289327200, -0.9931270867543463600, 0.0000000000000000000 ) ) ;
#5003 = DIRECTION ( 'NONE',  ( 0.0000000000000000000, -1.000000000000000000, 0.0000000000000000000 ) ) ;
#5004 = CARTESIAN_POINT ( 'NONE',  ( 10.02920627283729400, -7.117275843327607100, 0.0000000000000000000 ) ) ;
#5005 = EDGE_CURVE ( 'NONE', #10335, #1925, #4126, .T. ) ;
#5006 = ORIENTED_EDGE ( 'NONE', *, *, #10223, .T. ) ;
#5007 = VECTOR ( 'NONE', #516, 1000.000000000000000 ) ;
#5008 = CARTESIAN_POINT ( 'NONE',  ( 10.56368793806409900, -9.244693462656158500, 1.355252715606880500E-017 ) ) ;
#5009 = CARTESIAN_POINT ( 'NONE',  ( 10.52802503634494400, -8.591771818040378200, 0.1000000000000000100 ) ) ;
#5010 = CARTESIAN_POINT ( 'NONE',  ( 8.000000000000007100, -6.993559577416270700, 3.099999999999998800 ) ) ;
#5011 = VERTEX_POINT ( 'NONE', #1908 ) ;
#5012 = CARTESIAN_POINT ( 'NONE',  ( 32.49999999999998600, 2.000000000000000000, 5.099999999999999600 ) ) ;
#5013 = ORIENTED_EDGE ( 'NONE', *, *, #4716, .T. ) ;
#5014 = CARTESIAN_POINT ( 'NONE',  ( 10.12358521303915300, -7.170282200848328500, 0.1000000000000000100 ) ) ;
#5015 = CARTESIAN_POINT ( 'NONE',  ( 6.079333650797279300, -13.47164775330892700, 5.000000000000000900 ) ) ;
#5016 = LINE ( 'NONE', #8559, #9189 ) ;
#5017 = EDGE_CURVE ( 'NONE', #1026, #990, #3545, .T. ) ;
#5018 = VECTOR ( 'NONE', #2829, 1000.000000000000200 ) ;
#5019 = EDGE_CURVE ( 'NONE', #1758, #4955, #4770, .T. ) ;
#5020 = CARTESIAN_POINT ( 'NONE',  ( 11.16594593169483900, -1.797119714964525700, 0.1000000000000000100 ) ) ;
#5021 = DIRECTION ( 'NONE',  ( -3.548298019043468800E-016, -1.000000000000000000, 0.0000000000000000000 ) ) ;
#5022 = LINE ( 'NONE', #9123, #1764 ) ;
#5023 = CARTESIAN_POINT ( 'NONE',  ( 26.84242326782791100, 7.937784117174111900, 8.099999999999999600 ) ) ;
#5024 = ORIENTED_EDGE ( 'NONE', *, *, #10236, .F. ) ;
#5025 = CARTESIAN_POINT ( 'NONE',  ( 10.50067692802948500, -8.669676849271443300, 0.1000000000000000100 ) ) ;
#5026 = VERTEX_POINT ( 'NONE', #1384 ) ;
#5027 = CARTESIAN_POINT ( 'NONE',  ( 11.51094475781900300, -7.810274207493979900, 0.1000000000000000100 ) ) ;
#5028 = DIRECTION ( 'NONE',  ( 0.6246950475544239500, 0.7808688094430306100, 0.0000000000000000000 ) ) ;
#5029 = ORIENTED_EDGE ( 'NONE', *, *, #7553, .T. ) ;
#5030 = CARTESIAN_POINT ( 'NONE',  ( 10.76348475295128400, -9.299645922944327100, 0.0000000000000000000 ) ) ;
#5031 = VECTOR ( 'NONE', #7789, 1000.000000000000000 ) ;
#5032 = LINE ( 'NONE', #9906, #5121 ) ;
#5033 = DIRECTION ( 'NONE',  ( 0.0000000000000000000, -0.0000000000000000000, -1.000000000000000000 ) ) ;
#5034 = PRODUCT_DEFINITION_FORMATION_WITH_SPECIFIED_SOURCE ( 'ANY', '', #8900, .NOT_KNOWN. ) ;
#5035 = ORIENTED_EDGE ( 'NONE', *, *, #5967, .T. ) ;
#5036 = CARTESIAN_POINT ( 'NONE',  ( 10.64523083604850100, -1.701340142850631600, 6.776263578034402700E-017 ) ) ;
#5037 = CARTESIAN_POINT ( 'NONE',  ( 11.36947134593730400, -1.445314082423945200, 0.1000000000000000100 ) ) ;
#5038 = DIRECTION ( 'NONE',  ( -0.0000000000000000000, -0.0000000000000000000, -1.000000000000000000 ) ) ;
#5039 = B_SPLINE_CURVE_WITH_KNOTS ( 'NONE', 3,
 ( #7193, #11639, #7462, #10693, #4106, #4828, #9449, #5959, #347, #6815, #8649, #728, #4427, #10436, #1213, #3082, #10954, #7532, #8963 ),
 .UNSPECIFIED., .F., .F.,
 ( 4, 1, 1, 1, 1, 1, 1, 1, 1, 1, 1, 1, 1, 1, 1, 1, 4 ),
 ( 0.0000000000000000000, 0.04247725174223415700, 0.08564984268122363700, 0.1295241560119653700, 0.1747392652625907000, 0.2207872859387523000, 0.2686918309023235100, 0.3185063589088504300, 0.3703815457379741000, 0.4263202099207615800, 0.4886066751417476000, 0.5571296491666475300, 0.6322768469443734700, 0.7141486048484816400, 0.8028492197059247100, 0.8978374942361775400, 0.9999999999999998900 ),
 .UNSPECIFIED. ) ;
#5040 = DIRECTION ( 'NONE',  ( -1.000000000000000000, 1.430894232241331700E-016, 0.0000000000000000000 ) ) ;
#5041 = EDGE_CURVE ( 'NONE', #8038, #9216, #5210, .T. ) ;
#5042 = ORIENTED_EDGE ( 'NONE', *, *, #4654, .T. ) ;
#5043 = EDGE_CURVE ( 'NONE', #4639, #2507, #6076, .T. ) ;
#5044 = CARTESIAN_POINT ( 'NONE',  ( 9.765197825256244400, -5.332009251104667100, 0.1000000000000000100 ) ) ;
#5045 = DIRECTION ( 'NONE',  ( 1.000000000000000000, -2.602085213965208400E-014, 0.0000000000000000000 ) ) ;
#5046 = VERTEX_POINT ( 'NONE', #913 ) ;
#5047 = CARTESIAN_POINT ( 'NONE',  ( 11.56089962333025900, -7.764116619334483700, 0.0000000000000000000 ) ) ;
#5048 = VECTOR ( 'NONE', #9027, 1000.000000000000000 ) ;
#5049 = FACE_OUTER_BOUND ( 'NONE', #9136, .T. ) ;
#5050 = CARTESIAN_POINT ( 'NONE',  ( 10.11711889244475400, -6.386919336376856800, -0.0000000000000000000 ) ) ;
#5051 = CARTESIAN_POINT ( 'NONE',  ( 10.26389912395754300, -1.259281978377394100, 0.1000000000000000100 ) ) ;
#5052 = CARTESIAN_POINT ( 'NONE',  ( 11.36519782525624600, -5.124217043312459200, 0.1000000000000000100 ) ) ;
#5053 = CARTESIAN_POINT ( 'NONE',  ( 10.84247055252897400, -9.093048212143630200, 0.1000000000000000100 ) ) ;
#5054 = EDGE_LOOP ( 'NONE', ( #11069, #8836, #3151, #7814 ) ) ;
#5055 = EDGE_CURVE ( 'NONE', #8720, #9314, #5954, .T. ) ;
#5056 = CARTESIAN_POINT ( 'NONE',  ( 36.49999999999998600, 15.00000000000000000, 5.399999999999999500 ) ) ;
#5057 = CARTESIAN_POINT ( 'NONE',  ( 40.49999999999999300, -17.49999999999999600, 43.15709628591621100 ) ) ;
#5058 = ORIENTED_EDGE ( 'NONE', *, *, #6917, .T. ) ;
#5059 = DIRECTION ( 'NONE',  ( -1.430894232241332000E-016, -1.000000000000000000, 0.0000000000000000000 ) ) ;
#5060 = VERTEX_POINT ( 'NONE', #1648 ) ;
#5061 = DIRECTION ( 'NONE',  ( 0.0000000000000000000, 1.000000000000000000, 0.0000000000000000000 ) ) ;
#5062 = ORIENTED_EDGE ( 'NONE', *, *, #10826, .T. ) ;
#5063 = LINE ( 'NONE', #4061, #9641 ) ;
#5064 = DIRECTION ( 'NONE',  ( -1.000000000000000000, 5.723576928965327800E-016, 0.0000000000000000000 ) ) ;
#5065 = CARTESIAN_POINT ( 'NONE',  ( 10.91992137200117700, -1.015996257207345100, 1.355252715606880500E-017 ) ) ;
#5066 = DIRECTION ( 'NONE',  ( -1.000000000000000000, 0.0000000000000000000, 0.0000000000000000000 ) ) ;
#5067 = CARTESIAN_POINT ( 'NONE',  ( 11.19834230949736500, -1.597907304730930700, 1.355252715606880500E-017 ) ) ;
#5068 = DIRECTION ( 'NONE',  ( 0.0000000000000000000, -0.0000000000000000000, -1.000000000000000000 ) ) ;
#5069 = ADVANCED_FACE ( 'NONE', ( #7171 ), #837, .T. ) ;
#5070 = DIRECTION ( 'NONE',  ( 0.0000000000000000000, -1.000000000000000000, 0.0000000000000000000 ) ) ;
#5071 = ORIENTED_EDGE ( 'NONE', *, *, #8306, .F. ) ;
#5072 = ADVANCED_FACE ( 'NONE', ( #6568 ), #572, .T. ) ;
#5073 = CARTESIAN_POINT ( 'NONE',  ( 10.00000000000000000, 17.63735574933683000, 5.000000000000000000 ) ) ;
#5074 = CARTESIAN_POINT ( 'NONE',  ( 10.95462629122925200, -9.080857939908689500, 0.1000000000000000100 ) ) ;
#5075 = CARTESIAN_POINT ( 'NONE',  ( 9.931662423628798900, -1.600071577772536100, 0.1000000000000000100 ) ) ;
#5076 = ORIENTED_EDGE ( 'NONE', *, *, #84, .T. ) ;
#5077 = VECTOR ( 'NONE', #5424, 1000.000000000000000 ) ;
#5078 = LINE ( 'NONE', #2410, #9972 ) ;
#5079 = VERTEX_POINT ( 'NONE', #8431 ) ;
#5080 = CARTESIAN_POINT ( 'NONE',  ( 10.88102803631567500, -9.092537671883741600, 0.1000000000000000100 ) ) ;
#5081 = DIRECTION ( 'NONE',  ( -0.7281999926928031100, -0.6853646990049907500, 0.0000000000000000000 ) ) ;
#5082 = EDGE_CURVE ( 'NONE', #4944, #9041, #7246, .T. ) ;
#5083 = LINE ( 'NONE', #8633, #475 ) ;
#5084 = EDGE_LOOP ( 'NONE', ( #9322, #3390, #8981, #9212 ) ) ;
#5085 = FACE_OUTER_BOUND ( 'NONE', #2722, .T. ) ;
#5086 = FACE_OUTER_BOUND ( 'NONE', #11622, .T. ) ;
#5087 = B_SPLINE_SURFACE_WITH_KNOTS ( 'NONE', 3, 1, ( 
 ( #7358, #1682 ),
 ( #1676, #1664 ),
 ( #6774, #9422 ),
 ( #9463, #280 ),
 ( #2302, #405 ),
 ( #2522, #3436 ),
 ( #9257, #9324 ),
 ( #1032, #2903 ),
 ( #6185, #10614 ),
 ( #2627, #6639 ),
 ( #565, #9152 ),
 ( #11498, #6524 ),
 ( #7248, #1465 ),
 ( #6945, #3788 ),
 ( #7543, #6452 ),
 ( #2023, #9698 ),
 ( #7425, #2943 ),
 ( #2240, #9507 ),
 ( #7350, #4904 ) ),
 .UNSPECIFIED., .F., .F., .F.,
 ( 4, 1, 1, 1, 1, 1, 1, 1, 1, 1, 1, 1, 1, 1, 1, 1, 4 ),
 ( 2, 2 ),
 ( 0.0000000000000000000, 0.06521423053649375000, 0.1286118095654761300, 0.1905796646220392400, 0.2515319571563813300, 0.3113487765186087100, 0.3714034061539061600, 0.4313695500323079800, 0.4918384823751291700, 0.5524689629454202500, 0.6126351780532921500, 0.6725515884428326900, 0.7334809507766516500, 0.7958907167253734800, 0.8608645147647455700, 0.9285173266621064000, 1.000000000000000000 ),
 ( 0.0000000000000000000, 1.000000000000000000 ),
 .UNSPECIFIED. ) ;
#5088 = DIRECTION ( 'NONE',  ( -0.0000000000000000000, -0.0000000000000000000, -1.000000000000000000 ) ) ;
#5089 = CARTESIAN_POINT ( 'NONE',  ( 11.20534037330694100, -8.862101151724788300, 1.355252715606880500E-017 ) ) ;
#5090 = ORIENTED_EDGE ( 'NONE', *, *, #10331, .T. ) ;
#5091 = CARTESIAN_POINT ( 'NONE',  ( 10.91992137200117700, -1.015996257207345100, 0.1000000000000000100 ) ) ;
#5092 = CARTESIAN_POINT ( 'NONE',  ( 11.31040644424216200, -1.934550932831752300, 0.1000000000000000100 ) ) ;
#5093 = DIRECTION ( 'NONE',  ( -0.6853646990049907500, -0.7281999926928031100, -0.0000000000000000000 ) ) ;
#5094 = CARTESIAN_POINT ( 'NONE',  ( 11.22708518053002500, 18.50000000000000000, 8.099999999999999600 ) ) ;
#5095 = DIRECTION ( 'NONE',  ( 0.0000000000000000000, 1.000000000000000000, 0.0000000000000000000 ) ) ;
#5096 = VECTOR ( 'NONE', #7447, 1000.000000000000000 ) ;
#5097 = EDGE_CURVE ( 'NONE', #2692, #5494, #6482, .T. ) ;
#5098 = ORIENTED_EDGE ( 'NONE', *, *, #7357, .F. ) ;
#5099 = LINE ( 'NONE', #8113, #10239 ) ;
#5100 = CARTESIAN_POINT ( 'NONE',  ( 32.49999999999998600, 2.000000000000001800, 8.099999999999999600 ) ) ;
#5101 = CARTESIAN_POINT ( 'NONE',  ( 9.931431591490012400, -1.612528731624147400, 0.1000000000000000100 ) ) ;
#5102 = VERTEX_POINT ( 'NONE', #10542 ) ;
#5103 = VERTEX_POINT ( 'NONE', #6091 ) ;
#5104 = DIRECTION ( 'NONE',  ( 0.9848077530122073500, 0.1736481776669339100, 0.0000000000000000000 ) ) ;
#5105 = PLANE ( 'NONE',  #8277 ) ;
#5106 = DIRECTION ( 'NONE',  ( 0.6853646990049906400, 0.7281999926928031100, -0.0000000000000000000 ) ) ;
#5107 = CARTESIAN_POINT ( 'NONE',  ( 40.49999999999999300, 8.150045345896286300, 8.100000000000006800 ) ) ;
#5108 = EDGE_LOOP ( 'NONE', ( #4711, #8740, #8602, #5130, #8941, #107, #8100, #9673, #10685, #8484, #6128, #8270, #10751 ) ) ;
#5109 = FACE_OUTER_BOUND ( 'NONE', #3849, .T. ) ;
#5110 = B_SPLINE_CURVE_WITH_KNOTS ( 'NONE', 3,
 ( #8428, #6263, #7157, #11249, #7747, #2401, #593, #578, #6107, #5332, #3373, #7087, #5261, #7848, #4916, #9492, #7429, #11464, #7096 ),
 .UNSPECIFIED., .F., .F.,
 ( 4, 1, 1, 1, 1, 1, 1, 1, 1, 1, 1, 1, 1, 1, 1, 1, 4 ),
 ( 0.0000000000000000000, 0.07746781831355609200, 0.1511210827872762100, 0.2219122913114161000, 0.2890920141925845700, 0.3539517512963530300, 0.4164029452615781200, 0.4769145856135007000, 0.5350573200783500500, 0.5928642395329396500, 0.6491676229663035900, 0.7056570981319622000, 0.7620900016446930900, 0.8196728368831964800, 0.8781910597675964800, 0.9381877410386572100, 1.000000000000000000 ),
 .UNSPECIFIED. ) ;
#5111 = CARTESIAN_POINT ( 'NONE',  ( 40.49999999999999300, -16.99999999999999600, 8.099999999999999600 ) ) ;
#5112 = CARTESIAN_POINT ( 'NONE',  ( 42.49999999999999300, -17.49999999999999600, -0.0000000000000000000 ) ) ;
#5113 = AXIS2_PLACEMENT_3D ( 'NONE', #6619, #7520, #2144 ) ;
#5114 = ORIENTED_EDGE ( 'NONE', *, *, #427, .T. ) ;
#5115 = CARTESIAN_POINT ( 'NONE',  ( 9.793120233956303300, -1.351748884140096400, 1.355252715606880500E-017 ) ) ;
#5116 = ORIENTED_EDGE ( 'NONE', *, *, #3052, .F. ) ;
#5117 = EDGE_CURVE ( 'NONE', #8984, #1298, #7968, .T. ) ;
#5118 = ORIENTED_EDGE ( 'NONE', *, *, #11134, .F. ) ;
#5119 = EDGE_CURVE ( 'NONE', #7311, #9159, #8911, .T. ) ;
#5120 = CARTESIAN_POINT ( 'NONE',  ( 9.994772397750320900, -1.394020901121252100, 0.1000000000000000100 ) ) ;
#5121 = VECTOR ( 'NONE', #3885, 1000.000000000000000 ) ;
#5122 = FACE_OUTER_BOUND ( 'NONE', #10104, .T. ) ;
#5123 = EDGE_CURVE ( 'NONE', #2603, #8055, #9403, .T. ) ;
#5124 = CARTESIAN_POINT ( 'NONE',  ( 13.64169637919543400, 8.000000000000076400, 3.099999999999998800 ) ) ;
#5125 = DIRECTION ( 'NONE',  ( -0.0000000000000000000, 0.0000000000000000000, -1.000000000000000000 ) ) ;
#5126 = CARTESIAN_POINT ( 'NONE',  ( 8.000000000000007100, 9.157317253416650300, -23.17665792529315300 ) ) ;
#5127 = ORIENTED_EDGE ( 'NONE', *, *, #9528, .F. ) ;
#5128 = CARTESIAN_POINT ( 'NONE',  ( 10.56368793806409900, -9.244693462656158500, 0.1000000000000000100 ) ) ;
#5129 = ADVANCED_FACE ( 'NONE', ( #8965 ), #4500, .F. ) ;
#5130 = ORIENTED_EDGE ( 'NONE', *, *, #6498, .T. ) ;
#5131 = ADVANCED_FACE ( 'NONE', ( #10543 ), #10396, .F. ) ;
#5132 = CARTESIAN_POINT ( 'NONE',  ( 10.33212855040453300, -2.079257833997628400, 0.0000000000000000000 ) ) ;
#5133 = CARTESIAN_POINT ( 'NONE',  ( 10.76598013258833900, -9.087949307932198900, -0.0000000000000000000 ) ) ;
#5134 = ORIENTED_EDGE ( 'NONE', *, *, #1811, .T. ) ;
#5135 = CARTESIAN_POINT ( 'NONE',  ( 47.50000000000000000, -18.99999999999999600, -1.734723475976807100E-015 ) ) ;
#5136 = DIRECTION ( 'NONE',  ( 0.0000000000000000000, -0.0000000000000000000, 1.000000000000000000 ) ) ;
#5138 = ORIENTED_EDGE ( 'NONE', *, *, #9077, .F. ) ;
#5137 = AXIS2_PLACEMENT_3D ( 'NONE', #7671, #11405, #3471 ) ;
#5139 = ORIENTED_EDGE ( 'NONE', *, *, #10851, .F. ) ;
#5140 = CARTESIAN_POINT ( 'NONE',  ( 10.42078705492251300, -2.020045572190206000, 0.0000000000000000000 ) ) ;
#5141 = ORIENTED_EDGE ( 'NONE', *, *, #121, .F. ) ;
#5142 = LINE ( 'NONE', #10444, #406 ) ;
#5143 = CARTESIAN_POINT ( 'NONE',  ( 11.11087859174499900, -9.000591142680505600, 1.355252715606880500E-017 ) ) ;
#5144 = CARTESIAN_POINT ( 'NONE',  ( 10.95840463148747400, -1.027868825257370900, 1.355252715606880500E-017 ) ) ;
#5145 = DIRECTION ( 'NONE',  ( -1.000000000000000000, 0.0000000000000000000, 0.0000000000000000000 ) ) ;
#5146 = PLANE ( 'NONE',  #9700 ) ;
#5147 = CARTESIAN_POINT ( 'NONE',  ( 11.03820095113365700, -9.263837509302385700, 1.355252715606880500E-017 ) ) ;
#5148 = VERTEX_POINT ( 'NONE', #10449 ) ;
#5149 = EDGE_LOOP ( 'NONE', ( #1337, #10474, #3767, #1525 ) ) ;
#5150 = CARTESIAN_POINT ( 'NONE',  ( 10.52102695439021400, -9.219348541970186200, 1.355252715606880500E-017 ) ) ;
#5151 = ADVANCED_FACE ( 'NONE', ( #9851 ), #5105, .F. ) ;
#5152 = LINE ( 'NONE', #3434, #5096 ) ;
#5153 = VECTOR ( 'NONE', #3857, 1000.000000000000000 ) ;
#5154 = ORIENTED_EDGE ( 'NONE', *, *, #10897, .T. ) ;
#5155 = CARTESIAN_POINT ( 'NONE',  ( 11.36519782525624600, -2.672268991364406900, 0.1000000000000000100 ) ) ;
#5156 = CARTESIAN_POINT ( 'NONE',  ( 9.961598059517673000, -6.739217973587861000, 0.1000000000000000100 ) ) ;
#5157 = DIRECTION ( 'NONE',  ( -0.0000000000000000000, -1.000000000000000000, -0.0000000000000000000 ) ) ;
#5158 = ORIENTED_EDGE ( 'NONE', *, *, #5532, .F. ) ;
#5159 = LINE ( 'NONE', #9913, #4818 ) ;
#5160 = PLANE ( 'NONE',  #6511 ) ;
#5161 = VECTOR ( 'NONE', #5106, 1000.000000000000100 ) ;
#5162 = CARTESIAN_POINT ( 'NONE',  ( 10.40950110825961200, -1.763005817202572900, 0.1000000000000000100 ) ) ;
#5163 = VECTOR ( 'NONE', #2403, 1000.000000000000000 ) ;
#5164 = ADVANCED_FACE ( 'NONE', ( #10865 ), #9780, .F. ) ;
#5165 = PLANE ( 'NONE',  #1562 ) ;
#5166 = ORIENTED_EDGE ( 'NONE', *, *, #11592, .T. ) ;
#5167 = DIRECTION ( 'NONE',  ( 0.6110987058256149900, -0.7915544022606775300, 0.0000000000000000000 ) ) ;
#5168 = EDGE_CURVE ( 'NONE', #1975, #3445, #10731, .T. ) ;
#5169 = CARTESIAN_POINT ( 'NONE',  ( 10.07385049738025600, -7.148966099828538000, 0.0000000000000000000 ) ) ;
#5170 = FACE_OUTER_BOUND ( 'NONE', #5457, .T. ) ;
#5171 = CARTESIAN_POINT ( 'NONE',  ( 10.20464502991615800, 6.907092958867338000, 0.1000000000000000100 ) ) ;
#5172 = VECTOR ( 'NONE', #8478, 1000.000000000000000 ) ;
#5173 = LINE ( 'NONE', #8944, #4993 ) ;
#5174 = B_SPLINE_CURVE_WITH_KNOTS ( 'NONE', 3,
 ( #8261, #2896, #3800, #10040, #4696, #10921, #5597, #119, #6490, #1066, #7391 ),
 .UNSPECIFIED., .F., .F.,
 ( 4, 1, 1, 1, 1, 1, 1, 1, 4 ),
 ( 0.0000000000000000000, 0.1354169652992976700, 0.2635862200284286900, 0.3871282825021084600, 0.5078892991838197500, 0.6278438893714058900, 0.7482450079734167500, 0.8718890106470925700, 1.000000000000000000 ),
 .UNSPECIFIED. ) ;
#5175 = ORIENTED_EDGE ( 'NONE', *, *, #7423, .T. ) ;
#5176 = VERTEX_POINT ( 'NONE', #1488 ) ;
#5177 = AXIS2_PLACEMENT_3D ( 'NONE', #4020, #10252, #4907 ) ;
#5178 = CARTESIAN_POINT ( 'NONE',  ( 10.38208601914130500, -7.134129448341821200, 0.1000000000000000100 ) ) ;
#5179 = VERTEX_POINT ( 'NONE', #1993 ) ;
#5180 = EDGE_CURVE ( 'NONE', #6626, #10335, #11647, .T. ) ;
#5181 = EDGE_CURVE ( 'NONE', #651, #3915, #11391, .T. ) ;
#5182 = CARTESIAN_POINT ( 'NONE',  ( 10.95840463148747400, -1.027868825257370900, 0.1000000000000000100 ) ) ;
#5183 = DIRECTION ( 'NONE',  ( 1.000000000000000000, 0.0000000000000000000, 0.0000000000000000000 ) ) ;
#5184 = CARTESIAN_POINT ( 'NONE',  ( 15.10296701856556100, 12.83456326127513100, 2.999999999999999100 ) ) ;
#5185 = LINE ( 'NONE', #5111, #2680 ) ;
#5186 = VECTOR ( 'NONE', #7637, 1000.000000000000200 ) ;
#5187 = ADVANCED_FACE ( 'NONE', ( #11347 ), #4165, .F. ) ;
#5188 = DIRECTION ( 'NONE',  ( 1.000000000000000000, 0.0000000000000000000, 0.0000000000000000000 ) ) ;
#5189 = CARTESIAN_POINT ( 'NONE',  ( 10.20621725186908600, -6.579779380610448300, 0.0000000000000000000 ) ) ;
#5190 = VERTEX_POINT ( 'NONE', #7670 ) ;
#5191 = DIRECTION ( 'NONE',  ( 0.0000000000000000000, -0.0000000000000000000, 1.000000000000000000 ) ) ;
#5192 = CARTESIAN_POINT ( 'NONE',  ( 11.36519782525624600, -2.672268991364406900, 0.1000000000000000100 ) ) ;
#5193 = VERTEX_POINT ( 'NONE', #11108 ) ;
#5194 = VECTOR ( 'NONE', #8251, 1000.000000000000000 ) ;
#5195 = CARTESIAN_POINT ( 'NONE',  ( 11.36519782525624600, -2.464476783572199500, 0.1000000000000000100 ) ) ;
#5196 = CARTESIAN_POINT ( 'NONE',  ( 10.94376925382767500, -8.241100160195578900, 0.1000000000000000100 ) ) ;
#5197 = EDGE_CURVE ( 'NONE', #2013, #9292, #10863, .T. ) ;
#5198 = ORIENTED_EDGE ( 'NONE', *, *, #8306, .T. ) ;
#5199 = FACE_OUTER_BOUND ( 'NONE', #3139, .T. ) ;
#5200 = CARTESIAN_POINT ( 'NONE',  ( 10.04849386964205800, -2.091631334705640600, 0.0000000000000000000 ) ) ;
#5201 = CARTESIAN_POINT ( 'NONE',  ( 10.07907517030712300, -6.613165638641662600, 0.0000000000000000000 ) ) ;
#5202 = PLANE ( 'NONE',  #6048 ) ;
#5203 = EDGE_CURVE ( 'NONE', #3336, #7286, #11444, .T. ) ;
#5204 = EDGE_CURVE ( 'NONE', #2950, #8067, #10333, .T. ) ;
#5205 = EDGE_CURVE ( 'NONE', #2406, #2950, #11229, .T. ) ;
#5206 = ORIENTED_EDGE ( 'NONE', *, *, #4747, .F. ) ;
#5207 = B_SPLINE_SURFACE_WITH_KNOTS ( 'NONE', 3, 1, ( 
 ( #8652, #9405 ),
 ( #11210, #115 ),
 ( #10627, #4437 ),
 ( #1723, #9239 ),
 ( #3362, #4484 ),
 ( #6775, #1713 ),
 ( #4032, #1143 ),
 ( #6488, #2271 ),
 ( #7544, #6388 ),
 ( #2790, #10161 ),
 ( #9479, #2386 ),
 ( #4596, #10600 ),
 ( #4413, #7879 ),
 ( #525, #6576 ),
 ( #6655, #8879 ),
 ( #6670, #5492 ),
 ( #6806, #5067 ),
 ( #554, #7234 ),
 ( #5810, #9576 ) ),
 .UNSPECIFIED., .F., .F., .F.,
 ( 4, 1, 1, 1, 1, 1, 1, 1, 1, 1, 1, 1, 1, 1, 1, 1, 4 ),
 ( 2, 2 ),
 ( 0.0000000000000000000, 0.07746781831355609200, 0.1511210827872762100, 0.2219122913114161000, 0.2890920141925845700, 0.3539517512963530300, 0.4164029452615781200, 0.4769145856135007000, 0.5350573200783500500, 0.5928642395329396500, 0.6491676229663035900, 0.7056570981319622000, 0.7620900016446930900, 0.8196728368831964800, 0.8781910597675964800, 0.9381877410386572100, 1.000000000000000000 ),
 ( 0.0000000000000000000, 1.000000000000000000 ),
 .UNSPECIFIED. ) ;
#5208 = CARTESIAN_POINT ( 'NONE',  ( 11.38597704603546700, -1.604087173182589000, 0.0000000000000000000 ) ) ;
#5209 = CARTESIAN_POINT ( 'NONE',  ( 10.68882701823480700, -1.838665548300780600, 0.1000000000000000100 ) ) ;
#5210 = LINE ( 'NONE', #1177, #6416 ) ;
#5211 = DIRECTION ( 'NONE',  ( 9.637352644315593600E-015, 1.000000000000000000, -0.0000000000000000000 ) ) ;
#5212 = ORIENTED_EDGE ( 'NONE', *, *, #10118, .T. ) ;
#5213 = LINE ( 'NONE', #4530, #4919 ) ;
#5214 = CARTESIAN_POINT ( 'NONE',  ( 9.940746422724490800, -1.701846680925409800, 0.1000000000000000100 ) ) ;
#5215 = CARTESIAN_POINT ( 'NONE',  ( 39.95450897047030000, 10.49999999999999600, 0.0000000000000000000 ) ) ;
#5216 = CARTESIAN_POINT ( 'NONE',  ( 9.964645029916168200, 7.627092958867339500, 0.1000000000000000100 ) ) ;
#5217 = DIRECTION ( 'NONE',  ( -1.000000000000000000, 0.0000000000000000000, 0.0000000000000000000 ) ) ;
#5218 = AXIS2_PLACEMENT_3D ( 'NONE', #3243, #3199, #3156 ) ;
#5219 = AXIS2_PLACEMENT_3D ( 'NONE', #4149, #3961, #1497 ) ;
#5220 = LINE ( 'NONE', #8685, #6843 ) ;
#5221 = CARTESIAN_POINT ( 'NONE',  ( 11.01361903091841100, -1.048839814039492300, 1.355252715606880500E-017 ) ) ;
#5222 = EDGE_LOOP ( 'NONE', ( #3181, #9132, #9749, #5470 ) ) ;
#5223 = VECTOR ( 'NONE', #1216, 1000.000000000000100 ) ;
#5224 = CARTESIAN_POINT ( 'NONE',  ( 10.61714587720429700, -2.672268991364406900, 0.1000000000000000100 ) ) ;
#5225 = VECTOR ( 'NONE', #3530, 1000.000000000000000 ) ;
#5226 = B_SPLINE_SURFACE_WITH_KNOTS ( 'NONE', 3, 1, ( 
 ( #1954, #5895 ),
 ( #11260, #11578 ),
 ( #1489, #9606 ),
 ( #3259, #1319 ),
 ( #7597, #3300 ),
 ( #8743, #3734 ),
 ( #9124, #1564 ),
 ( #10336, #7277 ),
 ( #6757, #8992 ),
 ( #5296, #6699 ),
 ( #4252, #702 ),
 ( #11301, #9086 ),
 ( #2979, #9999 ),
 ( #9545, #8583 ),
 ( #11274, #6223 ),
 ( #2338, #9163 ),
 ( #7167, #7688 ),
 ( #2257, #9562 ),
 ( #7786, #6499 ) ),
 .UNSPECIFIED., .F., .F., .F.,
 ( 4, 1, 1, 1, 1, 1, 1, 1, 1, 1, 1, 1, 1, 1, 1, 1, 4 ),
 ( 2, 2 ),
 ( 0.0000000000000000000, 0.07168973380787033200, 0.1407364959683107500, 0.2075815704540138200, 0.2727110091735332500, 0.3366500018118406300, 0.3995665228765540900, 0.4628058328289130200, 0.5265543612450071000, 0.5892141618359628700, 0.6495440093115332200, 0.7078444578146311200, 0.7655419361369910600, 0.8226267735377852400, 0.8802441425476690300, 0.9391365869475539800, 1.000000000000000000 ),
 ( 0.0000000000000000000, 1.000000000000000000 ),
 .UNSPECIFIED. ) ;
#5227 = PLANE ( 'NONE',  #595 ) ;
#5228 = ORIENTED_EDGE ( 'NONE', *, *, #2412, .F. ) ;
#5229 = CARTESIAN_POINT ( 'NONE',  ( 10.43253346203182700, -1.705071565075557200, 0.1000000000000000100 ) ) ;
#5230 = DIRECTION ( 'NONE',  ( 1.734723475976807100E-015, -1.000000000000000000, 0.0000000000000000000 ) ) ;
#5231 = CARTESIAN_POINT ( 'NONE',  ( 10.30964502991612400, 3.817092958867338100, 0.1000000000000000100 ) ) ;
#5232 = ORIENTED_EDGE ( 'NONE', *, *, #3973, .T. ) ;
#5233 = ORIENTED_EDGE ( 'NONE', *, *, #8196, .F. ) ;
#5234 = LINE ( 'NONE', #1037, #3095 ) ;
#5235 = CYLINDRICAL_SURFACE ( 'NONE', #3628, 1.000000000000000900 ) ;
#5236 = AXIS2_PLACEMENT_3D ( 'NONE', #9248, #224, #6587 ) ;
#5237 = DIRECTION ( 'NONE',  ( 0.0000000000000000000, 0.0000000000000000000, 1.000000000000000000 ) ) ;
#5238 = CARTESIAN_POINT ( 'NONE',  ( 9.950320037445239400, -6.765793739731549300, 0.1000000000000000100 ) ) ;
#5239 = CARTESIAN_POINT ( 'NONE',  ( 32.49999999999998600, 14.00000000000000000, 5.099999999999999600 ) ) ;
#5240 = EDGE_LOOP ( 'NONE', ( #373, #9001, #9378, #3179 ) ) ;
#5241 = DIRECTION ( 'NONE',  ( -0.0000000000000000000, 0.0000000000000000000, -1.000000000000000000 ) ) ;
#5242 = EDGE_CURVE ( 'NONE', #8680, #9811, #10801, .T. ) ;
#5243 = CARTESIAN_POINT ( 'NONE',  ( 10.52102695439021400, -9.219348541970186200, 0.1000000000000000100 ) ) ;
#5244 = ORIENTED_EDGE ( 'NONE', *, *, #5766, .T. ) ;
#5245 = B_SPLINE_SURFACE_WITH_KNOTS ( 'NONE', 3, 1, ( 
 ( #1843, #7681 ),
 ( #2349, #4 ),
 ( #3327, #140 ),
 ( #8279, #16 ),
 ( #473, #1625 ),
 ( #10460, #6736 ),
 ( #1774, #8849 ),
 ( #1938, #767 ),
 ( #10232, #533 ),
 ( #265, #6967 ),
 ( #9399, #9597 ),
 ( #6345, #2307 ),
 ( #82, #11057 ),
 ( #9268, #7370 ),
 ( #5617, #11462 ),
 ( #2405, #3480 ),
 ( #5862, #3514 ),
 ( #8192, #11242 ),
 ( #7436, #3236 ) ),
 .UNSPECIFIED., .F., .F., .F.,
 ( 4, 1, 1, 1, 1, 1, 1, 1, 1, 1, 1, 1, 1, 1, 1, 1, 4 ),
 ( 2, 2 ),
 ( 0.0000000000000000000, 0.05956949811980975100, 0.1170451948422638600, 0.1733571427674343300, 0.2294071986133116600, 0.2856210799912846100, 0.3428442290431478700, 0.4014435764307288100, 0.4623551417979966400, 0.5245379489337442800, 0.5868721529874860700, 0.6502511745994908900, 0.7151794734880500000, 0.7818615537057312900, 0.8511950260811274000, 0.9240015797171047300, 0.9999999999999998900 ),
 ( 0.0000000000000000000, 1.000000000000000000 ),
 .UNSPECIFIED. ) ;
#5246 = ADVANCED_FACE ( 'NONE', ( #9832 ), #6222, .T. ) ;
#5247 = CIRCLE ( 'NONE', #5385, 1.000000000000000900 ) ;
#5248 = EDGE_LOOP ( 'NONE', ( #5, #1, #9590, #2869, #2301 ) ) ;
#5249 = CARTESIAN_POINT ( 'NONE',  ( 11.22708518053002500, 18.50000000000000000, 8.099999999999999600 ) ) ;
#5250 = ORIENTED_EDGE ( 'NONE', *, *, #2226, .T. ) ;
#5251 = EDGE_LOOP ( 'NONE', ( #9116, #9962, #9110, #8998 ) ) ;
#5252 = DIRECTION ( 'NONE',  ( -0.0000000000000000000, -0.0000000000000000000, -1.000000000000000000 ) ) ;
#5253 = EDGE_CURVE ( 'NONE', #7322, #7860, #9157, .T. ) ;
#5254 = EDGE_CURVE ( 'NONE', #493, #7948, #8960, .T. ) ;
#5255 = LINE ( 'NONE', #1571, #5186 ) ;
#5256 = VECTOR ( 'NONE', #10301, 1000.000000000000000 ) ;
#5257 = ORIENTED_EDGE ( 'NONE', *, *, #10851, .T. ) ;
#5258 = CARTESIAN_POINT ( 'NONE',  ( 10.12084285124563000, -1.073307290002472500, 0.1000000000000000100 ) ) ;
#5259 = ORIENTED_EDGE ( 'NONE', *, *, #890, .F. ) ;
#5260 = CARTESIAN_POINT ( 'NONE',  ( 11.01361903091841100, -1.048839814039492300, 0.1000000000000000100 ) ) ;
#5261 = CARTESIAN_POINT ( 'NONE',  ( 11.16505173410887000, -1.465211842626918900, 0.0000000000000000000 ) ) ;
#5262 = ORIENTED_EDGE ( 'NONE', *, *, #8409, .F. ) ;
#5263 = LINE ( 'NONE', #553, #7318 ) ;
#5264 = CARTESIAN_POINT ( 'NONE',  ( 10.48144148745729100, -9.189463623180078100, 1.355252715606880500E-017 ) ) ;
#5265 = AXIS2_PLACEMENT_3D ( 'NONE', #7317, #1929, #8231 ) ;
#5266 = VECTOR ( 'NONE', #7919, 1000.000000000000000 ) ;
#5267 = ADVANCED_FACE ( 'NONE', ( #8562, #8915 ), #10475, .T. ) ;
#5268 = EDGE_CURVE ( 'NONE', #8180, #9991, #8230, .T. ) ;
#5269 = EDGE_CURVE ( 'NONE', #7335, #4865, #8309, .T. ) ;
#5270 = CARTESIAN_POINT ( 'NONE',  ( 11.38597704603546700, -1.604087173182589000, 0.1000000000000000100 ) ) ;
#5271 = ORIENTED_EDGE ( 'NONE', *, *, #7209, .T. ) ;
#5272 = ORIENTED_EDGE ( 'NONE', *, *, #1286, .T. ) ;
#5273 = EDGE_CURVE ( 'NONE', #9682, #8352, #10174, .T. ) ;
#5274 = CARTESIAN_POINT ( 'NONE',  ( 36.49999999999999300, 19.50000000000000000, 2.700000000000000200 ) ) ;
#5275 = CARTESIAN_POINT ( 'NONE',  ( 10.94066128367887100, -8.451131404666846000, 0.1000000000000000100 ) ) ;
#5276 = LINE ( 'NONE', #2237, #8762 ) ;
#5277 = LINE ( 'NONE', #455, #4872 ) ;
#5278 = CARTESIAN_POINT ( 'NONE',  ( 45.00000000000000000, -6.849954654103714600, -0.0000000000000000000 ) ) ;
#5279 = CARTESIAN_POINT ( 'NONE',  ( 10.48144148745729100, -9.189463623180078100, 0.1000000000000000100 ) ) ;
#5280 = CARTESIAN_POINT ( 'NONE',  ( 39.49999999999999300, 19.50000000000000000, 5.399999999999999500 ) ) ;
#5281 = ADVANCED_FACE ( 'NONE', ( #7585 ), #2298, .F. ) ;
#5282 = ORIENTED_EDGE ( 'NONE', *, *, #1285, .F. ) ;
#5283 = CARTESIAN_POINT ( 'NONE',  ( 10.45061114560587100, -1.578659864111118200, -0.0000000000000000000 ) ) ;
#5284 = CARTESIAN_POINT ( 'NONE',  ( 11.14785518314578800, -8.555644116195390200, -0.0000000000000000000 ) ) ;
#5285 = ORIENTED_EDGE ( 'NONE', *, *, #11320, .F. ) ;
#5286 = VECTOR ( 'NONE', #5956, 1000.000000000000000 ) ;
#5287 = LINE ( 'NONE', #10352, #369 ) ;
#5288 = CARTESIAN_POINT ( 'NONE',  ( 10.00000000000000000, -14.49804735160446600, 6.099999999999999600 ) ) ;
#5289 = DIRECTION ( 'NONE',  ( -0.0000000000000000000, -0.0000000000000000000, 1.000000000000000000 ) ) ;
#5290 = AXIS2_PLACEMENT_3D ( 'NONE', #3646, #501, #1508 ) ;
#5291 = DIRECTION ( 'NONE',  ( -1.000000000000000000, 1.084202172485506800E-014, -0.0000000000000000000 ) ) ;
#5292 = ORIENTED_EDGE ( 'NONE', *, *, #10469, .T. ) ;
#5293 = VERTEX_POINT ( 'NONE', #9586 ) ;
#5294 = VECTOR ( 'NONE', #8023, 1000.000000000000000 ) ;
#5295 = DIRECTION ( 'NONE',  ( -0.0000000000000000000, 1.000000000000000000, -0.0000000000000000000 ) ) ;
#5296 = CARTESIAN_POINT ( 'NONE',  ( 9.868353100286551400, -1.966049800889616800, 0.1000000000000000100 ) ) ;
#5297 = VECTOR ( 'NONE', #1740, 1000.000000000000000 ) ;
#5298 = ADVANCED_FACE ( 'NONE', ( #7957 ), #9519, .F. ) ;
#5299 = CARTESIAN_POINT ( 'NONE',  ( 10.82925883723644500, -9.092687489869115700, 0.1000000000000000100 ) ) ;
#5300 = VERTEX_POINT ( 'NONE', #5397 ) ;
#5301 = CARTESIAN_POINT ( 'NONE',  ( 10.44516382629000800, -9.155332069897779600, 1.355252715606880500E-017 ) ) ;
#5302 = ORIENTED_EDGE ( 'NONE', *, *, #2134, .T. ) ;
#5303 = CARTESIAN_POINT ( 'NONE',  ( 10.44693120380386000, -1.639225653333392000, -0.0000000000000000000 ) ) ;
#5304 = LINE ( 'NONE', #8904, #5297 ) ;
#5305 = FACE_OUTER_BOUND ( 'NONE', #2060, .T. ) ;
#5306 = LINE ( 'NONE', #811, #5524 ) ;
#5307 = VERTEX_POINT ( 'NONE', #5592 ) ;
#5308 = CARTESIAN_POINT ( 'NONE',  ( 11.21021903729588900, -8.673211712411884400, 0.1000000000000000100 ) ) ;
#5309 = ORIENTED_EDGE ( 'NONE', *, *, #5205, .F. ) ;
#5310 = DIRECTION ( 'NONE',  ( -0.0000000000000000000, -0.0000000000000000000, 1.000000000000000000 ) ) ;
#5311 = ORIENTED_EDGE ( 'NONE', *, *, #10688, .F. ) ;
#5312 = CARTESIAN_POINT ( 'NONE',  ( 10.44516382629000800, -9.155332069897779600, 0.1000000000000000100 ) ) ;
#5313 = CARTESIAN_POINT ( 'NONE',  ( 9.744418604477024500, -1.601165095260511200, 0.1000000000000000100 ) ) ;
#5314 = VECTOR ( 'NONE', #11570, 1000.000000000000000 ) ;
#5315 = ORIENTED_EDGE ( 'NONE', *, *, #11279, .F. ) ;
#5316 = CARTESIAN_POINT ( 'NONE',  ( 11.19871752505446800, -1.645979801990046000, 1.355252715606880500E-017 ) ) ;
#5317 = ORIENTED_EDGE ( 'NONE', *, *, #8463, .F. ) ;
#5318 = CARTESIAN_POINT ( 'NONE',  ( 9.972990033048454000, -8.595645614741032500, 0.0000000000000000000 ) ) ;
#5319 = ORIENTED_EDGE ( 'NONE', *, *, #5254, .F. ) ;
#5320 = CARTESIAN_POINT ( 'NONE',  ( 40.49999999999999300, 10.49999999999999600, 8.099999999999999600 ) ) ;
#5321 = CARTESIAN_POINT ( 'NONE',  ( 10.86649652655494700, -5.581359900455316500, 0.1000000000000000100 ) ) ;
#5322 = VERTEX_POINT ( 'NONE', #9604 ) ;
#5323 = LINE ( 'NONE', #8951, #5266 ) ;
#5324 = DIRECTION ( 'NONE',  ( -0.0000000000000000000, -0.0000000000000000000, -1.000000000000000000 ) ) ;
#5325 = VECTOR ( 'NONE', #2466, 1000.000000000000000 ) ;
#5326 = ORIENTED_EDGE ( 'NONE', *, *, #7601, .T. ) ;
#5327 = CARTESIAN_POINT ( 'NONE',  ( 10.17915886421728500, -2.111230030325446500, 0.1000000000000000100 ) ) ;
#5328 = EDGE_CURVE ( 'NONE', #7240, #4702, #7457, .T. ) ;
#5329 = EDGE_CURVE ( 'NONE', #2954, #8180, #7675, .T. ) ;
#5330 = CARTESIAN_POINT ( 'NONE',  ( 11.06480849772313500, -1.072738678181460500, 1.355252715606880500E-017 ) ) ;
#5331 = DIRECTION ( 'NONE',  ( -1.000000000000000000, 0.0000000000000000000, -0.0000000000000000000 ) ) ;
#5332 = CARTESIAN_POINT ( 'NONE',  ( 11.11105637904098100, -1.380603737911799900, -0.0000000000000000000 ) ) ;
#5333 = ORIENTED_EDGE ( 'NONE', *, *, #3442, .F. ) ;
#5334 = CARTESIAN_POINT ( 'NONE',  ( 10.63741548321024400, -9.040578165221145200, 1.355252715606880500E-017 ) ) ;
#5335 = FACE_OUTER_BOUND ( 'NONE', #9633, .T. ) ;
#5336 = CARTESIAN_POINT ( 'NONE',  ( 9.970058865974314300, -1.778547854382936300, 0.1000000000000000100 ) ) ;
#5337 = EDGE_CURVE ( 'NONE', #1663, #6652, #7223, .T. ) ;
#5338 = ORIENTED_EDGE ( 'NONE', *, *, #5043, .F. ) ;
#5339 = VECTOR ( 'NONE', #6886, 1000.000000000000000 ) ;
#5340 = ORIENTED_EDGE ( 'NONE', *, *, #7872, .T. ) ;
#5341 = CARTESIAN_POINT ( 'NONE',  ( 13.64169637919543400, -8.000000000000076400, 3.099999999999998800 ) ) ;
#5342 = CARTESIAN_POINT ( 'NONE',  ( 10.41000302006144000, -8.512853406948824600, 0.0000000000000000000 ) ) ;
#5343 = CARTESIAN_POINT ( 'NONE',  ( 10.41269814671322900, -9.118174679102752500, 1.355252715606880500E-017 ) ) ;
#5344 = ORIENTED_EDGE ( 'NONE', *, *, #8203, .F. ) ;
#5345 = VECTOR ( 'NONE', #10240, 1000.000000000000000 ) ;
#5346 = CARTESIAN_POINT ( 'NONE',  ( 9.744788424791559900, -1.582969216661749300, 0.1000000000000000100 ) ) ;
#5347 = FACE_OUTER_BOUND ( 'NONE', #2142, .T. ) ;
#5348 = CARTESIAN_POINT ( 'NONE',  ( 11.13415613842491700, -1.850621218922992000, 0.1000000000000000100 ) ) ;
#5349 = ORIENTED_EDGE ( 'NONE', *, *, #5475, .F. ) ;
#5350 = CARTESIAN_POINT ( 'NONE',  ( 10.07385049738025600, -7.148966099828538000, 0.1000000000000000100 ) ) ;
#5351 = CARTESIAN_POINT ( 'NONE',  ( 36.49999999999999300, 10.49999999999999600, 8.099999999999999600 ) ) ;
#5352 = CARTESIAN_POINT ( 'NONE',  ( 9.244645029916135600, 4.057092958867349000, 0.0000000000000000000 ) ) ;
#5353 = ORIENTED_EDGE ( 'NONE', *, *, #4573, .T. ) ;
#5354 = VERTEX_POINT ( 'NONE', #2813 ) ;
#5355 = LINE ( 'NONE', #10767, #4613 ) ;
#5356 = EDGE_CURVE ( 'NONE', #5928, #6342, #850, .T. ) ;
#5357 = DIRECTION ( 'NONE',  ( -0.0000000000000000000, -0.0000000000000000000, 1.000000000000000000 ) ) ;
#5358 = ORIENTED_EDGE ( 'NONE', *, *, #906, .T. ) ;
#5359 = DIRECTION ( 'NONE',  ( 1.000000000000000000, 0.0000000000000000000, 0.0000000000000000000 ) ) ;
#5360 = AXIS2_PLACEMENT_3D ( 'NONE', #8433, #2770, #7683 ) ;
#5361 = CARTESIAN_POINT ( 'NONE',  ( 11.06480849772313500, -1.072738678181460500, 0.1000000000000000100 ) ) ;
#5362 = CARTESIAN_POINT ( 'NONE',  ( 0.0000000000000000000, 12.50000000000000000, 0.0000000000000000000 ) ) ;
#5363 = DIRECTION ( 'NONE',  ( -0.0000000000000000000, 0.0000000000000000000, 1.000000000000000000 ) ) ;
#5364 = DIRECTION ( 'NONE',  ( -0.0000000000000000000, 0.0000000000000000000, 1.000000000000000000 ) ) ;
#5365 = VECTOR ( 'NONE', #2914, 1000.000000000000000 ) ;
#5366 = ORIENTED_EDGE ( 'NONE', *, *, #5752, .F. ) ;
#5367 = LINE ( 'NONE', #7406, #428 ) ;
#5368 = CARTESIAN_POINT ( 'NONE',  ( 10.50532278659042400, -8.860398486771204700, 0.1000000000000000100 ) ) ;
#5369 = VERTEX_POINT ( 'NONE', #1600 ) ;
#5370 = VERTEX_POINT ( 'NONE', #5478 ) ;
#5371 = CARTESIAN_POINT ( 'NONE',  ( 43.75779230267191600, 6.861205613747118900, 8.099999999999992500 ) ) ;
#5372 = LINE ( 'NONE', #9458, #505 ) ;
#5373 = FACE_OUTER_BOUND ( 'NONE', #11116, .T. ) ;
#5374 = VERTEX_POINT ( 'NONE', #6333 ) ;
#5375 = CARTESIAN_POINT ( 'NONE',  ( 10.31150244604416600, -8.734662525848776200, 0.1000000000000000100 ) ) ;
#5376 = EDGE_CURVE ( 'NONE', #5307, #7437, #6058, .T. ) ;
#5377 = ORIENTED_EDGE ( 'NONE', *, *, #10976, .F. ) ;
#5378 = EDGE_LOOP ( 'NONE', ( #1638, #9650, #9404, #11518, #2360, #9432, #10048, #11246 ) ) ;
#5379 = CARTESIAN_POINT ( 'NONE',  ( 10.41269814671322900, -9.118174679102752500, 0.1000000000000000100 ) ) ;
#5380 = CARTESIAN_POINT ( 'NONE',  ( 9.745514637127961100, -1.547238157575123300, 0.1000000000000000100 ) ) ;
#5381 = DIRECTION ( 'NONE',  ( 3.083952846180991300E-015, -1.000000000000000000, -0.0000000000000000000 ) ) ;
#5382 = CARTESIAN_POINT ( 'NONE',  ( 10.99261031399979200, -1.953311138366183200, 1.355252715606880500E-017 ) ) ;
#5383 = FACE_OUTER_BOUND ( 'NONE', #10403, .T. ) ;
#5384 = CARTESIAN_POINT ( 'NONE',  ( 10.93301989724946000, -9.292200634566681200, 1.355252715606880500E-017 ) ) ;
#5385 = AXIS2_PLACEMENT_3D ( 'NONE', #5387, #11606, #6290 ) ;
#5386 = CARTESIAN_POINT ( 'NONE',  ( 9.942049280862965700, -6.793833095758563100, 0.1000000000000000100 ) ) ;
#5387 = CARTESIAN_POINT ( 'NONE',  ( 31.74569858724563800, -19.50000000000000000, 0.0000000000000000000 ) ) ;
#5388 = EDGE_LOOP ( 'NONE', ( #1172, #11567, #2710, #2681 ) ) ;
#5389 = EDGE_CURVE ( 'NONE', #6322, #9282, #6368, .T. ) ;
#5390 = EDGE_CURVE ( 'NONE', #3566, #6589, #6117, .T. ) ;
#5391 = DIRECTION ( 'NONE',  ( -0.8805491088722701100, -0.4739549207089753800, 0.0000000000000000000 ) ) ;
#5392 = ORIENTED_EDGE ( 'NONE', *, *, #9663, .T. ) ;
#5393 = CARTESIAN_POINT ( 'NONE',  ( 10.96482085408998200, -1.960322567238136600, -0.0000000000000000000 ) ) ;
#5394 = ORIENTED_EDGE ( 'NONE', *, *, #7336, .F. ) ;
#5395 = CIRCLE ( 'NONE', #10675, 0.6130263050269437700 ) ;
#5396 = CARTESIAN_POINT ( 'NONE',  ( 11.05319053842490000, -9.041143847726029700, 0.1000000000000000100 ) ) ;
#5397 = CARTESIAN_POINT ( 'NONE',  ( 8.000000000000007100, 3.506440422583730700, 3.099999999999998800 ) ) ;
#5398 = DIRECTION ( 'NONE',  ( 1.000000000000000000, 0.0000000000000000000, 0.0000000000000000000 ) ) ;
#5399 = CARTESIAN_POINT ( 'NONE',  ( 10.78142073132024800, -2.155287423538289300, -0.0000000000000000000 ) ) ;
#5400 = CARTESIAN_POINT ( 'NONE',  ( 2.081668171172168500E-014, -22.00000000000000000, 3.000000000000000000 ) ) ;
#5401 = ORIENTED_EDGE ( 'NONE', *, *, #3442, .T. ) ;
#5402 = ORIENTED_EDGE ( 'NONE', *, *, #8823, .F. ) ;
#5403 = EDGE_CURVE ( 'NONE', #7405, #5176, #5583, .T. ) ;
#5404 = VERTEX_POINT ( 'NONE', #7027 ) ;
#5405 = EDGE_CURVE ( 'NONE', #4721, #1721, #5323, .T. ) ;
#5406 = CARTESIAN_POINT ( 'NONE',  ( 10.44516382629000800, -9.155332069897779600, -0.0000000000000000000 ) ) ;
#5407 = LINE ( 'NONE', #10063, #10887 ) ;
#5408 = EDGE_CURVE ( 'NONE', #5079, #3365, #6395, .T. ) ;
#5409 = ORIENTED_EDGE ( 'NONE', *, *, #5695, .T. ) ;
#5410 = CARTESIAN_POINT ( 'NONE',  ( 11.09256890880230100, -6.424349763572587700, 0.1000000000000000100 ) ) ;
#5411 = EDGE_CURVE ( 'NONE', #1510, #9411, #5355, .T. ) ;
#5412 = CARTESIAN_POINT ( 'NONE',  ( 9.935807555814250200, -6.823014993895531800, 0.1000000000000000100 ) ) ;
#5413 = CARTESIAN_POINT ( 'NONE',  ( 11.15865589330015900, -8.950690092180613200, -0.0000000000000000000 ) ) ;
#5414 = ORIENTED_EDGE ( 'NONE', *, *, #4142, .F. ) ;
#5415 = DIRECTION ( 'NONE',  ( 0.1558833173373130900, -0.9877754761968503500, 0.0000000000000000000 ) ) ;
#5416 = VECTOR ( 'NONE', #11099, 1000.000000000000000 ) ;
#5417 = VECTOR ( 'NONE', #4879, 1000.000000000000000 ) ;
#5418 = CARTESIAN_POINT ( 'NONE',  ( 11.38455124687135200, -1.666230829419362000, 0.1000000000000000100 ) ) ;
#5419 = DIRECTION ( 'NONE',  ( 0.0000000000000000000, -0.0000000000000000000, -1.000000000000000000 ) ) ;
#5420 = ORIENTED_EDGE ( 'NONE', *, *, #7183, .T. ) ;
#5421 = ORIENTED_EDGE ( 'NONE', *, *, #10897, .F. ) ;
#5422 = CARTESIAN_POINT ( 'NONE',  ( 9.932220404681931600, -6.853565475252192000, 0.1000000000000000100 ) ) ;
#5423 = CYLINDRICAL_SURFACE ( 'NONE', #7807, 0.5000000000000004400 ) ;
#5424 = DIRECTION ( 'NONE',  ( 0.0000000000000000000, 0.0000000000000000000, -1.000000000000000000 ) ) ;
#5425 = CARTESIAN_POINT ( 'NONE',  ( 10.41000302006144000, -8.512853406948824600, 0.1000000000000000100 ) ) ;
#5426 = AXIS2_PLACEMENT_3D ( 'NONE', #3395, #5818, #1979 ) ;
#5427 = LINE ( 'NONE', #8556, #5286 ) ;
#5428 = VECTOR ( 'NONE', #3949, 1000.000000000000000 ) ;
#5429 = CARTESIAN_POINT ( 'NONE',  ( 10.45091211097053100, -1.566100160195576000, 4.065758146820641600E-017 ) ) ;
#5430 = CARTESIAN_POINT ( 'NONE',  ( 11.09199554551417300, -1.895370054049444000, 0.0000000000000000000 ) ) ;
#5431 = ORIENTED_EDGE ( 'NONE', *, *, #9046, .F. ) ;
#5432 = CARTESIAN_POINT ( 'NONE',  ( 0.7879379035845669500, 7.849539771895425000, 5.000000000000000000 ) ) ;
#5433 = CARTESIAN_POINT ( 'NONE',  ( 9.931698551446613600, -6.874316107263000600, 0.1000000000000000100 ) ) ;
#5434 = ORIENTED_EDGE ( 'NONE', *, *, #3411, .F. ) ;
#5435 = CARTESIAN_POINT ( 'NONE',  ( 11.11245215426786000, -1.098654129602450100, 1.355252715606880500E-017 ) ) ;
#5436 = CARTESIAN_POINT ( 'NONE',  ( 32.49999999999998600, 8.250000000000000000, 5.099999999999999600 ) ) ;
#5437 = PLANE ( 'NONE',  #7780 ) ;
#5438 = LINE ( 'NONE', #2662, #5926 ) ;
#5439 = LINE ( 'NONE', #1260, #1702 ) ;
#5440 = VECTOR ( 'NONE', #2354, 1000.000000000000100 ) ;
#5441 = ADVANCED_FACE ( 'NONE', ( #4534 ), #9560, .F. ) ;
#5442 = CARTESIAN_POINT ( 'NONE',  ( 9.931698551446613600, -6.874316107263000600, 0.1000000000000000100 ) ) ;
#5443 = DIRECTION ( 'NONE',  ( -1.982541115402065400E-016, -1.000000000000000000, 0.0000000000000000000 ) ) ;
#5444 = ORIENTED_EDGE ( 'NONE', *, *, #10992, .T. ) ;
#5445 = AXIS2_PLACEMENT_3D ( 'NONE', #10429, #5081, #11305 ) ;
#5446 = VERTEX_POINT ( 'NONE', #8255 ) ;
#5447 = EDGE_CURVE ( 'NONE', #9019, #10358, #4981, .T. ) ;
#5448 = EDGE_LOOP ( 'NONE', ( #11631, #5421, #718, #6802 ) ) ;
#5449 = LINE ( 'NONE', #10341, #11610 ) ;
#5450 = LINE ( 'NONE', #10212, #8382 ) ;
#5451 = DIRECTION ( 'NONE',  ( 0.0000000000000000000, -0.0000000000000000000, -1.000000000000000000 ) ) ;
#5452 = CARTESIAN_POINT ( 'NONE',  ( 10.00000000000000000, 14.49804735160447300, 6.099999999999999600 ) ) ;
#5453 = CARTESIAN_POINT ( 'NONE',  ( 9.964645029916168200, 7.627092958867339500, 0.1000000000000000100 ) ) ;
#5454 = VERTEX_POINT ( 'NONE', #8369 ) ;
#5455 = CARTESIAN_POINT ( 'NONE',  ( 10.63565237071079000, -1.568372887468303400, 0.1000000000000000100 ) ) ;
#5456 = DIRECTION ( 'NONE',  ( -0.0000000000000000000, -0.0000000000000000000, -1.000000000000000000 ) ) ;
#5457 = EDGE_LOOP ( 'NONE', ( #1372, #6168, #3223, #2635, #3527, #3430, #11269, #4173, #6278, #2667, #646, #777, #4997, #1667, #7815, #7353, #7008 ) ) ;
#5458 = EDGE_CURVE ( 'NONE', #6652, #5374, #4414, .T. ) ;
#5460 = EDGE_CURVE ( 'NONE', #2225, #7305, #4128, .T. ) ;
#5459 = B_SPLINE_SURFACE_WITH_KNOTS ( 'NONE', 3, 1, ( 
 ( #3105, #8566 ),
 ( #4719, #10245 ),
 ( #8846, #8580 ),
 ( #5258, #8487 ),
 ( #4239, #7164 ),
 ( #9499, #8366 ),
 ( #316, #4275 ),
 ( #7735, #10927 ),
 ( #7094, #2092 ),
 ( #4041, #7070 ),
 ( #3065, #5741 ),
 ( #3002, #11006 ),
 ( #1789, #5115 ),
 ( #9269, #518 ),
 ( #1221, #4332 ),
 ( #11683, #6965 ),
 ( #9922, #8448 ),
 ( #3140, #1234 ),
 ( #6877, #5564 ) ),
 .UNSPECIFIED., .F., .F., .F.,
 ( 4, 1, 1, 1, 1, 1, 1, 1, 1, 1, 1, 1, 1, 1, 1, 1, 4 ),
 ( 2, 2 ),
 ( 0.0000000000000000000, 0.07137457145977087200, 0.1392474491060188800, 0.2046060820978509200, 0.2676027319561075600, 0.3284481328511196200, 0.3884471317984230000, 0.4479821916005573600, 0.5073694247918964000, 0.5666246472759952600, 0.6257394543435818000, 0.6847378962314342200, 0.7444980218687281500, 0.8052316892840698500, 0.8680314205330778000, 0.9327956038188086600, 1.000000000000000000 ),
 ( 0.0000000000000000000, 1.000000000000000000 ),
 .UNSPECIFIED. ) ;
#5461 = CARTESIAN_POINT ( 'NONE',  ( 10.94117185123027100, -6.835580679676097800, 0.1000000000000000100 ) ) ;
#5462 = DIRECTION ( 'NONE',  ( 1.000000000000000000, 0.0000000000000000000, 0.0000000000000000000 ) ) ;
#5463 = VERTEX_POINT ( 'NONE', #10914 ) ;
#5464 = CARTESIAN_POINT ( 'NONE',  ( 9.765197825256244400, -3.711230030325446600, 0.1000000000000000100 ) ) ;
#5465 = ORIENTED_EDGE ( 'NONE', *, *, #6450, .F. ) ;
#5466 = CYLINDRICAL_SURFACE ( 'NONE', #7192, 12.00000000000001100 ) ;
#5467 = CARTESIAN_POINT ( 'NONE',  ( 13.64169637919543400, 8.000000000000076400, -23.17665792529315300 ) ) ;
#5468 = DIRECTION ( 'NONE',  ( 1.000000000000000000, 0.0000000000000000000, 0.0000000000000000000 ) ) ;
#5469 = CARTESIAN_POINT ( 'NONE',  ( 9.948105704161845300, -1.728967115335418000, -0.0000000000000000000 ) ) ;
#5470 = ORIENTED_EDGE ( 'NONE', *, *, #9271, .T. ) ;
#5471 = CARTESIAN_POINT ( 'NONE',  ( 10.38387343221518400, -9.079217898638322700, 1.355252715606880500E-017 ) ) ;
#5472 = ORIENTED_EDGE ( 'NONE', *, *, #890, .T. ) ;
#5473 = AXIS2_PLACEMENT_3D ( 'NONE', #8298, #9192, #3841 ) ;
#5474 = DIRECTION ( 'NONE',  ( 1.000000000000000000, 0.0000000000000000000, 0.0000000000000000000 ) ) ;
#5475 = EDGE_CURVE ( 'NONE', #2580, #3112, #4116, .T. ) ;
#5476 = EDGE_CURVE ( 'NONE', #863, #10310, #4506, .T. ) ;
#5477 = CARTESIAN_POINT ( 'NONE',  ( 32.49999999999998600, -2.000000000000000000, 8.099999999999999600 ) ) ;
#5478 = CARTESIAN_POINT ( 'NONE',  ( 7.999999999999996400, 21.00000000000000000, 0.0000000000000000000 ) ) ;
#5479 = DIRECTION ( 'NONE',  ( 1.000000000000000000, 0.0000000000000000000, 0.0000000000000000000 ) ) ;
#5480 = ORIENTED_EDGE ( 'NONE', *, *, #7565, .T. ) ;
#5481 = LINE ( 'NONE', #419, #4898 ) ;
#5482 = CARTESIAN_POINT ( 'NONE',  ( 11.36519782525624600, -7.950191069286487000, -1.355252715606880500E-017 ) ) ;
#5483 = CARTESIAN_POINT ( 'NONE',  ( 9.975118279421797900, -6.713950595137343500, -1.355252715606880500E-017 ) ) ;
#5484 = ORIENTED_EDGE ( 'NONE', *, *, #4230, .T. ) ;
#5485 = EDGE_CURVE ( 'NONE', #4496, #8077, #3544, .T. ) ;
#5486 = CARTESIAN_POINT ( 'NONE',  ( 11.36776484507881300, -1.783098794327751000, 0.0000000000000000000 ) ) ;
#5487 = ORIENTED_EDGE ( 'NONE', *, *, #9680, .T. ) ;
#5488 = ORIENTED_EDGE ( 'NONE', *, *, #4747, .T. ) ;
#5489 = FACE_OUTER_BOUND ( 'NONE', #10101, .T. ) ;
#5490 = CARTESIAN_POINT ( 'NONE',  ( 10.03660478676552800, -1.349688380854151100, 1.355252715606880500E-017 ) ) ;
#5491 = LINE ( 'NONE', #9277, #4178 ) ;
#5492 = CARTESIAN_POINT ( 'NONE',  ( 11.19387527155434000, -1.562750137076546600, 1.355252715606880500E-017 ) ) ;
#5493 = DIRECTION ( 'NONE',  ( 0.0000000000000000000, 0.0000000000000000000, -1.000000000000000000 ) ) ;
#5494 = VERTEX_POINT ( 'NONE', #9708 ) ;
#5495 = DIRECTION ( 'NONE',  ( -0.0000000000000000000, -0.0000000000000000000, -1.000000000000000000 ) ) ;
#5496 = CARTESIAN_POINT ( 'NONE',  ( 10.38387343221518400, -9.079217898638322700, 0.1000000000000000100 ) ) ;
#5497 = AXIS2_PLACEMENT_3D ( 'NONE', #10422, #9504, #3914 ) ;
#5498 = FACE_OUTER_BOUND ( 'NONE', #6353, .T. ) ;
#5499 = DIRECTION ( 'NONE',  ( 2.891205793294681200E-014, 1.000000000000000000, -0.0000000000000000000 ) ) ;
#5500 = VERTEX_POINT ( 'NONE', #10347 ) ;
#5501 = LINE ( 'NONE', #7395, #9790 ) ;
#5502 = DIRECTION ( 'NONE',  ( 0.0000000000000000000, 1.000000000000000000, 0.0000000000000000000 ) ) ;
#5503 = ADVANCED_FACE ( 'NONE', ( #3119 ), #9544, .T. ) ;
#5504 = LINE ( 'NONE', #9354, #2263 ) ;
#5505 = ORIENTED_EDGE ( 'NONE', *, *, #3173, .T. ) ;
#5506 = CARTESIAN_POINT ( 'NONE',  ( 9.931431591490012400, -6.884931329026747100, 0.1000000000000000100 ) ) ;
#5507 = DIRECTION ( 'NONE',  ( 3.154042683594198100E-016, 1.000000000000000000, 0.0000000000000000000 ) ) ;
#5508 = CARTESIAN_POINT ( 'NONE',  ( 11.49999999999999600, 14.49804735160447300, 8.099999999999999600 ) ) ;
#5509 = CARTESIAN_POINT ( 'NONE',  ( 10.44693120380386000, -1.639225653333392000, 4.065758146820641600E-017 ) ) ;
#5510 = VECTOR ( 'NONE', #9352, 1000.000000000000000 ) ;
#5511 = CARTESIAN_POINT ( 'NONE',  ( 10.35977848042690000, -9.038347052606848600, 1.355252715606880500E-017 ) ) ;
#5512 = LINE ( 'NONE', #5249, #9429 ) ;
#5513 = AXIS2_PLACEMENT_3D ( 'NONE', #3623, #9201, #5698 ) ;
#5514 = ORIENTED_EDGE ( 'NONE', *, *, #11357, .F. ) ;
#5515 = CARTESIAN_POINT ( 'NONE',  ( 11.13659185970748500, -8.976929930007887700, 0.1000000000000000100 ) ) ;
#5516 = VERTEX_POINT ( 'NONE', #9337 ) ;
#5517 = ORIENTED_EDGE ( 'NONE', *, *, #8173, .F. ) ;
#5518 = DIRECTION ( 'NONE',  ( 0.0000000000000000000, 0.0000000000000000000, 1.000000000000000000 ) ) ;
#5519 = DIRECTION ( 'NONE',  ( -0.6246950475544245100, 0.7808688094430301700, -0.0000000000000000000 ) ) ;
#5520 = CARTESIAN_POINT ( 'NONE',  ( 10.62318288017882900, -2.055975756323540800, -0.0000000000000000000 ) ) ;
#5521 = CARTESIAN_POINT ( 'NONE',  ( 10.13796510110220500, -6.591139098301236600, 0.1000000000000000100 ) ) ;
#5522 = CARTESIAN_POINT ( 'NONE',  ( 11.36519782525624600, -7.846294965390384000, 0.1000000000000000100 ) ) ;
#5523 = VECTOR ( 'NONE', #960, 1000.000000000000000 ) ;
#5524 = VECTOR ( 'NONE', #8064, 1000.000000000000000 ) ;
#5525 = CARTESIAN_POINT ( 'NONE',  ( 19.33333333333329300, 8.000000000000076400, 3.099999999999999600 ) ) ;
#5526 = CARTESIAN_POINT ( 'NONE',  ( 30.49999999999999300, 18.50000000000000000, 8.099999999999999600 ) ) ;
#5527 = EDGE_LOOP ( 'NONE', ( #1052, #5716, #2824, #4732 ) ) ;
#5528 = EDGE_LOOP ( 'NONE', ( #11196, #8923, #2045, #2204 ) ) ;
#5529 = CARTESIAN_POINT ( 'NONE',  ( 10.93758005966345300, -6.561440636374559400, 0.1000000000000000100 ) ) ;
#5530 = VECTOR ( 'NONE', #1569, 1000.000000000000000 ) ;
#5531 = DIRECTION ( 'NONE',  ( 0.0000000000000000000, -1.000000000000000000, -0.0000000000000000000 ) ) ;
#5532 = EDGE_CURVE ( 'NONE', #8748, #6768, #2938, .T. ) ;
#5533 = CARTESIAN_POINT ( 'NONE',  ( 10.35977848042690000, -9.038347052606848600, 0.1000000000000000100 ) ) ;
#5534 = ORIENTED_EDGE ( 'NONE', *, *, #8691, .F. ) ;
#5535 = DIRECTION ( 'NONE',  ( 1.000000000000000000, 0.0000000000000000000, 0.0000000000000000000 ) ) ;
#5536 = CARTESIAN_POINT ( 'NONE',  ( 9.964645029916139800, 5.017092958867341000, 0.0000000000000000000 ) ) ;
#5537 = EDGE_LOOP ( 'NONE', ( #6846, #7949, #8236, #4575, #3319, #1220 ) ) ;
#5538 = ORIENTED_EDGE ( 'NONE', *, *, #5337, .T. ) ;
#5539 = AXIS2_PLACEMENT_3D ( 'NONE', #6275, #8158, #2791 ) ;
#5540 = FACE_OUTER_BOUND ( 'NONE', #9596, .T. ) ;
#5541 = CARTESIAN_POINT ( 'NONE',  ( 10.46025129589395100, -1.978795567053953000, -0.0000000000000000000 ) ) ;
#5542 = CARTESIAN_POINT ( 'NONE',  ( 10.81974327980170100, -9.300840419935838100, 0.1000000000000000100 ) ) ;
#5543 = EDGE_CURVE ( 'NONE', #7763, #215, #2924, .T. ) ;
#5544 = EDGE_CURVE ( 'NONE', #11490, #1504, #3207, .T. ) ;
#5545 = CARTESIAN_POINT ( 'NONE',  ( 10.35784993088617500, -1.834205528789036400, 0.1000000000000000100 ) ) ;
#5546 = ORIENTED_EDGE ( 'NONE', *, *, #8486, .T. ) ;
#5547 = CARTESIAN_POINT ( 'NONE',  ( 10.33983720117562800, -8.996115261918642900, 1.355252715606880500E-017 ) ) ;
#5548 = ORIENTED_EDGE ( 'NONE', *, *, #11302, .T. ) ;
#5549 = CARTESIAN_POINT ( 'NONE',  ( 9.766320448828675900, -6.837288006533988500, 0.0000000000000000000 ) ) ;
#5550 = DIRECTION ( 'NONE',  ( 0.0000000000000000000, -1.000000000000000000, 0.0000000000000000000 ) ) ;
#5551 = LINE ( 'NONE', #10782, #6337 ) ;
#5552 = DIRECTION ( 'NONE',  ( -0.0000000000000000000, -0.0000000000000000000, -1.000000000000000000 ) ) ;
#5553 = PLANE ( 'NONE',  #2725 ) ;
#5554 = DATE_AND_TIME ( #8146, #1613 ) ;
#5555 = CARTESIAN_POINT ( 'NONE',  ( 9.761550040293263600, -1.444752448756750900, 0.0000000000000000000 ) ) ;
#5556 = CARTESIAN_POINT ( 'NONE',  ( 10.67948353954195900, -6.204736523831940100, 0.1000000000000000100 ) ) ;
#5557 = VERTEX_POINT ( 'NONE', #8183 ) ;
#5558 = CARTESIAN_POINT ( 'NONE',  ( 11.85464502991614900, 6.667092958867318200, 0.0000000000000000000 ) ) ;
#5559 = ORIENTED_EDGE ( 'NONE', *, *, #5460, .T. ) ;
#5560 = CARTESIAN_POINT ( 'NONE',  ( 8.000000000000007100, 9.157317253416650300, -23.17665792529315300 ) ) ;
#5561 = VECTOR ( 'NONE', #7147, 1000.000000000000000 ) ;
#5562 = VECTOR ( 'NONE', #3533, 1000.000000000000100 ) ;
#5563 = EDGE_CURVE ( 'NONE', #6837, #3249, #2041, .T. ) ;
#5564 = CARTESIAN_POINT ( 'NONE',  ( 9.744418604477024500, -1.601165095260511200, 1.355252715606880500E-017 ) ) ;
#5565 = CARTESIAN_POINT ( 'NONE',  ( 36.49999999999999300, 21.00000000000000000, 0.0000000000000000000 ) ) ;
#5566 = AXIS2_PLACEMENT_3D ( 'NONE', #375, #494, #430 ) ;
#5567 = CARTESIAN_POINT ( 'NONE',  ( 13.64169637919543400, 8.000000000000076400, -23.17665792529315300 ) ) ;
#5568 = CARTESIAN_POINT ( 'NONE',  ( 10.54964502991611400, 3.127092958867336800, 0.1000000000000000100 ) ) ;
#5569 = ORIENTED_EDGE ( 'NONE', *, *, #2637, .T. ) ;
#5570 = CARTESIAN_POINT ( 'NONE',  ( 10.63792509798351900, -1.487853406948823000, 0.0000000000000000000 ) ) ;
#5571 = ORIENTED_EDGE ( 'NONE', *, *, #8046, .T. ) ;
#5572 = LINE ( 'NONE', #10694, #5314 ) ;
#5573 = VECTOR ( 'NONE', #8715, 1000.000000000000000 ) ;
#5574 = B_SPLINE_SURFACE_WITH_KNOTS ( 'NONE', 3, 1, ( 
 ( #3166, #4769 ),
 ( #2852, #153 ),
 ( #11425, #1434 ),
 ( #10406, #7816 ),
 ( #8102, #5089 ),
 ( #10010, #5902 ),
 ( #5863, #8391 ),
 ( #6, #10803 ),
 ( #5515, #3525 ),
 ( #8344, #5143 ),
 ( #10159, #4362 ),
 ( #5396, #8529 ),
 ( #6650, #5715 ),
 ( #1607, #6790 ),
 ( #5074, #11543 ),
 ( #8425, #10499 ),
 ( #10458, #1155 ),
 ( #4176, #8877 ),
 ( #5765, #1688 ) ),
 .UNSPECIFIED., .F., .F., .F.,
 ( 4, 1, 1, 1, 1, 1, 1, 1, 1, 1, 1, 1, 1, 1, 1, 1, 4 ),
 ( 2, 2 ),
 ( 0.0000000000000000000, 0.06446489955713137500, 0.1266746782289932300, 0.1872007972331891600, 0.2458232929332393500, 0.3047158879510935600, 0.3638857315547252600, 0.4242587027143430700, 0.4865003620401647800, 0.5491866481069046500, 0.6117224330064554600, 0.6736979191176628600, 0.7361622874266181600, 0.7992795927792321100, 0.8643468857029449300, 0.9309608661739431400, 0.9999999999999998900 ),
 ( 0.0000000000000000000, 1.000000000000000000 ),
 .UNSPECIFIED. ) ;
#5575 = CARTESIAN_POINT ( 'NONE',  ( 10.22071730577572700, -6.370970290065707300, 0.1000000000000000100 ) ) ;
#5576 = ORIENTED_EDGE ( 'NONE', *, *, #9362, .F. ) ;
#5577 = VERTEX_POINT ( 'NONE', #7878 ) ;
#5578 = AXIS2_PLACEMENT_3D ( 'NONE', #6883, #5070, #4218 ) ;
#5579 = CARTESIAN_POINT ( 'NONE',  ( 10.49716487212736200, -7.049404556338819500, -1.355252715606880500E-017 ) ) ;
#5580 = CARTESIAN_POINT ( 'NONE',  ( 11.38597704603546700, -8.755061199156616100, 0.0000000000000000000 ) ) ;
#5581 = VERTEX_POINT ( 'NONE', #8072 ) ;
#5582 = CARTESIAN_POINT ( 'NONE',  ( 32.75144372945834400, 19.12860932364589700, 0.0000000000000000000 ) ) ;
#5583 = LINE ( 'NONE', #3258, #5428 ) ;
#5584 = CARTESIAN_POINT ( 'NONE',  ( 10.21430906056028800, -1.902941915604362800, 4.065758146820641600E-017 ) ) ;
#5585 = ORIENTED_EDGE ( 'NONE', *, *, #4283, .T. ) ;
#5586 = CARTESIAN_POINT ( 'NONE',  ( 10.33983720117562800, -8.996115261918642900, 0.1000000000000000100 ) ) ;
#5587 = ADVANCED_FACE ( 'NONE', ( #2247 ), #9847, .T. ) ;
#5588 = EDGE_LOOP ( 'NONE', ( #11560, #3940, #11311, #11307 ) ) ;
#5589 = CARTESIAN_POINT ( 'NONE',  ( 9.942494245590390600, -1.507088410234931600, 1.355252715606880500E-017 ) ) ;
#5590 = CARTESIAN_POINT ( 'NONE',  ( 31.82296703857309000, 18.50000000000000000, 0.0000000000000000000 ) ) ;
#5591 = EDGE_LOOP ( 'NONE', ( #1009, #1833, #4494, #10002 ) ) ;
#5592 = CARTESIAN_POINT ( 'NONE',  ( 26.64242326782791200, 7.800000000000076200, 3.099999999999999600 ) ) ;
#5593 = CARTESIAN_POINT ( 'NONE',  ( 9.931431591490012400, -1.612528731624147400, 0.1000000000000000100 ) ) ;
#5594 = CARTESIAN_POINT ( 'NONE',  ( 10.54964502991611400, 3.127092958867336800, 0.1000000000000000100 ) ) ;
#5595 = CARTESIAN_POINT ( 'NONE',  ( 10.20902899408741700, -7.389152108247527600, 0.0000000000000000000 ) ) ;
#5596 = ORIENTED_EDGE ( 'NONE', *, *, #2542, .F. ) ;
#5597 = CARTESIAN_POINT ( 'NONE',  ( 10.54853630255090700, -8.556751396848994800, 0.0000000000000000000 ) ) ;
#5598 = FACE_OUTER_BOUND ( 'NONE', #6475, .T. ) ;
#5599 = CARTESIAN_POINT ( 'NONE',  ( 42.88350718518842100, 10.15004534589628400, 30.61942011011341700 ) ) ;
#5600 = ORIENTED_EDGE ( 'NONE', *, *, #9140, .F. ) ;
#5601 = AXIS2_PLACEMENT_3D ( 'NONE', #3377, #9631, #4281 ) ;
#5602 = B_SPLINE_CURVE_WITH_KNOTS ( 'NONE', 3,
 ( #741, #3546, #4137, #1033, #5037, #6166, #2095, #4892, #7386, #2079, #11168, #8710, #5943, #7821, #760, #10883, #11652, #8675, #7178 ),
 .UNSPECIFIED., .F., .F.,
 ( 4, 1, 1, 1, 1, 1, 1, 1, 1, 1, 1, 1, 1, 1, 1, 1, 4 ),
 ( 0.0000000000000000000, 0.06660875458357849700, 0.1304064310570961200, 0.1922476849174134500, 0.2524070680165765900, 0.3105449766918788000, 0.3683535190870088100, 0.4253023824764966000, 0.4829179250317084400, 0.5405282068543887400, 0.5994763398283506900, 0.6602160781547639100, 0.7229490180068513000, 0.7877577170330840600, 0.8551591849154941400, 0.9260101826828214300, 1.000000000000000000 ),
 .UNSPECIFIED. ) ;
#5603 = CARTESIAN_POINT ( 'NONE',  ( 10.67948353954195900, -6.204736523831940100, 0.1000000000000000100 ) ) ;
#5604 = CARTESIAN_POINT ( 'NONE',  ( 11.36519782525624600, -7.846294965390384000, 0.1000000000000000100 ) ) ;
#5605 = EDGE_LOOP ( 'NONE', ( #10535, #1715, #9935, #5431, #6516, #11629, #4803, #11114, #8226, #3202, #4740, #3577 ) ) ;
#5606 = EDGE_CURVE ( 'NONE', #8516, #7496, #1849, .T. ) ;
#5607 = DIRECTION ( 'NONE',  ( -0.0000000000000000000, -0.0000000000000000000, -1.000000000000000000 ) ) ;
#5608 = ORIENTED_EDGE ( 'NONE', *, *, #10763, .T. ) ;
#5609 = DIRECTION ( 'NONE',  ( 0.0000000000000000000, 1.000000000000000000, 0.0000000000000000000 ) ) ;
#5610 = CARTESIAN_POINT ( 'NONE',  ( 11.49999999999999600, -14.49804735160446600, 8.099999999999999600 ) ) ;
#5611 = VECTOR ( 'NONE', #2983, 1000.000000000000000 ) ;
#5612 = CARTESIAN_POINT ( 'NONE',  ( 26.84242326782791100, 7.937784117174111900, 3.099999999999998800 ) ) ;
#5613 = ORIENTED_EDGE ( 'NONE', *, *, #3889, .T. ) ;
#5614 = FACE_OUTER_BOUND ( 'NONE', #937, .T. ) ;
#5615 = EDGE_CURVE ( 'NONE', #7541, #4615, #1589, .T. ) ;
#5616 = EDGE_CURVE ( 'NONE', #3364, #3453, #1801, .T. ) ;
#5617 = CARTESIAN_POINT ( 'NONE',  ( 11.36776484507881300, -1.783098794327751000, 0.1000000000000000100 ) ) ;
#5618 = CARTESIAN_POINT ( 'NONE',  ( 9.810269774573336900, -6.647850424608288100, 0.1000000000000000100 ) ) ;
#5619 = VERTEX_POINT ( 'NONE', #4620 ) ;
#5620 = DIRECTION ( 'NONE',  ( -0.0000000000000000000, -0.0000000000000000000, 1.000000000000000000 ) ) ;
#5621 = VERTEX_POINT ( 'NONE', #4241 ) ;
#5622 = EDGE_LOOP ( 'NONE', ( #3871, #1047, #3855, #11323 ) ) ;
#5623 = LINE ( 'NONE', #5321, #5754 ) ;
#5624 = CARTESIAN_POINT ( 'NONE',  ( 35.49999999999999300, 14.00000000000000000, 5.099999999999999600 ) ) ;
#5625 = ORIENTED_EDGE ( 'NONE', *, *, #7410, .T. ) ;
#5626 = CARTESIAN_POINT ( 'NONE',  ( 10.32446909530058900, -8.952136764486425600, 1.355252715606880500E-017 ) ) ;
#5627 = ORIENTED_EDGE ( 'NONE', *, *, #5181, .F. ) ;
#5628 = APPROVAL ( #2268, 'UNSPECIFIED' ) ;
#5629 = DIRECTION ( 'NONE',  ( 1.000000000000000000, -1.030199765426841800E-014, 0.0000000000000000000 ) ) ;
#5630 = EDGE_CURVE ( 'NONE', #11283, #3287, #1108, .T. ) ;
#5631 = EDGE_CURVE ( 'NONE', #4320, #11666, #2961, .T. ) ;
#5632 = CARTESIAN_POINT ( 'NONE',  ( 11.11245215426786000, -1.098654129602450100, 0.1000000000000000100 ) ) ;
#5633 = CARTESIAN_POINT ( 'NONE',  ( 9.765197825256244400, -5.099866393961810300, -0.0000000000000000000 ) ) ;
#5634 = CARTESIAN_POINT ( 'NONE',  ( 10.04849386964205800, -2.091631334705640600, 0.1000000000000000100 ) ) ;
#5635 = DIRECTION ( 'NONE',  ( -1.000000000000000000, 1.051347561198065900E-014, 0.0000000000000000000 ) ) ;
#5636 = ORIENTED_EDGE ( 'NONE', *, *, #5254, .T. ) ;
#5637 = ORIENTED_EDGE ( 'NONE', *, *, #5485, .F. ) ;
#5638 = VECTOR ( 'NONE', #8655, 1000.000000000000000 ) ;
#5639 = CARTESIAN_POINT ( 'NONE',  ( 19.33333333333341000, 8.000000000000076400, 3.099999999999998800 ) ) ;
#5640 = VECTOR ( 'NONE', #1719, 1000.000000000000000 ) ;
#5641 = EDGE_CURVE ( 'NONE', #7393, #8091, #1132, .T. ) ;
#5642 = CARTESIAN_POINT ( 'NONE',  ( 13.64169637919543400, -8.000000000000076400, 3.099999999999998800 ) ) ;
#5643 = EDGE_LOOP ( 'NONE', ( #1443, #3753, #48, #3197 ) ) ;
#5644 = DIRECTION ( 'NONE',  ( 1.000000000000000000, 0.0000000000000000000, -0.0000000000000000000 ) ) ;
#5645 = CARTESIAN_POINT ( 'NONE',  ( 11.21258307535878800, -8.343021732289221500, 0.1000000000000000100 ) ) ;
#5646 = EDGE_LOOP ( 'NONE', ( #8599, #4779, #11412, #1456, #4087, #3576, #1566 ) ) ;
#5647 = DIRECTION ( 'NONE',  ( 0.0000000000000000000, 1.000000000000000000, 0.0000000000000000000 ) ) ;
#5648 = ORIENTED_EDGE ( 'NONE', *, *, #467, .F. ) ;
#5649 = FACE_OUTER_BOUND ( 'NONE', #9818, .T. ) ;
#5650 = CARTESIAN_POINT ( 'NONE',  ( 9.931431591490012400, -6.884931329026747100, 0.1000000000000000100 ) ) ;
#5651 = CARTESIAN_POINT ( 'NONE',  ( 10.17686910332160500, -1.903210317436061700, 1.355252715606880500E-017 ) ) ;
#5652 = ADVANCED_FACE ( 'NONE', ( #1062 ), #383, .F. ) ;
#5653 = ORIENTED_EDGE ( 'NONE', *, *, #11366, .F. ) ;
#5654 = ORIENTED_EDGE ( 'NONE', *, *, #3214, .F. ) ;
#5655 = CARTESIAN_POINT ( 'NONE',  ( 10.32446909530058900, -8.952136764486425600, 0.1000000000000000100 ) ) ;
#5656 = B_SPLINE_SURFACE_WITH_KNOTS ( 'NONE', 3, 1, ( 
 ( #7834, #8303 ),
 ( #9443, #3809 ),
 ( #1206, #7996 ),
 ( #4287, #7876 ),
 ( #8751, #5589 ),
 ( #6610, #2810 ),
 ( #338, #9778 ),
 ( #2702, #3146 ),
 ( #108, #700 ),
 ( #2449, #2336 ),
 ( #9121, #5490 ),
 ( #7650, #11482 ),
 ( #10275, #3431 ),
 ( #5820, #816 ),
 ( #7034, #8950 ),
 ( #1057, #4793 ),
 ( #11577, #3770 ),
 ( #7917, #1672 ),
 ( #2560, #10545 ) ),
 .UNSPECIFIED., .F., .F., .F.,
 ( 4, 1, 1, 1, 1, 1, 1, 1, 1, 1, 1, 1, 1, 1, 1, 1, 4 ),
 ( 2, 2 ),
 ( 0.0000000000000000000, 0.06917095082091641300, 0.1344917553273677100, 0.1975638549533908800, 0.2576761560040915500, 0.3153870957768528700, 0.3723892805846225100, 0.4282419871186730600, 0.4845810366945830800, 0.5407144686152839400, 0.5985504999833311000, 0.6579370726063381600, 0.7200392185406880900, 0.7847821481595085300, 0.8526664776256979200, 0.9243993707944316900, 1.000000000000000000 ),
 ( 0.0000000000000000000, 1.000000000000000000 ),
 .UNSPECIFIED. ) ;
#5657 = DIRECTION ( 'NONE',  ( 1.000000000000000000, 0.0000000000000000000, 0.0000000000000000000 ) ) ;
#5658 = FACE_OUTER_BOUND ( 'NONE', #1044, .T. ) ;
#5659 = FACE_OUTER_BOUND ( 'NONE', #10585, .T. ) ;
#5660 = ORIENTED_EDGE ( 'NONE', *, *, #1290, .F. ) ;
#5661 = DIRECTION ( 'NONE',  ( 0.0000000000000000000, -1.000000000000000000, -0.0000000000000000000 ) ) ;
#5662 = ORIENTED_EDGE ( 'NONE', *, *, #3805, .F. ) ;
#5663 = VERTEX_POINT ( 'NONE', #3299 ) ;
#5664 = DIRECTION ( 'NONE',  ( -1.000000000000000000, -0.0000000000000000000, -0.0000000000000000000 ) ) ;
#5665 = B_SPLINE_CURVE_WITH_KNOTS ( 'NONE', 3,
 ( #3712, #3667, #3627, #2804, #2733, #1822, #1783, #966, #922, #888, #848 ),
 .UNSPECIFIED., .F., .F.,
 ( 4, 1, 1, 1, 1, 1, 1, 1, 4 ),
 ( 0.0000000000000000000, 0.1351424649279170700, 0.2671574692725297000, 0.3939384395250278300, 0.5188880306243320900, 0.6401548334969487900, 0.7608496199590990500, 0.8798460695243682800, 1.000000000000000000 ),
 .UNSPECIFIED. ) ;
#5666 = LINE ( 'NONE', #6770, #5365 ) ;
#5667 = AXIS2_PLACEMENT_3D ( 'NONE', #2698, #5391, #11611 ) ;
#5668 = VECTOR ( 'NONE', #2707, 1000.000000000000000 ) ;
#5669 = CARTESIAN_POINT ( 'NONE',  ( 10.63741548321024400, -9.040578165221145200, -0.0000000000000000000 ) ) ;
#5670 = DIRECTION ( 'NONE',  ( -0.0000000000000000000, -0.0000000000000000000, 1.000000000000000000 ) ) ;
#5671 = CARTESIAN_POINT ( 'NONE',  ( 11.15641493716222000, -1.127180927775143900, 1.355252715606880500E-017 ) ) ;
#5672 = DIRECTION ( 'NONE',  ( 0.0000000000000000000, 0.0000000000000000000, 1.000000000000000000 ) ) ;
#5673 = CARTESIAN_POINT ( 'NONE',  ( 11.47994299963299400, -7.826349348756187000, 0.0000000000000000000 ) ) ;
#5674 = EDGE_CURVE ( 'NONE', #6071, #6192, #909, .T. ) ;
#5675 = ORIENTED_EDGE ( 'NONE', *, *, #1086, .T. ) ;
#5676 = CARTESIAN_POINT ( 'NONE',  ( 9.782400562072197700, -7.051633475322111300, 0.1000000000000000100 ) ) ;
#5677 = VERTEX_POINT ( 'NONE', #3127 ) ;
#5678 = VECTOR ( 'NONE', #6453, 1000.000000000000000 ) ;
#5679 = DIRECTION ( 'NONE',  ( 0.0000000000000000000, -0.0000000000000000000, -1.000000000000000000 ) ) ;
#5680 = CIRCLE ( 'NONE', #11682, 1.499999999999996200 ) ;
#5681 = CARTESIAN_POINT ( 'NONE',  ( 11.36519782525624600, -5.332009251104667100, 0.1000000000000000100 ) ) ;
#5682 = VERTEX_POINT ( 'NONE', #2668 ) ;
#5683 = EDGE_CURVE ( 'NONE', #6197, #7361, #734, .T. ) ;
#5684 = CARTESIAN_POINT ( 'NONE',  ( 10.70544307544528600, -7.110313293074370700, 0.1000000000000000100 ) ) ;
#5685 = ORIENTED_EDGE ( 'NONE', *, *, #11386, .T. ) ;
#5686 = CARTESIAN_POINT ( 'NONE',  ( 10.48144148745729100, -9.189463623180078100, 0.1000000000000000100 ) ) ;
#5687 = VECTOR ( 'NONE', #10148, 1000.000000000000000 ) ;
#5688 = CARTESIAN_POINT ( 'NONE',  ( 10.91982676297612400, -6.862055615117483000, 0.1000000000000000100 ) ) ;
#5689 = VECTOR ( 'NONE', #6412, 1000.000000000000000 ) ;
#5690 = CARTESIAN_POINT ( 'NONE',  ( 9.936137007513391200, -1.540458626858909100, 0.1000000000000000100 ) ) ;
#5691 = PLANE ( 'NONE',  #5236 ) ;
#5692 = ORIENTED_EDGE ( 'NONE', *, *, #2786, .T. ) ;
#5693 = EDGE_LOOP ( 'NONE', ( #11542, #9980, #4101, #9608 ) ) ;
#5694 = DIRECTION ( 'NONE',  ( -0.0000000000000000000, -0.0000000000000000000, -1.000000000000000000 ) ) ;
#5695 = EDGE_CURVE ( 'NONE', #703, #10630, #1238, .T. ) ;
#5696 = EDGE_LOOP ( 'NONE', ( #1487, #1936, #34, #4334 ) ) ;
#5697 = EDGE_CURVE ( 'NONE', #11614, #9615, #721, .T. ) ;
#5698 = DIRECTION ( 'NONE',  ( 0.0000000000000000000, 0.0000000000000000000, 1.000000000000000000 ) ) ;
#5699 = LINE ( 'NONE', #2812, #4466 ) ;
#5700 = CARTESIAN_POINT ( 'NONE',  ( 10.00000000000000200, -17.63735574933683000, 5.000000000000000000 ) ) ;
#5701 = ADVANCED_FACE ( 'NONE', ( #1856 ), #9465, .F. ) ;
#5702 = ORIENTED_EDGE ( 'NONE', *, *, #6793, .F. ) ;
#5703 = ADVANCED_FACE ( 'NONE', ( #3427 ), #1406, .T. ) ;
#5704 = EDGE_CURVE ( 'NONE', #6589, #2487, #2081, .T. ) ;
#5705 = VERTEX_POINT ( 'NONE', #1101 ) ;
#5706 = DIRECTION ( 'NONE',  ( 0.0000000000000000000, -0.0000000000000000000, -1.000000000000000000 ) ) ;
#5707 = CARTESIAN_POINT ( 'NONE',  ( 10.78964502991612500, 3.817092958867332800, 0.0000000000000000000 ) ) ;
#5708 = VECTOR ( 'NONE', #5310, 1000.000000000000000 ) ;
#5709 = ORIENTED_EDGE ( 'NONE', *, *, #3228, .T. ) ;
#5710 = VECTOR ( 'NONE', #11048, 1000.000000000000000 ) ;
#5711 = CARTESIAN_POINT ( 'NONE',  ( 9.927991316637136500, -7.288612186484355600, 5.421010862427522200E-017 ) ) ;
#5712 = PLANE ( 'NONE',  #7102 ) ;
#5713 = ORIENTED_EDGE ( 'NONE', *, *, #685, .F. ) ;
#5714 = CARTESIAN_POINT ( 'NONE',  ( 36.49999999999999300, 8.499999999999996400, 8.099999999999999600 ) ) ;
#5715 = CARTESIAN_POINT ( 'NONE',  ( 11.02185854337784800, -9.057286444266676300, 1.355252715606880500E-017 ) ) ;
#5716 = ORIENTED_EDGE ( 'NONE', *, *, #10427, .T. ) ;
#5717 = PLANE ( 'NONE',  #7512 ) ;
#5718 = FACE_OUTER_BOUND ( 'NONE', #3328, .T. ) ;
#5719 = CARTESIAN_POINT ( 'NONE',  ( 10.20773029278871400, -7.181359900455318800, 0.0000000000000000000 ) ) ;
#5720 = PLANE ( 'NONE',  #10533 ) ;
#5721 = VERTEX_POINT ( 'NONE', #1391 ) ;
#5722 = ORIENTED_EDGE ( 'NONE', *, *, #3401, .T. ) ;
#5723 = CARTESIAN_POINT ( 'NONE',  ( 10.31344290174716200, -8.906696009978567500, 1.355252715606880500E-017 ) ) ;
#5724 = CARTESIAN_POINT ( 'NONE',  ( 8.200000000000008200, 8.957317253416649200, 8.099999999999999600 ) ) ;
#5725 = CARTESIAN_POINT ( 'NONE',  ( 7.048445366811455100, -12.83456326127513100, 5.000000000000000000 ) ) ;
#5726 = VERTEX_POINT ( 'NONE', #1142 ) ;
#5727 = DIRECTION ( 'NONE',  ( -0.0000000000000000000, -0.0000000000000000000, -1.000000000000000000 ) ) ;
#5728 = DIRECTION ( 'NONE',  ( 1.000000000000000000, 0.0000000000000000000, 0.0000000000000000000 ) ) ;
#5729 = VECTOR ( 'NONE', #3854, 1000.000000000000000 ) ;
#5730 = ORIENTED_EDGE ( 'NONE', *, *, #5840, .T. ) ;
#5731 = AXIS2_PLACEMENT_3D ( 'NONE', #742, #5609, #9744 ) ;
#5732 = CARTESIAN_POINT ( 'NONE',  ( 9.935779299346913600, -6.946097248173885900, 0.1000000000000000100 ) ) ;
#5733 = DIRECTION ( 'NONE',  ( -0.0000000000000000000, 1.000000000000000000, -0.0000000000000000000 ) ) ;
#5734 = CARTESIAN_POINT ( 'NONE',  ( 9.244645029916155100, 6.907092958867348600, 0.1000000000000000100 ) ) ;
#5735 = AXIS2_PLACEMENT_3D ( 'NONE', #7224, #8179, #8215 ) ;
#5736 = CARTESIAN_POINT ( 'NONE',  ( 9.744788424791559900, -1.582969216661749300, -0.0000000000000000000 ) ) ;
#5737 = CARTESIAN_POINT ( 'NONE',  ( 10.72321729520668800, -2.131537571854980100, 0.1000000000000000100 ) ) ;
#5738 = ORIENTED_EDGE ( 'NONE', *, *, #3749, .F. ) ;
#5739 = CARTESIAN_POINT ( 'NONE',  ( 13.52221523408026000, 7.800000000000077100, 8.099999999999999600 ) ) ;
#5740 = LINE ( 'NONE', #8674, #8175 ) ;
#5741 = CARTESIAN_POINT ( 'NONE',  ( 9.840239448116795600, -1.267891854139399500, 1.355252715606880500E-017 ) ) ;
#5742 = CARTESIAN_POINT ( 'NONE',  ( 11.15641493716222000, -1.127180927775143900, 0.1000000000000000100 ) ) ;
#5743 = DIRECTION ( 'NONE',  ( 1.000000000000000000, 0.0000000000000000000, 0.0000000000000000000 ) ) ;
#5744 = ORIENTED_EDGE ( 'NONE', *, *, #6300, .F. ) ;
#5745 = LINE ( 'NONE', #9371, #3469 ) ;
#5746 = CARTESIAN_POINT ( 'NONE',  ( 9.927991316637136500, -7.288612186484355600, 0.1000000000000000100 ) ) ;
#5747 = B_SPLINE_SURFACE_WITH_KNOTS ( 'NONE', 3, 1, ( 
 ( #11648, #11140 ),
 ( #9335, #3037 ),
 ( #2141, #9825 ),
 ( #6501, #3399 ),
 ( #1652, #6551 ),
 ( #2811, #5579 ),
 ( #6591, #11414 ),
 ( #9957, #7422 ),
 ( #65, #6214 ),
 ( #7516, #5757 ),
 ( #2285, #2890 ),
 ( #6240, #187 ),
 ( #2158, #10222 ),
 ( #10241, #10265 ),
 ( #10377, #10424 ) ),
 .UNSPECIFIED., .F., .F., .F.,
 ( 4, 1, 1, 1, 1, 1, 1, 1, 1, 1, 1, 1, 4 ),
 ( 2, 2 ),
 ( 0.0000000000000000000, 0.1439336920162156400, 0.2844931007466453000, 0.4212208197796242200, 0.5550616576505015300, 0.6194043248097695900, 0.6803199411136122700, 0.7387909889420604100, 0.7939329671564634400, 0.8474489269148678400, 0.8993488663162153600, 0.9499485740147198800, 1.000000000000000000 ),
 ( 0.0000000000000000000, 1.000000000000000000 ),
 .UNSPECIFIED. ) ;
#5748 = CARTESIAN_POINT ( 'NONE',  ( 10.19396542398809300, -7.388808130949898100, 0.1000000000000000100 ) ) ;
#5749 = ORIENTED_EDGE ( 'NONE', *, *, #28, .T. ) ;
#5750 = CARTESIAN_POINT ( 'NONE',  ( 10.53976809592247200, -1.911637479816519200, 0.1000000000000000100 ) ) ;
#5751 = LINE ( 'NONE', #6880, #9473 ) ;
#5752 = EDGE_CURVE ( 'NONE', #4902, #7767, #10125, .T. ) ;
#5753 = ORIENTED_EDGE ( 'NONE', *, *, #1388, .F. ) ;
#5754 = VECTOR ( 'NONE', #11539, 1000.000000000000000 ) ;
#5755 = DIRECTION ( 'NONE',  ( 0.0000000000000000000, 0.0000000000000000000, -1.000000000000000000 ) ) ;
#5756 = DIRECTION ( 'NONE',  ( 5.139921410301651800E-016, 1.000000000000000000, -0.0000000000000000000 ) ) ;
#5757 = CARTESIAN_POINT ( 'NONE',  ( 10.34726229377424300, -7.151214182765711400, -1.355252715606880500E-017 ) ) ;
#5758 = ADVANCED_FACE ( 'NONE', ( #9096 ), #489, .T. ) ;
#5759 = ORIENTED_EDGE ( 'NONE', *, *, #2413, .T. ) ;
#5760 = ADVANCED_FACE ( 'NONE', ( #4188 ), #9035, .T. ) ;
#5761 = CARTESIAN_POINT ( 'NONE',  ( 39.99999999999999300, 19.00000000000000000, 5.399999999999999500 ) ) ;
#5762 = CARTESIAN_POINT ( 'NONE',  ( 10.31344290174716200, -8.906696009978567500, 0.1000000000000000100 ) ) ;
#5763 = AXIS2_PLACEMENT_3D ( 'NONE', #4098, #10339, #4990 ) ;
#5764 = PLANE ( 'NONE',  #1046 ) ;
#5765 = CARTESIAN_POINT ( 'NONE',  ( 10.84247055252897400, -9.093048212143630200, 0.1000000000000000100 ) ) ;
#5766 = EDGE_CURVE ( 'NONE', #10717, #2013, #4243, .T. ) ;
#5767 = ORIENTED_EDGE ( 'NONE', *, *, #2542, .T. ) ;
#5768 = EDGE_CURVE ( 'NONE', #7910, #633, #7752, .T. ) ;
#5769 = ORIENTED_EDGE ( 'NONE', *, *, #8238, .T. ) ;
#5770 = LINE ( 'NONE', #6179, #5912 ) ;
#5771 = FACE_OUTER_BOUND ( 'NONE', #3432, .T. ) ;
#5772 = ORIENTED_EDGE ( 'NONE', *, *, #10926, .T. ) ;
#5773 = CARTESIAN_POINT ( 'NONE',  ( 47.50000000000000000, -3.849954654103710600, 0.0000000000000000000 ) ) ;
#5774 = DIRECTION ( 'NONE',  ( 0.9284766908852598600, -0.3713906763541026100, 0.0000000000000000000 ) ) ;
#5775 = CARTESIAN_POINT ( 'NONE',  ( 9.999999999999998200, -18.50000000000000000, 8.099999999999999600 ) ) ;
#5776 = CARTESIAN_POINT ( 'NONE',  ( 39.99999999999999300, 19.50000000000000000, 2.700000000000000200 ) ) ;
#5777 = LINE ( 'NONE', #8600, #7175 ) ;
#5778 = CARTESIAN_POINT ( 'NONE',  ( 10.30680500306837500, -8.859585405512149200, 1.355252715606880500E-017 ) ) ;
#5779 = ORIENTED_EDGE ( 'NONE', *, *, #2637, .F. ) ;
#5780 = LINE ( 'NONE', #5126, #10771 ) ;
#5781 = CARTESIAN_POINT ( 'NONE',  ( 32.49999999999998600, 8.250000000000000000, 7.099999999999999600 ) ) ;
#5782 = CARTESIAN_POINT ( 'NONE',  ( 10.92464502991614200, 5.947092958867330000, 0.1000000000000000100 ) ) ;
#5783 = EDGE_CURVE ( 'NONE', #7310, #6668, #7649, .T. ) ;
#5784 = ORIENTED_EDGE ( 'NONE', *, *, #7258, .T. ) ;
#5785 = CARTESIAN_POINT ( 'NONE',  ( 11.19644094005989400, -1.158426819567448800, 1.355252715606880500E-017 ) ) ;
#5786 = CARTESIAN_POINT ( 'NONE',  ( 11.35282514783833100, -1.836678104511376500, 0.1000000000000000100 ) ) ;
#5787 = EDGE_CURVE ( 'NONE', #2758, #10530, #9387, .T. ) ;
#5788 = CARTESIAN_POINT ( 'NONE',  ( 10.11711889244475400, -6.386919336376856800, 4.065758146820641600E-017 ) ) ;
#5789 = EDGE_CURVE ( 'NONE', #6705, #5374, #10484, .T. ) ;
#5790 = VECTOR ( 'NONE', #249, 1000.000000000000000 ) ;
#5791 = FACE_OUTER_BOUND ( 'NONE', #8746, .T. ) ;
#5792 = CARTESIAN_POINT ( 'NONE',  ( 10.64578102572302300, -2.078148592824445600, 0.0000000000000000000 ) ) ;
#5793 = DIRECTION ( 'NONE',  ( 0.0000000000000000000, -0.0000000000000000000, -1.000000000000000000 ) ) ;
#5794 = ORIENTED_EDGE ( 'NONE', *, *, #4418, .F. ) ;
#5795 = VERTEX_POINT ( 'NONE', #10439 ) ;
#5796 = ORIENTED_EDGE ( 'NONE', *, *, #8044, .F. ) ;
#5797 = CARTESIAN_POINT ( 'NONE',  ( 0.0000000000000000000, 0.0000000000000000000, 0.0000000000000000000 ) ) ;
#5798 = CARTESIAN_POINT ( 'NONE',  ( 10.63792509798351900, -1.487853406948823000, 0.0000000000000000000 ) ) ;
#5799 = DIRECTION ( 'NONE',  ( 0.0000000000000000000, 1.000000000000000000, 0.0000000000000000000 ) ) ;
#5800 = EDGE_CURVE ( 'NONE', #9757, #4069, #2787, .T. ) ;
#5801 = LINE ( 'NONE', #1314, #5859 ) ;
#5802 = VECTOR ( 'NONE', #5495, 1000.000000000000000 ) ;
#5803 = CARTESIAN_POINT ( 'NONE',  ( 19.38136546526024500, 7.937784117174111900, 3.099999999999999600 ) ) ;
#5804 = CARTESIAN_POINT ( 'NONE',  ( 10.30680500306837500, -8.859585405512149200, 0.1000000000000000100 ) ) ;
#5805 = AXIS2_PLACEMENT_3D ( 'NONE', #8518, #7744, #7655 ) ;
#5806 = CARTESIAN_POINT ( 'NONE',  ( 8.500000000000001800, -14.49804735160446600, 6.099999999999999600 ) ) ;
#5807 = ORIENTED_EDGE ( 'NONE', *, *, #535, .T. ) ;
#5808 = ORIENTED_EDGE ( 'NONE', *, *, #3149, .T. ) ;
#5809 = FACE_OUTER_BOUND ( 'NONE', #3700, .T. ) ;
#5810 = CARTESIAN_POINT ( 'NONE',  ( 11.19896405902248100, -1.633957303052719000, 0.1000000000000000100 ) ) ;
#5811 = VECTOR ( 'NONE', #11002, 1000.000000000000000 ) ;
#5812 = CARTESIAN_POINT ( 'NONE',  ( 0.7879379035845669500, -2.500000000000002200, 5.000000000000000000 ) ) ;
#5813 = ORIENTED_EDGE ( 'NONE', *, *, #9679, .F. ) ;
#5814 = CARTESIAN_POINT ( 'NONE',  ( 10.30591053977684300, -8.827701406274483600, 1.355252715606880500E-017 ) ) ;
#5815 = ADVANCED_FACE ( 'NONE', ( #9177 ), #10393, .F. ) ;
#5816 = ORIENTED_EDGE ( 'NONE', *, *, #1139, .F. ) ;
#5817 = ADVANCED_FACE ( 'NONE', ( #6997 ), #11530, .T. ) ;
#5818 = DIRECTION ( 'NONE',  ( 0.0000000000000000000, 0.0000000000000000000, 1.000000000000000000 ) ) ;
#5819 = AXIS2_PLACEMENT_3D ( 'NONE', #3150, #9402, #4054 ) ;
#5820 = CARTESIAN_POINT ( 'NONE',  ( 10.11863880451864600, -1.298186167926135900, 0.1000000000000000100 ) ) ;
#5821 = DIRECTION ( 'NONE',  ( 0.0000000000000000000, -0.0000000000000000000, 1.000000000000000000 ) ) ;
#5822 = CARTESIAN_POINT ( 'NONE',  ( 9.765197825256244400, -3.711230030325446600, 0.1000000000000000100 ) ) ;
#5823 = LINE ( 'NONE', #5714, #5523 ) ;
#5824 = CARTESIAN_POINT ( 'NONE',  ( 11.19644094005989400, -1.158426819567448800, 0.1000000000000000100 ) ) ;
#5825 = CARTESIAN_POINT ( 'NONE',  ( 10.91227574733416700, -2.173567692663108500, 0.1000000000000000100 ) ) ;
#5826 = VECTOR ( 'NONE', #9190, 1000.000000000000000 ) ;
#5827 = CARTESIAN_POINT ( 'NONE',  ( 9.964645029916154000, 6.667092958867341300, 0.1000000000000000100 ) ) ;
#5828 = EDGE_CURVE ( 'NONE', #2587, #651, #5940, .T. ) ;
#5829 = CARTESIAN_POINT ( 'NONE',  ( 9.854228244322920100, -6.567206293813765000, 0.1000000000000000100 ) ) ;
#5830 = CARTESIAN_POINT ( 'NONE',  ( 11.36519782525624600, -7.846294965390384000, 0.1000000000000000100 ) ) ;
#5831 = ORIENTED_EDGE ( 'NONE', *, *, #10645, .T. ) ;
#5832 = CARTESIAN_POINT ( 'NONE',  ( 10.84457148153794700, -2.169100355249234700, 0.1000000000000000100 ) ) ;
#5833 = EDGE_LOOP ( 'NONE', ( #2110, #10907, #1083, #10405 ) ) ;
#5834 = DIRECTION ( 'NONE',  ( -0.9826100761575613500, -0.1856810120438580600, 0.0000000000000000000 ) ) ;
#5835 = FACE_OUTER_BOUND ( 'NONE', #4658, .T. ) ;
#5836 = CYLINDRICAL_SURFACE ( 'NONE', #3872, 0.5000000000000004400 ) ;
#5837 = CARTESIAN_POINT ( 'NONE',  ( 10.00000000000000000, -14.49804735160446600, 6.099999999999999600 ) ) ;
#5838 = APPLICATION_PROTOCOL_DEFINITION ( 'international standard', 'config_control_design', 1994, #11166 ) ;
#5839 = EDGE_CURVE ( 'NONE', #10530, #3915, #7320, .T. ) ;
#5840 = EDGE_CURVE ( 'NONE', #3006, #6618, #2802, .T. ) ;
#5841 = CARTESIAN_POINT ( 'NONE',  ( 6.849614011047664900, -7.999999999999996400, 5.000000000000000000 ) ) ;
#5842 = VERTEX_POINT ( 'NONE', #9725 ) ;
#5843 = CARTESIAN_POINT ( 'NONE',  ( 11.67129483595693200, -7.770282146187519800, -0.0000000000000000000 ) ) ;
#5844 = ORIENTED_EDGE ( 'NONE', *, *, #1903, .T. ) ;
#5845 = CARTESIAN_POINT ( 'NONE',  ( 11.01932458700483700, -1.943229564459796800, -0.0000000000000000000 ) ) ;
#5846 = CARTESIAN_POINT ( 'NONE',  ( 36.89354909927018200, -15.78326063698208900, -2.591308581727732400 ) ) ;
#5847 = VECTOR ( 'NONE', #7771, 1000.000000000000100 ) ;
#5848 = CARTESIAN_POINT ( 'NONE',  ( 10.08882381395976700, -1.313585744668043200, 0.1000000000000000100 ) ) ;
#5849 = VECTOR ( 'NONE', #10587, 1000.000000000000000 ) ;
#5850 = DIRECTION ( 'NONE',  ( 1.051347561198065900E-014, 1.000000000000000000, -0.0000000000000000000 ) ) ;
#5851 = ORIENTED_EDGE ( 'NONE', *, *, #2173, .F. ) ;
#5852 = CARTESIAN_POINT ( 'NONE',  ( 11.09280989576377900, -8.273873149643773000, 0.0000000000000000000 ) ) ;
#5853 = ORIENTED_EDGE ( 'NONE', *, *, #3613, .T. ) ;
#5854 = EDGE_CURVE ( 'NONE', #9685, #9871, #10943, .T. ) ;
#5855 = EDGE_CURVE ( 'NONE', #7865, #11598, #9023, .T. ) ;
#5856 = CARTESIAN_POINT ( 'NONE',  ( 11.38551843195228800, -8.775004713791515700, 0.1000000000000000100 ) ) ;
#5857 = CYLINDRICAL_SURFACE ( 'NONE', #4211, 1.000000000000000900 ) ;
#5858 = DIRECTION ( 'NONE',  ( -5.139921410301651800E-016, -1.000000000000000000, 0.0000000000000000000 ) ) ;
#5859 = VECTOR ( 'NONE', #5381, 1000.000000000000000 ) ;
#5860 = VECTOR ( 'NONE', #1646, 1000.000000000000000 ) ;
#5861 = ORIENTED_EDGE ( 'NONE', *, *, #10701, .F. ) ;
#5862 = CARTESIAN_POINT ( 'NONE',  ( 11.38455124687135200, -1.666230829419362000, 0.1000000000000000100 ) ) ;
#5863 = CARTESIAN_POINT ( 'NONE',  ( 11.17784217207076100, -8.923029626069208600, 0.1000000000000000100 ) ) ;
#5864 = CARTESIAN_POINT ( 'NONE',  ( 44.50000000000000000, -18.79999999999999400, 8.099999999999999600 ) ) ;
#5865 = ORIENTED_EDGE ( 'NONE', *, *, #6215, .F. ) ;
#5866 = CARTESIAN_POINT ( 'NONE',  ( 11.23265458722353400, -1.191948934254002800, 1.355252715606880500E-017 ) ) ;
#5867 = CARTESIAN_POINT ( 'NONE',  ( 10.63792509798351900, -8.469996264091681900, 0.1000000000000000100 ) ) ;
#5868 = ORIENTED_EDGE ( 'NONE', *, *, #5783, .T. ) ;
#5869 = CARTESIAN_POINT ( 'NONE',  ( 10.30591053977684300, -8.827701406274483600, 0.1000000000000000100 ) ) ;
#5870 = CARTESIAN_POINT ( 'NONE',  ( 9.766320448828675900, -6.837288006533988500, 4.065758146820641600E-017 ) ) ;
#5871 = VECTOR ( 'NONE', #9799, 1000.000000000000000 ) ;
#5872 = DIRECTION ( 'NONE',  ( 0.0000000000000000000, 0.0000000000000000000, -1.000000000000000000 ) ) ;
#5873 = ORIENTED_EDGE ( 'NONE', *, *, #6151, .F. ) ;
#5874 = EDGE_LOOP ( 'NONE', ( #5749, #3584, #11054, #9541 ) ) ;
#5875 = AXIS2_PLACEMENT_3D ( 'NONE', #1621, #542, #6517 ) ;
#5876 = DIRECTION ( 'NONE',  ( 0.2294327956745223500, -0.9733245051209658000, 0.0000000000000000000 ) ) ;
#5877 = APPROVAL_ROLE ( '' ) ;
#5878 = AXIS2_PLACEMENT_3D ( 'NONE', #4492, #8201, #3380 ) ;
#5879 = ORIENTED_EDGE ( 'NONE', *, *, #333, .F. ) ;
#5880 = PLANE ( 'NONE',  #3553 ) ;
#5881 = CARTESIAN_POINT ( 'NONE',  ( 41.49999999999999300, 18.00000000000000400, 1.000000000000000000 ) ) ;
#5882 = PLANE ( 'NONE',  #1711 ) ;
#5883 = ADVANCED_FACE ( 'NONE', ( #6010 ), #5202, .F. ) ;
#5884 = FACE_OUTER_BOUND ( 'NONE', #2847, .T. ) ;
#5885 = B_SPLINE_CURVE_WITH_KNOTS ( 'NONE', 3,
 ( #8445, #11393, #3063, #9092, #9877, #5229, #2848, #5162, #4147, #8328, #6962, #7791, #2363, #2503, #2684, #7863, #10988, #8860, #7719 ),
 .UNSPECIFIED., .F., .F.,
 ( 4, 1, 1, 1, 1, 1, 1, 1, 1, 1, 1, 1, 1, 1, 1, 1, 4 ),
 ( 0.0000000000000000000, 0.07838734050523615800, 0.1536549588236297600, 0.2249357462230477400, 0.2934098647695647100, 0.3591934033542981100, 0.4223523138239232400, 0.4850146016283134500, 0.5463378600403329100, 0.6061245922212833400, 0.6635572747869394900, 0.7196155206519558900, 0.7743231638842452700, 0.8291307602630213500, 0.8843363595439787100, 0.9411823477125594900, 1.000000000000000000 ),
 .UNSPECIFIED. ) ;
#5886 = LINE ( 'NONE', #8812, #5640 ) ;
#5887 = ADVANCED_FACE ( 'NONE', ( #7967 ), #3551, .F. ) ;
#5888 = CARTESIAN_POINT ( 'NONE',  ( 28.54301664136392000, -7.937784117174111900, 3.099999999999999600 ) ) ;
#5889 = CARTESIAN_POINT ( 'NONE',  ( 10.30545756551598500, -8.811554705650124200, 0.1000000000000000100 ) ) ;
#5890 = VERTEX_POINT ( 'NONE', #3512 ) ;
#5891 = CARTESIAN_POINT ( 'NONE',  ( 11.38455124687135200, -1.666230829419362000, 0.0000000000000000000 ) ) ;
#5892 = VERTEX_POINT ( 'NONE', #2687 ) ;
#5893 = ORIENTED_EDGE ( 'NONE', *, *, #5641, .T. ) ;
#5894 = AXIS2_PLACEMENT_3D ( 'NONE', #7435, #2975, #9233 ) ;
#5895 = CARTESIAN_POINT ( 'NONE',  ( 9.744418604477024500, -1.601165095260511200, 1.355252715606880500E-017 ) ) ;
#5896 = CARTESIAN_POINT ( 'NONE',  ( 13.64169637919543400, 8.000000000000076400, 3.099999999999998800 ) ) ;
#5897 = ORIENTED_EDGE ( 'NONE', *, *, #4941, .F. ) ;
#5898 = VECTOR ( 'NONE', #7921, 1000.000000000000100 ) ;
#5899 = DIRECTION ( 'NONE',  ( -0.1861392713439669100, 0.9825233695253956500, 0.0000000000000000000 ) ) ;
#5900 = ORIENTED_EDGE ( 'NONE', *, *, #3987, .T. ) ;
#5901 = CARTESIAN_POINT ( 'NONE',  ( 10.18657001488797900, -1.274742167777148000, 0.1000000000000000100 ) ) ;
#5902 = CARTESIAN_POINT ( 'NONE',  ( 11.19290088415114500, -8.893299077218246800, 1.355252715606880500E-017 ) ) ;
#5903 = CARTESIAN_POINT ( 'NONE',  ( 8.000000000000000000, 6.999999999999999100, 3.250000000000000400 ) ) ;
#5904 = CARTESIAN_POINT ( 'NONE',  ( 11.85464502991616300, 7.627092958867320900, 0.0000000000000000000 ) ) ;
#5905 = CARTESIAN_POINT ( 'NONE',  ( 0.0000000000000000000, 0.0000000000000000000, 0.1000000000000000100 ) ) ;
#5906 = CARTESIAN_POINT ( 'NONE',  ( 9.772569256858172800, -7.000513302254057100, 0.1000000000000000100 ) ) ;
#5907 = ADVANCED_FACE ( 'NONE', ( #5972 ), #8747, .T. ) ;
#5908 = ORIENTED_EDGE ( 'NONE', *, *, #7582, .T. ) ;
#5909 = B_SPLINE_SURFACE_WITH_KNOTS ( 'NONE', 3, 1, ( 
 ( #1581, #4271 ),
 ( #150, #6108 ),
 ( #398, #4174 ),
 ( #1203, #5047 ),
 ( #4675, #55 ),
 ( #5027, #7901 ),
 ( #9863, #8525 ),
 ( #7664, #11018 ),
 ( #4408, #8722 ),
 ( #1282, #9919 ),
 ( #9205, #10938 ) ),
 .UNSPECIFIED., .F., .F., .F.,
 ( 4, 1, 1, 1, 1, 1, 1, 1, 4 ),
 ( 2, 2 ),
 ( 0.0000000000000000000, 0.1268942154261363500, 0.2463692226938157800, 0.3624881870471580700, 0.4778756860781797600, 0.5961619098410034800, 0.7207238674396027100, 0.8546640315813471800, 1.000000000000000000 ),
 ( 0.0000000000000000000, 1.000000000000000000 ),
 .UNSPECIFIED. ) ;
#5910 = ORIENTED_EDGE ( 'NONE', *, *, #10762, .T. ) ;
#5911 = CARTESIAN_POINT ( 'NONE',  ( 32.49999999999998600, 2.000000000000000000, 5.099999999999999600 ) ) ;
#5912 = VECTOR ( 'NONE', #730, 1000.000000000000000 ) ;
#5913 = CARTESIAN_POINT ( 'NONE',  ( 11.38597704603546700, -8.755061199156616100, 0.0000000000000000000 ) ) ;
#5914 = VECTOR ( 'NONE', #10840, 1000.000000000000000 ) ;
#5915 = CARTESIAN_POINT ( 'NONE',  ( 10.54853630255090700, -8.556751396848994800, 0.1000000000000000100 ) ) ;
#5916 = EDGE_CURVE ( 'NONE', #819, #7910, #2902, .T. ) ;
#5917 = DIRECTION ( 'NONE',  ( 0.0000000000000000000, 0.0000000000000000000, 1.000000000000000000 ) ) ;
#5918 = ORIENTED_EDGE ( 'NONE', *, *, #6235, .F. ) ;
#5919 = CARTESIAN_POINT ( 'NONE',  ( 10.26730963415602600, -1.891475859763639600, 0.0000000000000000000 ) ) ;
#5920 = CARTESIAN_POINT ( 'NONE',  ( 10.63977466654859500, -1.659726606060106400, 0.1000000000000000100 ) ) ;
#5921 = ORIENTED_EDGE ( 'NONE', *, *, #1285, .T. ) ;
#5922 = CARTESIAN_POINT ( 'NONE',  ( 9.244645029916162200, 7.627092958867348400, 0.0000000000000000000 ) ) ;
#5923 = DIRECTION ( 'NONE',  ( 1.000000000000000000, -1.084202172485507000E-014, 0.0000000000000000000 ) ) ;
#5924 = CARTESIAN_POINT ( 'NONE',  ( 42.49999999999999300, -17.00000000000000000, 8.099999999999999600 ) ) ;
#5925 = ORIENTED_EDGE ( 'NONE', *, *, #6270, .T. ) ;
#5926 = VECTOR ( 'NONE', #1705, 1000.000000000000000 ) ;
#5927 = CARTESIAN_POINT ( 'NONE',  ( 10.48119878762321000, -7.304016401166055800, 0.1000000000000000100 ) ) ;
#5928 = VERTEX_POINT ( 'NONE', #1622 ) ;
#5929 = CARTESIAN_POINT ( 'NONE',  ( 10.52802503634494400, -8.591771818040378200, 0.1000000000000000100 ) ) ;
#5930 = ORIENTED_EDGE ( 'NONE', *, *, #6381, .F. ) ;
#5931 = CARTESIAN_POINT ( 'NONE',  ( 11.38551843195228800, -8.775004713791515700, -0.0000000000000000000 ) ) ;
#5932 = AXIS2_PLACEMENT_3D ( 'NONE', #5278, #11491, #6169 ) ;
#5933 = CARTESIAN_POINT ( 'NONE',  ( 9.912530810469112600, -6.497034319115152300, 0.0000000000000000000 ) ) ;
#5934 = EDGE_CURVE ( 'NONE', #6361, #7253, #879, .T. ) ;
#5936 = EDGE_CURVE ( 'NONE', #1629, #9723, #6106, .T. ) ;
#5935 = B_SPLINE_SURFACE_WITH_KNOTS ( 'NONE', 3, 1, ( 
 ( #10384, #9540 ),
 ( #2650, #3217 ),
 ( #10477, #8275 ),
 ( #2462, #1772 ),
 ( #4616, #106 ),
 ( #6228, #6797 ),
 ( #1137, #9981 ),
 ( #9244, #408 ),
 ( #3539, #10911 ),
 ( #4221, #6661 ),
 ( #3752, #2333 ),
 ( #7408, #6912 ),
 ( #3550, #11277 ),
 ( #10366, #8626 ),
 ( #9941, #8772 ),
 ( #11319, #4995 ),
 ( #439, #3375 ),
 ( #6055, #10497 ),
 ( #26, #4295 ) ),
 .UNSPECIFIED., .F., .F., .F.,
 ( 4, 1, 1, 1, 1, 1, 1, 1, 1, 1, 1, 1, 1, 1, 1, 1, 4 ),
 ( 2, 2 ),
 ( 0.0000000000000000000, 0.04247725174223415700, 0.08564984268122363700, 0.1295241560119653700, 0.1747392652625907000, 0.2207872859387523000, 0.2686918309023235100, 0.3185063589088504300, 0.3703815457379741000, 0.4263202099207615800, 0.4886066751417476000, 0.5571296491666475300, 0.6322768469443734700, 0.7141486048484816400, 0.8028492197059247100, 0.8978374942361775400, 0.9999999999999998900 ),
 ( 0.0000000000000000000, 1.000000000000000000 ),
 .UNSPECIFIED. ) ;
#5937 = CARTESIAN_POINT ( 'NONE',  ( 36.49999999999999300, -12.99999999999999800, 8.099999999999999600 ) ) ;
#5938 = LINE ( 'NONE', #6547, #5871 ) ;
#5939 = ORIENTED_EDGE ( 'NONE', *, *, #11226, .F. ) ;
#5940 = CIRCLE ( 'NONE', #3022, 1.000000000000000900 ) ;
#5941 = DIRECTION ( 'NONE',  ( 0.0000000000000000000, -1.000000000000000000, 0.0000000000000000000 ) ) ;
#5942 = VERTEX_POINT ( 'NONE', #684 ) ;
#5943 = CARTESIAN_POINT ( 'NONE',  ( 11.15641493716222000, -1.127180927775143900, 0.1000000000000000100 ) ) ;
#5944 = EDGE_CURVE ( 'NONE', #6164, #9791, #3574, .T. ) ;
#5945 = CARTESIAN_POINT ( 'NONE',  ( 10.97419243850198500, -6.794464220348476000, 0.1000000000000000100 ) ) ;
#5946 = CARTESIAN_POINT ( 'NONE',  ( 10.00000000000000000, 18.50000000000000000, 0.0000000000000000000 ) ) ;
#5947 = ORIENTED_EDGE ( 'NONE', *, *, #3076, .F. ) ;
#5948 = DIRECTION ( 'NONE',  ( 0.6110987058256149900, 0.7915544022606775300, 0.0000000000000000000 ) ) ;
#5949 = EDGE_CURVE ( 'NONE', #8537, #151, #440, .T. ) ;
#5951 = CARTESIAN_POINT ( 'NONE',  ( 9.244645029916114300, 2.257092958867350500, 0.1000000000000000100 ) ) ;
#5950 = CARTESIAN_POINT ( 'NONE',  ( 11.36519782525624600, -4.085256004351419900, 0.1000000000000000100 ) ) ;
#5952 = DIRECTION ( 'NONE',  ( 0.0000000000000000000, 0.0000000000000000000, 1.000000000000000000 ) ) ;
#5953 = ADVANCED_FACE ( 'NONE', ( #10660 ), #7184, .F. ) ;
#5954 = CIRCLE ( 'NONE', #1630, 0.5000000000000004400 ) ;
#5955 = ADVANCED_FACE ( 'NONE', ( #7689 ), #9958, .T. ) ;
#5956 = DIRECTION ( 'NONE',  ( -0.0000000000000000000, -0.0000000000000000000, -1.000000000000000000 ) ) ;
#5957 = VECTOR ( 'NONE', #695, 1000.000000000000000 ) ;
#5958 = CARTESIAN_POINT ( 'NONE',  ( 9.946978953977222200, -6.467384083327317500, -0.0000000000000000000 ) ) ;
#5959 = CARTESIAN_POINT ( 'NONE',  ( 11.16156600535270700, -6.382391312406915600, -0.0000000000000000000 ) ) ;
#5960 = CARTESIAN_POINT ( 'NONE',  ( 11.23265458722353400, -1.191948934254002800, 0.1000000000000000100 ) ) ;
#5961 = DIRECTION ( 'NONE',  ( 0.0000000000000000000, -1.000000000000000000, 0.0000000000000000000 ) ) ;
#5962 = VERTEX_POINT ( 'NONE', #10742 ) ;
#5963 = CARTESIAN_POINT ( 'NONE',  ( 9.942034350740190300, -6.974745502627548900, 0.0000000000000000000 ) ) ;
#5964 = ORIENTED_EDGE ( 'NONE', *, *, #11520, .T. ) ;
#5965 = ORIENTED_EDGE ( 'NONE', *, *, #7041, .T. ) ;
#5966 = CARTESIAN_POINT ( 'NONE',  ( 11.38462243564715900, -8.813968444038074800, 0.0000000000000000000 ) ) ;
#5967 = EDGE_CURVE ( 'NONE', #7696, #463, #10305, .T. ) ;
#5968 = DIRECTION ( 'NONE',  ( -0.6853646990049907500, 0.7281999926928031100, -0.0000000000000000000 ) ) ;
#5969 = CARTESIAN_POINT ( 'NONE',  ( 32.49999999999998600, 14.49999999999999500, 0.0000000000000000000 ) ) ;
#5970 = AXIS2_PLACEMENT_3D ( 'NONE', #4166, #1407, #5923 ) ;
#5971 = LINE ( 'NONE', #4199, #2901 ) ;
#5972 = FACE_OUTER_BOUND ( 'NONE', #2980, .T. ) ;
#5973 = CARTESIAN_POINT ( 'NONE',  ( 43.71421443129808900, 6.363108264701245400, 0.0000000000000000000 ) ) ;
#5974 = ORIENTED_EDGE ( 'NONE', *, *, #5840, .F. ) ;
#5975 = CARTESIAN_POINT ( 'NONE',  ( 35.49999999999999300, 0.9999999999999963400, 0.0000000000000000000 ) ) ;
#5976 = CARTESIAN_POINT ( 'NONE',  ( 9.244645029916135600, 4.777092958867348700, 0.0000000000000000000 ) ) ;
#5977 = EDGE_CURVE ( 'NONE', #6342, #3629, #2203, .T. ) ;
#5978 = ORIENTED_EDGE ( 'NONE', *, *, #753, .T. ) ;
#5979 = CARTESIAN_POINT ( 'NONE',  ( 13.52221523408026000, -7.800000000000077100, 33.81103081370217500 ) ) ;
#5980 = FACE_OUTER_BOUND ( 'NONE', #7373, .T. ) ;
#5981 = CARTESIAN_POINT ( 'NONE',  ( 11.37642954233092500, -8.870889220065016900, -0.0000000000000000000 ) ) ;
#5982 = AXIS2_PLACEMENT_3D ( 'NONE', #9409, #726, #6744 ) ;
#5983 = VECTOR ( 'NONE', #9420, 1000.000000000000000 ) ;
#5984 = DIRECTION ( 'NONE',  ( 1.000000000000000000, 0.0000000000000000000, 0.0000000000000000000 ) ) ;
#5985 = AXIS2_PLACEMENT_3D ( 'NONE', #253, #11272, #6540 ) ;
#5986 = VERTEX_POINT ( 'NONE', #8110 ) ;
#5987 = EDGE_LOOP ( 'NONE', ( #8347, #11420 ) ) ;
#5988 = DIRECTION ( 'NONE',  ( -0.0000000000000000000, -0.0000000000000000000, -1.000000000000000000 ) ) ;
#5989 = ORIENTED_EDGE ( 'NONE', *, *, #11455, .F. ) ;
#5990 = VECTOR ( 'NONE', #9899, 1000.000000000000000 ) ;
#5991 = CARTESIAN_POINT ( 'NONE',  ( 10.94066128367887100, -8.451131404666846000, -0.0000000000000000000 ) ) ;
#5992 = ORIENTED_EDGE ( 'NONE', *, *, #4780, .F. ) ;
#5993 = PLANE ( 'NONE',  #1165 ) ;
#5994 = CARTESIAN_POINT ( 'NONE',  ( 10.31247573088668900, -7.164528997524079100, 0.1000000000000000100 ) ) ;
#5995 = CARTESIAN_POINT ( 'NONE',  ( 37.00000000000000700, -18.99999999999999600, -2.236067977499790700 ) ) ;
#5996 = ORIENTED_EDGE ( 'NONE', *, *, #1592, .T. ) ;
#5997 = CARTESIAN_POINT ( 'NONE',  ( 11.26517906616691000, -1.227928021028467100, 1.355252715606880500E-017 ) ) ;
#5998 = PLANE ( 'NONE',  #1235 ) ;
#5999 = CARTESIAN_POINT ( 'NONE',  ( 11.53426521556924200, -7.919566497010005300, 0.1000000000000000100 ) ) ;
#6000 = EDGE_CURVE ( 'NONE', #688, #7091, #3865, .T. ) ;
#6001 = LINE ( 'NONE', #5526, #6183 ) ;
#6002 = CIRCLE ( 'NONE', #63, 1.000000000000000900 ) ;
#6003 = CARTESIAN_POINT ( 'NONE',  ( 11.19823421212330000, -1.669549086370103700, 0.0000000000000000000 ) ) ;
#6004 = CARTESIAN_POINT ( 'NONE',  ( 35.49999999999999300, 14.49999999999999500, 1.500000000000000000 ) ) ;
#6005 = ORIENTED_EDGE ( 'NONE', *, *, #6231, .T. ) ;
#6006 = DIRECTION ( 'NONE',  ( -1.734723475976807300E-015, -1.000000000000000000, 0.0000000000000000000 ) ) ;
#6007 = VERTEX_POINT ( 'NONE', #7237 ) ;
#6008 = AXIS2_PLACEMENT_3D ( 'NONE', #2620, #8872, #3521 ) ;
#6009 = CARTESIAN_POINT ( 'NONE',  ( 47.50000000000000000, -7.849954654103714600, 30.61942011011341700 ) ) ;
#6010 = FACE_OUTER_BOUND ( 'NONE', #8575, .T. ) ;
#6011 = EDGE_CURVE ( 'NONE', #6095, #11084, #9379, .T. ) ;
#6012 = LINE ( 'NONE', #30, #3221 ) ;
#6013 = EDGE_CURVE ( 'NONE', #6594, #6686, #11350, .T. ) ;
#6014 = CARTESIAN_POINT ( 'NONE',  ( 32.49999999999998600, -9.250000000000001800, 7.099999999999999600 ) ) ;
#6015 = DIRECTION ( 'NONE',  ( -0.0000000000000000000, 0.0000000000000000000, 1.000000000000000000 ) ) ;
#6016 = FACE_OUTER_BOUND ( 'NONE', #5643, .T. ) ;
#6017 = PLANE ( 'NONE',  #11335 ) ;
#6018 = ADVANCED_FACE ( 'NONE', ( #11007 ), #7064, .F. ) ;
#6019 = ADVANCED_FACE ( 'NONE', ( #8373 ), #2309, .T. ) ;
#6020 = DIRECTION ( 'NONE',  ( 0.0000000000000000000, 0.0000000000000000000, -1.000000000000000000 ) ) ;
#6021 = ORIENTED_EDGE ( 'NONE', *, *, #7810, .F. ) ;
#6022 = CARTESIAN_POINT ( 'NONE',  ( 13.01877120494743200, 9.157317253416650300, 8.099999999999999600 ) ) ;
#6023 = CARTESIAN_POINT ( 'NONE',  ( 10.37771636547187800, -2.053118066525754200, 0.0000000000000000000 ) ) ;
#6024 = LINE ( 'NONE', #8338, #6882 ) ;
#6025 = CIRCLE ( 'NONE', #6553, 1.000000000000000900 ) ;
#6026 = FACE_OUTER_BOUND ( 'NONE', #320, .T. ) ;
#6027 = ORIENTED_EDGE ( 'NONE', *, *, #7074, .F. ) ;
#6028 = DIRECTION ( 'NONE',  ( -1.000000000000000000, 0.0000000000000000000, 0.0000000000000000000 ) ) ;
#6029 = DIRECTION ( 'NONE',  ( -0.4739549207089751600, 0.8805491088722701100, 0.0000000000000000000 ) ) ;
#6030 = EDGE_CURVE ( 'NONE', #7365, #3483, #3532, .T. ) ;
#6031 = ORIENTED_EDGE ( 'NONE', *, *, #3848, .F. ) ;
#6032 = EDGE_CURVE ( 'NONE', #3237, #7865, #226, .T. ) ;
#6033 = DIRECTION ( 'NONE',  ( -1.000000000000000000, 0.0000000000000000000, 0.0000000000000000000 ) ) ;
#6034 = ORIENTED_EDGE ( 'NONE', *, *, #5704, .T. ) ;
#6035 = CARTESIAN_POINT ( 'NONE',  ( 36.49999999999999300, 7.496180162456648900, -17.91005284086394400 ) ) ;
#6036 = LINE ( 'NONE', #1063, #10732 ) ;
#6037 = CIRCLE ( 'NONE', #9247, 0.5000000000000004400 ) ;
#6038 = CARTESIAN_POINT ( 'NONE',  ( 19.38136546526024500, 7.937784117174111900, 3.099999999999999600 ) ) ;
#6039 = EDGE_LOOP ( 'NONE', ( #6432, #8658, #10007, #6005 ) ) ;
#6040 = CARTESIAN_POINT ( 'NONE',  ( 10.00000000000000000, -14.49804735160446600, 8.099999999999999600 ) ) ;
#6041 = CARTESIAN_POINT ( 'NONE',  ( 11.06910331912661100, -1.914412604039978300, -0.0000000000000000000 ) ) ;
#6042 = CARTESIAN_POINT ( 'NONE',  ( 7.999999999999998200, -21.00000000000000000, 8.099999999999999600 ) ) ;
#6043 = CARTESIAN_POINT ( 'NONE',  ( 47.50000000000000000, -16.99999999999999600, 8.099999999999999600 ) ) ;
#6044 = VERTEX_POINT ( 'NONE', #1714 ) ;
#6045 = B_SPLINE_CURVE_WITH_KNOTS ( 'NONE', 3,
 ( #11480, #11529, #11373, #11348, #11308, #11216, #11030, #10877, #10836, #10765, #10720, #10687, #10647, #10633, #10517, #10471, #10415, #10351, #10295 ),
 .UNSPECIFIED., .F., .F.,
 ( 4, 1, 1, 1, 1, 1, 1, 1, 1, 1, 1, 1, 1, 1, 1, 1, 4 ),
 ( 0.0000000000000000000, 0.06660875458357849700, 0.1304064310570961200, 0.1922476849174134500, 0.2524070680165765900, 0.3105449766918788000, 0.3683535190870088100, 0.4253023824764966000, 0.4829179250317084400, 0.5405282068543887400, 0.5994763398283506900, 0.6602160781547639100, 0.7229490180068513000, 0.7877577170330840600, 0.8551591849154941400, 0.9260101826828214300, 1.000000000000000000 ),
 .UNSPECIFIED. ) ;
#6046 = ORIENTED_EDGE ( 'NONE', *, *, #7411, .F. ) ;
#6047 = VERTEX_POINT ( 'NONE', #7172 ) ;
#6048 = AXIS2_PLACEMENT_3D ( 'NONE', #4421, #4347, #4310 ) ;
#6049 = LINE ( 'NONE', #10191, #601 ) ;
#6050 = CARTESIAN_POINT ( 'NONE',  ( 11.26517906616691000, -1.227928021028467100, 0.1000000000000000100 ) ) ;
#6051 = DIRECTION ( 'NONE',  ( -0.0000000000000000000, 1.000000000000000000, -0.0000000000000000000 ) ) ;
#6052 = ADVANCED_FACE ( 'NONE', ( #8526 ), #8954, .F. ) ;
#6053 = ORIENTED_EDGE ( 'NONE', *, *, #3468, .F. ) ;
#6054 = FACE_OUTER_BOUND ( 'NONE', #4953, .T. ) ;
#6055 = CARTESIAN_POINT ( 'NONE',  ( 10.76555718252051200, -6.757922293632256000, 0.1000000000000000100 ) ) ;
#6056 = CARTESIAN_POINT ( 'NONE',  ( 44.21421443129808900, 6.363108264701245400, 8.099999999999999600 ) ) ;
#6057 = ORIENTED_EDGE ( 'NONE', *, *, #1811, .F. ) ;
#6058 = LINE ( 'NONE', #8106, #5849 ) ;
#6059 = ORIENTED_EDGE ( 'NONE', *, *, #1461, .F. ) ;
#6060 = CARTESIAN_POINT ( 'NONE',  ( 10.20773029278871400, -7.181359900455318800, 0.0000000000000000000 ) ) ;
#6061 = DIRECTION ( 'NONE',  ( -0.0000000000000000000, -0.0000000000000000000, -1.000000000000000000 ) ) ;
#6062 = DIRECTION ( 'NONE',  ( 1.000000000000000000, -1.103914939257969300E-014, 0.0000000000000000000 ) ) ;
#6063 = CARTESIAN_POINT ( 'NONE',  ( 9.751474635245116900, -1.705598376645242700, -0.0000000000000000000 ) ) ;
#6064 = EDGE_CURVE ( 'NONE', #9314, #10852, #1371, .T. ) ;
#6065 = FACE_OUTER_BOUND ( 'NONE', #4756, .T. ) ;
#6066 = DIRECTION ( 'NONE',  ( -0.0000000000000000000, -0.0000000000000000000, -1.000000000000000000 ) ) ;
#6067 = EDGE_LOOP ( 'NONE', ( #10991, #10488 ) ) ;
#6068 = CYLINDRICAL_SURFACE ( 'NONE', #4688, 1.749999999999999800 ) ;
#6069 = FACE_BOUND ( 'NONE', #10143, .T. ) ;
#6070 = ADVANCED_FACE ( 'NONE', ( #4425 ), #8601, .F. ) ;
#6071 = VERTEX_POINT ( 'NONE', #9406 ) ;
#6072 = CARTESIAN_POINT ( 'NONE',  ( 11.17818483824325800, -7.389152108247526700, -0.0000000000000000000 ) ) ;
#6073 = CARTESIAN_POINT ( 'NONE',  ( 36.00000000000000700, -17.99999999999999600, 8.099999999999999600 ) ) ;
#6074 = DIRECTION ( 'NONE',  ( 0.0000000000000000000, -1.000000000000000000, 0.0000000000000000000 ) ) ;
#6075 = EDGE_CURVE ( 'NONE', #4069, #5619, #5016, .T. ) ;
#6076 = CIRCLE ( 'NONE', #10274, 0.5000000000000004400 ) ;
#6077 = EDGE_CURVE ( 'NONE', #6044, #11241, #1712, .T. ) ;
#6078 = ORIENTED_EDGE ( 'NONE', *, *, #4046, .T. ) ;
#6079 = VECTOR ( 'NONE', #692, 1000.000000000000000 ) ;
#6080 = DIRECTION ( 'NONE',  ( 0.0000000000000000000, -0.0000000000000000000, -1.000000000000000000 ) ) ;
#6081 = ORIENTED_EDGE ( 'NONE', *, *, #1139, .T. ) ;
#6082 = ORIENTED_EDGE ( 'NONE', *, *, #9527, .F. ) ;
#6083 = ADVANCED_FACE ( 'NONE', ( #8793 ), #6808, .F. ) ;
#6084 = CARTESIAN_POINT ( 'NONE',  ( 10.89591833630738400, -1.965446475765815200, 0.1000000000000000100 ) ) ;
#6085 = CARTESIAN_POINT ( 'NONE',  ( 11.29356672529594600, -1.266547950089296000, 1.355252715606880500E-017 ) ) ;
#6086 = CARTESIAN_POINT ( 'NONE',  ( 10.30964502991613200, 4.057092958867338300, 0.0000000000000000000 ) ) ;
#6087 = CARTESIAN_POINT ( 'NONE',  ( 10.52980821486663600, -1.876489770585186600, 0.0000000000000000000 ) ) ;
#6088 = VECTOR ( 'NONE', #7061, 1000.000000000000000 ) ;
#6089 = FACE_OUTER_BOUND ( 'NONE', #7349, .T. ) ;
#6090 = DIRECTION ( 'NONE',  ( -0.0000000000000000000, -0.0000000000000000000, -1.000000000000000000 ) ) ;
#6091 = CARTESIAN_POINT ( 'NONE',  ( 32.49999999999997900, -14.50000000000000200, -0.0000000000000000000 ) ) ;
#6092 = VERTEX_POINT ( 'NONE', #4140 ) ;
#6093 = ADVANCED_FACE ( 'NONE', ( #11187 ), #2330, .T. ) ;
#6094 = DIRECTION ( 'NONE',  ( -1.000000000000000000, 9.773090005503107500E-015, 0.0000000000000000000 ) ) ;
#6095 = VERTEX_POINT ( 'NONE', #4097 ) ;
#6096 = EDGE_CURVE ( 'NONE', #1500, #7994, #7849, .T. ) ;
#6097 = VERTEX_POINT ( 'NONE', #5508 ) ;
#6098 = EDGE_CURVE ( 'NONE', #9213, #4053, #5665, .T. ) ;
#6099 = FACE_OUTER_BOUND ( 'NONE', #1136, .T. ) ;
#6100 = DIRECTION ( 'NONE',  ( 0.0000000000000000000, 0.0000000000000000000, -1.000000000000000000 ) ) ;
#6101 = CARTESIAN_POINT ( 'NONE',  ( 10.13411549946389700, -2.109984241152966800, 0.0000000000000000000 ) ) ;
#6102 = VERTEX_POINT ( 'NONE', #6291 ) ;
#6103 = ORIENTED_EDGE ( 'NONE', *, *, #84, .F. ) ;
#6104 = CARTESIAN_POINT ( 'NONE',  ( 9.765197825256244400, -2.464476783572199500, 0.1000000000000000100 ) ) ;
#6105 = ORIENTED_EDGE ( 'NONE', *, *, #5977, .T. ) ;
#6106 = LINE ( 'NONE', #720, #1483 ) ;
#6107 = CARTESIAN_POINT ( 'NONE',  ( 11.08724639933585400, -1.355395505842639000, 0.0000000000000000000 ) ) ;
#6108 = CARTESIAN_POINT ( 'NONE',  ( 11.58916029016220200, -7.712278881627409700, 0.0000000000000000000 ) ) ;
#6109 = CARTESIAN_POINT ( 'NONE',  ( 36.49999999999999300, -6.381966011250109500, 0.0000000000000000000 ) ) ;
#6110 = DIRECTION ( 'NONE',  ( -0.0000000000000000000, -0.0000000000000000000, -1.000000000000000000 ) ) ;
#6112 = ORIENTED_EDGE ( 'NONE', *, *, #112, .F. ) ;
#6111 = AXIS2_PLACEMENT_3D ( 'NONE', #10250, #9339, #9311 ) ;
#6113 = DIRECTION ( 'NONE',  ( 0.7281999926928033300, -0.6853646990049905300, -0.0000000000000000000 ) ) ;
#6114 = EDGE_LOOP ( 'NONE', ( #7484, #9290, #8731, #1170 ) ) ;
#6115 = B_SPLINE_CURVE_WITH_KNOTS ( 'NONE', 3,
 ( #1435, #6702, #9375, #10463, #9419, #9024, #4949, #5541, #4518, #7668, #1632 ),
 .UNSPECIFIED., .F., .F.,
 ( 4, 1, 1, 1, 1, 1, 1, 1, 4 ),
 ( 0.0000000000000000000, 0.1208308955770993300, 0.2374938699020660600, 0.3533785390223447300, 0.4702015794411859000, 0.5910678186082440900, 0.7186955577875094900, 0.8546209254733231300, 0.9999999999999998900 ),
 .UNSPECIFIED. ) ;
#6116 = ORIENTED_EDGE ( 'NONE', *, *, #4866, .F. ) ;
#6117 = LINE ( 'NONE', #2212, #6784 ) ;
#6118 = CARTESIAN_POINT ( 'NONE',  ( 10.06960905400141600, -6.401233919133783700, 0.0000000000000000000 ) ) ;
#6119 = PLANE ( 'NONE',  #5731 ) ;
#6120 = VERTEX_POINT ( 'NONE', #5425 ) ;
#6121 = ADVANCED_FACE ( 'NONE', ( #234 ), #7226, .F. ) ;
#6122 = DIRECTION ( 'NONE',  ( -0.0000000000000000000, 0.0000000000000000000, 1.000000000000000000 ) ) ;
#6123 = EDGE_LOOP ( 'NONE', ( #481, #9810, #10793, #9979 ) ) ;
#6124 = CARTESIAN_POINT ( 'NONE',  ( 9.991218381499042100, -7.075870389947028500, 0.0000000000000000000 ) ) ;
#6125 = AXIS2_PLACEMENT_3D ( 'NONE', #6193, #582, #1053 ) ;
#6126 = LINE ( 'NONE', #208, #6158 ) ;
#6127 = VECTOR ( 'NONE', #2470, 1000.000000000000000 ) ;
#6128 = ORIENTED_EDGE ( 'NONE', *, *, #5949, .T. ) ;
#6129 = CARTESIAN_POINT ( 'NONE',  ( 10.21932831780222300, -7.180945155181614600, -0.0000000000000000000 ) ) ;
#6130 = EDGE_LOOP ( 'NONE', ( #10708, #4224, #980, #5569 ) ) ;
#6131 = CARTESIAN_POINT ( 'NONE',  ( 10.18630172136014200, -1.903437822533238500, 0.0000000000000000000 ) ) ;
#6132 = LINE ( 'NONE', #11613, #8156 ) ;
#6133 = CARTESIAN_POINT ( 'NONE',  ( 9.751358906376328400, -1.494743858017588200, 0.1000000000000000100 ) ) ;
#6134 = LINE ( 'NONE', #11638, #7011 ) ;
#6135 = PLANE ( 'NONE',  #2442 ) ;
#6136 = ORIENTED_EDGE ( 'NONE', *, *, #7897, .F. ) ;
#6137 = CARTESIAN_POINT ( 'NONE',  ( 9.932111239485207600, -1.575850651675627400, 0.0000000000000000000 ) ) ;
#6138 = EDGE_CURVE ( 'NONE', #6506, #4181, #8330, .T. ) ;
#6139 = ORIENTED_EDGE ( 'NONE', *, *, #3738, .F. ) ;
#6140 = CARTESIAN_POINT ( 'NONE',  ( 10.63565237071079000, -1.568372887468303400, 6.776263578034402700E-017 ) ) ;
#6141 = CARTESIAN_POINT ( 'NONE',  ( 13.08910161513764200, 0.6709890228503920800, 8.099999999999999600 ) ) ;
#6142 = VECTOR ( 'NONE', #7959, 1000.000000000000000 ) ;
#6143 = DIRECTION ( 'NONE',  ( -0.0000000000000000000, -0.0000000000000000000, -1.000000000000000000 ) ) ;
#6144 = LINE ( 'NONE', #6072, #9638 ) ;
#6145 = VECTOR ( 'NONE', #10608, 1000.000000000000300 ) ;
#6146 = DIRECTION ( 'NONE',  ( -1.000000000000000000, 1.058751417262843400E-014, 0.0000000000000000000 ) ) ;
#6147 = VERTEX_POINT ( 'NONE', #10382 ) ;
#6148 = VERTEX_POINT ( 'NONE', #9494 ) ;
#6149 = DIRECTION ( 'NONE',  ( 1.000000000000000000, -9.637352644315615700E-015, -0.0000000000000000000 ) ) ;
#6150 = ORIENTED_EDGE ( 'NONE', *, *, #10634, .F. ) ;
#6151 = EDGE_CURVE ( 'NONE', #2266, #9643, #10899, .T. ) ;
#6152 = EDGE_CURVE ( 'NONE', #6765, #7696, #7438, .T. ) ;
#6153 = DIRECTION ( 'NONE',  ( 0.0000000000000000000, -1.000000000000000000, 0.0000000000000000000 ) ) ;
#6154 = CARTESIAN_POINT ( 'NONE',  ( 10.20464502991615800, 6.907092958867338000, 0.0000000000000000000 ) ) ;
#6155 = DIRECTION ( 'NONE',  ( 0.0000000000000000000, -1.000000000000000000, 0.0000000000000000000 ) ) ;
#6156 = LINE ( 'NONE', #3905, #4869 ) ;
#6157 = ADVANCED_FACE ( 'NONE', ( #9710 ), #8642, .T. ) ;
#6158 = VECTOR ( 'NONE', #6692, 1000.000000000000000 ) ;
#6159 = ORIENTED_EDGE ( 'NONE', *, *, #1394, .F. ) ;
#6160 = EDGE_CURVE ( 'NONE', #5026, #9600, #5780, .T. ) ;
#6161 = DIRECTION ( 'NONE',  ( -1.000000000000000000, 0.0000000000000000000, 0.0000000000000000000 ) ) ;
#6162 = ORIENTED_EDGE ( 'NONE', *, *, #2548, .F. ) ;
#6163 = CARTESIAN_POINT ( 'NONE',  ( 11.85464502991614900, 6.667092958867320000, 0.1000000000000000100 ) ) ;
#6164 = VERTEX_POINT ( 'NONE', #4234 ) ;
#6165 = ORIENTED_EDGE ( 'NONE', *, *, #8859, .T. ) ;
#6166 = CARTESIAN_POINT ( 'NONE',  ( 11.35634736537537900, -1.396925119314498700, 0.1000000000000000100 ) ) ;
#6167 = CARTESIAN_POINT ( 'NONE',  ( 10.99694709330283100, -8.464251061740405600, 0.1000000000000000100 ) ) ;
#6168 = ORIENTED_EDGE ( 'NONE', *, *, #6653, .F. ) ;
#6169 = DIRECTION ( 'NONE',  ( -1.000000000000000000, 0.0000000000000000000, 0.0000000000000000000 ) ) ;
#6170 = EDGE_CURVE ( 'NONE', #2692, #9757, #3591, .T. ) ;
#6171 = AXIS2_PLACEMENT_3D ( 'NONE', #114, #309, #290 ) ;
#6172 = EDGE_LOOP ( 'NONE', ( #9421, #6953, #7448, #563 ) ) ;
#6173 = DIRECTION ( 'NONE',  ( 0.0000000000000000000, -1.000000000000000000, 0.0000000000000000000 ) ) ;
#6174 = CARTESIAN_POINT ( 'NONE',  ( 11.17964131705764800, -8.599027988979592900, -0.0000000000000000000 ) ) ;
#6175 = VECTOR ( 'NONE', #6624, 1000.000000000000200 ) ;
#6176 = VERTEX_POINT ( 'NONE', #4145 ) ;
#6177 = FACE_OUTER_BOUND ( 'NONE', #6479, .T. ) ;
#6178 = CARTESIAN_POINT ( 'NONE',  ( 10.18630172136014200, -1.903437822533238500, 1.355252715606880500E-017 ) ) ;
#6179 = CARTESIAN_POINT ( 'NONE',  ( 33.49999999999999300, 21.00000000000000000, 8.099999999999999600 ) ) ;
#6180 = EDGE_CURVE ( 'NONE', #11646, #1729, #4748, .T. ) ;
#6181 = ORIENTED_EDGE ( 'NONE', *, *, #6000, .T. ) ;
#6182 = AXIS2_PLACEMENT_3D ( 'NONE', #10298, #8214, #2426 ) ;
#6183 = VECTOR ( 'NONE', #1369, 1000.000000000000000 ) ;
#6184 = CARTESIAN_POINT ( 'NONE',  ( 47.50000000000000000, 10.15004534589628400, 8.099999999999999600 ) ) ;
#6185 = CARTESIAN_POINT ( 'NONE',  ( 11.30097110048872900, -8.446223847950440300, 0.1000000000000000100 ) ) ;
#6186 = CARTESIAN_POINT ( 'NONE',  ( 26.64242326782791200, 7.800000000000076200, 33.81103081370217500 ) ) ;
#6187 = ORIENTED_EDGE ( 'NONE', *, *, #196, .T. ) ;
#6188 = LINE ( 'NONE', #296, #8550 ) ;
#6189 = CARTESIAN_POINT ( 'NONE',  ( 10.22071730577572700, -6.370970290065707300, -0.0000000000000000000 ) ) ;
#6190 = EDGE_LOOP ( 'NONE', ( #6541, #10312, #9653, #8260, #1313, #10163, #4324 ) ) ;
#6191 = CARTESIAN_POINT ( 'NONE',  ( 10.80352464916892600, -9.091984863855239900, 0.1000000000000000100 ) ) ;
#6192 = VERTEX_POINT ( 'NONE', #1427 ) ;
#6193 = CARTESIAN_POINT ( 'NONE',  ( 41.11803398874989300, -7.145898033750313500, 0.0000000000000000000 ) ) ;
#6194 = DIRECTION ( 'NONE',  ( 0.0000000000000000000, 0.0000000000000000000, -1.000000000000000000 ) ) ;
#6195 = CARTESIAN_POINT ( 'NONE',  ( 10.21430906056028800, -1.902941915604362800, 0.0000000000000000000 ) ) ;
#6196 = FACE_OUTER_BOUND ( 'NONE', #10210, .T. ) ;
#6197 = VERTEX_POINT ( 'NONE', #1471 ) ;
#6198 = LINE ( 'NONE', #11318, #6713 ) ;
#6199 = ORIENTED_EDGE ( 'NONE', *, *, #7477, .T. ) ;
#6200 = AXIS2_PLACEMENT_3D ( 'NONE', #11278, #5095, #11321 ) ;
#6201 = DIRECTION ( 'NONE',  ( 0.0000000000000000000, 0.0000000000000000000, -1.000000000000000000 ) ) ;
#6202 = CARTESIAN_POINT ( 'NONE',  ( 11.21940135719328800, -8.728758289020115400, 0.1000000000000000100 ) ) ;
#6203 = ORIENTED_EDGE ( 'NONE', *, *, #9821, .F. ) ;
#6204 = DIRECTION ( 'NONE',  ( 0.0000000000000000000, 0.0000000000000000000, 1.000000000000000000 ) ) ;
#6205 = CARTESIAN_POINT ( 'NONE',  ( 9.761550040293263600, -1.444752448756750900, 0.1000000000000000100 ) ) ;
#6206 = ORIENTED_EDGE ( 'NONE', *, *, #8796, .T. ) ;
#6207 = DIRECTION ( 'NONE',  ( 0.7281999926928031100, 0.6853646990049906400, 0.0000000000000000000 ) ) ;
#6208 = ORIENTED_EDGE ( 'NONE', *, *, #6098, .T. ) ;
#6209 = VECTOR ( 'NONE', #3416, 1000.000000000000000 ) ;
#6210 = CARTESIAN_POINT ( 'NONE',  ( 11.19823421212330000, -1.669549086370103700, 1.355252715606880500E-017 ) ) ;
#6211 = EDGE_LOOP ( 'NONE', ( #167, #4040, #8340, #1373 ) ) ;
#6212 = CARTESIAN_POINT ( 'NONE',  ( 12.89929005983225700, 8.957317253416649200, 8.099999999999999600 ) ) ;
#6213 = EDGE_LOOP ( 'NONE', ( #2841, #10116, #9578, #8440 ) ) ;
#6214 = CARTESIAN_POINT ( 'NONE',  ( 10.38208601914130500, -7.134129448341821200, -1.355252715606880500E-017 ) ) ;
#6215 = EDGE_CURVE ( 'NONE', #5726, #2225, #9217, .T. ) ;
#6216 = EDGE_CURVE ( 'NONE', #2917, #6768, #11171, .T. ) ;
#6217 = VECTOR ( 'NONE', #781, 1000.000000000000000 ) ;
#6218 = FACE_OUTER_BOUND ( 'NONE', #7909, .T. ) ;
#6219 = ORIENTED_EDGE ( 'NONE', *, *, #10688, .T. ) ;
#6220 = CARTESIAN_POINT ( 'NONE',  ( 11.00720079857645000, -6.756418227581371600, 0.1000000000000000100 ) ) ;
#6221 = ORIENTED_EDGE ( 'NONE', *, *, #8767, .T. ) ;
#6222 = PLANE ( 'NONE',  #772 ) ;
#6223 = CARTESIAN_POINT ( 'NONE',  ( 10.04849386964205800, -2.091631334705640600, 1.355252715606880500E-017 ) ) ;
#6224 = DIRECTION ( 'NONE',  ( 1.000000000000000000, 1.734723475976805500E-015, 0.0000000000000000000 ) ) ;
#6225 = ADVANCED_FACE ( 'NONE', ( #6016 ), #2332, .F. ) ;
#6226 = CARTESIAN_POINT ( 'NONE',  ( 10.61041933797685400, -9.021729995706083500, 1.355252715606880500E-017 ) ) ;
#6227 = VECTOR ( 'NONE', #9524, 999.9999999999998900 ) ;
#6228 = CARTESIAN_POINT ( 'NONE',  ( 11.22975264095289700, -6.352693352655542500, 0.1000000000000000100 ) ) ;
#6229 = CC_DESIGN_APPROVAL ( #5628, ( #5034 ) ) ;
#6230 = LINE ( 'NONE', #623, #9496 ) ;
#6231 = EDGE_CURVE ( 'NONE', #10462, #8748, #10400, .T. ) ;
#6232 = EDGE_CURVE ( 'NONE', #7541, #5060, #3490, .T. ) ;
#6233 = CARTESIAN_POINT ( 'NONE',  ( 36.49999999999999300, -6.381966011250110400, -17.91005284086394400 ) ) ;
#6234 = ORIENTED_EDGE ( 'NONE', *, *, #2636, .F. ) ;
#6235 = EDGE_CURVE ( 'NONE', #2225, #5193, #7881, .T. ) ;
#6236 = B_SPLINE_CURVE_WITH_KNOTS ( 'NONE', 3,
 ( #7083, #598, #1851, #11483, #9431 ),
 .UNSPECIFIED., .F., .F.,
 ( 4, 1, 4 ),
 ( 0.0000000000000000000, 0.4958009578104512500, 1.000000000000000000 ),
 .UNSPECIFIED. ) ;
#6237 = ORIENTED_EDGE ( 'NONE', *, *, #11226, .T. ) ;
#6238 = CARTESIAN_POINT ( 'NONE',  ( 9.972990033048454000, -9.238502757598176600, 0.1000000000000000100 ) ) ;
#6239 = EDGE_CURVE ( 'NONE', #10754, #3964, #10932, .T. ) ;
#6240 = CARTESIAN_POINT ( 'NONE',  ( 10.27767103982685600, -7.174533222443211700, 0.1000000000000000100 ) ) ;
#6241 = DIRECTION ( 'NONE',  ( 0.0000000000000000000, -0.0000000000000000000, -1.000000000000000000 ) ) ;
#6242 = VECTOR ( 'NONE', #10332, 1000.000000000000200 ) ;
#6243 = LINE ( 'NONE', #2188, #6984 ) ;
#6244 = CARTESIAN_POINT ( 'NONE',  ( 10.40172520494188100, -8.524760729471921600, 0.0000000000000000000 ) ) ;
#6245 = CARTESIAN_POINT ( 'NONE',  ( 11.36411679877882900, -8.925101272260981500, 0.0000000000000000000 ) ) ;
#6246 = CARTESIAN_POINT ( 'NONE',  ( 9.774994895108614300, -1.396910516878397700, 0.1000000000000000100 ) ) ;
#6247 = EDGE_LOOP ( 'NONE', ( #1254, #6707, #10416, #10686 ) ) ;
#6248 = CARTESIAN_POINT ( 'NONE',  ( 11.11400417241086600, -1.874156422486831000, 0.1000000000000000100 ) ) ;
#6249 = ORIENTED_EDGE ( 'NONE', *, *, #7491, .F. ) ;
#6250 = CARTESIAN_POINT ( 'NONE',  ( 10.52127721518359500, -7.277784794687018900, 0.1000000000000000100 ) ) ;
#6251 = LINE ( 'NONE', #5436, #225 ) ;
#6252 = AXIS2_PLACEMENT_3D ( 'NONE', #10524, #8567, #821 ) ;
#6253 = FACE_OUTER_BOUND ( 'NONE', #4742, .T. ) ;
#6254 = CARTESIAN_POINT ( 'NONE',  ( 11.17818483824325800, -6.599541718637135900, 0.1000000000000000100 ) ) ;
#6255 = AXIS2_PLACEMENT_3D ( 'NONE', #5560, #3209, #10636 ) ;
#6256 = ORIENTED_EDGE ( 'NONE', *, *, #9882, .F. ) ;
#6257 = VERTEX_POINT ( 'NONE', #5822 ) ;
#6258 = CARTESIAN_POINT ( 'NONE',  ( 9.244645029916140900, 5.017092958867349000, 0.1000000000000000100 ) ) ;
#6259 = LINE ( 'NONE', #1695, #9166 ) ;
#6260 = CARTESIAN_POINT ( 'NONE',  ( 11.29356672529594600, -1.266547950089296000, 0.1000000000000000100 ) ) ;
#6261 = CARTESIAN_POINT ( 'NONE',  ( 10.31247573088668900, -7.164528997524079100, 0.0000000000000000000 ) ) ;
#6262 = VECTOR ( 'NONE', #5211, 1000.000000000000000 ) ;
#6263 = CARTESIAN_POINT ( 'NONE',  ( 10.86005832474096000, -1.222770533802067100, -0.0000000000000000000 ) ) ;
#6264 = CARTESIAN_POINT ( 'NONE',  ( 11.36519782525624600, -7.846294965390384000, -0.0000000000000000000 ) ) ;
#6265 = CARTESIAN_POINT ( 'NONE',  ( 10.49761872899736500, -8.827563773684337500, 0.1000000000000000100 ) ) ;
#6266 = ORIENTED_EDGE ( 'NONE', *, *, #10501, .F. ) ;
#6267 = VERTEX_POINT ( 'NONE', #7628 ) ;
#6268 = DIRECTION ( 'NONE',  ( 0.0000000000000000000, 0.0000000000000000000, -1.000000000000000000 ) ) ;
#6269 = FACE_OUTER_BOUND ( 'NONE', #6782, .T. ) ;
#6270 = EDGE_CURVE ( 'NONE', #9058, #7393, #1579, .T. ) ;
#6271 = ORIENTED_EDGE ( 'NONE', *, *, #8191, .T. ) ;
#6272 = ORGANIZATION ( 'UNSPECIFIED', 'UNSPECIFIED', '' ) ;
#6273 = DIRECTION ( 'NONE',  ( -0.0000000000000000000, -1.000000000000000000, -0.0000000000000000000 ) ) ;
#6274 = DIRECTION ( 'NONE',  ( 0.0000000000000000000, -1.000000000000000000, 0.0000000000000000000 ) ) ;
#6275 = CARTESIAN_POINT ( 'NONE',  ( 47.50000000000000000, -22.00000000000000000, 8.099999999999999600 ) ) ;
#6276 = ORIENTED_EDGE ( 'NONE', *, *, #4364, .F. ) ;
#6277 = CARTESIAN_POINT ( 'NONE',  ( 10.30637042363168400, -8.772994554085340000, 0.1000000000000000100 ) ) ;
#6278 = ORIENTED_EDGE ( 'NONE', *, *, #11382, .F. ) ;
#6279 = CARTESIAN_POINT ( 'NONE',  ( 9.793120233956303300, -1.351748884140096400, 0.1000000000000000100 ) ) ;
#6280 = LINE ( 'NONE', #10733, #11527 ) ;
#6281 = LINE ( 'NONE', #10141, #8995 ) ;
#6282 = EDGE_CURVE ( 'NONE', #1729, #144, #6002, .T. ) ;
#6283 = PLANE ( 'NONE',  #6255 ) ;
#6284 = VECTOR ( 'NONE', #10957, 1000.000000000000000 ) ;
#6285 = CARTESIAN_POINT ( 'NONE',  ( 10.96482085408998200, -1.960322567238136600, 1.355252715606880500E-017 ) ) ;
#6286 = ORIENTED_EDGE ( 'NONE', *, *, #3227, .T. ) ;
#6287 = CARTESIAN_POINT ( 'NONE',  ( 10.81244771914246000, -2.163299304939740900, 0.0000000000000000000 ) ) ;
#6288 = VERTEX_POINT ( 'NONE', #5864 ) ;
#6289 = CARTESIAN_POINT ( 'NONE',  ( 39.99999999999999300, 14.49999999999999500, 2.700000000000000200 ) ) ;
#6290 = DIRECTION ( 'NONE',  ( 1.000000000000000000, 0.0000000000000000000, 0.0000000000000000000 ) ) ;
#6291 = CARTESIAN_POINT ( 'NONE',  ( 10.30964502991612400, 3.817092958867338100, 0.1000000000000000100 ) ) ;
#6292 = ORIENTED_EDGE ( 'NONE', *, *, #10500, .T. ) ;
#6293 = VECTOR ( 'NONE', #9699, 999.9999999999998900 ) ;
#6294 = CARTESIAN_POINT ( 'NONE',  ( 10.18630172136014200, -1.903437822533238500, 0.0000000000000000000 ) ) ;
#6295 = ORIENTED_EDGE ( 'NONE', *, *, #9531, .F. ) ;
#6296 = CARTESIAN_POINT ( 'NONE',  ( 11.34571918078600400, -8.976173221748714700, -0.0000000000000000000 ) ) ;
#6297 = AXIS2_PLACEMENT_3D ( 'NONE', #8430, #4819, #3968 ) ;
#6298 = EDGE_LOOP ( 'NONE', ( #9610, #6575, #4924, #1655 ) ) ;
#6299 = DIRECTION ( 'NONE',  ( 1.000000000000000000, 0.0000000000000000000, 0.0000000000000000000 ) ) ;
#6300 = EDGE_CURVE ( 'NONE', #2149, #11490, #10423, .T. ) ;
#6301 = EDGE_CURVE ( 'NONE', #5148, #11241, #9548, .T. ) ;
#6302 = CARTESIAN_POINT ( 'NONE',  ( 10.05099310571756100, -7.134304218967535000, 0.0000000000000000000 ) ) ;
#6303 = ORIENTED_EDGE ( 'NONE', *, *, #23, .T. ) ;
#6304 = DIRECTION ( 'NONE',  ( 1.000000000000000000, 0.0000000000000000000, 0.0000000000000000000 ) ) ;
#6305 = CARTESIAN_POINT ( 'NONE',  ( 35.49999999999998600, -14.50000000000000500, 1.500000000000000000 ) ) ;
#6306 = LINE ( 'NONE', #3861, #6328 ) ;
#6307 = EDGE_CURVE ( 'NONE', #9789, #11303, #3041, .T. ) ;
#6308 = DIRECTION ( 'NONE',  ( -0.8320502943378487200, -0.5547001962252216000, 0.0000000000000000000 ) ) ;
#6309 = ORIENTED_EDGE ( 'NONE', *, *, #1444, .T. ) ;
#6310 = VECTOR ( 'NONE', #11268, 1000.000000000000000 ) ;
#6311 = ORIENTED_EDGE ( 'NONE', *, *, #10775, .T. ) ;
#6312 = CARTESIAN_POINT ( 'NONE',  ( 10.63565237071079000, -1.568372887468303400, 0.1000000000000000100 ) ) ;
#6313 = CARTESIAN_POINT ( 'NONE',  ( 11.11087859174499900, -9.000591142680505600, -0.0000000000000000000 ) ) ;
#6314 = LINE ( 'NONE', #10114, #6175 ) ;
#6315 = CARTESIAN_POINT ( 'NONE',  ( 11.38597704603546700, -1.604087173182589000, 0.1000000000000000100 ) ) ;
#6316 = CARTESIAN_POINT ( 'NONE',  ( 11.32255491490616200, -9.024523383225696800, 0.0000000000000000000 ) ) ;
#6317 = VERTEX_POINT ( 'NONE', #6772 ) ;
#6318 = LINE ( 'NONE', #11467, #6079 ) ;
#6319 = EDGE_CURVE ( 'NONE', #11241, #3365, #10812, .T. ) ;
#6320 = AXIS2_PLACEMENT_3D ( 'NONE', #11558, #9718, #4929 ) ;
#6321 = CARTESIAN_POINT ( 'NONE',  ( 11.31040644424216200, -1.934550932831752300, -0.0000000000000000000 ) ) ;
#6322 = VERTEX_POINT ( 'NONE', #10844 ) ;
#6323 = CARTESIAN_POINT ( 'NONE',  ( 10.58411462886948800, -2.004745412357510600, -0.0000000000000000000 ) ) ;
#6324 = VERTEX_POINT ( 'NONE', #1344 ) ;
#6325 = ORIENTED_EDGE ( 'NONE', *, *, #1593, .T. ) ;
#6326 = VECTOR ( 'NONE', #1321, 1000.000000000000000 ) ;
#6327 = CARTESIAN_POINT ( 'NONE',  ( 10.15835358043112500, -1.902763741966000400, 0.0000000000000000000 ) ) ;
#6328 = VECTOR ( 'NONE', #10776, 1000.000000000000000 ) ;
#6329 = CARTESIAN_POINT ( 'NONE',  ( 11.29387220321510200, -9.069641538246418800, -0.0000000000000000000 ) ) ;
#6330 = EDGE_LOOP ( 'NONE', ( #10546, #5141, #10725, #2624 ) ) ;
#6331 = AXIS2_PLACEMENT_3D ( 'NONE', #7813, #11616, #10628 ) ;
#6332 = CARTESIAN_POINT ( 'NONE',  ( 10.84534259300365900, -1.960270279909236000, 0.1000000000000000100 ) ) ;
#6333 = CARTESIAN_POINT ( 'NONE',  ( 15.10296701856556100, -12.83456326127513100, -0.0000000000000000000 ) ) ;
#6334 = DIRECTION ( 'NONE',  ( -1.000000000000000000, -0.0000000000000000000, -0.0000000000000000000 ) ) ;
#6335 = DIRECTION ( 'NONE',  ( 0.0000000000000000000, 1.000000000000000000, 0.0000000000000000000 ) ) ;
#6336 = DIRECTION ( 'NONE',  ( -0.0000000000000000000, -0.0000000000000000000, -1.000000000000000000 ) ) ;
#6337 = VECTOR ( 'NONE', #7426, 1000.000000000000000 ) ;
#6338 = ORIENTED_EDGE ( 'NONE', *, *, #6460, .T. ) ;
#6339 = PERSON_AND_ORGANIZATION ( #9870, #6272 ) ;
#6340 = CARTESIAN_POINT ( 'NONE',  ( 9.932220404681931600, -6.853565475252192000, 0.1000000000000000100 ) ) ;
#6341 = CARTESIAN_POINT ( 'NONE',  ( 35.49999999999999300, 9.250000000000001800, 5.099999999999999600 ) ) ;
#6342 = VERTEX_POINT ( 'NONE', #11651 ) ;
#6343 = ORIENTED_EDGE ( 'NONE', *, *, #11670, .T. ) ;
#6344 = B_SPLINE_SURFACE_WITH_KNOTS ( 'NONE', 3, 1, ( 
 ( #18, #5719 ),
 ( #7387, #6527 ),
 ( #4368, #7690 ),
 ( #3602, #11356 ),
 ( #7347, #1490 ),
 ( #1348, #3640 ),
 ( #5350, #1158 ),
 ( #3460, #6302 ),
 ( #3569, #5004 ),
 ( #3798, #9112 ),
 ( #632, #11406 ),
 ( #8663, #11185 ),
 ( #11169, #4124 ),
 ( #3277, #8401 ),
 ( #1034, #5963 ),
 ( #4621, #8768 ),
 ( #11392, #2759 ),
 ( #6372, #4472 ),
 ( #5650, #3100 ) ),
 .UNSPECIFIED., .F., .F., .F.,
 ( 4, 1, 1, 1, 1, 1, 1, 1, 1, 1, 1, 1, 1, 1, 1, 1, 4 ),
 ( 2, 2 ),
 ( 0.0000000000000000000, 0.06448480089431175800, 0.1273482216468130900, 0.1877637112662311200, 0.2473294089424894800, 0.3062334131877498800, 0.3664024640278087900, 0.4265459635676122100, 0.4888033392772909200, 0.5513071171731044300, 0.6130562946349885600, 0.6745851983741383300, 0.7368055295939813800, 0.7997463307647708600, 0.8641874171863743700, 0.9305092460750905600, 1.000000000000000000 ),
 ( 0.0000000000000000000, 1.000000000000000000 ),
 .UNSPECIFIED. ) ;
#6345 = CARTESIAN_POINT ( 'NONE',  ( 11.31040644424216200, -1.934550932831752300, 0.1000000000000000100 ) ) ;
#6346 = VECTOR ( 'NONE', #11538, 1000.000000000000000 ) ;
#6347 = LINE ( 'NONE', #4838, #5223 ) ;
#6348 = PLANE ( 'NONE',  #11684 ) ;
#6349 = DIRECTION ( 'NONE',  ( -1.000000000000000000, 1.204669080539440800E-014, 0.0000000000000000000 ) ) ;
#6350 = VERTEX_POINT ( 'NONE', #9959 ) ;
#6351 = EDGE_CURVE ( 'NONE', #6317, #10199, #3843, .T. ) ;
#6352 = EDGE_LOOP ( 'NONE', ( #7229, #2553, #10286, #7267 ) ) ;
#6353 = EDGE_LOOP ( 'NONE', ( #8200, #7186, #3347, #139 ) ) ;
#6354 = CARTESIAN_POINT ( 'NONE',  ( 10.01400435839590700, -1.370506223071674700, 0.1000000000000000100 ) ) ;
#6355 = DIRECTION ( 'NONE',  ( 0.9826100761575613500, 0.1856810120438580600, 0.0000000000000000000 ) ) ;
#6356 = ORIENTED_EDGE ( 'NONE', *, *, #7798, .T. ) ;
#6357 = CARTESIAN_POINT ( 'NONE',  ( 10.53976809592247200, -1.911637479816519200, 0.0000000000000000000 ) ) ;
#6358 = CARTESIAN_POINT ( 'NONE',  ( 8.000000000000007100, 9.157317253416650300, 3.099999999999998800 ) ) ;
#6359 = CARTESIAN_POINT ( 'NONE',  ( 13.64169637919543400, -8.000000000000076400, 8.099999999999999600 ) ) ;
#6360 = DIRECTION ( 'NONE',  ( 0.0000000000000000000, -1.000000000000000000, 0.0000000000000000000 ) ) ;
#6361 = VERTEX_POINT ( 'NONE', #7308 ) ;
#6362 = EDGE_CURVE ( 'NONE', #7937, #10842, #3311, .T. ) ;
#6363 = EDGE_CURVE ( 'NONE', #3025, #2795, #9820, .T. ) ;
#6364 = CARTESIAN_POINT ( 'NONE',  ( 9.935205647881327100, -1.673320720840531200, -0.0000000000000000000 ) ) ;
#6365 = ORIENTED_EDGE ( 'NONE', *, *, #2610, .T. ) ;
#6366 = CARTESIAN_POINT ( 'NONE',  ( 9.948105704161845300, -1.728967115335418000, 0.1000000000000000100 ) ) ;
#6367 = VECTOR ( 'NONE', #1501, 1000.000000000000000 ) ;
#6368 = LINE ( 'NONE', #631, #8134 ) ;
#6369 = CARTESIAN_POINT ( 'NONE',  ( 10.81777029730337400, -6.985869480539777900, 0.1000000000000000100 ) ) ;
#6370 = CARTESIAN_POINT ( 'NONE',  ( 39.99999999999999300, 14.49999999999999500, 0.0000000000000000000 ) ) ;
#6371 = CARTESIAN_POINT ( 'NONE',  ( 11.19823421212330000, -1.669549086370103700, 0.1000000000000000100 ) ) ;
#6372 = CARTESIAN_POINT ( 'NONE',  ( 9.931699822665049000, -6.895438278732027200, 0.1000000000000000100 ) ) ;
#6373 = DIRECTION ( 'NONE',  ( 0.0000000000000000000, -0.0000000000000000000, -1.000000000000000000 ) ) ;
#6374 = VERTEX_POINT ( 'NONE', #4619 ) ;
#6375 = ADVANCED_FACE ( 'NONE', ( #3264 ), #3755, .F. ) ;
#6376 = CARTESIAN_POINT ( 'NONE',  ( 9.991334143927110400, -6.690100193155561000, -1.355252715606880500E-017 ) ) ;
#6377 = CARTESIAN_POINT ( 'NONE',  ( 0.0000000000000000000, -3.500000000000000400, 8.099999999999999600 ) ) ;
#6378 = B_SPLINE_CURVE_WITH_KNOTS ( 'NONE', 3,
 ( #5575, #10901, #1042, #7371, #1980, #8280, #2916, #9171, #3823, #10057, #4709, #10939, #5618, #142, #6508, #1085, #7413, #2020, #8316 ),
 .UNSPECIFIED., .F., .F.,
 ( 4, 1, 1, 1, 1, 1, 1, 1, 1, 1, 1, 1, 1, 1, 1, 1, 4 ),
 ( 0.0000000000000000000, 0.07008529061090131000, 0.1372359620841719900, 0.2011315888288887100, 0.2631504907121567900, 0.3229537643608739200, 0.3820256137682565000, 0.4406153963056160800, 0.4997007892978526700, 0.5593254030960935800, 0.6185535672731741200, 0.6781468605292061400, 0.7386051148418675300, 0.8006999456940973000, 0.8646289571896845800, 0.9307993716296906200, 1.000000000000000000 ),
 .UNSPECIFIED. ) ;
#6379 = ORIENTED_EDGE ( 'NONE', *, *, #4797, .T. ) ;
#6380 = DIRECTION ( 'NONE',  ( 1.000000000000000000, 0.0000000000000000000, -0.0000000000000000000 ) ) ;
#6381 = EDGE_CURVE ( 'NONE', #6148, #1040, #5699, .T. ) ;
#6382 = ORIENTED_EDGE ( 'NONE', *, *, #3889, .F. ) ;
#6383 = LINE ( 'NONE', #7912, #6209 ) ;
#6384 = EDGE_CURVE ( 'NONE', #1026, #7129, #80, .T. ) ;
#6385 = DIRECTION ( 'NONE',  ( -0.0000000000000000000, 0.0000000000000000000, -1.000000000000000000 ) ) ;
#6387 = ORIENTED_EDGE ( 'NONE', *, *, #1592, .F. ) ;
#6386 = EDGE_CURVE ( 'NONE', #10713, #2507, #9886, .T. ) ;
#6388 = CARTESIAN_POINT ( 'NONE',  ( 11.08724639933585400, -1.355395505842639000, 1.355252715606880500E-017 ) ) ;
#6389 = CARTESIAN_POINT ( 'NONE',  ( 10.10549148813806000, -1.892759340152295700, 0.1000000000000000100 ) ) ;
#6390 = DIRECTION ( 'NONE',  ( -0.4739549207089753800, -0.8805491088722701100, 0.0000000000000000000 ) ) ;
#6391 = ORIENTED_EDGE ( 'NONE', *, *, #1379, .F. ) ;
#6392 = CARTESIAN_POINT ( 'NONE',  ( 47.50000000000000000, -25.50000000000000000, 14.20327780786684700 ) ) ;
#6393 = VECTOR ( 'NONE', #5727, 1000.000000000000000 ) ;
#6394 = CARTESIAN_POINT ( 'NONE',  ( 11.26004045349408900, -9.111898264729241200, 0.0000000000000000000 ) ) ;
#6395 = LINE ( 'NONE', #4325, #5440 ) ;
#6396 = DIRECTION ( 'NONE',  ( -1.000000000000000000, 0.0000000000000000000, 0.0000000000000000000 ) ) ;
#6397 = EDGE_CURVE ( 'NONE', #161, #4053, #11160, .T. ) ;
#6398 = ORIENTED_EDGE ( 'NONE', *, *, #4805, .T. ) ;
#6399 = CARTESIAN_POINT ( 'NONE',  ( 11.37642954233092500, -8.870889220065016900, 0.1000000000000000100 ) ) ;
#6400 = ORIENTED_EDGE ( 'NONE', *, *, #9664, .T. ) ;
#6401 = DIRECTION ( 'NONE',  ( 0.0000000000000000000, 0.0000000000000000000, 1.000000000000000000 ) ) ;
#6402 = VECTOR ( 'NONE', #10961, 1000.000000000000000 ) ;
#6403 = CARTESIAN_POINT ( 'NONE',  ( 43.50000000000000000, 9.150045345896282700, 0.0000000000000000000 ) ) ;
#6404 = AXIS2_PLACEMENT_3D ( 'NONE', #11148, #3850, #3284 ) ;
#6405 = LINE ( 'NONE', #5362, #3572 ) ;
#6406 = VECTOR ( 'NONE', #7018, 1000.000000000000000 ) ;
#6407 = CARTESIAN_POINT ( 'NONE',  ( 10.44114188564112100, -1.673246638571285000, 4.065758146820641600E-017 ) ) ;
#6408 = CARTESIAN_POINT ( 'NONE',  ( 10.17871372653082100, -7.180636825241236000, 0.0000000000000000000 ) ) ;
#6409 = ORIENTED_EDGE ( 'NONE', *, *, #9622, .F. ) ;
#6410 = DIRECTION ( 'NONE',  ( 1.000000000000000000, 0.0000000000000000000, -0.0000000000000000000 ) ) ;
#6411 = ORIENTED_EDGE ( 'NONE', *, *, #3325, .T. ) ;
#6412 = DIRECTION ( 'NONE',  ( -0.0000000000000000000, -0.0000000000000000000, -1.000000000000000000 ) ) ;
#6413 = CARTESIAN_POINT ( 'NONE',  ( 11.31867504756417400, -1.307453288838196400, 1.355252715606880500E-017 ) ) ;
#6414 = CARTESIAN_POINT ( 'NONE',  ( 9.962981374332322600, -7.315618928297491900, 0.1000000000000000100 ) ) ;
#6415 = LINE ( 'NONE', #299, #9308 ) ;
#6416 = VECTOR ( 'NONE', #1080, 1000.000000000000200 ) ;
#6417 = FACE_OUTER_BOUND ( 'NONE', #8802, .T. ) ;
#6418 = CARTESIAN_POINT ( 'NONE',  ( 10.17087597683959600, -6.583959702656856400, 0.1000000000000000100 ) ) ;
#6419 = ORIENTED_EDGE ( 'NONE', *, *, #10426, .T. ) ;
#6420 = AXIS2_PLACEMENT_3D ( 'NONE', #6666, #4860, #1246 ) ;
#6421 = DIRECTION ( 'NONE',  ( 0.9961946980917452100, -0.08715574274766198200, 0.0000000000000000000 ) ) ;
#6422 = ORIENTED_EDGE ( 'NONE', *, *, #4573, .F. ) ;
#6423 = CARTESIAN_POINT ( 'NONE',  ( 10.19707653622118400, -2.110599986751305200, 0.1000000000000000100 ) ) ;
#6424 = EDGE_CURVE ( 'NONE', #8869, #2897, #7086, .T. ) ;
#6425 = ORIENTED_EDGE ( 'NONE', *, *, #2425, .F. ) ;
#6426 = DIRECTION ( 'NONE',  ( 0.0000000000000000000, -1.000000000000000000, 0.0000000000000000000 ) ) ;
#6427 = LINE ( 'NONE', #6073, #4804 ) ;
#6428 = DIRECTION ( 'NONE',  ( 0.0000000000000000000, 0.0000000000000000000, -1.000000000000000000 ) ) ;
#6429 = VERTEX_POINT ( 'NONE', #11141 ) ;
#6430 = CARTESIAN_POINT ( 'NONE',  ( 8.000000000000007100, -7.000000000000000900, 3.250000000000000000 ) ) ;
#6431 = CARTESIAN_POINT ( 'NONE',  ( 10.63792509798351900, -1.487853406948823000, 0.1000000000000000100 ) ) ;
#6432 = ORIENTED_EDGE ( 'NONE', *, *, #5532, .T. ) ;
#6433 = CARTESIAN_POINT ( 'NONE',  ( 39.99999999999999300, 14.49999999999999500, 2.700000000000000200 ) ) ;
#6434 = EDGE_LOOP ( 'NONE', ( #2907, #5262, #4387, #9470, #3830, #910, #10111, #9535, #10676, #923, #11046, #10456, #6181, #3382, #6103, #10619 ) ) ;
#6435 = CARTESIAN_POINT ( 'NONE',  ( 42.49999999999999300, -17.99999999999999600, 0.0000000000000000000 ) ) ;
#6436 = ORIENTED_EDGE ( 'NONE', *, *, #2091, .F. ) ;
#6437 = EDGE_CURVE ( 'NONE', #4615, #6288, #9343, .T. ) ;
#6438 = EDGE_CURVE ( 'NONE', #11084, #9058, #1071, .T. ) ;
#6439 = CARTESIAN_POINT ( 'NONE',  ( 10.96114930745268400, -2.172521631857923900, 0.0000000000000000000 ) ) ;
#6440 = DIRECTION ( 'NONE',  ( 0.0000000000000000000, -1.000000000000000000, 0.0000000000000000000 ) ) ;
#6441 = LINE ( 'NONE', #11215, #1720 ) ;
#6442 = LINE ( 'NONE', #8831, #8111 ) ;
#6443 = ORIENTED_EDGE ( 'NONE', *, *, #7890, .F. ) ;
#6444 = CARTESIAN_POINT ( 'NONE',  ( 10.33662825879521700, -1.852190755017378200, 0.1000000000000000100 ) ) ;
#6445 = EDGE_LOOP ( 'NONE', ( #10197, #8810, #10064, #10140 ) ) ;
#6446 = CARTESIAN_POINT ( 'NONE',  ( 11.22161156514606400, -9.150926875616193000, -0.0000000000000000000 ) ) ;
#6447 = VECTOR ( 'NONE', #3710, 1000.000000000000000 ) ;
#6448 = AXIS2_PLACEMENT_3D ( 'NONE', #2872, #2828, #4667 ) ;
#6449 = DIRECTION ( 'NONE',  ( 1.000000000000000000, 0.0000000000000000000, 0.0000000000000000000 ) ) ;
#6450 = EDGE_CURVE ( 'NONE', #2202, #7332, #743, .T. ) ;
#6451 = EDGE_CURVE ( 'NONE', #8128, #2673, #8297, .T. ) ;
#6452 = CARTESIAN_POINT ( 'NONE',  ( 11.09280989576377900, -8.273873149643773000, 1.355252715606880500E-017 ) ) ;
#6453 = DIRECTION ( 'NONE',  ( -0.0000000000000000000, -0.0000000000000000000, -1.000000000000000000 ) ) ;
#6454 = ORIENTED_EDGE ( 'NONE', *, *, #10753, .F. ) ;
#6455 = LINE ( 'NONE', #657, #6685 ) ;
#6456 = CARTESIAN_POINT ( 'NONE',  ( 44.50000000000000000, -6.712520664578066000, -17.91005284086394400 ) ) ;
#6457 = CARTESIAN_POINT ( 'NONE',  ( 10.20464502991615100, 6.667092958867337800, 0.1000000000000000100 ) ) ;
#6458 = CARTESIAN_POINT ( 'NONE',  ( 5.393968951792283300, 12.74344776061612400, 0.0000000000000000000 ) ) ;
#6459 = ORIENTED_EDGE ( 'NONE', *, *, #9260, .F. ) ;
#6460 = EDGE_CURVE ( 'NONE', #8835, #3882, #5063, .T. ) ;
#6461 = DIRECTION ( 'NONE',  ( -0.8285483883161431900, 0.5599174655417721300, 0.0000000000000000000 ) ) ;
#6462 = DIRECTION ( 'NONE',  ( 1.982541115402065100E-016, 1.000000000000000000, 0.0000000000000000000 ) ) ;
#6463 = VECTOR ( 'NONE', #7972, 1000.000000000000000 ) ;
#6464 = ORIENTED_EDGE ( 'NONE', *, *, #9228, .T. ) ;
#6465 = LINE ( 'NONE', #1669, #925 ) ;
#6466 = FACE_OUTER_BOUND ( 'NONE', #6720, .T. ) ;
#6467 = CARTESIAN_POINT ( 'NONE',  ( 9.931431591490012400, -1.612528731624147400, 0.1000000000000000100 ) ) ;
#6468 = CARTESIAN_POINT ( 'NONE',  ( 10.20464502991615100, 6.667092958867337800, 0.1000000000000000100 ) ) ;
#6469 = PLANE ( 'NONE',  #8949 ) ;
#6470 = CARTESIAN_POINT ( 'NONE',  ( 36.00000000000000700, -19.99999999999999600, 8.099999999999999600 ) ) ;
#6471 = ORIENTED_EDGE ( 'NONE', *, *, #4229, .F. ) ;
#6472 = CARTESIAN_POINT ( 'NONE',  ( 42.49999999999999300, -6.712520664578059700, 8.099999999999999600 ) ) ;
#6473 = CARTESIAN_POINT ( 'NONE',  ( 10.91227574733416700, -2.173567692663108500, 0.1000000000000000100 ) ) ;
#6474 = LINE ( 'NONE', #1511, #6367 ) ;
#6475 = EDGE_LOOP ( 'NONE', ( #7617, #10454, #2679, #2960 ) ) ;
#6476 = LINE ( 'NONE', #8794, #6293 ) ;
#6477 = CARTESIAN_POINT ( 'NONE',  ( 9.964645029916139800, 5.017092958867341000, 0.1000000000000000100 ) ) ;
#6478 = LINE ( 'NONE', #2424, #6393 ) ;
#6479 = EDGE_LOOP ( 'NONE', ( #4351, #6078, #2546, #6869 ) ) ;
#6480 = CARTESIAN_POINT ( 'NONE',  ( 36.76794919243109700, -12.99999999999999800, 8.099999999999999600 ) ) ;
#6481 = CARTESIAN_POINT ( 'NONE',  ( 10.19574299676949300, -1.903270652283345600, 4.065758146820641600E-017 ) ) ;
#6482 = LINE ( 'NONE', #8249, #7915 ) ;
#6483 = EDGE_LOOP ( 'NONE', ( #4823, #3656, #8245, #4222 ) ) ;
#6484 = ORIENTED_EDGE ( 'NONE', *, *, #4925, .F. ) ;
#6485 = CARTESIAN_POINT ( 'NONE',  ( 10.67948353954195900, -6.204736523831940100, 0.1000000000000000100 ) ) ;
#6486 = ORIENTED_EDGE ( 'NONE', *, *, #9436, .T. ) ;
#6487 = CARTESIAN_POINT ( 'NONE',  ( 35.49999999999999300, 0.9999999999999963400, 1.500000000000000000 ) ) ;
#6488 = CARTESIAN_POINT ( 'NONE',  ( 11.06096451454356400, -1.331439133541092700, 0.1000000000000000100 ) ) ;
#6489 = DIRECTION ( 'NONE',  ( 0.6246950475544245100, -0.7808688094430301700, 0.0000000000000000000 ) ) ;
#6490 = CARTESIAN_POINT ( 'NONE',  ( 10.60351364480287600, -8.495126498406595100, 0.0000000000000000000 ) ) ;
#6491 = DIRECTION ( 'NONE',  ( 0.0000000000000000000, 0.0000000000000000000, -1.000000000000000000 ) ) ;
#6492 = LINE ( 'NONE', #11454, #1765 ) ;
#6493 = VECTOR ( 'NONE', #6785, 1000.000000000000000 ) ;
#6494 = DIRECTION ( 'NONE',  ( 0.0000000000000000000, 0.0000000000000000000, -1.000000000000000000 ) ) ;
#6495 = DIRECTION ( 'NONE',  ( 0.0000000000000000000, -0.0000000000000000000, -1.000000000000000000 ) ) ;
#6496 = EDGE_LOOP ( 'NONE', ( #6532, #9256, #3765, #4292, #1519, #5702, #9776, #9826, #7652, #8250 ) ) ;
#6497 = ORIENTED_EDGE ( 'NONE', *, *, #9077, .T. ) ;
#6498 = EDGE_CURVE ( 'NONE', #8624, #2897, #7710, .T. ) ;
#6499 = CARTESIAN_POINT ( 'NONE',  ( 10.17915886421728500, -2.111230030325446500, 1.355252715606880500E-017 ) ) ;
#6500 = CARTESIAN_POINT ( 'NONE',  ( 9.815360256364448000, -7.144057495125363900, 0.1000000000000000100 ) ) ;
#6501 = CARTESIAN_POINT ( 'NONE',  ( 10.62055172003153200, -6.928287277084415100, 0.1000000000000000100 ) ) ;
#6502 = LINE ( 'NONE', #10715, #5914 ) ;
#6503 = LINE ( 'NONE', #10122, #9206 ) ;
#6504 = DIRECTION ( 'NONE',  ( 0.0000000000000000000, 1.000000000000000000, -0.0000000000000000000 ) ) ;
#6505 = CARTESIAN_POINT ( 'NONE',  ( 11.17937487017293600, -9.185965012419659500, 0.0000000000000000000 ) ) ;
#6506 = VERTEX_POINT ( 'NONE', #1292 ) ;
#6507 = DIRECTION ( 'NONE',  ( -0.0000000000000000000, -0.0000000000000000000, 1.000000000000000000 ) ) ;
#6508 = CARTESIAN_POINT ( 'NONE',  ( 9.781022894784674900, -6.737850664435207200, 0.1000000000000000100 ) ) ;
#6509 = ORIENTED_EDGE ( 'NONE', *, *, #123, .F. ) ;
#6510 = FACE_OUTER_BOUND ( 'NONE', #9305, .T. ) ;
#6511 = AXIS2_PLACEMENT_3D ( 'NONE', #8781, #10574, #5241 ) ;
#6512 = VECTOR ( 'NONE', #4881, 1000.000000000000000 ) ;
#6513 = CARTESIAN_POINT ( 'NONE',  ( 10.56288390030228200, -7.245834199185273100, 0.1000000000000000100 ) ) ;
#6514 = EDGE_CURVE ( 'NONE', #7294, #11493, #3965, .T. ) ;
#6515 = EDGE_CURVE ( 'NONE', #2463, #5705, #321, .T. ) ;
#6516 = ORIENTED_EDGE ( 'NONE', *, *, #6830, .F. ) ;
#6517 = DIRECTION ( 'NONE',  ( 0.6110987058256149900, -0.7915544022606775300, 0.0000000000000000000 ) ) ;
#6518 = ORIENTED_EDGE ( 'NONE', *, *, #7072, .T. ) ;
#6519 = ADVANCED_FACE ( 'NONE', ( #3611 ), #6847, .F. ) ;
#6520 = DIRECTION ( 'NONE',  ( -0.0000000000000000000, -0.0000000000000000000, -1.000000000000000000 ) ) ;
#6521 = DIRECTION ( 'NONE',  ( 0.0000000000000000000, -1.000000000000000000, 0.0000000000000000000 ) ) ;
#6522 = LINE ( 'NONE', #4297, #1354 ) ;
#6523 = CARTESIAN_POINT ( 'NONE',  ( 0.7879379035845669500, 8.000000000000000000, 1.000000000000000900 ) ) ;
#6524 = CARTESIAN_POINT ( 'NONE',  ( 11.21258307535878800, -8.343021732289221500, 1.355252715606880500E-017 ) ) ;
#6525 = DIRECTION ( 'NONE',  ( -1.000000000000000000, 0.0000000000000000000, 0.0000000000000000000 ) ) ;
#6526 = LINE ( 'NONE', #4728, #11507 ) ;
#6527 = CARTESIAN_POINT ( 'NONE',  ( 10.19797635432185800, -7.181116838230713600, 0.0000000000000000000 ) ) ;
#6528 = DIRECTION ( 'NONE',  ( -0.7808688094430301700, -0.6246950475544245100, 0.0000000000000000000 ) ) ;
#6529 = CARTESIAN_POINT ( 'NONE',  ( 6.849614011047667500, 2.499999999999998700, 5.000000000000000000 ) ) ;
#6530 = CARTESIAN_POINT ( 'NONE',  ( 9.765197825256244400, -6.889801458896877200, 5.421010862427522200E-017 ) ) ;
#6531 = ORIENTED_EDGE ( 'NONE', *, *, #7256, .T. ) ;
#6532 = ORIENTED_EDGE ( 'NONE', *, *, #7758, .T. ) ;
#6533 = DIRECTION ( 'NONE',  ( 1.000000000000000000, 0.0000000000000000000, 0.0000000000000000000 ) ) ;
#6534 = LINE ( 'NONE', #72, #7775 ) ;
#6535 = VECTOR ( 'NONE', #1201, 1000.000000000000000 ) ;
#6536 = EDGE_CURVE ( 'NONE', #11598, #5463, #1328, .T. ) ;
#6537 = DIRECTION ( 'NONE',  ( -1.000000000000000000, 0.0000000000000000000, 0.0000000000000000000 ) ) ;
#6538 = CARTESIAN_POINT ( 'NONE',  ( 11.13603619996276900, -8.293095877952808300, 0.1000000000000000100 ) ) ;
#6539 = DIRECTION ( 'NONE',  ( 0.0000000000000000000, -0.0000000000000000000, 1.000000000000000000 ) ) ;
#6540 = DIRECTION ( 'NONE',  ( -1.000000000000000000, 0.0000000000000000000, 0.0000000000000000000 ) ) ;
#6541 = ORIENTED_EDGE ( 'NONE', *, *, #8755, .F. ) ;
#6542 = CARTESIAN_POINT ( 'NONE',  ( 10.30591053977684300, -8.827701406274483600, 0.1000000000000000100 ) ) ;
#6543 = ORIENTED_EDGE ( 'NONE', *, *, #9531, .T. ) ;
#6544 = CARTESIAN_POINT ( 'NONE',  ( 10.87861682703568900, -6.913169500456171500, 4.065758146820641600E-017 ) ) ;
#6545 = VECTOR ( 'NONE', #3251, 1000.000000000000000 ) ;
#6546 = ORIENTED_EDGE ( 'NONE', *, *, #10099, .T. ) ;
#6547 = CARTESIAN_POINT ( 'NONE',  ( 11.85464502991615600, 6.907092958867320200, 0.1000000000000000100 ) ) ;
#6548 = VECTOR ( 'NONE', #8471, 1000.000000000000000 ) ;
#6549 = DIRECTION ( 'NONE',  ( 1.000000000000000000, -8.410780489584521600E-015, 0.0000000000000000000 ) ) ;
#6550 = ORIENTED_EDGE ( 'NONE', *, *, #2421, .T. ) ;
#6551 = CARTESIAN_POINT ( 'NONE',  ( 10.55379169473192000, -6.996287067354953300, -1.355252715606880500E-017 ) ) ;
#6552 = DIRECTION ( 'NONE',  ( -0.7999999999999990500, -0.6000000000000013100, -0.0000000000000000000 ) ) ;
#6553 = AXIS2_PLACEMENT_3D ( 'NONE', #3891, #4597, #10946 ) ;
#6554 = ORIENTED_EDGE ( 'NONE', *, *, #4353, .F. ) ;
#6555 = LINE ( 'NONE', #5216, #6406 ) ;
#6556 = CARTESIAN_POINT ( 'NONE',  ( 9.765197825256244400, -5.332009251104667100, 0.1000000000000000100 ) ) ;
#6557 = VECTOR ( 'NONE', #5499, 1000.000000000000000 ) ;
#6558 = CARTESIAN_POINT ( 'NONE',  ( 11.13459582153899400, -9.216709002788050500, -0.0000000000000000000 ) ) ;
#6559 = ORIENTED_EDGE ( 'NONE', *, *, #6536, .T. ) ;
#6560 = DIRECTION ( 'NONE',  ( -0.0000000000000000000, 1.000000000000000000, -0.0000000000000000000 ) ) ;
#6561 = ORIENTED_EDGE ( 'NONE', *, *, #4072, .F. ) ;
#6562 = DIRECTION ( 'NONE',  ( 0.0000000000000000000, 0.0000000000000000000, -1.000000000000000000 ) ) ;
#6563 = CARTESIAN_POINT ( 'NONE',  ( 19.38136546526024500, -7.937784117174111900, 3.099999999999999600 ) ) ;
#6564 = VERTEX_POINT ( 'NONE', #476 ) ;
#6565 = PLANE ( 'NONE',  #7887 ) ;
#6566 = VECTOR ( 'NONE', #10100, 1000.000000000000000 ) ;
#6567 = CARTESIAN_POINT ( 'NONE',  ( 9.796594084796215200, -7.099565554590072700, 0.1000000000000000100 ) ) ;
#6568 = FACE_OUTER_BOUND ( 'NONE', #6190, .T. ) ;
#6569 = CARTESIAN_POINT ( 'NONE',  ( 19.33333333333341000, -8.000000000000076400, 3.099999999999998800 ) ) ;
#6570 = DIRECTION ( 'NONE',  ( 1.000000000000000000, 0.0000000000000000000, 0.0000000000000000000 ) ) ;
#6571 = VERTEX_POINT ( 'NONE', #1374 ) ;
#6572 = EDGE_CURVE ( 'NONE', #10580, #6938, #9486, .T. ) ;
#6573 = CARTESIAN_POINT ( 'NONE',  ( 6.849614011047666700, 12.83456326127513100, 5.000000000000000000 ) ) ;
#6574 = CARTESIAN_POINT ( 'NONE',  ( 11.38597704603546700, -8.755061199156616100, 0.1000000000000000100 ) ) ;
#6575 = ORIENTED_EDGE ( 'NONE', *, *, #9733, .T. ) ;
#6576 = CARTESIAN_POINT ( 'NONE',  ( 11.17740176397118100, -1.496352621507488000, 1.355252715606880500E-017 ) ) ;
#6577 = ADVANCED_FACE ( 'NONE', ( #9199 ), #11289, .F. ) ;
#6578 = VECTOR ( 'NONE', #3167, 999.9999999999998900 ) ;
#6579 = CARTESIAN_POINT ( 'NONE',  ( 10.56368793806409900, -9.244693462656158500, 0.1000000000000000100 ) ) ;
#6580 = CARTESIAN_POINT ( 'NONE',  ( 10.81777029730337400, -6.985869480539777900, 4.065758146820641600E-017 ) ) ;
#6581 = EDGE_LOOP ( 'NONE', ( #426, #8996, #2615, #2806 ) ) ;
#6582 = LINE ( 'NONE', #11331, #2064 ) ;
#6583 = CARTESIAN_POINT ( 'NONE',  ( 32.49999999999998600, 9.250000000000001800, 7.099999999999999600 ) ) ;
#6584 = EDGE_CURVE ( 'NONE', #4066, #4385, #11620, .T. ) ;
#6585 = EDGE_CURVE ( 'NONE', #11447, #6120, #2280, .T. ) ;
#6586 = DIRECTION ( 'NONE',  ( -0.0000000000000000000, -0.0000000000000000000, -1.000000000000000000 ) ) ;
#6587 = DIRECTION ( 'NONE',  ( -1.000000000000000000, 0.0000000000000000000, -0.0000000000000000000 ) ) ;
#6588 = B_SPLINE_CURVE_WITH_KNOTS ( 'NONE', 3,
 ( #6294, #3631, #6327, #893, #7228, #1823, #8138, #2767, #9020, #3671, #9917, #4574, #10799, #5469, #11680, #6364, #926, #7269, #1860 ),
 .UNSPECIFIED., .F., .F.,
 ( 4, 1, 1, 1, 1, 1, 1, 1, 1, 1, 1, 1, 1, 1, 1, 1, 4 ),
 ( 0.0000000000000000000, 0.06499128896974841500, 0.1275730336673059600, 0.1882068798713103000, 0.2472493508018179800, 0.3049852207579573600, 0.3625230253963737700, 0.4208060760220008700, 0.4815087643700461900, 0.5427048300641856800, 0.6040099959472002800, 0.6657496347050851900, 0.7281129899967904200, 0.7923848357815291800, 0.8592679122308813900, 0.9283261810610773400, 1.000000000000000000 ),
 .UNSPECIFIED. ) ;
#6589 = VERTEX_POINT ( 'NONE', #513 ) ;
#6590 = LINE ( 'NONE', #6893, #4391 ) ;
#6591 = CARTESIAN_POINT ( 'NONE',  ( 10.45124726252410400, -7.088146330104644100, 0.1000000000000000100 ) ) ;
#6592 = CARTESIAN_POINT ( 'NONE',  ( 32.49999999999998600, 9.250000000000001800, 7.099999999999999600 ) ) ;
#6593 = DIRECTION ( 'NONE',  ( 0.0000000000000000000, -1.000000000000000000, 0.0000000000000000000 ) ) ;
#6594 = VERTEX_POINT ( 'NONE', #9566 ) ;
#6595 = LINE ( 'NONE', #2513, #6818 ) ;
#6596 = LINE ( 'NONE', #7571, #795 ) ;
#6597 = CARTESIAN_POINT ( 'NONE',  ( 10.18630172136014200, -1.903437822533238500, 0.1000000000000000100 ) ) ;
#6598 = ORIENTED_EDGE ( 'NONE', *, *, #9806, .F. ) ;
#6599 = EDGE_CURVE ( 'NONE', #7578, #9081, #6677, .T. ) ;
#6600 = EDGE_CURVE ( 'NONE', #6267, #11303, #10822, .T. ) ;
#6601 = LINE ( 'NONE', #7213, #6463 ) ;
#6602 = ORIENTED_EDGE ( 'NONE', *, *, #3818, .F. ) ;
#6603 = VECTOR ( 'NONE', #5664, 1000.000000000000000 ) ;
#6604 = EDGE_CURVE ( 'NONE', #9666, #9267, #2515, .T. ) ;
#6605 = DIRECTION ( 'NONE',  ( 0.0000000000000000000, -1.000000000000000000, 0.0000000000000000000 ) ) ;
#6606 = ORIENTED_EDGE ( 'NONE', *, *, #7337, .T. ) ;
#6607 = CARTESIAN_POINT ( 'NONE',  ( 9.962981374332322600, -7.315618928297491900, 5.421010862427522200E-017 ) ) ;
#6608 = ORIENTED_EDGE ( 'NONE', *, *, #6301, .F. ) ;
#6609 = CARTESIAN_POINT ( 'NONE',  ( 10.51884536322203400, -1.895046570433441600, 0.1000000000000000100 ) ) ;
#6610 = CARTESIAN_POINT ( 'NONE',  ( 9.951540365832841000, -1.475738220955259600, 0.1000000000000000100 ) ) ;
#6611 = CARTESIAN_POINT ( 'NONE',  ( 33.50000000000000000, -22.00000000000000000, 8.099999999999999600 ) ) ;
#6612 = LINE ( 'NONE', #2156, #1907 ) ;
#6613 = CARTESIAN_POINT ( 'NONE',  ( 9.765197825256244400, -5.099866393961810300, 0.1000000000000000100 ) ) ;
#6614 = ORIENTED_EDGE ( 'NONE', *, *, #3738, .T. ) ;
#6615 = VECTOR ( 'NONE', #31, 1000.000000000000000 ) ;
#6616 = CARTESIAN_POINT ( 'NONE',  ( 11.13459582153899400, -9.216709002788050500, 1.355252715606880500E-017 ) ) ;
#6617 = CARTESIAN_POINT ( 'NONE',  ( 10.00000000000000200, -17.63735574933683000, 2.999999999999999100 ) ) ;
#6618 = VERTEX_POINT ( 'NONE', #5582 ) ;
#6619 = CARTESIAN_POINT ( 'NONE',  ( 42.50000000000000000, 17.50000000000000000, 43.15709628591621100 ) ) ;
#6620 = ORIENTED_EDGE ( 'NONE', *, *, #5390, .F. ) ;
#6621 = CARTESIAN_POINT ( 'NONE',  ( 11.08765441163744600, -9.243002007859063300, 0.0000000000000000000 ) ) ;
#6622 = DIRECTION ( 'NONE',  ( -0.0000000000000000000, -0.0000000000000000000, 1.000000000000000000 ) ) ;
#6623 = CARTESIAN_POINT ( 'NONE',  ( 0.7879379035845669500, -7.849539771895425000, 5.000000000000000000 ) ) ;
#6624 = DIRECTION ( 'NONE',  ( -0.9826100761575613500, -0.1856810120438580600, 0.0000000000000000000 ) ) ;
#6625 = CARTESIAN_POINT ( 'NONE',  ( 32.49999999999998600, -2.000000000000000000, 5.099999999999999600 ) ) ;
#6626 = VERTEX_POINT ( 'NONE', #11101 ) ;
#6627 = VECTOR ( 'NONE', #7765, 1000.000000000000000 ) ;
#6628 = ORIENTED_EDGE ( 'NONE', *, *, #2935, .F. ) ;
#6629 = DIRECTION ( 'NONE',  ( -0.0000000000000000000, -0.0000000000000000000, -1.000000000000000000 ) ) ;
#6630 = ORIENTED_EDGE ( 'NONE', *, *, #10331, .F. ) ;
#6631 = CARTESIAN_POINT ( 'NONE',  ( 10.78142073132024800, -2.155287423538289300, 0.1000000000000000100 ) ) ;
#6632 = CARTESIAN_POINT ( 'NONE',  ( 10.90026276032118000, -1.009931329026744900, 0.1000000000000000100 ) ) ;
#6633 = ADVANCED_FACE ( 'NONE', ( #8166 ), #9026, .F. ) ;
#6634 = LINE ( 'NONE', #8241, #6242 ) ;
#6635 = ADVANCED_FACE ( 'NONE', ( #7926 ), #4932, .F. ) ;
#6636 = AXIS2_PLACEMENT_3D ( 'NONE', #4562, #10792, #5462 ) ;
#6637 = CYLINDRICAL_SURFACE ( 'NONE', #3354, 0.5000000000000004400 ) ;
#6638 = CARTESIAN_POINT ( 'NONE',  ( 11.31867504756417400, -1.307453288838196400, 0.1000000000000000100 ) ) ;
#6639 = CARTESIAN_POINT ( 'NONE',  ( 11.27518378683679500, -8.408805365613998700, 1.355252715606880500E-017 ) ) ;
#6640 = CARTESIAN_POINT ( 'NONE',  ( 10.67948353954195900, -6.204736523831940100, 0.1000000000000000100 ) ) ;
#6641 = DIRECTION ( 'NONE',  ( 0.0000000000000000000, -0.0000000000000000000, -1.000000000000000000 ) ) ;
#6642 = ORIENTED_EDGE ( 'NONE', *, *, #8481, .T. ) ;
#6643 = CARTESIAN_POINT ( 'NONE',  ( 6.849614011047666700, -12.83456326127513100, 5.000000000000000000 ) ) ;
#6644 = CARTESIAN_POINT ( 'NONE',  ( 10.20902899408741700, -7.389152108247527600, 0.1000000000000000100 ) ) ;
#6645 = VERTEX_POINT ( 'NONE', #8721 ) ;
#6646 = CARTESIAN_POINT ( 'NONE',  ( 10.55301698697351600, -1.944691294708802400, 0.1000000000000000100 ) ) ;
#6647 = VECTOR ( 'NONE', #8107, 1000.000000000000000 ) ;
#6648 = CARTESIAN_POINT ( 'NONE',  ( 9.932111239485207600, -1.575850651675627400, 0.1000000000000000100 ) ) ;
#6649 = LINE ( 'NONE', #5888, #10472 ) ;
#6650 = CARTESIAN_POINT ( 'NONE',  ( 11.02185854337784800, -9.057286444266676300, 0.1000000000000000100 ) ) ;
#6651 = CARTESIAN_POINT ( 'NONE',  ( 36.49999999999999300, 14.49999999999999500, 1.000000000000000000 ) ) ;
#6652 = VERTEX_POINT ( 'NONE', #7718 ) ;
#6653 = EDGE_CURVE ( 'NONE', #9871, #3062, #1746, .T. ) ;
#6654 = EDGE_CURVE ( 'NONE', #6948, #4083, #10868, .T. ) ;
#6655 = CARTESIAN_POINT ( 'NONE',  ( 11.18722822392984600, -1.528805082184967700, 0.1000000000000000100 ) ) ;
#6656 = CARTESIAN_POINT ( 'NONE',  ( 11.13662639668481600, -7.721619640715059200, 0.1000000000000000100 ) ) ;
#6657 = CARTESIAN_POINT ( 'NONE',  ( 11.36519782525624600, -2.672268991364406900, -0.0000000000000000000 ) ) ;
#6658 = EDGE_LOOP ( 'NONE', ( #5600, #5366, #8188, #7142, #9616, #8813, #1698, #803 ) ) ;
#6659 = DIRECTION ( 'NONE',  ( -0.0000000000000000000, -0.0000000000000000000, -1.000000000000000000 ) ) ;
#6660 = FACE_OUTER_BOUND ( 'NONE', #7842, .T. ) ;
#6661 = CARTESIAN_POINT ( 'NONE',  ( 11.09256890880230100, -6.424349763572587700, 2.710505431213761100E-017 ) ) ;
#6662 = LINE ( 'NONE', #6042, #2051 ) ;
#6663 = PLANE ( 'NONE',  #11508 ) ;
#6664 = ADVANCED_FACE ( 'NONE', ( #3288 ), #10578, .T. ) ;
#6665 = CARTESIAN_POINT ( 'NONE',  ( 10.38387343221518400, -9.079217898638322700, -0.0000000000000000000 ) ) ;
#6666 = CARTESIAN_POINT ( 'NONE',  ( 37.00000000000000700, -16.38697369497305400, -2.591308581727732400 ) ) ;
#6667 = ORIENTED_EDGE ( 'NONE', *, *, #2475, .F. ) ;
#6668 = VERTEX_POINT ( 'NONE', #4495 ) ;
#6669 = AXIS2_PLACEMENT_3D ( 'NONE', #10109, #10151, #4801 ) ;
#6670 = CARTESIAN_POINT ( 'NONE',  ( 11.19387527155434000, -1.562750137076546600, 0.1000000000000000100 ) ) ;
#6671 = CARTESIAN_POINT ( 'NONE',  ( 42.88350718518842100, 10.15004534589628600, 8.099999999999999600 ) ) ;
#6672 = CARTESIAN_POINT ( 'NONE',  ( 11.38597704603546700, -8.755061199156616100, 0.0000000000000000000 ) ) ;
#6673 = DIRECTION ( 'NONE',  ( -0.0000000000000000000, -0.0000000000000000000, 1.000000000000000000 ) ) ;
#6674 = EDGE_CURVE ( 'NONE', #5102, #658, #7268, .T. ) ;
#6675 = VECTOR ( 'NONE', #5145, 1000.000000000000000 ) ;
#6676 = EDGE_CURVE ( 'NONE', #9216, #1478, #3587, .T. ) ;
#6677 = LINE ( 'NONE', #3278, #10248 ) ;
#6678 = CARTESIAN_POINT ( 'NONE',  ( 11.22708518053002500, -18.50000000000000000, 3.099999999999999600 ) ) ;
#6679 = CARTESIAN_POINT ( 'NONE',  ( 9.931699822665049000, -6.895438278732027200, -0.0000000000000000000 ) ) ;
#6680 = ORIENTED_EDGE ( 'NONE', *, *, #2766, .F. ) ;
#6681 = CARTESIAN_POINT ( 'NONE',  ( 10.73075162289136700, -9.080251806639349600, 0.0000000000000000000 ) ) ;
#6682 = EDGE_LOOP ( 'NONE', ( #180, #3513, #2272, #8388 ) ) ;
#6683 = CARTESIAN_POINT ( 'NONE',  ( 11.33924300420896500, -1.350986723971554100, 1.355252715606880500E-017 ) ) ;
#6684 = DIRECTION ( 'NONE',  ( -1.000000000000000000, -0.0000000000000000000, -0.0000000000000000000 ) ) ;
#6685 = VECTOR ( 'NONE', #6110, 1000.000000000000000 ) ;
#6686 = VERTEX_POINT ( 'NONE', #3812 ) ;
#6687 = VECTOR ( 'NONE', #4830, 1000.000000000000000 ) ;
#6688 = CARTESIAN_POINT ( 'NONE',  ( 10.06960905400141600, -6.401233919133783700, 4.065758146820641600E-017 ) ) ;
#6689 = CARTESIAN_POINT ( 'NONE',  ( 11.36519782525624600, -5.124217043312459200, 0.1000000000000000100 ) ) ;
#6690 = CARTESIAN_POINT ( 'NONE',  ( 10.67008648153339900, -2.098283218915653100, 0.0000000000000000000 ) ) ;
#6691 = ORIENTED_EDGE ( 'NONE', *, *, #2320, .T. ) ;
#6692 = DIRECTION ( 'NONE',  ( 8.410780489584526400E-015, 1.000000000000000000, -0.0000000000000000000 ) ) ;
#6693 = VERTEX_POINT ( 'NONE', #4909 ) ;
#6694 = AXIS2_PLACEMENT_3D ( 'NONE', #9786, #9129, #9010 ) ;
#6695 = CARTESIAN_POINT ( 'NONE',  ( 11.37930297577506500, -7.845800931755651900, 0.1000000000000000100 ) ) ;
#6696 = VECTOR ( 'NONE', #8913, 1000.000000000000000 ) ;
#6697 = AXIS2_PLACEMENT_3D ( 'NONE', #4703, #10121, #5183 ) ;
#6698 = ORIENTED_EDGE ( 'NONE', *, *, #9207, .T. ) ;
#6699 = CARTESIAN_POINT ( 'NONE',  ( 9.868353100286551400, -1.966049800889616800, 1.355252715606880500E-017 ) ) ;
#6700 = PERSON_AND_ORGANIZATION ( #9870, #6272 ) ;
#6701 = PLANE ( 'NONE',  #2958 ) ;
#6702 = CARTESIAN_POINT ( 'NONE',  ( 10.19707653622118400, -2.110599986751305200, -0.0000000000000000000 ) ) ;
#6703 = ADVANCED_FACE ( 'NONE', ( #3204 ), #9607, .T. ) ;
#6704 = ADVANCED_FACE ( 'NONE', ( #1970 ), #10653, .F. ) ;
#6705 = VERTEX_POINT ( 'NONE', #1173 ) ;
#6706 = CARTESIAN_POINT ( 'NONE',  ( 11.39782176871888500, -7.949598989013074900, 0.0000000000000000000 ) ) ;
#6707 = ORIENTED_EDGE ( 'NONE', *, *, #10976, .T. ) ;
#6708 = CARTESIAN_POINT ( 'NONE',  ( 11.03820095113365700, -9.263837509302385700, -0.0000000000000000000 ) ) ;
#6709 = PLANE ( 'NONE',  #4177 ) ;
#6710 = VERTEX_POINT ( 'NONE', #1017 ) ;
#6711 = CARTESIAN_POINT ( 'NONE',  ( 8.200000000000008200, -8.957317253416649200, 8.099999999999999600 ) ) ;
#6712 = DIRECTION ( 'NONE',  ( -0.0000000000000000000, -0.0000000000000000000, -1.000000000000000000 ) ) ;
#6713 = VECTOR ( 'NONE', #8442, 1000.000000000000000 ) ;
#6714 = ORIENTED_EDGE ( 'NONE', *, *, #22, .F. ) ;
#6715 = VERTEX_POINT ( 'NONE', #5023 ) ;
#6716 = AXIS2_PLACEMENT_3D ( 'NONE', #8168, #4352, #3339 ) ;
#6717 = DIRECTION ( 'NONE',  ( 0.0000000000000000000, 1.000000000000000000, 0.0000000000000000000 ) ) ;
#6718 = CARTESIAN_POINT ( 'NONE',  ( 11.37979464782570600, -8.658895441887558800, -0.0000000000000000000 ) ) ;
#6719 = AXIS2_PLACEMENT_3D ( 'NONE', #7987, #7859, #7822 ) ;
#6720 = EDGE_LOOP ( 'NONE', ( #908, #397, #8312, #6698 ) ) ;
#6721 = CARTESIAN_POINT ( 'NONE',  ( 9.840239448116795600, -1.267891854139399500, 0.0000000000000000000 ) ) ;
#6722 = DIRECTION ( 'NONE',  ( -0.0000000000000000000, -0.0000000000000000000, -1.000000000000000000 ) ) ;
#6723 = ORIENTED_EDGE ( 'NONE', *, *, #4444, .T. ) ;
#6724 = FACE_OUTER_BOUND ( 'NONE', #8276, .T. ) ;
#6725 = LINE ( 'NONE', #2784, #6557 ) ;
#6726 = DIRECTION ( 'NONE',  ( 0.0000000000000000000, 0.0000000000000000000, -1.000000000000000000 ) ) ;
#6727 = CARTESIAN_POINT ( 'NONE',  ( 11.85464502991610800, 2.257092958867323000, 0.1000000000000000100 ) ) ;
#6728 = CARTESIAN_POINT ( 'NONE',  ( 11.33924300420896500, -1.350986723971554100, 0.1000000000000000100 ) ) ;
#6729 = ORIENTED_EDGE ( 'NONE', *, *, #2703, .T. ) ;
#6730 = VECTOR ( 'NONE', #7837, 1000.000000000000000 ) ;
#6731 = ADVANCED_FACE ( 'NONE', ( #8523 ), #5882, .F. ) ;
#6732 = CARTESIAN_POINT ( 'NONE',  ( 9.830446198983192800, -6.606434884466914100, 0.1000000000000000100 ) ) ;
#6733 = ORIENTED_EDGE ( 'NONE', *, *, #5616, .T. ) ;
#6734 = CARTESIAN_POINT ( 'NONE',  ( 10.87799154411139400, -2.172798963379973400, 0.1000000000000000100 ) ) ;
#6735 = LINE ( 'NONE', #7627, #9665 ) ;
#6736 = CARTESIAN_POINT ( 'NONE',  ( 11.09738580441326200, -2.135278013068573800, 0.0000000000000000000 ) ) ;
#6737 = EDGE_CURVE ( 'NONE', #7824, #758, #292, .T. ) ;
#6738 = ORIENTED_EDGE ( 'NONE', *, *, #1991, .F. ) ;
#6739 = VECTOR ( 'NONE', #10198, 1000.000000000000000 ) ;
#6740 = DIRECTION ( 'NONE',  ( 0.8320502943378487200, 0.5547001962252216000, -0.0000000000000000000 ) ) ;
#6741 = APPROVAL_ROLE ( '' ) ;
#6742 = DIRECTION ( 'NONE',  ( 1.000000000000000000, -1.204669080539452000E-014, 0.0000000000000000000 ) ) ;
#6743 = CARTESIAN_POINT ( 'NONE',  ( 36.89354909927018200, -15.78326063698208900, 8.099999999999999600 ) ) ;
#6744 = DIRECTION ( 'NONE',  ( -1.000000000000000000, 0.0000000000000000000, 0.0000000000000000000 ) ) ;
#6745 = ORIENTED_EDGE ( 'NONE', *, *, #10256, .T. ) ;
#6746 = DIRECTION ( 'NONE',  ( 1.000000000000000000, 0.0000000000000000000, 0.0000000000000000000 ) ) ;
#6747 = AXIS2_PLACEMENT_3D ( 'NONE', #3699, #11, #6390 ) ;
#6748 = CARTESIAN_POINT ( 'NONE',  ( 13.52221523408026000, 7.800000000000077100, 8.099999999999999600 ) ) ;
#6749 = EDGE_CURVE ( 'NONE', #3072, #8690, #4877, .T. ) ;
#6750 = FACE_OUTER_BOUND ( 'NONE', #6496, .T. ) ;
#6751 = EDGE_CURVE ( 'NONE', #4602, #11090, #2026, .T. ) ;
#6752 = ORIENTED_EDGE ( 'NONE', *, *, #6180, .T. ) ;
#6753 = LOCAL_TIME ( 16, 7, 12.00000000000000000, #8852 ) ;
#6754 = LINE ( 'NONE', #1722, #214 ) ;
#6755 = ORIENTED_EDGE ( 'NONE', *, *, #8855, .F. ) ;
#6756 = CARTESIAN_POINT ( 'NONE',  ( 10.18657001488797900, -1.274742167777148000, -0.0000000000000000000 ) ) ;
#6757 = CARTESIAN_POINT ( 'NONE',  ( 9.839323425877015700, -1.928653032598181200, 0.1000000000000000100 ) ) ;
#6758 = EDGE_CURVE ( 'NONE', #4955, #851, #58, .T. ) ;
#6759 = CARTESIAN_POINT ( 'NONE',  ( 11.00720079857645000, -6.756418227581371600, 0.0000000000000000000 ) ) ;
#6760 = CARTESIAN_POINT ( 'NONE',  ( 10.99619549802914500, -8.247597337936532800, 0.0000000000000000000 ) ) ;
#6761 = DIRECTION ( 'NONE',  ( -1.000000000000000000, 8.163404592832041500E-015, 0.0000000000000000000 ) ) ;
#6762 = PLANE ( 'NONE',  #1797 ) ;
#6763 = ORIENTED_EDGE ( 'NONE', *, *, #9940, .F. ) ;
#6764 = CARTESIAN_POINT ( 'NONE',  ( 9.931431591490012400, -6.884931329026747100, 0.0000000000000000000 ) ) ;
#6765 = VERTEX_POINT ( 'NONE', #5107 ) ;
#6766 = VECTOR ( 'NONE', #11315, 1000.000000000000000 ) ;
#6767 = ADVANCED_FACE ( 'NONE', ( #11338 ), #6701, .F. ) ;
#6768 = VERTEX_POINT ( 'NONE', #9259 ) ;
#6769 = ADVANCED_FACE ( 'NONE', ( #6926 ), #3757, .T. ) ;
#6770 = CARTESIAN_POINT ( 'NONE',  ( 11.19896405902248100, -1.633957303052719000, 0.1000000000000000100 ) ) ;
#6771 = CARTESIAN_POINT ( 'NONE',  ( 11.44502575710740400, -7.837523778986839500, 0.1000000000000000100 ) ) ;
#6772 = CARTESIAN_POINT ( 'NONE',  ( 9.244645029916121400, 3.107092958867349700, 0.0000000000000000000 ) ) ;
#6773 = ORIENTED_EDGE ( 'NONE', *, *, #8331, .F. ) ;
#6774 = CARTESIAN_POINT ( 'NONE',  ( 11.38514930251289500, -8.706448149552853600, 0.1000000000000000100 ) ) ;
#6775 = CARTESIAN_POINT ( 'NONE',  ( 11.00011386538594000, -1.287539040833048700, 0.1000000000000000100 ) ) ;
#6776 = CARTESIAN_POINT ( 'NONE',  ( 10.98681196333559700, -9.280806750865705700, 0.0000000000000000000 ) ) ;
#6777 = EDGE_CURVE ( 'NONE', #3606, #7044, #11627, .T. ) ;
#6778 = EDGE_CURVE ( 'NONE', #4602, #6047, #5512, .T. ) ;
#6779 = CARTESIAN_POINT ( 'NONE',  ( 9.765577576060387300, -6.872037689942779100, 4.065758146820641600E-017 ) ) ;
#6780 = CARTESIAN_POINT ( 'NONE',  ( 11.85464502991613000, 4.777092958867322100, 0.0000000000000000000 ) ) ;
#6781 = AXIS2_PLACEMENT_3D ( 'NONE', #620, #617, #603 ) ;
#6782 = EDGE_LOOP ( 'NONE', ( #6484, #5813, #7632, #618 ) ) ;
#6783 = ORIENTED_EDGE ( 'NONE', *, *, #1523, .F. ) ;
#6784 = VECTOR ( 'NONE', #7997, 1000.000000000000000 ) ;
#6785 = DIRECTION ( 'NONE',  ( -1.000000000000000000, 0.0000000000000000000, 0.0000000000000000000 ) ) ;
#6786 = CARTESIAN_POINT ( 'NONE',  ( 10.30680500306837500, -8.859585405512149200, 0.0000000000000000000 ) ) ;
#6787 = ORIENTED_EDGE ( 'NONE', *, *, #11435, .T. ) ;
#6788 = ORIENTED_EDGE ( 'NONE', *, *, #7809, .T. ) ;
#6789 = ORIENTED_EDGE ( 'NONE', *, *, #8324, .F. ) ;
#6790 = CARTESIAN_POINT ( 'NONE',  ( 10.98891523411469800, -9.070078470219936400, 1.355252715606880500E-017 ) ) ;
#6791 = CARTESIAN_POINT ( 'NONE',  ( 11.21553682045396400, -2.054855381016079000, 0.1000000000000000100 ) ) ;
#6792 = DIRECTION ( 'NONE',  ( 0.0000000000000000000, 0.0000000000000000000, 1.000000000000000000 ) ) ;
#6793 = EDGE_CURVE ( 'NONE', #8516, #4602, #6860, .T. ) ;
#6794 = VECTOR ( 'NONE', #8233, 1000.000000000000000 ) ;
#6795 = APPROVAL_PERSON_ORGANIZATION ( #9585, #5628, #8547 ) ;
#6796 = CARTESIAN_POINT ( 'NONE',  ( 10.20773029278871400, -7.181359900455318800, 0.1000000000000000100 ) ) ;
#6797 = CARTESIAN_POINT ( 'NONE',  ( 11.22975264095289700, -6.352693352655542500, 2.710505431213761100E-017 ) ) ;
#6798 = AXIS2_PLACEMENT_3D ( 'NONE', #4110, #8549, #8494 ) ;
#6799 = ORIENTED_EDGE ( 'NONE', *, *, #10186, .F. ) ;
#6800 = CARTESIAN_POINT ( 'NONE',  ( 11.59376925382767500, -7.700840419935838500, -0.0000000000000000000 ) ) ;
#6802 = ORIENTED_EDGE ( 'NONE', *, *, #9537, .T. ) ;
#6801 = AXIS2_PLACEMENT_3D ( 'NONE', #9059, #853, #9037 ) ;
#6803 = PLANE ( 'NONE',  #9477 ) ;
#6804 = LINE ( 'NONE', #5911, #7588 ) ;
#6805 = CARTESIAN_POINT ( 'NONE',  ( 36.99999999999999300, 14.49999999999999800, 5.399999999999999500 ) ) ;
#6806 = CARTESIAN_POINT ( 'NONE',  ( 11.19834230949736500, -1.597907304730930700, 0.1000000000000000100 ) ) ;
#6807 = VECTOR ( 'NONE', #4960, 1000.000000000000000 ) ;
#6808 = PLANE ( 'NONE',  #7606 ) ;
#6809 = DIRECTION ( 'NONE',  ( -0.6853646990049907500, 0.7281999926928031100, -0.0000000000000000000 ) ) ;
#6810 = CARTESIAN_POINT ( 'NONE',  ( 35.49999999999999300, -18.50000000000000000, 7.099999999999999600 ) ) ;
#6811 = VERTEX_POINT ( 'NONE', #7170 ) ;
#6812 = ORIENTED_EDGE ( 'NONE', *, *, #596, .T. ) ;
#6813 = DIRECTION ( 'NONE',  ( 0.0000000000000000000, 0.0000000000000000000, 1.000000000000000000 ) ) ;
#6814 = CARTESIAN_POINT ( 'NONE',  ( 11.56089962333025900, -7.764116619334483700, 0.1000000000000000100 ) ) ;
#6815 = CARTESIAN_POINT ( 'NONE',  ( 11.09256890880230100, -6.424349763572587700, -0.0000000000000000000 ) ) ;
#6816 = ORIENTED_EDGE ( 'NONE', *, *, #2989, .T. ) ;
#6817 = DIRECTION ( 'NONE',  ( 1.000000000000000000, 0.0000000000000000000, 0.0000000000000000000 ) ) ;
#6818 = VECTOR ( 'NONE', #8758, 1000.000000000000000 ) ;
#6819 = CARTESIAN_POINT ( 'NONE',  ( 11.58075993745551800, -7.890926173105922800, 0.1000000000000000100 ) ) ;
#6820 = CARTESIAN_POINT ( 'NONE',  ( 10.92883418889261000, -8.448892367987785000, 0.1000000000000000100 ) ) ;
#6821 = CARTESIAN_POINT ( 'NONE',  ( 10.93301989724946000, -9.292200634566681200, -0.0000000000000000000 ) ) ;
#6822 = DIRECTION ( 'NONE',  ( -0.0000000000000000000, -0.0000000000000000000, -1.000000000000000000 ) ) ;
#6823 = CARTESIAN_POINT ( 'NONE',  ( 10.57394050878888500, -8.524730020834189400, 0.1000000000000000100 ) ) ;
#6824 = ORIENTED_EDGE ( 'NONE', *, *, #189, .F. ) ;
#6825 = CARTESIAN_POINT ( 'NONE',  ( 9.785977046035466000, -9.238502757598176600, -0.0000000000000000000 ) ) ;
#6826 = EDGE_LOOP ( 'NONE', ( #8103, #9135, #5166, #6935 ) ) ;
#6827 = DIRECTION ( 'NONE',  ( -0.0000000000000000000, -0.0000000000000000000, -1.000000000000000000 ) ) ;
#6828 = VECTOR ( 'NONE', #413, 1000.000000000000000 ) ;
#6829 = VECTOR ( 'NONE', #10154, 1000.000000000000000 ) ;
#6830 = EDGE_CURVE ( 'NONE', #5176, #2422, #2352, .T. ) ;
#6831 = EDGE_CURVE ( 'NONE', #10902, #10697, #10622, .T. ) ;
#6832 = CARTESIAN_POINT ( 'NONE',  ( 11.35634736537537900, -1.396925119314498700, 1.355252715606880500E-017 ) ) ;
#6833 = PLANE ( 'NONE',  #5970 ) ;
#6834 = CARTESIAN_POINT ( 'NONE',  ( 0.7879379035845669500, -2.499999999999999600, 1.000000000000000900 ) ) ;
#6835 = CARTESIAN_POINT ( 'NONE',  ( 11.17937487017293600, -9.185965012419659500, 0.1000000000000000100 ) ) ;
#6836 = ADVANCED_FACE ( 'NONE', ( #7235 ), #2564, .F. ) ;
#6837 = VERTEX_POINT ( 'NONE', #5135 ) ;
#6838 = ADVANCED_FACE ( 'NONE', ( #6269 ), #10089, .T. ) ;
#6839 = B_SPLINE_CURVE_WITH_KNOTS ( 'NONE', 3,
 ( #4346, #4156, #4026, #3895, #3858, #3829, #3817, #3740, #3716, #3704, #3673, #3633, #3476, #3464, #3353, #3282, #3265, #3234, #3193 ),
 .UNSPECIFIED., .F., .F.,
 ( 4, 1, 1, 1, 1, 1, 1, 1, 1, 1, 1, 1, 1, 1, 1, 1, 4 ),
 ( 0.0000000000000000000, 0.07665257437725234200, 0.1489692531692866400, 0.2182334636989635400, 0.2846465169296940000, 0.3484704855267800000, 0.4110271118609060700, 0.4722626577669695200, 0.5339067704011768400, 0.5945536544879825900, 0.6529005042233564400, 0.7104325854120042700, 0.7671514050465730900, 0.8240993059967236500, 0.8812048848701148400, 0.9397824441210583800, 0.9999999999999998900 ),
 .UNSPECIFIED. ) ;
#6840 = CARTESIAN_POINT ( 'NONE',  ( 10.57394050878888500, -8.524730020834189400, 0.1000000000000000100 ) ) ;
#6841 = ORIENTED_EDGE ( 'NONE', *, *, #10557, .F. ) ;
#6842 = CARTESIAN_POINT ( 'NONE',  ( 11.37642954233092500, -8.870889220065016900, 0.1000000000000000100 ) ) ;
#6843 = VECTOR ( 'NONE', #701, 1000.000000000000000 ) ;
#6844 = CARTESIAN_POINT ( 'NONE',  ( 10.81974327980170100, -9.300840419935838100, 0.0000000000000000000 ) ) ;
#6845 = FACE_OUTER_BOUND ( 'NONE', #11156, .T. ) ;
#6846 = ORIENTED_EDGE ( 'NONE', *, *, #11367, .F. ) ;
#6847 = PLANE ( 'NONE',  #4399 ) ;
#6848 = CC_DESIGN_PERSON_AND_ORGANIZATION_ASSIGNMENT ( #6700, #3183, ( #5034 ) ) ;
#6849 = ADVANCED_FACE ( 'NONE', ( #7826 ), #6344, .T. ) ;
#6850 = CARTESIAN_POINT ( 'NONE',  ( 10.23110691616533600, -1.051489770585186400, 0.1000000000000000100 ) ) ;
#6851 = ORIENTED_EDGE ( 'NONE', *, *, #2610, .F. ) ;
#6852 = EDGE_CURVE ( 'NONE', #4520, #11374, #6156, .T. ) ;
#6853 = EDGE_CURVE ( 'NONE', #2772, #8835, #2619, .T. ) ;
#6854 = DIRECTION ( 'NONE',  ( -0.0000000000000000000, -0.0000000000000000000, -1.000000000000000000 ) ) ;
#6855 = CIRCLE ( 'NONE', #152, 1.500000000000001300 ) ;
#6857 = DIRECTION ( 'NONE',  ( -0.0000000000000000000, 0.0000000000000000000, 1.000000000000000000 ) ) ;
#6856 = DIRECTION ( 'NONE',  ( -1.000000000000000000, 0.0000000000000000000, 0.0000000000000000000 ) ) ;
#6858 = CARTESIAN_POINT ( 'NONE',  ( 8.000000000000000000, 5.249999999999999100, 3.250000000000000400 ) ) ;
#6859 = LINE ( 'NONE', #9, #7355 ) ;
#6860 = LINE ( 'NONE', #2982, #6326 ) ;
#6861 = EDGE_CURVE ( 'NONE', #10738, #6715, #3069, .T. ) ;
#6862 = ORIENTED_EDGE ( 'NONE', *, *, #11224, .F. ) ;
#6863 = CARTESIAN_POINT ( 'NONE',  ( 32.49999999999998600, 8.250000000000000000, 7.099999999999999600 ) ) ;
#6864 = CARTESIAN_POINT ( 'NONE',  ( 35.49999999999999300, -8.250000000000000000, 7.099999999999999600 ) ) ;
#6865 = DIRECTION ( 'NONE',  ( 0.7281999926928031100, 0.6853646990049906400, 0.0000000000000000000 ) ) ;
#6866 = ORIENTED_EDGE ( 'NONE', *, *, #263, .T. ) ;
#6867 = CARTESIAN_POINT ( 'NONE',  ( 11.01932458700483700, -1.943229564459796800, 0.1000000000000000100 ) ) ;
#6868 = CARTESIAN_POINT ( 'NONE',  ( 6.849614011047666700, 7.999999999999996400, 5.000000000000000000 ) ) ;
#6869 = ORIENTED_EDGE ( 'NONE', *, *, #2054, .F. ) ;
#6870 = CARTESIAN_POINT ( 'NONE',  ( 40.49999999999999300, 8.150045345896286300, 30.61942011011341700 ) ) ;
#6871 = DIRECTION ( 'NONE',  ( 1.000000000000000000, 0.0000000000000000000, 0.0000000000000000000 ) ) ;
#6872 = LINE ( 'NONE', #8122, #328 ) ;
#6873 = CARTESIAN_POINT ( 'NONE',  ( 39.99999999999999300, 19.50000000000000000, 1.000000000000000400 ) ) ;
#6874 = VERTEX_POINT ( 'NONE', #6656 ) ;
#6875 = ORIENTED_EDGE ( 'NONE', *, *, #5855, .T. ) ;
#6876 = AXIS2_PLACEMENT_3D ( 'NONE', #8698, #8621, #8533 ) ;
#6877 = CARTESIAN_POINT ( 'NONE',  ( 9.744418604477024500, -1.601165095260511200, 0.1000000000000000100 ) ) ;
#6878 = ORIENTED_EDGE ( 'NONE', *, *, #8620, .T. ) ;
#6879 = DIRECTION ( 'NONE',  ( -0.3713906763541026100, -0.9284766908852597500, 0.0000000000000000000 ) ) ;
#6880 = CARTESIAN_POINT ( 'NONE',  ( 13.01877120494743200, 9.157317253416650300, 3.099999999999998800 ) ) ;
#6881 = DIRECTION ( 'NONE',  ( -0.0000000000000000000, 1.000000000000000000, 8.941873587509316400E-017 ) ) ;
#6882 = VECTOR ( 'NONE', #7465, 1000.000000000000000 ) ;
#6883 = CARTESIAN_POINT ( 'NONE',  ( 38.49999999999999300, -12.99999999999999800, 8.099999999999999600 ) ) ;
#6884 = ADVANCED_FACE ( 'NONE', ( #1295 ), #5437, .F. ) ;
#6885 = LINE ( 'NONE', #5371, #6828 ) ;
#6886 = DIRECTION ( 'NONE',  ( -0.0000000000000000000, -0.0000000000000000000, -1.000000000000000000 ) ) ;
#6887 = VERTEX_POINT ( 'NONE', #4403 ) ;
#6888 = CARTESIAN_POINT ( 'NONE',  ( 43.68251492603761200, -4.349954654103710200, 0.0000000000000000000 ) ) ;
#6889 = CARTESIAN_POINT ( 'NONE',  ( 9.972990033048454000, -9.238502757598176600, -0.0000000000000000000 ) ) ;
#6890 = VERTEX_POINT ( 'NONE', #691 ) ;
#6891 = FACE_OUTER_BOUND ( 'NONE', #951, .T. ) ;
#6892 = CARTESIAN_POINT ( 'NONE',  ( 9.964645029916139800, 5.017092958867341000, 0.1000000000000000100 ) ) ;
#6893 = CARTESIAN_POINT ( 'NONE',  ( 6.849614011047664900, -7.999999999999996400, 1.000000000000000900 ) ) ;
#6894 = CARTESIAN_POINT ( 'NONE',  ( 32.49999999999998600, -1.000000000000004400, -0.0000000000000000000 ) ) ;
#6895 = ORIENTED_EDGE ( 'NONE', *, *, #8967, .T. ) ;
#6896 = VECTOR ( 'NONE', #1866, 1000.000000000000000 ) ;
#6898 = CARTESIAN_POINT ( 'NONE',  ( 11.19896405902247900, -1.633957303052718800, 1.355252715606880500E-017 ) ) ;
#6897 = CARTESIAN_POINT ( 'NONE',  ( 42.50000000000000000, 17.50000000000000000, 8.099999999999996100 ) ) ;
#6899 = EDGE_CURVE ( 'NONE', #1204, #1629, #9694, .T. ) ;
#6900 = ADVANCED_FACE ( 'NONE', ( #4556 ), #6469, .F. ) ;
#6901 = ORIENTED_EDGE ( 'NONE', *, *, #7758, .F. ) ;
#6902 = ADVANCED_FACE ( 'NONE', ( #7 ), #9627, .F. ) ;
#6903 = DIRECTION ( 'NONE',  ( 0.0000000000000000000, -0.0000000000000000000, -1.000000000000000000 ) ) ;
#6904 = CARTESIAN_POINT ( 'NONE',  ( 8.000000000000000000, -7.000000000000000900, 3.250000000000000000 ) ) ;
#6905 = DIRECTION ( 'NONE',  ( -0.0000000000000000000, -0.0000000000000000000, -1.000000000000000000 ) ) ;
#6906 = ORIENTED_EDGE ( 'NONE', *, *, #9361, .F. ) ;
#6907 = CARTESIAN_POINT ( 'NONE',  ( 11.35634736537537900, -1.396925119314498700, 0.1000000000000000100 ) ) ;
#6908 = CARTESIAN_POINT ( 'NONE',  ( 10.20773029278871400, -7.181359900455318800, 0.0000000000000000000 ) ) ;
#6909 = CARTESIAN_POINT ( 'NONE',  ( 0.7879379035845669500, 7.849539771895425000, 0.0000000000000000000 ) ) ;
#6910 = ORIENTED_EDGE ( 'NONE', *, *, #11436, .F. ) ;
#6911 = CIRCLE ( 'NONE', #5601, 1.749999999999999800 ) ;
#6912 = CARTESIAN_POINT ( 'NONE',  ( 11.01929020775302200, -6.482863140940337700, 2.710505431213761100E-017 ) ) ;
#6913 = DIRECTION ( 'NONE',  ( 0.1472880827604086100, -0.9890936359499856700, 0.0000000000000000000 ) ) ;
#6914 = ORIENTED_EDGE ( 'NONE', *, *, #2243, .F. ) ;
#6915 = CARTESIAN_POINT ( 'NONE',  ( 10.00000000000000000, 14.49804735160447300, 6.099999999999999600 ) ) ;
#6916 = EDGE_CURVE ( 'NONE', #600, #1976, #11198, .T. ) ;
#6917 = EDGE_CURVE ( 'NONE', #11581, #10183, #4681, .T. ) ;
#6918 = CARTESIAN_POINT ( 'NONE',  ( 0.7879379035845676100, 2.499999999999999600, 5.000000000000000000 ) ) ;
#6919 = VERTEX_POINT ( 'NONE', #1604 ) ;
#6920 = CARTESIAN_POINT ( 'NONE',  ( 11.36519782525624600, -2.672268991364406900, 0.1000000000000000100 ) ) ;
#6921 = EDGE_LOOP ( 'NONE', ( #8372, #2061, #8308, #8032, #11565, #6895, #1140, #3188, #5879, #8565, #2080, #7174, #8878, #1896, #10165, #3780, #5974, #7060, #5317, #6946, #3473, #4673, #10432, #10774, #8579, #11416, #7326, #5035, #11251, #5029, #9819, #11197, #954, #4889, #10931, #2299, #3447, #8570, #4095, #5613, #4977, #11443, #420, #10128, #10766, #5637, #11603, #10850 ) ) ;
#6922 = CARTESIAN_POINT ( 'NONE',  ( 11.36947134593730400, -1.445314082423945200, 1.355252715606880500E-017 ) ) ;
#6923 = CARTESIAN_POINT ( 'NONE',  ( 44.50000000000000000, 10.15004534589628300, 0.0000000000000000000 ) ) ;
#6924 = CARTESIAN_POINT ( 'NONE',  ( 37.00000000000000700, -17.00000000000000000, -2.591308581727732400 ) ) ;
#6925 = VERTEX_POINT ( 'NONE', #5707 ) ;
#6926 = FACE_OUTER_BOUND ( 'NONE', #10556, .T. ) ;
#6927 = VECTOR ( 'NONE', #4071, 1000.000000000000000 ) ;
#6928 = ORIENTED_EDGE ( 'NONE', *, *, #1380, .F. ) ;
#6929 = AXIS2_PLACEMENT_3D ( 'NONE', #8552, #10325, #4978 ) ;
#6930 = EDGE_CURVE ( 'NONE', #5374, #6148, #6347, .T. ) ;
#6931 = EDGE_CURVE ( 'NONE', #5190, #10340, #495, .T. ) ;
#6932 = LINE ( 'NONE', #1233, #8140 ) ;
#6933 = VERTEX_POINT ( 'NONE', #6909 ) ;
#6934 = CYLINDRICAL_SURFACE ( 'NONE', #1249, 1.500000000000001300 ) ;
#6935 = ORIENTED_EDGE ( 'NONE', *, *, #1580, .T. ) ;
#6936 = DIRECTION ( 'NONE',  ( -5.139921410301649800E-016, -1.000000000000000000, 0.0000000000000000000 ) ) ;
#6937 = CARTESIAN_POINT ( 'NONE',  ( 9.765197825256244400, -4.085256004351419900, -0.0000000000000000000 ) ) ;
#6938 = VERTEX_POINT ( 'NONE', #3663 ) ;
#6939 = DIRECTION ( 'NONE',  ( -9.773090005503107500E-015, -1.000000000000000000, 0.0000000000000000000 ) ) ;
#6940 = DIRECTION ( 'NONE',  ( -0.0000000000000000000, -0.0000000000000000000, 1.000000000000000000 ) ) ;
#6941 = CARTESIAN_POINT ( 'NONE',  ( 10.43013289019131100, -3.503437822533238300, 0.1000000000000000100 ) ) ;
#6942 = VECTOR ( 'NONE', #8824, 1000.000000000000000 ) ;
#6943 = VECTOR ( 'NONE', #212, 1000.000000000000000 ) ;
#6944 = DIRECTION ( 'NONE',  ( -0.0000000000000000000, -0.0000000000000000000, -1.000000000000000000 ) ) ;
#6945 = CARTESIAN_POINT ( 'NONE',  ( 11.13603619996276900, -8.293095877952808300, 0.1000000000000000100 ) ) ;
#6946 = ORIENTED_EDGE ( 'NONE', *, *, #247, .F. ) ;
#6947 = ORIENTED_EDGE ( 'NONE', *, *, #11592, .F. ) ;
#6948 = VERTEX_POINT ( 'NONE', #6087 ) ;
#6949 = CARTESIAN_POINT ( 'NONE',  ( 10.87709696185287500, -9.299676437121430400, 0.0000000000000000000 ) ) ;
#6950 = EDGE_CURVE ( 'NONE', #4329, #738, #3648, .T. ) ;
#6951 = DIRECTION ( 'NONE',  ( -0.0000000000000000000, -0.0000000000000000000, -1.000000000000000000 ) ) ;
#6952 = CARTESIAN_POINT ( 'NONE',  ( 10.20464502991615800, 6.907092958867338000, 0.0000000000000000000 ) ) ;
#6953 = ORIENTED_EDGE ( 'NONE', *, *, #9537, .F. ) ;
#6954 = VECTOR ( 'NONE', #9390, 1000.000000000000000 ) ;
#6955 = ORIENTED_EDGE ( 'NONE', *, *, #1146, .T. ) ;
#6956 = CARTESIAN_POINT ( 'NONE',  ( 11.19435514533878100, -1.704122844016525700, 0.1000000000000000100 ) ) ;
#6957 = DIRECTION ( 'NONE',  ( 0.0000000000000000000, -0.0000000000000000000, 1.000000000000000000 ) ) ;
#6958 = CARTESIAN_POINT ( 'NONE',  ( 10.07526276032118100, -5.124217043312459200, -0.0000000000000000000 ) ) ;
#6959 = ORIENTED_EDGE ( 'NONE', *, *, #11064, .T. ) ;
#6960 = ADVANCED_FACE ( 'NONE', ( #8571 ), #6017, .T. ) ;
#6961 = FACE_OUTER_BOUND ( 'NONE', #9735, .T. ) ;
#6962 = CARTESIAN_POINT ( 'NONE',  ( 10.35784993088617500, -1.834205528789036400, 0.1000000000000000100 ) ) ;
#6963 = AXIS2_PLACEMENT_3D ( 'NONE', #8638, #3292, #6641 ) ;
#6964 = LINE ( 'NONE', #11358, #7045 ) ;
#6965 = CARTESIAN_POINT ( 'NONE',  ( 9.751358906376328400, -1.494743858017588200, 1.355252715606880500E-017 ) ) ;
#6966 = AXIS2_PLACEMENT_3D ( 'NONE', #2057, #810, #1182 ) ;
#6967 = CARTESIAN_POINT ( 'NONE',  ( 11.25054580489118500, -2.018713717005374600, 0.0000000000000000000 ) ) ;
#6968 = ORIENTED_EDGE ( 'NONE', *, *, #7053, .T. ) ;
#6969 = VERTEX_POINT ( 'NONE', #6189 ) ;
#6970 = DIRECTION ( 'NONE',  ( 0.0000000000000000000, 1.000000000000000000, 0.0000000000000000000 ) ) ;
#6971 = PLANE ( 'NONE',  #5735 ) ;
#6972 = PLANE ( 'NONE',  #11131 ) ;
#6973 = FACE_OUTER_BOUND ( 'NONE', #7016, .T. ) ;
#6974 = LINE ( 'NONE', #10138, #11452 ) ;
#6975 = CARTESIAN_POINT ( 'NONE',  ( 9.774806897976574800, -1.801764838866037900, -0.0000000000000000000 ) ) ;
#6976 = CARTESIAN_POINT ( 'NONE',  ( 10.02997915984766800, -6.646513894677947400, 0.0000000000000000000 ) ) ;
#6977 = ORIENTED_EDGE ( 'NONE', *, *, #8637, .T. ) ;
#6978 = CARTESIAN_POINT ( 'NONE',  ( 11.05837964343806400, -4.293048212143627800, -0.0000000000000000000 ) ) ;
#6979 = CARTESIAN_POINT ( 'NONE',  ( 10.24311990317832500, -6.578762497857916900, 0.1000000000000000100 ) ) ;
#6980 = ORIENTED_EDGE ( 'NONE', *, *, #1927, .F. ) ;
#6981 = CARTESIAN_POINT ( 'NONE',  ( 8.000000000000000000, -3.500000000000000400, 8.099999999999999600 ) ) ;
#6982 = EDGE_CURVE ( 'NONE', #5621, #819, #4516, .T. ) ;
#6983 = LINE ( 'NONE', #1661, #6927 ) ;
#6984 = VECTOR ( 'NONE', #3103, 1000.000000000000000 ) ;
#6985 = CARTESIAN_POINT ( 'NONE',  ( 8.200000000000008200, -8.957317253416649200, 33.81103081370217500 ) ) ;
#6986 = PLANE ( 'NONE',  #3465 ) ;
#6987 = CARTESIAN_POINT ( 'NONE',  ( 10.20464502991613600, 5.017092958867338300, 0.1000000000000000100 ) ) ;
#6988 = ORIENTED_EDGE ( 'NONE', *, *, #6216, .T. ) ;
#6989 = ORIENTED_EDGE ( 'NONE', *, *, #3080, .T. ) ;
#6990 = AXIS2_PLACEMENT_3D ( 'NONE', #7823, #2458, #8712 ) ;
#6991 = FACE_OUTER_BOUND ( 'NONE', #11503, .T. ) ;
#6992 = EDGE_CURVE ( 'NONE', #7768, #2954, #4859, .T. ) ;
#6993 = VECTOR ( 'NONE', #7250, 1000.000000000000000 ) ;
#6994 = EDGE_CURVE ( 'NONE', #2897, #11644, #6036, .T. ) ;
#6995 = CARTESIAN_POINT ( 'NONE',  ( 11.36947134593730400, -1.445314082423945200, 0.1000000000000000100 ) ) ;
#6996 = CARTESIAN_POINT ( 'NONE',  ( 32.49999999999998600, 2.000000000000000000, 5.099999999999999600 ) ) ;
#6997 = FACE_OUTER_BOUND ( 'NONE', #10091, .T. ) ;
#6998 = CARTESIAN_POINT ( 'NONE',  ( 10.16424853299016300, -7.388129544413502000, 0.1000000000000000100 ) ) ;
#6999 = VERTEX_POINT ( 'NONE', #3056 ) ;
#7000 = CARTESIAN_POINT ( 'NONE',  ( 8.000000000000007100, -7.000000000000002700, 8.099999999999999600 ) ) ;
#7001 = CYLINDRICAL_SURFACE ( 'NONE', #7394, 1.499999999999996200 ) ;
#7002 = VECTOR ( 'NONE', #8422, 1000.000000000000200 ) ;
#7003 = ORIENTED_EDGE ( 'NONE', *, *, #1743, .T. ) ;
#7004 = CARTESIAN_POINT ( 'NONE',  ( 9.983925233407511300, -1.801439592761193300, 1.355252715606880500E-017 ) ) ;
#7005 = EDGE_CURVE ( 'NONE', #8680, #7937, #876, .T. ) ;
#7006 = VERTEX_POINT ( 'NONE', #5318 ) ;
#7007 = CARTESIAN_POINT ( 'NONE',  ( 10.17915886421728500, -2.111230030325446500, 0.0000000000000000000 ) ) ;
#7008 = ORIENTED_EDGE ( 'NONE', *, *, #8481, .F. ) ;
#7009 = CARTESIAN_POINT ( 'NONE',  ( 9.814466079894138800, -1.308515943749781100, 0.1000000000000000100 ) ) ;
#7010 = EDGE_CURVE ( 'NONE', #4302, #3926, #6582, .T. ) ;
#7011 = VECTOR ( 'NONE', #555, 1000.000000000000000 ) ;
#7012 = EDGE_CURVE ( 'NONE', #9282, #10027, #147, .T. ) ;
#7013 = VECTOR ( 'NONE', #8828, 1000.000000000000000 ) ;
#7014 = ADVANCED_FACE ( 'NONE', ( #9475 ), #4507, .T. ) ;
#7015 = CARTESIAN_POINT ( 'NONE',  ( 10.28365152351438100, -2.097854483784855600, 0.1000000000000000100 ) ) ;
#7016 = EDGE_LOOP ( 'NONE', ( #2451, #7221, #4607, #10639 ) ) ;
#7017 = CARTESIAN_POINT ( 'NONE',  ( 9.963420244840266400, -1.446544120013056200, 0.0000000000000000000 ) ) ;
#7018 = DIRECTION ( 'NONE',  ( 1.000000000000000000, -1.204669080539440700E-014, -0.0000000000000000000 ) ) ;
#7019 = ORIENTED_EDGE ( 'NONE', *, *, #1125, .F. ) ;
#7020 = EDGE_CURVE ( 'NONE', #3453, #6594, #9755, .T. ) ;
#7021 = FACE_OUTER_BOUND ( 'NONE', #9373, .T. ) ;
#7022 = DIRECTION ( 'NONE',  ( -0.0000000000000000000, -0.0000000000000000000, -1.000000000000000000 ) ) ;
#7023 = VECTOR ( 'NONE', #10348, 1000.000000000000000 ) ;
#7024 = ADVANCED_FACE ( 'NONE', ( #9762 ), #8829, .F. ) ;
#7025 = ORIENTED_EDGE ( 'NONE', *, *, #9949, .T. ) ;
#7026 = AXIS2_PLACEMENT_3D ( 'NONE', #4611, #4571, #4531 ) ;
#7027 = CARTESIAN_POINT ( 'NONE',  ( 8.000000000000007100, 6.999999999999999100, 3.249999999999999600 ) ) ;
#7028 = DIRECTION ( 'NONE',  ( 0.8320502943378477200, 0.5547001962252229300, 0.0000000000000000000 ) ) ;
#7029 = ORIENTED_EDGE ( 'NONE', *, *, #4714, .F. ) ;
#7030 = CARTESIAN_POINT ( 'NONE',  ( 8.000000000000000000, -6.999999999999999100, 8.099999999999997900 ) ) ;
#7031 = LINE ( 'NONE', #5320, #5172 ) ;
#7032 = DIRECTION ( 'NONE',  ( -0.0000000000000000000, -0.0000000000000000000, -1.000000000000000000 ) ) ;
#7033 = ADVANCED_FACE ( 'NONE', ( #5085 ), #6637, .F. ) ;
#7034 = CARTESIAN_POINT ( 'NONE',  ( 10.15127804816238400, -1.285208279408905300, 0.1000000000000000100 ) ) ;
#7035 = VERTEX_POINT ( 'NONE', #4460 ) ;
#7036 = CIRCLE ( 'NONE', #3071, 1.000000000000000900 ) ;
#7037 = ORIENTED_EDGE ( 'NONE', *, *, #6013, .T. ) ;
#7038 = AXIS2_PLACEMENT_3D ( 'NONE', #3643, #9890, #4546 ) ;
#7039 = CARTESIAN_POINT ( 'NONE',  ( 10.63565237071079000, -1.568372887468303400, 0.0000000000000000000 ) ) ;
#7040 = CARTESIAN_POINT ( 'NONE',  ( 19.38136546526024500, -7.937784117174111900, 3.099999999999999600 ) ) ;
#7041 = EDGE_CURVE ( 'NONE', #9529, #590, #6188, .T. ) ;
#7042 = VECTOR ( 'NONE', #2601, 1000.000000000000000 ) ;
#7043 = CARTESIAN_POINT ( 'NONE',  ( 32.49999999999998600, -9.250000000000001800, 5.099999999999999600 ) ) ;
#7044 = VERTEX_POINT ( 'NONE', #10452 ) ;
#7045 = VECTOR ( 'NONE', #2433, 1000.000000000000000 ) ;
#7046 = CARTESIAN_POINT ( 'NONE',  ( 9.840239448116795600, -1.267891854139399500, 0.1000000000000000100 ) ) ;
#7047 = ORIENTED_EDGE ( 'NONE', *, *, #7990, .T. ) ;
#7048 = PLANE ( 'NONE',  #7445 ) ;
#7049 = ORIENTED_EDGE ( 'NONE', *, *, #3295, .T. ) ;
#7050 = CARTESIAN_POINT ( 'NONE',  ( 10.83903212428664600, -9.300448956254912900, 0.1000000000000000100 ) ) ;
#7051 = DIRECTION ( 'NONE',  ( 1.000000000000000000, -2.168404344971006900E-016, -0.0000000000000000000 ) ) ;
#7052 = DIRECTION ( 'NONE',  ( -1.000000000000000000, 0.0000000000000000000, 0.0000000000000000000 ) ) ;
#7053 = EDGE_CURVE ( 'NONE', #10745, #4615, #4435, .T. ) ;
#7054 = EDGE_LOOP ( 'NONE', ( #1681, #8618, #5784, #4669 ) ) ;
#7055 = EDGE_CURVE ( 'NONE', #7578, #3072, #2526, .T. ) ;
#7056 = ORIENTED_EDGE ( 'NONE', *, *, #5485, .T. ) ;
#7057 = VECTOR ( 'NONE', #1481, 1000.000000000000000 ) ;
#7058 = DIRECTION ( 'NONE',  ( -0.0000000000000000000, -0.0000000000000000000, -1.000000000000000000 ) ) ;
#7059 = ORIENTED_EDGE ( 'NONE', *, *, #11572, .F. ) ;
#7060 = ORIENTED_EDGE ( 'NONE', *, *, #9867, .T. ) ;
#7061 = DIRECTION ( 'NONE',  ( 1.000000000000000000, 0.0000000000000000000, 0.0000000000000000000 ) ) ;
#7062 = CARTESIAN_POINT ( 'NONE',  ( 11.37937776417028400, -1.496062441735595000, 1.355252715606880500E-017 ) ) ;
#7063 = CARTESIAN_POINT ( 'NONE',  ( 9.765197825256244400, -6.889801458896877200, 0.1000000000000000100 ) ) ;
#7064 = PLANE ( 'NONE',  #1561 ) ;
#7065 = ORIENTED_EDGE ( 'NONE', *, *, #8173, .T. ) ;
#7066 = ADVANCED_FACE ( 'NONE', ( #7449 ), #8237, .T. ) ;
#7067 = LINE ( 'NONE', #2508, #6535 ) ;
#7068 = DIRECTION ( 'NONE',  ( -1.000000000000000000, -0.0000000000000000000, -0.0000000000000000000 ) ) ;
#7069 = ORIENTED_EDGE ( 'NONE', *, *, #11050, .T. ) ;
#7070 = CARTESIAN_POINT ( 'NONE',  ( 9.869851360431473700, -1.229881429612684300, 1.355252715606880500E-017 ) ) ;
#7071 = VERTEX_POINT ( 'NONE', #7493 ) ;
#7072 = EDGE_CURVE ( 'NONE', #11407, #5663, #2737, .T. ) ;
#7073 = ORIENTED_EDGE ( 'NONE', *, *, #8105, .F. ) ;
#7074 = EDGE_CURVE ( 'NONE', #191, #10383, #10598, .T. ) ;
#7075 = EDGE_LOOP ( 'NONE', ( #2366, #9787, #8821, #11499 ) ) ;
#7076 = CARTESIAN_POINT ( 'NONE',  ( 9.964645029916154000, 6.667092958867339500, 0.0000000000000000000 ) ) ;
#7077 = VECTOR ( 'NONE', #10806, 1000.000000000000000 ) ;
#7078 = CARTESIAN_POINT ( 'NONE',  ( 11.05652393913494800, -8.487645353415221200, 0.1000000000000000100 ) ) ;
#7079 = ORIENTED_EDGE ( 'NONE', *, *, #11586, .T. ) ;
#7080 = EDGE_LOOP ( 'NONE', ( #6841, #11623, #3910, #6959 ) ) ;
#7081 = CARTESIAN_POINT ( 'NONE',  ( 10.20464502991615100, 6.667092958867337800, 0.0000000000000000000 ) ) ;
#7082 = CARTESIAN_POINT ( 'NONE',  ( 9.869851360431473700, -1.229881429612684300, 0.1000000000000000100 ) ) ;
#7083 = CARTESIAN_POINT ( 'NONE',  ( 10.63565237071079000, -1.568372887468303400, 0.1000000000000000100 ) ) ;
#7084 = CARTESIAN_POINT ( 'NONE',  ( 11.20201174275349500, -8.647404678476347000, -0.0000000000000000000 ) ) ;
#7085 = LINE ( 'NONE', #791, #7508 ) ;
#7086 = LINE ( 'NONE', #5477, #6615 ) ;
#7087 = CARTESIAN_POINT ( 'NONE',  ( 11.14975002140117700, -1.435676645443692700, -0.0000000000000000000 ) ) ;
#7088 = AXIS2_PLACEMENT_3D ( 'NONE', #7152, #7542, #1261 ) ;
#7090 = VERTEX_POINT ( 'NONE', #1897 ) ;
#7089 = AXIS2_PLACEMENT_3D ( 'NONE', #11424, #6813, #3783 ) ;
#7091 = VERTEX_POINT ( 'NONE', #8271 ) ;
#7092 = FACE_OUTER_BOUND ( 'NONE', #4461, .T. ) ;
#7093 = VECTOR ( 'NONE', #4065, 1000.000000000000000 ) ;
#7094 = CARTESIAN_POINT ( 'NONE',  ( 9.902924451246415000, -1.194648250507031300, 0.1000000000000000100 ) ) ;
#7095 = CARTESIAN_POINT ( 'NONE',  ( 11.37937776417028400, -1.496062441735595000, 0.1000000000000000100 ) ) ;
#7096 = CARTESIAN_POINT ( 'NONE',  ( 11.19896405902248100, -1.633957303052719000, 0.0000000000000000000 ) ) ;
#7097 = CARTESIAN_POINT ( 'NONE',  ( 11.66018310452988500, -7.796659700489530400, 0.1000000000000000100 ) ) ;
#7098 = ORIENTED_EDGE ( 'NONE', *, *, #7963, .T. ) ;
#7099 = CARTESIAN_POINT ( 'NONE',  ( 10.76598013258833900, -9.087949307932198900, 0.1000000000000000100 ) ) ;
#7100 = ORIENTED_EDGE ( 'NONE', *, *, #7642, .F. ) ;
#7101 = DIRECTION ( 'NONE',  ( 0.9961946980917453200, -0.08715574274766155200, 0.0000000000000000000 ) ) ;
#7102 = AXIS2_PLACEMENT_3D ( 'NONE', #244, #7506, #2131 ) ;
#7103 = PLANE ( 'NONE',  #9180 ) ;
#7104 = VERTEX_POINT ( 'NONE', #3248 ) ;
#7105 = DIRECTION ( 'NONE',  ( 0.0000000000000000000, -1.000000000000000000, 0.0000000000000000000 ) ) ;
#7106 = LINE ( 'NONE', #7801, #7057 ) ;
#7107 = ORIENTED_EDGE ( 'NONE', *, *, #7582, .F. ) ;
#7108 = DIRECTION ( 'NONE',  ( -0.0000000000000000000, -0.0000000000000000000, 1.000000000000000000 ) ) ;
#7109 = CARTESIAN_POINT ( 'NONE',  ( 9.765197825256244400, -4.293048212143627800, 0.1000000000000000100 ) ) ;
#7110 = CARTESIAN_POINT ( 'NONE',  ( 11.21974327980169900, -8.757983277078695400, 0.1000000000000000100 ) ) ;
#7111 = VERTEX_POINT ( 'NONE', #5827 ) ;
#7112 = CARTESIAN_POINT ( 'NONE',  ( 31.74569858724563800, -18.50000000000000000, 7.100000000000000500 ) ) ;
#7113 = LINE ( 'NONE', #5841, #9118 ) ;
#7114 = CARTESIAN_POINT ( 'NONE',  ( 10.30545756551598500, -8.811554705650124200, 1.355252715606880500E-017 ) ) ;
#7115 = CARTESIAN_POINT ( 'NONE',  ( 9.902924451246415000, -1.194648250507031300, 0.1000000000000000100 ) ) ;
#7116 = CIRCLE ( 'NONE', #3210, 1.000000000000000900 ) ;
#7117 = EDGE_CURVE ( 'NONE', #9019, #8984, #5745, .T. ) ;
#7118 = ADVANCED_FACE ( 'NONE', ( #92 ), #882, .T. ) ;
#7119 = CARTESIAN_POINT ( 'NONE',  ( 11.19435514533878100, -1.704122844016525700, 1.355252715606880500E-017 ) ) ;
#7120 = ORIENTED_EDGE ( 'NONE', *, *, #10582, .F. ) ;
#7121 = DIRECTION ( 'NONE',  ( 0.5547001962252230400, -0.8320502943378478300, 0.0000000000000000000 ) ) ;
#7122 = ORIENTED_EDGE ( 'NONE', *, *, #6160, .F. ) ;
#7123 = VECTOR ( 'NONE', #4852, 1000.000000000000000 ) ;
#7124 = DIRECTION ( 'NONE',  ( -0.0000000000000000000, 0.0000000000000000000, -1.000000000000000000 ) ) ;
#7125 = LINE ( 'NONE', #1167, #7042 ) ;
#7126 = LINE ( 'NONE', #9330, #3050 ) ;
#7127 = DIRECTION ( 'NONE',  ( -0.0000000000000000000, -0.0000000000000000000, 1.000000000000000000 ) ) ;
#7128 = ORIENTED_EDGE ( 'NONE', *, *, #605, .T. ) ;
#7129 = VERTEX_POINT ( 'NONE', #5044 ) ;
#7130 = DIRECTION ( 'NONE',  ( 0.8944271909999160800, -0.4472135954999575400, 0.0000000000000000000 ) ) ;
#7131 = ORIENTED_EDGE ( 'NONE', *, *, #5203, .T. ) ;
#7132 = EDGE_CURVE ( 'NONE', #10630, #7505, #10554, .T. ) ;
#7133 = EDGE_CURVE ( 'NONE', #6120, #9213, #8780, .T. ) ;
#7134 = CARTESIAN_POINT ( 'NONE',  ( 32.49999999999998600, 14.49999999999999500, 0.0000000000000000000 ) ) ;
#7135 = CARTESIAN_POINT ( 'NONE',  ( 11.63702634860861800, -7.833181914275155800, 0.1000000000000000100 ) ) ;
#7136 = VECTOR ( 'NONE', #9923, 999.9999999999998900 ) ;
#7137 = ORIENTED_EDGE ( 'NONE', *, *, #3256, .F. ) ;
#7138 = CARTESIAN_POINT ( 'NONE',  ( 10.58598410329547000, -8.999646679533920900, 1.355252715606880500E-017 ) ) ;
#7139 = CARTESIAN_POINT ( 'NONE',  ( 10.81974327980170100, -9.300840419935838100, 0.0000000000000000000 ) ) ;
#7140 = ORIENTED_EDGE ( 'NONE', *, *, #7324, .F. ) ;
#7141 = EDGE_CURVE ( 'NONE', #4664, #4944, #6198, .T. ) ;
#7142 = ORIENTED_EDGE ( 'NONE', *, *, #9742, .F. ) ;
#7143 = CARTESIAN_POINT ( 'NONE',  ( 10.37666654140763400, -1.812548574343024100, -0.0000000000000000000 ) ) ;
#7144 = VERTEX_POINT ( 'NONE', #7515 ) ;
#7145 = FACE_OUTER_BOUND ( 'NONE', #11264, .T. ) ;
#7146 = ORIENTED_EDGE ( 'NONE', *, *, #3769, .F. ) ;
#7147 = DIRECTION ( 'NONE',  ( 0.0000000000000000000, 1.000000000000000000, 0.0000000000000000000 ) ) ;
#7148 = PLANE ( 'NONE',  #4538 ) ;
#7149 = DIRECTION ( 'NONE',  ( 0.4739549207089751600, 0.8805491088722701100, 0.0000000000000000000 ) ) ;
#7150 = ORIENTED_EDGE ( 'NONE', *, *, #4558, .T. ) ;
#7151 = CARTESIAN_POINT ( 'NONE',  ( 10.38536113951192000, -8.548299815818902300, 0.0000000000000000000 ) ) ;
#7152 = CARTESIAN_POINT ( 'NONE',  ( 10.30964502991613200, 4.057092958867338300, 0.1000000000000000100 ) ) ;
#7153 = CARTESIAN_POINT ( 'NONE',  ( 9.939830873042081900, -1.163150025674422900, 0.1000000000000000100 ) ) ;
#7154 = ORIENTED_EDGE ( 'NONE', *, *, #5403, .T. ) ;
#7155 = CARTESIAN_POINT ( 'NONE',  ( 11.09199554551417300, -1.895370054049444000, 0.1000000000000000100 ) ) ;
#7156 = LINE ( 'NONE', #10457, #8048 ) ;
#7157 = CARTESIAN_POINT ( 'NONE',  ( 10.88803420377665500, -1.232616011130798700, 0.0000000000000000000 ) ) ;
#7158 = ORIENTED_EDGE ( 'NONE', *, *, #1380, .T. ) ;
#7159 = CARTESIAN_POINT ( 'NONE',  ( 9.970058865974314300, -1.778547854382936300, 0.1000000000000000100 ) ) ;
#7160 = CARTESIAN_POINT ( 'NONE',  ( 8.000000000000000000, -6.999999999999999100, 8.099999999999997900 ) ) ;
#7161 = PLANE ( 'NONE',  #4478 ) ;
#7162 = ORIENTED_EDGE ( 'NONE', *, *, #10018, .F. ) ;
#7163 = B_SPLINE_SURFACE_WITH_KNOTS ( 'NONE', 3, 1, ( 
 ( #1228, #2174 ),
 ( #9344, #3992 ),
 ( #10227, #4884 ),
 ( #11112, #5788 ),
 ( #324, #6688 ),
 ( #1265, #7587 ),
 ( #2218, #8496 ),
 ( #3130, #9381 ),
 ( #4037, #10268 ),
 ( #4920, #11159 ),
 ( #5829, #366 ),
 ( #6732, #1310 ),
 ( #7633, #2262 ),
 ( #8538, #3174 ),
 ( #9426, #4079 ),
 ( #10306, #4966 ),
 ( #11199, #5870 ),
 ( #409, #6779 ),
 ( #1350, #7677 ) ),
 .UNSPECIFIED., .F., .F., .F.,
 ( 4, 1, 1, 1, 1, 1, 1, 1, 1, 1, 1, 1, 1, 1, 1, 1, 4 ),
 ( 2, 2 ),
 ( 0.0000000000000000000, 0.07008529061090131000, 0.1372359620841719900, 0.2011315888288887100, 0.2631504907121567900, 0.3229537643608739200, 0.3820256137682565000, 0.4406153963056160800, 0.4997007892978526700, 0.5593254030960935800, 0.6185535672731741200, 0.6781468605292061400, 0.7386051148418675300, 0.8006999456940973000, 0.8646289571896845800, 0.9307993716296906200, 1.000000000000000000 ),
 ( 0.0000000000000000000, 1.000000000000000000 ),
 .UNSPECIFIED. ) ;
#7164 = CARTESIAN_POINT ( 'NONE',  ( 10.07034620277011400, -1.090053782857600000, 1.355252715606880500E-017 ) ) ;
#7165 = AXIS2_PLACEMENT_3D ( 'NONE', #8511, #3695, #7474 ) ;
#7166 = DIRECTION ( 'NONE',  ( 0.0000000000000000000, 0.0000000000000000000, 1.000000000000000000 ) ) ;
#7167 = CARTESIAN_POINT ( 'NONE',  ( 10.13411549946389700, -2.109984241152966800, 0.1000000000000000100 ) ) ;
#7168 = EDGE_LOOP ( 'NONE', ( #7556, #388, #3622, #3549 ) ) ;
#7169 = LINE ( 'NONE', #5057, #7247 ) ;
#7170 = CARTESIAN_POINT ( 'NONE',  ( 11.17818483824325800, -6.599541718637135900, 0.1000000000000000100 ) ) ;
#7171 = FACE_OUTER_BOUND ( 'NONE', #10043, .T. ) ;
#7172 = CARTESIAN_POINT ( 'NONE',  ( 19.33333333333329300, 8.000000000000076400, 8.099999999999999600 ) ) ;
#7173 = CARTESIAN_POINT ( 'NONE',  ( 10.49354789749992100, -8.792932663189418500, 0.1000000000000000100 ) ) ;
#7174 = ORIENTED_EDGE ( 'NONE', *, *, #2460, .F. ) ;
#7175 = VECTOR ( 'NONE', #508, 1000.000000000000000 ) ;
#7176 = ORIENTED_EDGE ( 'NONE', *, *, #2703, .F. ) ;
#7177 = CIRCLE ( 'NONE', #9904, 1.000000000000000900 ) ;
#7178 = CARTESIAN_POINT ( 'NONE',  ( 10.90026276032118000, -1.009931329026744900, 0.1000000000000000100 ) ) ;
#7179 = ADVANCED_FACE ( 'NONE', ( #10692 ), #6119, .T. ) ;
#7180 = CARTESIAN_POINT ( 'NONE',  ( 11.21974327980169900, -8.757983277078695400, 0.0000000000000000000 ) ) ;
#7181 = ORIENTED_EDGE ( 'NONE', *, *, #8452, .F. ) ;
#7182 = CARTESIAN_POINT ( 'NONE',  ( 10.30576283179684400, -8.798659915260373100, 0.1000000000000000100 ) ) ;
#7183 = EDGE_CURVE ( 'NONE', #11509, #2673, #7067, .T. ) ;
#7184 = PLANE ( 'NONE',  #11400 ) ;
#7185 = FACE_OUTER_BOUND ( 'NONE', #9089, .T. ) ;
#7186 = ORIENTED_EDGE ( 'NONE', *, *, #1707, .F. ) ;
#7187 = FACE_OUTER_BOUND ( 'NONE', #9834, .T. ) ;
#7188 = CARTESIAN_POINT ( 'NONE',  ( 10.93604303246050300, -1.965249725255078200, 1.355252715606880500E-017 ) ) ;
#7189 = ORIENTED_EDGE ( 'NONE', *, *, #1926, .T. ) ;
#7190 = DIRECTION ( 'NONE',  ( -0.0000000000000000000, -0.0000000000000000000, -1.000000000000000000 ) ) ;
#7191 = ORIENTED_EDGE ( 'NONE', *, *, #10118, .F. ) ;
#7192 = AXIS2_PLACEMENT_3D ( 'NONE', #10656, #5289, #4428 ) ;
#7193 = CARTESIAN_POINT ( 'NONE',  ( 11.36519782525624600, -6.329411848507266600, -0.0000000000000000000 ) ) ;
#7194 = DIRECTION ( 'NONE',  ( 0.0000000000000000000, -0.0000000000000000000, -1.000000000000000000 ) ) ;
#7195 = EDGE_CURVE ( 'NONE', #6257, #5446, #101, .T. ) ;
#7196 = EDGE_CURVE ( 'NONE', #10069, #6887, #6974, .T. ) ;
#7197 = CARTESIAN_POINT ( 'NONE',  ( 10.00000000000000000, 18.50000000000000000, 0.0000000000000000000 ) ) ;
#7198 = VECTOR ( 'NONE', #10900, 1000.000000000000000 ) ;
#7199 = CARTESIAN_POINT ( 'NONE',  ( 10.00932874583082800, -7.097534358577767000, -0.0000000000000000000 ) ) ;
#7200 = VECTOR ( 'NONE', #5357, 1000.000000000000000 ) ;
#7201 = ORIENTED_EDGE ( 'NONE', *, *, #60, .T. ) ;
#7202 = ORIENTED_EDGE ( 'NONE', *, *, #6737, .F. ) ;
#7203 = ORIENTED_EDGE ( 'NONE', *, *, #1674, .F. ) ;
#7204 = CARTESIAN_POINT ( 'NONE',  ( 9.837628535261355700, -7.185446957282794100, 0.1000000000000000100 ) ) ;
#7205 = CARTESIAN_POINT ( 'NONE',  ( 8.200000000000008200, -8.957317253416649200, 3.099999999999999600 ) ) ;
#7206 = ORIENTED_EDGE ( 'NONE', *, *, #3608, .F. ) ;
#7207 = FACE_OUTER_BOUND ( 'NONE', #2723, .T. ) ;
#7208 = EDGE_CURVE ( 'NONE', #2202, #2714, #10079, .T. ) ;
#7209 = EDGE_CURVE ( 'NONE', #3287, #6317, #6134, .T. ) ;
#7210 = CARTESIAN_POINT ( 'NONE',  ( 10.61714587720429700, -2.672268991364406900, 0.1000000000000000100 ) ) ;
#7211 = ORIENTED_EDGE ( 'NONE', *, *, #3374, .T. ) ;
#7212 = ORIENTED_EDGE ( 'NONE', *, *, #5242, .F. ) ;
#7213 = CARTESIAN_POINT ( 'NONE',  ( 10.30964502991612400, 3.817092958867338100, 0.1000000000000000100 ) ) ;
#7214 = CARTESIAN_POINT ( 'NONE',  ( 11.05319053842490000, -9.041143847726029700, -0.0000000000000000000 ) ) ;
#7215 = LINE ( 'NONE', #6657, #193 ) ;
#7216 = FACE_OUTER_BOUND ( 'NONE', #4612, .T. ) ;
#7217 = ORIENTED_EDGE ( 'NONE', *, *, #6239, .T. ) ;
#7218 = CARTESIAN_POINT ( 'NONE',  ( 9.964645029916154000, 6.907092958867339800, 0.0000000000000000000 ) ) ;
#7219 = EDGE_LOOP ( 'NONE', ( #6559, #10930, #4784, #6875 ) ) ;
#7220 = CARTESIAN_POINT ( 'NONE',  ( 10.65464403419140500, -7.162377639831711400, 0.1000000000000000100 ) ) ;
#7221 = ORIENTED_EDGE ( 'NONE', *, *, #10019, .T. ) ;
#7222 = AXIS2_PLACEMENT_3D ( 'NONE', #4382, #3477, #3408 ) ;
#7223 = LINE ( 'NONE', #9743, #6512 ) ;
#7224 = CARTESIAN_POINT ( 'NONE',  ( 32.49999999999998600, 14.49999999999999500, 1.500000000000000000 ) ) ;
#7225 = CARTESIAN_POINT ( 'NONE',  ( 35.49999999999999300, -1.000000000000005100, -0.0000000000000000000 ) ) ;
#7226 = PLANE ( 'NONE',  #9987 ) ;
#7227 = AXIS2_PLACEMENT_3D ( 'NONE', #11022, #9117, #8729 ) ;
#7228 = CARTESIAN_POINT ( 'NONE',  ( 10.10549148813806000, -1.892759340152295700, 0.0000000000000000000 ) ) ;
#7229 = ORIENTED_EDGE ( 'NONE', *, *, #6282, .F. ) ;
#7230 = ADVANCED_FACE ( 'NONE', ( #5540 ), #480, .F. ) ;
#7231 = EDGE_LOOP ( 'NONE', ( #2350, #8851, #8789, #9238 ) ) ;
#7232 = LINE ( 'NONE', #8302, #7198 ) ;
#7233 = CARTESIAN_POINT ( 'NONE',  ( 11.38480316786730900, -1.549314747194137800, 1.355252715606880500E-017 ) ) ;
#7234 = CARTESIAN_POINT ( 'NONE',  ( 11.19875475997191200, -1.621821820648690100, 1.355252715606880500E-017 ) ) ;
#7235 = FACE_OUTER_BOUND ( 'NONE', #9794, .T. ) ;
#7236 = CARTESIAN_POINT ( 'NONE',  ( 10.84457148153794700, -2.169100355249234700, -0.0000000000000000000 ) ) ;
#7237 = CARTESIAN_POINT ( 'NONE',  ( 29.98887997691378600, 17.64728808276040800, 3.099999999999999600 ) ) ;
#7238 = CARTESIAN_POINT ( 'NONE',  ( 9.935807555814250200, -6.823014993895531800, 0.1000000000000000100 ) ) ;
#7239 = DIRECTION ( 'NONE',  ( 1.000000000000000000, 0.0000000000000000000, 0.0000000000000000000 ) ) ;
#7240 = VERTEX_POINT ( 'NONE', #8258 ) ;
#7241 = AXIS2_PLACEMENT_3D ( 'NONE', #3621, #4423, #5419 ) ;
#7242 = DIRECTION ( 'NONE',  ( 8.410780489584526400E-015, 1.000000000000000000, -0.0000000000000000000 ) ) ;
#7243 = ORIENTED_EDGE ( 'NONE', *, *, #3526, .T. ) ;
#7244 = LINE ( 'NONE', #2511, #8189 ) ;
#7245 = EDGE_CURVE ( 'NONE', #10759, #1747, #1178, .T. ) ;
#7246 = LINE ( 'NONE', #11334, #8595 ) ;
#7247 = VECTOR ( 'NONE', #499, 1000.000000000000000 ) ;
#7248 = CARTESIAN_POINT ( 'NONE',  ( 11.17578636216773400, -8.316301090787483500, 0.1000000000000000100 ) ) ;
#7249 = CARTESIAN_POINT ( 'NONE',  ( 36.49999999999999300, 19.00000000000000000, 5.399999999999999500 ) ) ;
#7250 = DIRECTION ( 'NONE',  ( -0.0000000000000000000, -0.0000000000000000000, -1.000000000000000000 ) ) ;
#7251 = PLANE ( 'NONE',  #5539 ) ;
#7252 = ORIENTED_EDGE ( 'NONE', *, *, #6861, .T. ) ;
#7253 = VERTEX_POINT ( 'NONE', #5184 ) ;
#7254 = PLANE ( 'NONE',  #10862 ) ;
#7255 = LINE ( 'NONE', #8426, #9647 ) ;
#7256 = EDGE_CURVE ( 'NONE', #7865, #354, #5481, .T. ) ;
#7257 = FACE_OUTER_BOUND ( 'NONE', #10824, .T. ) ;
#7258 = EDGE_CURVE ( 'NONE', #10190, #8178, #3802, .T. ) ;
#7259 = LINE ( 'NONE', #10072, #5826 ) ;
#7260 = PLANE ( 'NONE',  #10221 ) ;
#7261 = ADVANCED_FACE ( 'NONE', ( #9655 ), #619, .F. ) ;
#7262 = ORIENTED_EDGE ( 'NONE', *, *, #6778, .T. ) ;
#7263 = CARTESIAN_POINT ( 'NONE',  ( 32.49999999999998600, -14.00000000000000000, 5.099999999999999600 ) ) ;
#7264 = ORIENTED_EDGE ( 'NONE', *, *, #8848, .F. ) ;
#7265 = CARTESIAN_POINT ( 'NONE',  ( 9.931589217687774300, -1.622926638085469000, 0.1000000000000000100 ) ) ;
#7266 = CARTESIAN_POINT ( 'NONE',  ( 11.17818483824325800, -6.599541718637135900, 0.0000000000000000000 ) ) ;
#7267 = ORIENTED_EDGE ( 'NONE', *, *, #1360, .F. ) ;
#7268 = CIRCLE ( 'NONE', #8592, 2.000000000000001800 ) ;
#7269 = CARTESIAN_POINT ( 'NONE',  ( 9.931589217687774300, -1.622926638085469000, -0.0000000000000000000 ) ) ;
#7270 = FACE_OUTER_BOUND ( 'NONE', #4946, .T. ) ;
#7271 = ORIENTED_EDGE ( 'NONE', *, *, #10434, .T. ) ;
#7272 = EDGE_CURVE ( 'NONE', #1758, #7340, #11690, .T. ) ;
#7273 = EDGE_CURVE ( 'NONE', #9235, #6925, #8717, .T. ) ;
#7274 = CARTESIAN_POINT ( 'NONE',  ( 39.99999999999999300, 15.00000000000000000, 5.399999999999999500 ) ) ;
#7275 = DIRECTION ( 'NONE',  ( 1.000000000000000000, 0.0000000000000000000, -0.0000000000000000000 ) ) ;
#7276 = DIRECTION ( 'NONE',  ( 0.2747211278973782400, -0.9615239476408230500, 0.0000000000000000000 ) ) ;
#7277 = CARTESIAN_POINT ( 'NONE',  ( 9.813979133170915900, -1.888597758159930700, 1.355252715606880500E-017 ) ) ;
#7278 = CARTESIAN_POINT ( 'NONE',  ( 35.49999999999999300, 8.250000000000000000, 7.099999999999999600 ) ) ;
#7279 = VERTEX_POINT ( 'NONE', #10740 ) ;
#7280 = CARTESIAN_POINT ( 'NONE',  ( 10.00931351702960900, -6.667285764018435800, -1.355252715606880500E-017 ) ) ;
#7281 = DIRECTION ( 'NONE',  ( -0.2538981284121021300, -0.9672309653794338700, 0.0000000000000000000 ) ) ;
#7282 = LINE ( 'NONE', #444, #7002 ) ;
#7283 = CARTESIAN_POINT ( 'NONE',  ( 10.49763255197680100, -1.930953459011167700, 0.0000000000000000000 ) ) ;
#7284 = EDGE_LOOP ( 'NONE', ( #3764, #7416, #4278, #1624 ) ) ;
#7285 = VECTOR ( 'NONE', #856, 1000.000000000000000 ) ;
#7286 = VERTEX_POINT ( 'NONE', #7619 ) ;
#7287 = VECTOR ( 'NONE', #7032, 1000.000000000000000 ) ;
#7288 = ADVANCED_FACE ( 'NONE', ( #11417 ), #4800, .F. ) ;
#7289 = CARTESIAN_POINT ( 'NONE',  ( 11.85464502991614900, 6.667092958867320000, 0.1000000000000000100 ) ) ;
#7290 = EDGE_LOOP ( 'NONE', ( #6980, #326, #5042, #10549 ) ) ;
#7291 = FACE_OUTER_BOUND ( 'NONE', #7804, .T. ) ;
#7292 = AXIS2_PLACEMENT_3D ( 'NONE', #8803, #6717, #1263 ) ;
#7293 = CARTESIAN_POINT ( 'NONE',  ( 39.49999999999999300, -19.99999999999999600, 0.0000000000000000000 ) ) ;
#7294 = VERTEX_POINT ( 'NONE', #11427 ) ;
#7295 = CARTESIAN_POINT ( 'NONE',  ( 9.869851360431473700, -1.229881429612684300, -0.0000000000000000000 ) ) ;
#7296 = ADVANCED_FACE ( 'NONE', ( #3670 ), #4963, .F. ) ;
#7297 = CARTESIAN_POINT ( 'NONE',  ( 10.70532788208660500, -1.865369846721461400, 6.776263578034402700E-017 ) ) ;
#7298 = CARTESIAN_POINT ( 'NONE',  ( 37.00000000000000700, -17.00000000000000000, 8.099999999999999600 ) ) ;
#7299 = DIRECTION ( 'NONE',  ( -0.0000000000000000000, -0.0000000000000000000, -1.000000000000000000 ) ) ;
#7300 = CARTESIAN_POINT ( 'NONE',  ( 11.17818483824325800, -6.599541718637135900, 0.1000000000000000100 ) ) ;
#7301 = VECTOR ( 'NONE', #5834, 1000.000000000000200 ) ;
#7302 = ORIENTED_EDGE ( 'NONE', *, *, #1609, .F. ) ;
#7303 = FACE_OUTER_BOUND ( 'NONE', #3702, .T. ) ;
#7304 = CARTESIAN_POINT ( 'NONE',  ( 10.43253346203182700, -1.705071565075557200, 4.065758146820641600E-017 ) ) ;
#7305 = VERTEX_POINT ( 'NONE', #11653 ) ;
#7306 = VERTEX_POINT ( 'NONE', #4086 ) ;
#7307 = PLANE ( 'NONE',  #67 ) ;
#7308 = CARTESIAN_POINT ( 'NONE',  ( 7.048445366811458600, 12.83456326127513100, 3.000000000000000000 ) ) ;
#7309 = CARTESIAN_POINT ( 'NONE',  ( 7.999999999999996400, 21.00000000000000000, 8.099999999999999600 ) ) ;
#7310 = VERTEX_POINT ( 'NONE', #238 ) ;
#7311 = VERTEX_POINT ( 'NONE', #8568 ) ;
#7312 = LINE ( 'NONE', #2473, #6730 ) ;
#7313 = CARTESIAN_POINT ( 'NONE',  ( 10.20621725186908600, -6.579779380610448300, 0.1000000000000000100 ) ) ;
#7314 = LINE ( 'NONE', #10925, #7301 ) ;
#7315 = B_SPLINE_CURVE_WITH_KNOTS ( 'NONE', 3,
 ( #10973, #4011, #6408, #8212, #9592, #7962, #5169, #4279, #3583, #7199, #6124, #1685, #8126, #11174, #3021, #7327, #10181, #6679, #1123 ),
 .UNSPECIFIED., .F., .F.,
 ( 4, 1, 1, 1, 1, 1, 1, 1, 1, 1, 1, 1, 1, 1, 1, 1, 4 ),
 ( 0.0000000000000000000, 0.06448480089431175800, 0.1273482216468130900, 0.1877637112662311200, 0.2473294089424894800, 0.3062334131877498800, 0.3664024640278087900, 0.4265459635676122100, 0.4888033392772909200, 0.5513071171731044300, 0.6130562946349885600, 0.6745851983741383300, 0.7368055295939813800, 0.7997463307647708600, 0.8641874171863743700, 0.9305092460750905600, 1.000000000000000000 ),
 .UNSPECIFIED. ) ;
#7316 = ORIENTED_EDGE ( 'NONE', *, *, #694, .F. ) ;
#7317 = CARTESIAN_POINT ( 'NONE',  ( 45.00000000000000000, -6.849954654103714600, 4.500000000000000000 ) ) ;
#7318 = VECTOR ( 'NONE', #2355, 1000.000000000000000 ) ;
#7319 = DIRECTION ( 'NONE',  ( -0.6853646990049907500, -0.7281999926928031100, -0.0000000000000000000 ) ) ;
#7320 = CIRCLE ( 'NONE', #4248, 1.000000000000000900 ) ;
#7321 = DIRECTION ( 'NONE',  ( -0.0000000000000000000, -0.0000000000000000000, -1.000000000000000000 ) ) ;
#7322 = VERTEX_POINT ( 'NONE', #7402 ) ;
#7323 = PLANE ( 'NONE',  #2701 ) ;
#7324 = EDGE_CURVE ( 'NONE', #5621, #1500, #4525, .T. ) ;
#7325 = ORIENTED_EDGE ( 'NONE', *, *, #3468, .T. ) ;
#7326 = ORIENTED_EDGE ( 'NONE', *, *, #7736, .T. ) ;
#7327 = CARTESIAN_POINT ( 'NONE',  ( 9.935779299346913600, -6.946097248173885900, -0.0000000000000000000 ) ) ;
#7328 = CARTESIAN_POINT ( 'NONE',  ( 10.63792509798351900, -1.487853406948823000, 0.1000000000000000100 ) ) ;
#7329 = CARTESIAN_POINT ( 'NONE',  ( 10.45091211097053100, -1.487853406948823000, -0.0000000000000000000 ) ) ;
#7330 = VECTOR ( 'NONE', #10200, 1000.000000000000000 ) ;
#7331 = LINE ( 'NONE', #3305, #10908 ) ;
#7332 = VERTEX_POINT ( 'NONE', #2658 ) ;
#7333 = CARTESIAN_POINT ( 'NONE',  ( 11.21974327980169900, -8.757983277078695400, 0.1000000000000000100 ) ) ;
#7334 = DIRECTION ( 'NONE',  ( -1.734723475976807100E-015, -1.000000000000000000, 0.0000000000000000000 ) ) ;
#7335 = VERTEX_POINT ( 'NONE', #10848 ) ;
#7336 = EDGE_CURVE ( 'NONE', #8984, #7653, #1753, .T. ) ;
#7337 = EDGE_CURVE ( 'NONE', #10183, #8542, #1411, .T. ) ;
#7338 = CARTESIAN_POINT ( 'NONE',  ( 10.31511306250630600, -1.868524400276033900, 0.1000000000000000100 ) ) ;
#7339 = ADVANCED_FACE ( 'NONE', ( #10206 ), #6934, .F. ) ;
#7340 = VERTEX_POINT ( 'NONE', #770 ) ;
#7341 = DIRECTION ( 'NONE',  ( 1.000000000000000000, 0.0000000000000000000, 0.0000000000000000000 ) ) ;
#7342 = LINE ( 'NONE', #10440, #7903 ) ;
#7343 = VECTOR ( 'NONE', #2264, 1000.000000000000000 ) ;
#7344 = DIRECTION ( 'NONE',  ( 0.0000000000000000000, -1.000000000000000000, 0.0000000000000000000 ) ) ;
#7345 = CARTESIAN_POINT ( 'NONE',  ( 39.49999999999999300, 15.00000000000000000, 5.399999999999999500 ) ) ;
#7346 = CARTESIAN_POINT ( 'NONE',  ( 0.0000000000000000000, -3.500000000000000000, 3.250000000000000400 ) ) ;
#7347 = CARTESIAN_POINT ( 'NONE',  ( 10.12358521303915300, -7.170282200848328500, 0.1000000000000000100 ) ) ;
#7348 = CARTESIAN_POINT ( 'NONE',  ( 10.22181645896300900, -7.388856006223353900, -0.0000000000000000000 ) ) ;
#7349 = EDGE_LOOP ( 'NONE', ( #3690, #298, #2945, #7893 ) ) ;
#7350 = CARTESIAN_POINT ( 'NONE',  ( 10.94376925382767500, -8.241100160195578900, 0.1000000000000000100 ) ) ;
#7351 = DIRECTION ( 'NONE',  ( -1.000000000000000000, 0.0000000000000000000, 0.0000000000000000000 ) ) ;
#7352 = CARTESIAN_POINT ( 'NONE',  ( 10.86649652655494700, -6.204736523831940100, -0.0000000000000000000 ) ) ;
#7353 = ORIENTED_EDGE ( 'NONE', *, *, #1687, .F. ) ;
#7354 = PLANE ( 'NONE',  #3500 ) ;
#7355 = VECTOR ( 'NONE', #9464, 1000.000000000000000 ) ;
#7356 = VECTOR ( 'NONE', #4846, 1000.000000000000000 ) ;
#7357 = EDGE_CURVE ( 'NONE', #5369, #6197, #3397, .T. ) ;
#7359 = EDGE_CURVE ( 'NONE', #10235, #7763, #681, .T. ) ;
#7358 = CARTESIAN_POINT ( 'NONE',  ( 11.38597704603546700, -8.755061199156616100, 0.1000000000000000100 ) ) ;
#7360 = CARTESIAN_POINT ( 'NONE',  ( 10.00000000000000000, 18.50000000000000000, 8.099999999999999600 ) ) ;
#7361 = VERTEX_POINT ( 'NONE', #6868 ) ;
#7362 = CARTESIAN_POINT ( 'NONE',  ( 8.000000000000007100, 9.157317253416650300, -23.17665792529315300 ) ) ;
#7363 = CARTESIAN_POINT ( 'NONE',  ( 11.36519782525624600, -5.332009251104667100, 0.1000000000000000100 ) ) ;
#7364 = CARTESIAN_POINT ( 'NONE',  ( 10.60705136326001300, -7.207510380554835700, 0.1000000000000000100 ) ) ;
#7365 = VERTEX_POINT ( 'NONE', #2160 ) ;
#7366 = DIRECTION ( 'NONE',  ( -0.0000000000000000000, -0.0000000000000000000, -1.000000000000000000 ) ) ;
#7367 = LINE ( 'NONE', #11093, #6088 ) ;
#7368 = CARTESIAN_POINT ( 'NONE',  ( 11.04468961987063300, -1.930091611063125200, 0.0000000000000000000 ) ) ;
#7369 = CALENDAR_DATE ( 2016, 24, 8 ) ;
#7370 = CARTESIAN_POINT ( 'NONE',  ( 11.35282514783833100, -1.836678104511376500, 0.0000000000000000000 ) ) ;
#7371 = CARTESIAN_POINT ( 'NONE',  ( 10.11711889244475400, -6.386919336376856800, 0.1000000000000000100 ) ) ;
#7372 = EDGE_CURVE ( 'NONE', #5795, #7144, #3986, .T. ) ;
#7373 = EDGE_LOOP ( 'NONE', ( #5326, #6680, #967, #2391 ) ) ;
#7374 = VERTEX_POINT ( 'NONE', #4048 ) ;
#7375 = CARTESIAN_POINT ( 'NONE',  ( 0.0000000000000000000, 12.50000000000000000, 0.0000000000000000000 ) ) ;
#7376 = AXIS2_PLACEMENT_3D ( 'NONE', #11205, #4631, #3923 ) ;
#7377 = VECTOR ( 'NONE', #861, 1000.000000000000000 ) ;
#7378 = VECTOR ( 'NONE', #4467, 1000.000000000000000 ) ;
#7379 = CARTESIAN_POINT ( 'NONE',  ( 10.18630172136014200, -1.903437822533238500, 4.065758146820641600E-017 ) ) ;
#7380 = DIRECTION ( 'NONE',  ( -0.0000000000000000000, -1.000000000000000000, -0.0000000000000000000 ) ) ;
#7381 = B_SPLINE_CURVE_WITH_KNOTS ( 'NONE', 3,
 ( #3779, #992, #4672, #10896, #5570 ),
 .UNSPECIFIED., .F., .F.,
 ( 4, 1, 4 ),
 ( 0.0000000000000000000, 0.4958009578104512500, 1.000000000000000000 ),
 .UNSPECIFIED. ) ;
#7382 = ORIENTED_EDGE ( 'NONE', *, *, #3820, .T. ) ;
#7383 = DIRECTION ( 'NONE',  ( 1.000000000000000000, 0.0000000000000000000, 0.0000000000000000000 ) ) ;
#7384 = ORIENTED_EDGE ( 'NONE', *, *, #3187, .F. ) ;
#7385 = DIRECTION ( 'NONE',  ( -0.0000000000000000000, -0.0000000000000000000, -1.000000000000000000 ) ) ;
#7386 = CARTESIAN_POINT ( 'NONE',  ( 11.29356672529594600, -1.266547950089296000, 0.1000000000000000100 ) ) ;
#7387 = CARTESIAN_POINT ( 'NONE',  ( 10.19797635432185800, -7.181116838230713600, 0.1000000000000000100 ) ) ;
#7388 = LINE ( 'NONE', #10485, #2876 ) ;
#7389 = FACE_OUTER_BOUND ( 'NONE', #8447, .T. ) ;
#7390 = VECTOR ( 'NONE', #7051, 1000.000000000000000 ) ;
#7391 = CARTESIAN_POINT ( 'NONE',  ( 10.63792509798351900, -8.469996264091681900, 0.0000000000000000000 ) ) ;
#7392 = CARTESIAN_POINT ( 'NONE',  ( 10.91227574733416700, -2.173567692663108500, 0.1000000000000000100 ) ) ;
#7393 = VERTEX_POINT ( 'NONE', #11038 ) ;
#7394 = AXIS2_PLACEMENT_3D ( 'NONE', #6915, #543, #6871 ) ;
#7395 = CARTESIAN_POINT ( 'NONE',  ( 40.49999999999999300, -9.500000000000003600, 30.61942011011341700 ) ) ;
#7396 = VERTEX_POINT ( 'NONE', #1362 ) ;
#7397 = ORIENTED_EDGE ( 'NONE', *, *, #6950, .T. ) ;
#7398 = LINE ( 'NONE', #4922, #7343 ) ;
#7399 = CARTESIAN_POINT ( 'NONE',  ( 11.38514930251289500, -8.706448149552853600, 0.1000000000000000100 ) ) ;
#7400 = LINE ( 'NONE', #6996, #10691 ) ;
#7401 = DIRECTION ( 'NONE',  ( 0.0000000000000000000, -0.0000000000000000000, -1.000000000000000000 ) ) ;
#7402 = CARTESIAN_POINT ( 'NONE',  ( 35.49999999999999300, 0.9999999999999963400, 1.500000000000000000 ) ) ;
#7403 = CARTESIAN_POINT ( 'NONE',  ( 40.50000000000000000, 17.50000000000000000, 43.15709628591621100 ) ) ;
#7404 = ADVANCED_FACE ( 'NONE', ( #7291 ), #9565, .F. ) ;
#7405 = VERTEX_POINT ( 'NONE', #7631 ) ;
#7406 = CARTESIAN_POINT ( 'NONE',  ( 42.49999999999999300, -17.49999999999999600, 8.099999999999996100 ) ) ;
#7407 = ORIENTED_EDGE ( 'NONE', *, *, #1904, .F. ) ;
#7408 = CARTESIAN_POINT ( 'NONE',  ( 11.01929020775302200, -6.482863140940337700, 0.1000000000000000100 ) ) ;
#7409 = VERTEX_POINT ( 'NONE', #9439 ) ;
#7410 = EDGE_CURVE ( 'NONE', #6933, #10530, #3109, .T. ) ;
#7411 = EDGE_CURVE ( 'NONE', #7437, #4664, #6503, .T. ) ;
#7412 = CARTESIAN_POINT ( 'NONE',  ( 9.942494245590390600, -1.507088410234931600, 0.1000000000000000100 ) ) ;
#7413 = CARTESIAN_POINT ( 'NONE',  ( 9.766320448828675900, -6.837288006533988500, 0.1000000000000000100 ) ) ;
#7414 = FACE_OUTER_BOUND ( 'NONE', #4644, .T. ) ;
#7415 = VECTOR ( 'NONE', #6905, 1000.000000000000000 ) ;
#7416 = ORIENTED_EDGE ( 'NONE', *, *, #8088, .T. ) ;
#7417 = DIRECTION ( 'NONE',  ( -3.022240864221695500E-015, -1.000000000000000000, 0.0000000000000000000 ) ) ;
#7418 = CARTESIAN_POINT ( 'NONE',  ( 8.500000000000003600, -14.49804735160446600, 6.099999999999999600 ) ) ;
#7419 = VERTEX_POINT ( 'NONE', #1915 ) ;
#7420 = VECTOR ( 'NONE', #8775, 1000.000000000000000 ) ;
#7421 = CC_DESIGN_PERSON_AND_ORGANIZATION_ASSIGNMENT ( #4624, #9435, ( #5034 ) ) ;
#7422 = CARTESIAN_POINT ( 'NONE',  ( 10.41659012387315100, -7.112946417883375000, -1.355252715606880500E-017 ) ) ;
#7423 = EDGE_CURVE ( 'NONE', #6429, #1485, #5110, .T. ) ;
#7424 = EDGE_CURVE ( 'NONE', #9041, #5890, #9353, .T. ) ;
#7425 = CARTESIAN_POINT ( 'NONE',  ( 10.99619549802914500, -8.247597337936532800, 0.1000000000000000100 ) ) ;
#7426 = DIRECTION ( 'NONE',  ( -0.0000000000000000000, -0.0000000000000000000, 1.000000000000000000 ) ) ;
#7427 = ORIENTED_EDGE ( 'NONE', *, *, #8228, .T. ) ;
#7428 = FACE_OUTER_BOUND ( 'NONE', #3417, .T. ) ;
#7429 = CARTESIAN_POINT ( 'NONE',  ( 11.19834230949736500, -1.597907304730930700, 0.0000000000000000000 ) ) ;
#7430 = CARTESIAN_POINT ( 'NONE',  ( 32.49999999999998600, 9.250000000000001800, 5.099999999999999600 ) ) ;
#7431 = DIRECTION ( 'NONE',  ( 1.000000000000000000, 1.186689103242496500E-016, 0.0000000000000000000 ) ) ;
#7432 = CARTESIAN_POINT ( 'NONE',  ( 40.49999999999999300, -19.99999999999999600, 0.0000000000000000000 ) ) ;
#7433 = ORIENTED_EDGE ( 'NONE', *, *, #8555, .T. ) ;
#7434 = EDGE_CURVE ( 'NONE', #10176, #4385, #5680, .T. ) ;
#7435 = CARTESIAN_POINT ( 'NONE',  ( 10.33349325160240900, -8.653886675698711200, 0.1000000000000000100 ) ) ;
#7436 = CARTESIAN_POINT ( 'NONE',  ( 11.38597704603546700, -1.604087173182589000, 0.1000000000000000100 ) ) ;
#7437 = VERTEX_POINT ( 'NONE', #11089 ) ;
#7438 = LINE ( 'NONE', #8679, #5031 ) ;
#7439 = LINE ( 'NONE', #1200, #3632 ) ;
#7440 = CARTESIAN_POINT ( 'NONE',  ( 11.04626348137796100, -8.258630103602033800, 0.1000000000000000100 ) ) ;
#7441 = CARTESIAN_POINT ( 'NONE',  ( 11.34571918078600400, -8.976173221748714700, 1.355252715606880500E-017 ) ) ;
#7442 = EDGE_LOOP ( 'NONE', ( #1112, #5212 ) ) ;
#7443 = DIRECTION ( 'NONE',  ( 1.000000000000000000, -7.228014483236689700E-017, 0.0000000000000000000 ) ) ;
#7444 = AXIS2_PLACEMENT_3D ( 'NONE', #9502, #9478, #9462 ) ;
#7445 = AXIS2_PLACEMENT_3D ( 'NONE', #1417, #8750, #8227 ) ;
#7446 = VERTEX_POINT ( 'NONE', #3230 ) ;
#7447 = DIRECTION ( 'NONE',  ( -1.000000000000000000, 0.0000000000000000000, 0.0000000000000000000 ) ) ;
#7448 = ORIENTED_EDGE ( 'NONE', *, *, #4383, .T. ) ;
#7449 = FACE_OUTER_BOUND ( 'NONE', #4964, .T. ) ;
#7450 = CARTESIAN_POINT ( 'NONE',  ( 40.49999999999999300, 16.49999999999999600, 0.0000000000000000000 ) ) ;
#7451 = CIRCLE ( 'NONE', #7089, 1.499999999999996200 ) ;
#7452 = VERTEX_POINT ( 'NONE', #1477 ) ;
#7453 = DIRECTION ( 'NONE',  ( 0.0000000000000000000, -0.0000000000000000000, 1.000000000000000000 ) ) ;
#7454 = VERTEX_POINT ( 'NONE', #8147 ) ;
#7455 = DIRECTION ( 'NONE',  ( 0.0000000000000000000, 0.0000000000000000000, 1.000000000000000000 ) ) ;
#7456 = EDGE_LOOP ( 'NONE', ( #5340, #6208, #7817, #2178, #8211, #9481, #1889, #6745, #640, #2577, #3396, #5302, #3605, #7047, #1671 ) ) ;
#7457 = LINE ( 'NONE', #1014, #7136 ) ;
#7458 = ADVANCED_FACE ( 'NONE', ( #10182 ), #466, .F. ) ;
#7459 = AXIS2_PLACEMENT_3D ( 'NONE', #8174, #9181, #3827 ) ;
#7460 = ORIENTED_EDGE ( 'NONE', *, *, #7195, .T. ) ;
#7461 = CARTESIAN_POINT ( 'NONE',  ( 43.71421443129808900, 6.363108264701245400, -17.91005284086394400 ) ) ;
#7462 = CARTESIAN_POINT ( 'NONE',  ( 11.33154400603401300, -6.330549608179767400, 0.0000000000000000000 ) ) ;
#7463 = ORIENTED_EDGE ( 'NONE', *, *, #6032, .T. ) ;
#7464 = EDGE_CURVE ( 'NONE', #3606, #4586, #164, .T. ) ;
#7465 = DIRECTION ( 'NONE',  ( -0.0000000000000000000, -0.0000000000000000000, -1.000000000000000000 ) ) ;
#7466 = CARTESIAN_POINT ( 'NONE',  ( 9.815360256364448000, -7.144057495125363900, 0.1000000000000000100 ) ) ;
#7467 = VERTEX_POINT ( 'NONE', #1393 ) ;
#7468 = VECTOR ( 'NONE', #7190, 1000.000000000000000 ) ;
#7469 = DIRECTION ( 'NONE',  ( 1.000000000000000000, 0.0000000000000000000, 0.0000000000000000000 ) ) ;
#7470 = CARTESIAN_POINT ( 'NONE',  ( 36.99999999999999300, 19.00000000000000000, 5.399999999999999500 ) ) ;
#7471 = ORIENTED_EDGE ( 'NONE', *, *, #4491, .F. ) ;
#7472 = EDGE_LOOP ( 'NONE', ( #541, #1255, #7382, #8830 ) ) ;
#7473 = ORIENTED_EDGE ( 'NONE', *, *, #6777, .T. ) ;
#7474 = DIRECTION ( 'NONE',  ( 1.000000000000000000, 0.0000000000000000000, 0.0000000000000000000 ) ) ;
#7475 = CARTESIAN_POINT ( 'NONE',  ( 7.048445366811455100, -12.83456326127513100, 5.000000000000000000 ) ) ;
#7476 = EDGE_CURVE ( 'NONE', #3807, #5000, #11574, .T. ) ;
#7477 = EDGE_CURVE ( 'NONE', #10521, #7305, #7808, .T. ) ;
#7478 = DIRECTION ( 'NONE',  ( -0.0000000000000000000, -0.0000000000000000000, 1.000000000000000000 ) ) ;
#7479 = VERTEX_POINT ( 'NONE', #2555 ) ;
#7480 = CARTESIAN_POINT ( 'NONE',  ( 10.65771521366497000, -9.281544258370672700, 0.1000000000000000100 ) ) ;
#7481 = CARTESIAN_POINT ( 'NONE',  ( 11.08765441163744600, -9.243002007859063300, 0.1000000000000000100 ) ) ;
#7482 = DIRECTION ( 'NONE',  ( 0.0000000000000000000, -0.0000000000000000000, 1.000000000000000000 ) ) ;
#7483 = PLANE ( 'NONE',  #5360 ) ;
#7484 = ORIENTED_EDGE ( 'NONE', *, *, #2786, .F. ) ;
#7485 = DIRECTION ( 'NONE',  ( 0.6853646990049907500, -0.7281999926928032200, 0.0000000000000000000 ) ) ;
#7486 = ORIENTED_EDGE ( 'NONE', *, *, #6931, .T. ) ;
#7487 = LINE ( 'NONE', #8756, #9187 ) ;
#7488 = AXIS2_PLACEMENT_3D ( 'NONE', #7851, #2486, #8736 ) ;
#7489 = FACE_OUTER_BOUND ( 'NONE', #970, .T. ) ;
#7490 = CARTESIAN_POINT ( 'NONE',  ( 39.95450897047030000, 10.49999999999999600, 11.76791233975104200 ) ) ;
#7491 = EDGE_CURVE ( 'NONE', #863, #3289, #4931, .T. ) ;
#7492 = EDGE_CURVE ( 'NONE', #9021, #2954, #3458, .T. ) ;
#7493 = CARTESIAN_POINT ( 'NONE',  ( 0.9295475300359312700, -8.000000000000000000, 1.000000000000000000 ) ) ;
#7494 = CARTESIAN_POINT ( 'NONE',  ( 10.53976809592247200, -1.911637479816519200, 0.1000000000000000100 ) ) ;
#7495 = ORIENTED_EDGE ( 'NONE', *, *, #4430, .F. ) ;
#7496 = VERTEX_POINT ( 'NONE', #9588 ) ;
#7497 = CARTESIAN_POINT ( 'NONE',  ( 10.67443223348732500, -1.808863863768080900, 0.1000000000000000100 ) ) ;
#7498 = CARTESIAN_POINT ( 'NONE',  ( 0.9295475300359311600, 7.999999999999998200, 1.000000000000000400 ) ) ;
#7499 = ORIENTED_EDGE ( 'NONE', *, *, #5273, .T. ) ;
#7500 = CARTESIAN_POINT ( 'NONE',  ( 11.38480316786730900, -1.549314747194137800, 0.1000000000000000100 ) ) ;
#7501 = CARTESIAN_POINT ( 'NONE',  ( 10.95462629122925200, -9.080857939908689500, 0.1000000000000000100 ) ) ;
#7502 = VECTOR ( 'NONE', #364, 1000.000000000000000 ) ;
#7503 = DIRECTION ( 'NONE',  ( -0.0000000000000000000, -0.0000000000000000000, 1.000000000000000000 ) ) ;
#7504 = CARTESIAN_POINT ( 'NONE',  ( 9.999728315902970600, -7.338397246058867100, 5.421010862427522200E-017 ) ) ;
#7505 = VERTEX_POINT ( 'NONE', #11027 ) ;
#7506 = DIRECTION ( 'NONE',  ( 0.0000000000000000000, 0.0000000000000000000, -1.000000000000000000 ) ) ;
#7507 = ORIENTED_EDGE ( 'NONE', *, *, #9882, .T. ) ;
#7508 = VECTOR ( 'NONE', #3165, 1000.000000000000000 ) ;
#7509 = VECTOR ( 'NONE', #9427, 1000.000000000000000 ) ;
#7510 = DIRECTION ( 'NONE',  ( -1.000000000000000000, -0.0000000000000000000, -0.0000000000000000000 ) ) ;
#7511 = DIRECTION ( 'NONE',  ( 0.0000000000000000000, -1.000000000000000000, 0.0000000000000000000 ) ) ;
#7512 = AXIS2_PLACEMENT_3D ( 'NONE', #7362, #11686, #7956 ) ;
#7513 = CARTESIAN_POINT ( 'NONE',  ( 10.70532788208660500, -1.865369846721461400, 0.1000000000000000100 ) ) ;
#7514 = CARTESIAN_POINT ( 'NONE',  ( 11.16156600535270700, -6.382391312406915600, 0.1000000000000000100 ) ) ;
#7515 = CARTESIAN_POINT ( 'NONE',  ( 11.36519782525624600, -6.329411848507266600, -0.0000000000000000000 ) ) ;
#7516 = CARTESIAN_POINT ( 'NONE',  ( 10.34726229377424300, -7.151214182765711400, 0.1000000000000000100 ) ) ;
#7517 = ADVANCED_FACE ( 'NONE', ( #4327 ), #4827, .F. ) ;
#7518 = ORIENTED_EDGE ( 'NONE', *, *, #9527, .T. ) ;
#7519 = ADVANCED_FACE ( 'NONE', ( #2236 ), #8205, .F. ) ;
#7520 = DIRECTION ( 'NONE',  ( 1.000000000000000000, -1.982541115402065400E-016, 0.0000000000000000000 ) ) ;
#7521 = VERTEX_POINT ( 'NONE', #8973 ) ;
#7522 = DIRECTION ( 'NONE',  ( -7.228014483236689700E-017, -1.000000000000000000, 0.0000000000000000000 ) ) ;
#7523 = CARTESIAN_POINT ( 'NONE',  ( 39.99999999999999300, 19.50000000000000000, 2.700000000000000200 ) ) ;
#7524 = VECTOR ( 'NONE', #5607, 1000.000000000000000 ) ;
#7525 = CARTESIAN_POINT ( 'NONE',  ( 9.244645029916121400, 3.107092958867349700, 0.1000000000000000100 ) ) ;
#7526 = ORIENTED_EDGE ( 'NONE', *, *, #717, .F. ) ;
#7527 = DIRECTION ( 'NONE',  ( 0.0000000000000000000, 0.0000000000000000000, 1.000000000000000000 ) ) ;
#7528 = LINE ( 'NONE', #6651, #1168 ) ;
#7529 = CARTESIAN_POINT ( 'NONE',  ( 36.89354909927018200, -15.78326063698208900, -2.591308581727732400 ) ) ;
#7530 = B_SPLINE_CURVE_WITH_KNOTS ( 'NONE', 3,
 ( #5825, #2372, #2326, #2523, #2140, #1994, #1933, #1883, #6791, #7730, #1305, #5092, #3890, #5786, #4480, #3898, #5418, #10963, #5270 ),
 .UNSPECIFIED., .F., .F.,
 ( 4, 1, 1, 1, 1, 1, 1, 1, 1, 1, 1, 1, 1, 1, 1, 1, 4 ),
 ( 0.0000000000000000000, 0.05956949811980975100, 0.1170451948422638600, 0.1733571427674343300, 0.2294071986133116600, 0.2856210799912846100, 0.3428442290431478700, 0.4014435764307288100, 0.4623551417979966400, 0.5245379489337442800, 0.5868721529874860700, 0.6502511745994908900, 0.7151794734880500000, 0.7818615537057312900, 0.8511950260811274000, 0.9240015797171047300, 0.9999999999999998900 ),
 .UNSPECIFIED. ) ;
#7531 = ORIENTED_EDGE ( 'NONE', *, *, #9045, .T. ) ;
#7532 = CARTESIAN_POINT ( 'NONE',  ( 10.76555718252051200, -6.757922293632256000, -0.0000000000000000000 ) ) ;
#7533 = DIRECTION ( 'NONE',  ( 1.000000000000000000, -1.051347561198065800E-014, 0.0000000000000000000 ) ) ;
#7534 = PLANE ( 'NONE',  #6716 ) ;
#7535 = CARTESIAN_POINT ( 'NONE',  ( 10.84457148153794700, -2.169100355249234700, 0.1000000000000000100 ) ) ;
#7536 = VECTOR ( 'NONE', #9617, 1000.000000000000000 ) ;
#7537 = LINE ( 'NONE', #9795, #9051 ) ;
#7538 = ORIENTED_EDGE ( 'NONE', *, *, #6386, .T. ) ;
#7539 = CARTESIAN_POINT ( 'NONE',  ( 36.89354909927018200, -15.78326063698208900, 0.0000000000000000000 ) ) ;
#7540 = DIRECTION ( 'NONE',  ( 8.410780489584526400E-015, 1.000000000000000000, -0.0000000000000000000 ) ) ;
#7541 = VERTEX_POINT ( 'NONE', #10084 ) ;
#7542 = DIRECTION ( 'NONE',  ( -1.058751417262843600E-014, -1.000000000000000000, 0.0000000000000000000 ) ) ;
#7543 = CARTESIAN_POINT ( 'NONE',  ( 11.09280989576377900, -8.273873149643773000, 0.1000000000000000100 ) ) ;
#7544 = CARTESIAN_POINT ( 'NONE',  ( 11.08724639933585400, -1.355395505842639000, 0.1000000000000000100 ) ) ;
#7545 = CARTESIAN_POINT ( 'NONE',  ( 10.43013289019131100, -2.672268991364406900, -0.0000000000000000000 ) ) ;
#7546 = ORIENTED_EDGE ( 'NONE', *, *, #6151, .T. ) ;
#7547 = DIRECTION ( 'NONE',  ( -0.0000000000000000000, -1.000000000000000000, -0.0000000000000000000 ) ) ;
#7548 = VECTOR ( 'NONE', #10442, 1000.000000000000000 ) ;
#7549 = VECTOR ( 'NONE', #11092, 1000.000000000000000 ) ;
#7550 = CARTESIAN_POINT ( 'NONE',  ( 10.56758771622028300, -1.975801299284803700, 0.1000000000000000100 ) ) ;
#7551 = CARTESIAN_POINT ( 'NONE',  ( 6.849614011047666700, -12.83456326127513100, 5.000000000000000000 ) ) ;
#7552 = ORIENTED_EDGE ( 'NONE', *, *, #9348, .T. ) ;
#7553 = EDGE_CURVE ( 'NONE', #9662, #9267, #1878, .T. ) ;
#7554 = PLANE ( 'NONE',  #5219 ) ;
#7555 =( LENGTH_UNIT ( ) NAMED_UNIT ( * ) SI_UNIT ( .MILLI., .METRE. ) );
#7556 = ORIENTED_EDGE ( 'NONE', *, *, #9589, .F. ) ;
#7557 = CARTESIAN_POINT ( 'NONE',  ( 9.774994895108614300, -1.396910516878397700, -0.0000000000000000000 ) ) ;
#7558 = CARTESIAN_POINT ( 'NONE',  ( 10.94117185123027100, -6.835580679676097800, 0.0000000000000000000 ) ) ;
#7559 = VECTOR ( 'NONE', #6094, 1000.000000000000000 ) ;
#7560 = AXIS2_PLACEMENT_3D ( 'NONE', #9490, #10378, #5040 ) ;
#7561 = ORIENTED_EDGE ( 'NONE', *, *, #9949, .F. ) ;
#7562 = LINE ( 'NONE', #3089, #7509 ) ;
#7563 = DIRECTION ( 'NONE',  ( 1.000000000000000000, 0.0000000000000000000, -0.0000000000000000000 ) ) ;
#7564 = EDGE_CURVE ( 'NONE', #5000, #9662, #3383, .T. ) ;
#7565 = EDGE_CURVE ( 'NONE', #7129, #3136, #2763, .T. ) ;
#7566 = PLANE ( 'NONE',  #8434 ) ;
#7567 = CARTESIAN_POINT ( 'NONE',  ( 44.16534356974573000, 6.147510258116103200, 8.099999999999999600 ) ) ;
#7568 = VERTEX_POINT ( 'NONE', #435 ) ;
#7569 = VERTEX_POINT ( 'NONE', #4954 ) ;
#7570 = CARTESIAN_POINT ( 'NONE',  ( 11.22975264095289700, -6.352693352655542500, 0.1000000000000000100 ) ) ;
#7571 = CARTESIAN_POINT ( 'NONE',  ( 28.54301664136392000, 7.937784117174111900, 3.099999999999999600 ) ) ;
#7572 = CARTESIAN_POINT ( 'NONE',  ( 10.61714587720429700, -3.503437822533238300, -0.0000000000000000000 ) ) ;
#7573 = CARTESIAN_POINT ( 'NONE',  ( 9.939830873042081900, -1.163150025674422900, -0.0000000000000000000 ) ) ;
#7574 = ORIENTED_EDGE ( 'NONE', *, *, #2399, .T. ) ;
#7575 = VECTOR ( 'NONE', #9382, 1000.000000000000000 ) ;
#7576 = DIRECTION ( 'NONE',  ( 0.6110987058256149900, 0.7915544022606775300, 0.0000000000000000000 ) ) ;
#7577 = ADVANCED_FACE ( 'NONE', ( #7021, #4856 ), #7534, .T. ) ;
#7578 = VERTEX_POINT ( 'NONE', #4187 ) ;
#7579 = ADVANCED_FACE ( 'NONE', ( #6417 ), #10428, .F. ) ;
#7580 = DIRECTION ( 'NONE',  ( -1.000000000000000000, 0.0000000000000000000, 0.0000000000000000000 ) ) ;
#7581 = PLANE ( 'NONE',  #10737 ) ;
#7582 = EDGE_CURVE ( 'NONE', #9746, #10069, #3686, .T. ) ;
#7583 = VECTOR ( 'NONE', #6586, 1000.000000000000000 ) ;
#7584 = EDGE_LOOP ( 'NONE', ( #11189, #6221, #8472, #10364, #9143, #5992, #2439, #7622, #10770, #7507, #2957 ) ) ;
#7585 = FACE_OUTER_BOUND ( 'NONE', #43, .T. ) ;
#7586 = EDGE_CURVE ( 'NONE', #7035, #8522, #9574, .T. ) ;
#7587 = CARTESIAN_POINT ( 'NONE',  ( 10.02546167509024700, -6.419391538398688400, 4.065758146820641600E-017 ) ) ;
#7588 = VECTOR ( 'NONE', #1395, 1000.000000000000000 ) ;
#7589 = CARTESIAN_POINT ( 'NONE',  ( 41.11803398874989300, -7.145898033750313500, 8.099999999999999600 ) ) ;
#7590 = EDGE_CURVE ( 'NONE', #2543, #5795, #436, .T. ) ;
#7591 = CARTESIAN_POINT ( 'NONE',  ( 10.69597624096103900, -2.116050974627483600, 0.0000000000000000000 ) ) ;
#7592 = VERTEX_POINT ( 'NONE', #11052 ) ;
#7593 = CARTESIAN_POINT ( 'NONE',  ( 10.11863880451864600, -1.298186167926135900, 0.1000000000000000100 ) ) ;
#7594 = CARTESIAN_POINT ( 'NONE',  ( 11.59376925382767500, -7.700840419935838500, 0.1000000000000000100 ) ) ;
#7595 =( NAMED_UNIT ( * ) SI_UNIT ( $, .STERADIAN. ) SOLID_ANGLE_UNIT ( ) );
#7596 = ORIENTED_EDGE ( 'NONE', *, *, #4965, .T. ) ;
#7597 = CARTESIAN_POINT ( 'NONE',  ( 9.761131923708090200, -1.754817662705068400, 0.1000000000000000100 ) ) ;
#7598 = ORIENTED_EDGE ( 'NONE', *, *, #7372, .T. ) ;
#7599 = VECTOR ( 'NONE', #3031, 1000.000000000000000 ) ;
#7600 = CARTESIAN_POINT ( 'NONE',  ( 47.50000000000000000, -7.849954654103714600, -0.0000000000000000000 ) ) ;
#7601 = EDGE_CURVE ( 'NONE', #3926, #2785, #1947, .T. ) ;
#7602 = FACE_OUTER_BOUND ( 'NONE', #2734, .T. ) ;
#7603 = CARTESIAN_POINT ( 'NONE',  ( 11.45849323164444100, -7.942951197651929400, 0.0000000000000000000 ) ) ;
#7604 = ORIENTED_EDGE ( 'NONE', *, *, #526, .F. ) ;
#7605 = CARTESIAN_POINT ( 'NONE',  ( 10.83903212428664600, -9.300448956254912900, -0.0000000000000000000 ) ) ;
#7606 = AXIS2_PLACEMENT_3D ( 'NONE', #4948, #2373, #2327 ) ;
#7607 = AXIS2_PLACEMENT_3D ( 'NONE', #5681, #3947, #4502 ) ;
#7608 = CARTESIAN_POINT ( 'NONE',  ( 8.500000000000001800, 14.49804735160447300, 6.099999999999999600 ) ) ;
#7609 = CARTESIAN_POINT ( 'NONE',  ( 10.78964502991612500, 4.057092958867333000, 0.1000000000000000100 ) ) ;
#7610 = ORIENTED_EDGE ( 'NONE', *, *, #6994, .F. ) ;
#7611 = LINE ( 'NONE', #5830, #7684 ) ;
#7612 = VERTEX_POINT ( 'NONE', #1332 ) ;
#7613 = CARTESIAN_POINT ( 'NONE',  ( 10.74443586526770200, -1.909524373140031300, 6.776263578034402700E-017 ) ) ;
#7614 = DIRECTION ( 'NONE',  ( -0.0000000000000000000, -0.0000000000000000000, -1.000000000000000000 ) ) ;
#7615 = CARTESIAN_POINT ( 'NONE',  ( 9.957932150079896500, -1.754515491210557200, 1.355252715606880500E-017 ) ) ;
#7616 = CARTESIAN_POINT ( 'NONE',  ( 11.35871838062930400, -8.568779654966796500, -0.0000000000000000000 ) ) ;
#7617 = ORIENTED_EDGE ( 'NONE', *, *, #11050, .F. ) ;
#7618 = ORIENTED_EDGE ( 'NONE', *, *, #1741, .T. ) ;
#7619 = CARTESIAN_POINT ( 'NONE',  ( 9.244645029916162200, 7.627092958867348400, 0.0000000000000000000 ) ) ;
#7620 = CARTESIAN_POINT ( 'NONE',  ( 15.10296701856556100, 12.83456326127513100, 0.0000000000000000000 ) ) ;
#7621 = DIRECTION ( 'NONE',  ( -8.410780489584531100E-015, -1.000000000000000000, 0.0000000000000000000 ) ) ;
#7622 = ORIENTED_EDGE ( 'NONE', *, *, #7953, .F. ) ;
#7623 = CARTESIAN_POINT ( 'NONE',  ( 32.49999999999998600, 8.250000000000000000, 5.099999999999999600 ) ) ;
#7624 = AXIS2_PLACEMENT_3D ( 'NONE', #4943, #5850, #5635 ) ;
#7625 = VECTOR ( 'NONE', #8489, 1000.000000000000000 ) ;
#7626 = CARTESIAN_POINT ( 'NONE',  ( 47.10000000000000100, -25.09999999999999800, 0.0000000000000000000 ) ) ;
#7627 = CARTESIAN_POINT ( 'NONE',  ( 9.765197825256244400, -4.293048212143627800, 0.1000000000000000100 ) ) ;
#7628 = CARTESIAN_POINT ( 'NONE',  ( 11.13464502991614500, 5.947092958867328200, 0.0000000000000000000 ) ) ;
#7629 = CARTESIAN_POINT ( 'NONE',  ( 11.38558017021820700, -1.585569194130629400, 1.355252715606880500E-017 ) ) ;
#7630 = DIRECTION ( 'NONE',  ( 1.000000000000000000, 0.0000000000000000000, 0.0000000000000000000 ) ) ;
#7631 = CARTESIAN_POINT ( 'NONE',  ( 8.000000000000007100, 3.499999999999999600, 8.099999999999999600 ) ) ;
#7632 = ORIENTED_EDGE ( 'NONE', *, *, #4491, .T. ) ;
#7633 = CARTESIAN_POINT ( 'NONE',  ( 9.810269774573336900, -6.647850424608288100, 0.1000000000000000100 ) ) ;
#7634 = ORIENTED_EDGE ( 'NONE', *, *, #2857, .F. ) ;
#7635 = CARTESIAN_POINT ( 'NONE',  ( 10.90068592070190700, -2.173307822568978600, 0.1000000000000000100 ) ) ;
#7636 = EDGE_LOOP ( 'NONE', ( #8605, #1464 ) ) ;
#7637 = DIRECTION ( 'NONE',  ( 0.1472880827604086100, -0.9890936359499856700, 0.0000000000000000000 ) ) ;
#7638 = COORDINATED_UNIVERSAL_TIME_OFFSET ( 3, 0, .AHEAD. ) ;
#7639 = DATE_TIME_ROLE ( 'creation_date' ) ;
#7640 = ORIENTED_EDGE ( 'NONE', *, *, #7055, .F. ) ;
#7641 = EDGE_CURVE ( 'NONE', #11407, #7322, #1905, .T. ) ;
#7642 = EDGE_CURVE ( 'NONE', #9905, #8067, #7259, .T. ) ;
#7643 = CARTESIAN_POINT ( 'NONE',  ( 9.796594084796215200, -7.099565554590072700, 0.1000000000000000100 ) ) ;
#7644 = ADVANCED_FACE ( 'NONE', ( #10596 ), #10001, .F. ) ;
#7645 = ORIENTED_EDGE ( 'NONE', *, *, #10753, .T. ) ;
#7646 = ADVANCED_FACE ( 'NONE', ( #7980 ), #9113, .F. ) ;
#7647 = VECTOR ( 'NONE', #9407, 1000.000000000000000 ) ;
#7648 = CARTESIAN_POINT ( 'NONE',  ( 8.500000000000003600, 14.49804735160447300, 6.099999999999999600 ) ) ;
#7649 = LINE ( 'NONE', #8033, #9055 ) ;
#7650 = CARTESIAN_POINT ( 'NONE',  ( 10.06116182695809000, -1.330345042605007600, 0.1000000000000000100 ) ) ;
#7651 = CARTESIAN_POINT ( 'NONE',  ( 9.765197825256244400, -3.503437822533238300, 0.1000000000000000100 ) ) ;
#7652 = ORIENTED_EDGE ( 'NONE', *, *, #2398, .F. ) ;
#7653 = VERTEX_POINT ( 'NONE', #7430 ) ;
#7654 = AXIS2_PLACEMENT_3D ( 'NONE', #3888, #10120, #4771 ) ;
#7655 = DIRECTION ( 'NONE',  ( 0.0000000000000000000, -0.0000000000000000000, -1.000000000000000000 ) ) ;
#7656 = CARTESIAN_POINT ( 'NONE',  ( 10.01813221893928900, -1.841594130515209300, 0.1000000000000000100 ) ) ;
#7657 = CARTESIAN_POINT ( 'NONE',  ( 10.94376925382767500, -8.241100160195578900, 0.0000000000000000000 ) ) ;
#7658 = EDGE_CURVE ( 'NONE', #7717, #6645, #2044, .T. ) ;
#7659 = ORIENTED_EDGE ( 'NONE', *, *, #504, .T. ) ;
#7660 = EDGE_CURVE ( 'NONE', #1315, #10385, #10017, .T. ) ;
#7661 = CARTESIAN_POINT ( 'NONE',  ( 11.85464502991613000, 4.777092958867322100, 0.1000000000000000100 ) ) ;
#7662 = VECTOR ( 'NONE', #325, 1000.000000000000000 ) ;
#7663 = CARTESIAN_POINT ( 'NONE',  ( 40.49999999999999300, -9.500000000000003600, 30.61942011011341700 ) ) ;
#7664 = CARTESIAN_POINT ( 'NONE',  ( 11.44502575710740400, -7.837523778986839500, 0.1000000000000000100 ) ) ;
#7665 = ORIENTED_EDGE ( 'NONE', *, *, #3454, .T. ) ;
#7666 = CARTESIAN_POINT ( 'NONE',  ( 10.28365152351438100, -2.097854483784855600, 0.1000000000000000100 ) ) ;
#7667 = EDGE_CURVE ( 'NONE', #9411, #7396, #1841, .T. ) ;
#7668 = CARTESIAN_POINT ( 'NONE',  ( 10.51884536322203400, -1.895046570433441600, -0.0000000000000000000 ) ) ;
#7669 = ORIENTED_EDGE ( 'NONE', *, *, #5458, .T. ) ;
#7670 = CARTESIAN_POINT ( 'NONE',  ( 12.89929005983225700, 8.957317253416649200, 8.099999999999999600 ) ) ;
#7671 = CARTESIAN_POINT ( 'NONE',  ( 15.10296701856556100, 12.83456326127513100, 5.000000000000000000 ) ) ;
#7672 = CARTESIAN_POINT ( 'NONE',  ( 10.60267202556122400, -2.031488401460619800, 0.0000000000000000000 ) ) ;
#7673 = ADVANCED_FACE ( 'NONE', ( #3324 ), #8151, .F. ) ;
#7674 = LINE ( 'NONE', #11034, #514 ) ;
#7675 = CIRCLE ( 'NONE', #3859, 6.999999999999999100 ) ;
#7676 = PLANE ( 'NONE',  #9093 ) ;
#7677 = CARTESIAN_POINT ( 'NONE',  ( 9.765197825256244400, -6.889801458896877200, 4.065758146820641600E-017 ) ) ;
#7678 = CARTESIAN_POINT ( 'NONE',  ( 10.49287835847653700, -8.742154721861094700, 4.065758146820641600E-017 ) ) ;
#7679 = CARTESIAN_POINT ( 'NONE',  ( 7.999999999999998200, -21.00000000000000000, 8.099999999999999600 ) ) ;
#7680 = ORIENTED_EDGE ( 'NONE', *, *, #3455, .T. ) ;
#7681 = CARTESIAN_POINT ( 'NONE',  ( 10.91227574733416700, -2.173567692663108500, 0.0000000000000000000 ) ) ;
#7682 = ORIENTED_EDGE ( 'NONE', *, *, #7132, .F. ) ;
#7683 = DIRECTION ( 'NONE',  ( 0.1472880827604086400, -0.9890936359499856700, 0.0000000000000000000 ) ) ;
#7684 = VECTOR ( 'NONE', #10269, 1000.000000000000000 ) ;
#7685 = AXIS2_PLACEMENT_3D ( 'NONE', #2613, #9982, #8019 ) ;
#7686 = LINE ( 'NONE', #9543, #2809 ) ;
#7687 = CARTESIAN_POINT ( 'NONE',  ( 10.63597937787916700, -1.615086944714664100, 6.776263578034402700E-017 ) ) ;
#7688 = CARTESIAN_POINT ( 'NONE',  ( 10.13411549946389700, -2.109984241152966800, 1.355252715606880500E-017 ) ) ;
#7689 = FACE_OUTER_BOUND ( 'NONE', #1736, .T. ) ;
#7690 = CARTESIAN_POINT ( 'NONE',  ( 10.17871372653082100, -7.180636825241236000, 0.0000000000000000000 ) ) ;
#7691 = ORIENTED_EDGE ( 'NONE', *, *, #7359, .T. ) ;
#7692 = B_SPLINE_CURVE_WITH_KNOTS ( 'NONE', 3,
 ( #10036, #11404, #6137, #4017, #2642, #2185, #7017, #8415, #11689, #4665, #2674, #4108, #2591, #4198, #10108, #6756, #7955, #10768, #3775 ),
 .UNSPECIFIED., .F., .F.,
 ( 4, 1, 1, 1, 1, 1, 1, 1, 1, 1, 1, 1, 1, 1, 1, 1, 4 ),
 ( 0.0000000000000000000, 0.06917095082091641300, 0.1344917553273677100, 0.1975638549533908800, 0.2576761560040915500, 0.3153870957768528700, 0.3723892805846225100, 0.4282419871186730600, 0.4845810366945830800, 0.5407144686152839400, 0.5985504999833311000, 0.6579370726063381600, 0.7200392185406880900, 0.7847821481595085300, 0.8526664776256979200, 0.9243993707944316900, 1.000000000000000000 ),
 .UNSPECIFIED. ) ;
#7693 = CARTESIAN_POINT ( 'NONE',  ( 10.49287835847653700, -8.742154721861094700, 0.1000000000000000100 ) ) ;
#7694 = ORIENTED_EDGE ( 'NONE', *, *, #5041, .F. ) ;
#7695 = CARTESIAN_POINT ( 'NONE',  ( 10.74443586526770200, -1.909524373140031300, 0.1000000000000000100 ) ) ;
#7696 = VERTEX_POINT ( 'NONE', #4585 ) ;
#7697 = VECTOR ( 'NONE', #4987, 1000.000000000000000 ) ;
#7698 = ORIENTED_EDGE ( 'NONE', *, *, #4270, .F. ) ;
#7699 = DIRECTION ( 'NONE',  ( -0.0000000000000000000, -0.0000000000000000000, -1.000000000000000000 ) ) ;
#7700 = ORIENTED_EDGE ( 'NONE', *, *, #3608, .T. ) ;
#7701 = CARTESIAN_POINT ( 'NONE',  ( 11.03867376318543600, -6.721643508754486800, 0.1000000000000000100 ) ) ;
#7702 = CARTESIAN_POINT ( 'NONE',  ( 10.56288390030228200, -7.245834199185273100, 4.065758146820641600E-017 ) ) ;
#7703 = CARTESIAN_POINT ( 'NONE',  ( 36.49999999999999300, -9.927050983124843200, 0.0000000000000000000 ) ) ;
#7704 = ORIENTED_EDGE ( 'NONE', *, *, #3080, .F. ) ;
#7705 = CARTESIAN_POINT ( 'NONE',  ( 9.979852471848335700, -1.135019069448141200, 0.0000000000000000000 ) ) ;
#7706 = CARTESIAN_POINT ( 'NONE',  ( 11.85464502991613000, 4.057092958867322400, 0.1000000000000000100 ) ) ;
#7707 = ORIENTED_EDGE ( 'NONE', *, *, #11074, .F. ) ;
#7708 = CARTESIAN_POINT ( 'NONE',  ( 35.49999999999999300, 0.9999999999999963400, 1.500000000000000000 ) ) ;
#7709 = ADVANCED_FACE ( 'NONE', ( #9916 ), #2, .F. ) ;
#7710 = LINE ( 'NONE', #4951, #599 ) ;
#7711 = VECTOR ( 'NONE', #4091, 1000.000000000000000 ) ;
#7712 = ADVANCED_FACE ( 'NONE', ( #2512 ), #1876, .T. ) ;
#7713 = CARTESIAN_POINT ( 'NONE',  ( 9.781022894784674900, -6.737850664435207200, 0.0000000000000000000 ) ) ;
#7714 = CARTESIAN_POINT ( 'NONE',  ( 11.85464502991613700, 5.017092958867322300, 0.0000000000000000000 ) ) ;
#7715 = CARTESIAN_POINT ( 'NONE',  ( 0.7879379035845676100, 2.499999999999999600, -8.184981199232471000 ) ) ;
#7716 = CARTESIAN_POINT ( 'NONE',  ( 10.90643159149001200, -1.965775484870900800, 6.776263578034402700E-017 ) ) ;
#7717 = VERTEX_POINT ( 'NONE', #9967 ) ;
#7718 = CARTESIAN_POINT ( 'NONE',  ( 6.849614011047666700, -12.83456326127513100, -0.0000000000000000000 ) ) ;
#7719 = CARTESIAN_POINT ( 'NONE',  ( 10.18630172136014200, -1.903437822533238500, 0.1000000000000000100 ) ) ;
#7720 = CARTESIAN_POINT ( 'NONE',  ( 33.50000000000000000, -22.00000000000000000, 7.099999999999999600 ) ) ;
#7721 = CARTESIAN_POINT ( 'NONE',  ( 10.60351364480287600, -8.495126498406595100, 0.1000000000000000100 ) ) ;
#7722 = ORIENTED_EDGE ( 'NONE', *, *, #7424, .F. ) ;
#7723 = EDGE_CURVE ( 'NONE', #1267, #4628, #8639, .T. ) ;
#7724 = CARTESIAN_POINT ( 'NONE',  ( 9.765197825256244400, -4.085256004351419900, 0.1000000000000000100 ) ) ;
#7725 = LINE ( 'NONE', #5937, #7583 ) ;
#7726 = EDGE_LOOP ( 'NONE', ( #4337, #3126, #10568, #1482 ) ) ;
#7727 = LINE ( 'NONE', #4269, #10729 ) ;
#7728 = CARTESIAN_POINT ( 'NONE',  ( 11.36519782525624600, -5.124217043312459200, -0.0000000000000000000 ) ) ;
#7729 = CARTESIAN_POINT ( 'NONE',  ( 11.38558017021820700, -1.585569194130629400, 0.1000000000000000100 ) ) ;
#7730 = CARTESIAN_POINT ( 'NONE',  ( 11.25054580489118500, -2.018713717005374600, 0.1000000000000000100 ) ) ;
#7731 = CARTESIAN_POINT ( 'NONE',  ( 8.000000000000000000, -5.250000000000000900, 3.250000000000000400 ) ) ;
#7732 = ORIENTED_EDGE ( 'NONE', *, *, #5839, .F. ) ;
#7733 = CARTESIAN_POINT ( 'NONE',  ( 10.62631972785789200, -8.478471514149774200, 0.1000000000000000100 ) ) ;
#7734 = DIRECTION ( 'NONE',  ( -1.000000000000000000, 0.0000000000000000000, 0.0000000000000000000 ) ) ;
#7735 = CARTESIAN_POINT ( 'NONE',  ( 9.939830873042081900, -1.163150025674422900, 0.1000000000000000100 ) ) ;
#7736 = EDGE_CURVE ( 'NONE', #7948, #7696, #1603, .T. ) ;
#7737 = EDGE_CURVE ( 'NONE', #9920, #1390, #2090, .T. ) ;
#7738 = DIRECTION ( 'NONE',  ( 0.0000000000000000000, 0.0000000000000000000, 1.000000000000000000 ) ) ;
#7739 = EDGE_LOOP ( 'NONE', ( #2563, #7880, #4853, #11326 ) ) ;
#7740 = VECTOR ( 'NONE', #7828, 1000.000000000000000 ) ;
#7741 = VECTOR ( 'NONE', #2291, 1000.000000000000000 ) ;
#7742 = ORIENTED_EDGE ( 'NONE', *, *, #8848, .T. ) ;
#7743 = EDGE_CURVE ( 'NONE', #6047, #7496, #11284, .T. ) ;
#7744 = DIRECTION ( 'NONE',  ( 0.0000000000000000000, -1.000000000000000000, 0.0000000000000000000 ) ) ;
#7745 = CARTESIAN_POINT ( 'NONE',  ( 30.49999999999998600, -2.000000000000000000, 8.099999999999999600 ) ) ;
#7746 = CARTESIAN_POINT ( 'NONE',  ( 11.36519782525624600, -7.721619640715059200, 0.1000000000000000100 ) ) ;
#7747 = CARTESIAN_POINT ( 'NONE',  ( 10.96537388179813300, -1.268075300884479600, 0.0000000000000000000 ) ) ;
#7749 = PLANE ( 'NONE',  #5445 ) ;
#7748 = DIRECTION ( 'NONE',  ( -0.0000000000000000000, -0.0000000000000000000, -1.000000000000000000 ) ) ;
#7750 = LINE ( 'NONE', #11045, #7711 ) ;
#7751 = ORIENTED_EDGE ( 'NONE', *, *, #11237, .T. ) ;
#7752 = LINE ( 'NONE', #10626, #6696 ) ;
#7753 = EDGE_LOOP ( 'NONE', ( #9876, #10795, #7993, #7975 ) ) ;
#7754 = CARTESIAN_POINT ( 'NONE',  ( 10.52980821486663600, -1.876489770585186600, 0.0000000000000000000 ) ) ;
#7755 = VERTEX_POINT ( 'NONE', #10006 ) ;
#7756 = CARTESIAN_POINT ( 'NONE',  ( 11.38597704603546700, -1.604087173182589000, 1.355252715606880500E-017 ) ) ;
#7757 = CARTESIAN_POINT ( 'NONE',  ( 11.38597704603546700, -8.755061199156616100, 1.355252715606880500E-017 ) ) ;
#7758 = EDGE_CURVE ( 'NONE', #7335, #144, #9752, .T. ) ;
#7759 = DIRECTION ( 'NONE',  ( -0.7660444431189791200, -0.6427876096865380300, 0.0000000000000000000 ) ) ;
#7760 = PLANE ( 'NONE',  #6200 ) ;
#7761 = AXIS2_PLACEMENT_3D ( 'NONE', #2670, #9670, #9423 ) ;
#7762 = VECTOR ( 'NONE', #10068, 1000.000000000000000 ) ;
#7763 = VERTEX_POINT ( 'NONE', #10890 ) ;
#7764 = CIRCLE ( 'NONE', #4130, 12.00000000000001100 ) ;
#7765 = DIRECTION ( 'NONE',  ( -0.0000000000000000000, -0.0000000000000000000, -1.000000000000000000 ) ) ;
#7766 = B_SPLINE_CURVE_WITH_KNOTS ( 'NONE', 3,
 ( #530, #5991, #7940, #2576, #8826, #3481, #9728, #4386, #10613, #5284, #11497, #6174, #723, #7084, #1662, #7983, #2614, #8866, #3515 ),
 .UNSPECIFIED., .F., .F.,
 ( 4, 1, 1, 1, 1, 1, 1, 1, 1, 1, 1, 1, 1, 1, 1, 1, 4 ),
 ( 0.0000000000000000000, 0.07718350586161724900, 0.1504210116896267400, 0.2202263949175246300, 0.2870377303963412800, 0.3510200896744276000, 0.4120464105196231000, 0.4722140587259492900, 0.5311193081885455800, 0.5888973370782065700, 0.6454959264865524100, 0.7026198434054752300, 0.7589496557223874800, 0.8171265596756227500, 0.8759335790818833000, 0.9368018003846561000, 0.9999999999999998900 ),
 .UNSPECIFIED. ) ;
#7767 = VERTEX_POINT ( 'NONE', #5558 ) ;
#7768 = VERTEX_POINT ( 'NONE', #1025 ) ;
#7769 = DIRECTION ( 'NONE',  ( 3.022240864221694700E-015, 1.000000000000000000, 0.0000000000000000000 ) ) ;
#7770 = DIRECTION ( 'NONE',  ( -0.0000000000000000000, 0.0000000000000000000, 1.000000000000000000 ) ) ;
#7771 = DIRECTION ( 'NONE',  ( -0.9284766908852597500, 0.3713906763541026100, 0.0000000000000000000 ) ) ;
#7772 = DIRECTION ( 'NONE',  ( -1.000000000000000000, -0.0000000000000000000, -0.0000000000000000000 ) ) ;
#7773 = ADVANCED_FACE ( 'NONE', ( #4463 ), #7354, .F. ) ;
#7774 = DIRECTION ( 'NONE',  ( 0.9825233695253955400, 0.1861392713439668500, 0.0000000000000000000 ) ) ;
#7775 = VECTOR ( 'NONE', #10, 1000.000000000000000 ) ;
#7776 = ADVANCED_FACE ( 'NONE', ( #11564 ), #6068, .F. ) ;
#7777 = VECTOR ( 'NONE', #3083, 1000.000000000000000 ) ;
#7778 = DIRECTION ( 'NONE',  ( -0.0000000000000000000, -0.0000000000000000000, -1.000000000000000000 ) ) ;
#7779 = DIRECTION ( 'NONE',  ( -0.0000000000000000000, -1.000000000000000000, -0.0000000000000000000 ) ) ;
#7780 = AXIS2_PLACEMENT_3D ( 'NONE', #9732, #2171, #2693 ) ;
#7781 = EDGE_LOOP ( 'NONE', ( #9323, #5071, #2815, #4968 ) ) ;
#7782 = EDGE_LOOP ( 'NONE', ( #8779, #3834, #4880, #4148 ) ) ;
#7783 = EDGE_LOOP ( 'NONE', ( #5319, #1197, #2498, #460 ) ) ;
#7784 = DIRECTION ( 'NONE',  ( -1.000000000000000000, -1.194072084819446200E-015, 0.0000000000000000000 ) ) ;
#7785 = VECTOR ( 'NONE', #7978, 1000.000000000000000 ) ;
#7786 = CARTESIAN_POINT ( 'NONE',  ( 10.17915886421728500, -2.111230030325446500, 0.1000000000000000100 ) ) ;
#7787 = VECTOR ( 'NONE', #6913, 1000.000000000000200 ) ;
#7788 = DIRECTION ( 'NONE',  ( -1.982541115402065400E-016, -1.000000000000000000, 0.0000000000000000000 ) ) ;
#7789 = DIRECTION ( 'NONE',  ( 0.0000000000000000000, 0.0000000000000000000, -1.000000000000000000 ) ) ;
#7790 = VERTEX_POINT ( 'NONE', #5603 ) ;
#7791 = CARTESIAN_POINT ( 'NONE',  ( 10.33662825879521700, -1.852190755017378200, 0.1000000000000000100 ) ) ;
#7792 = ORIENTED_EDGE ( 'NONE', *, *, #2335, .F. ) ;
#7793 = CARTESIAN_POINT ( 'NONE',  ( 38.67082039324992600, -8.585410196624970100, 0.0000000000000000000 ) ) ;
#7794 = LINE ( 'NONE', #3998, #7420 ) ;
#7795 = CARTESIAN_POINT ( 'NONE',  ( 7.048445366811455100, -12.83456326127513100, -9.377746782780901600 ) ) ;
#7796 = LINE ( 'NONE', #1266, #7662 ) ;
#7797 = CARTESIAN_POINT ( 'NONE',  ( 10.53317072245659400, -1.888355819827900900, -0.0000000000000000000 ) ) ;
#7798 = EDGE_CURVE ( 'NONE', #8178, #8742, #2711, .T. ) ;
#7799 = CARTESIAN_POINT ( 'NONE',  ( 10.24311990317832500, -6.578762497857916900, 0.0000000000000000000 ) ) ;
#7800 = CARTESIAN_POINT ( 'NONE',  ( 44.50000000000000000, 10.15004534589628300, 30.61942011011341700 ) ) ;
#7801 = CARTESIAN_POINT ( 'NONE',  ( 11.13662639668481600, -7.721619640715059200, -0.0000000000000000000 ) ) ;
#7802 = ORIENTED_EDGE ( 'NONE', *, *, #957, .F. ) ;
#7803 = PLANE ( 'NONE',  #11259 ) ;
#7804 = EDGE_LOOP ( 'NONE', ( #1183, #1760, #9194, #4744, #10828, #6550, #6763, #11354 ) ) ;
#7805 = CARTESIAN_POINT ( 'NONE',  ( 42.49999999999999300, -17.99999999999999600, 8.099999999999999600 ) ) ;
#7806 = LINE ( 'NONE', #1413, #8703 ) ;
#7807 = AXIS2_PLACEMENT_3D ( 'NONE', #8024, #7124, #9771 ) ;
#7808 = LINE ( 'NONE', #6958, #3367 ) ;
#7809 = EDGE_CURVE ( 'NONE', #6097, #8055, #11379, .T. ) ;
#7810 = EDGE_CURVE ( 'NONE', #5148, #5079, #5501, .T. ) ;
#7811 = CARTESIAN_POINT ( 'NONE',  ( 9.785977046035466000, -9.238502757598176600, -0.0000000000000000000 ) ) ;
#7812 = DIRECTION ( 'NONE',  ( -0.0000000000000000000, -0.0000000000000000000, -1.000000000000000000 ) ) ;
#7813 = CARTESIAN_POINT ( 'NONE',  ( 43.71421443129808900, 6.363108264701245400, 0.0000000000000000000 ) ) ;
#7814 = ORIENTED_EDGE ( 'NONE', *, *, #10635, .F. ) ;
#7815 = ORIENTED_EDGE ( 'NONE', *, *, #653, .F. ) ;
#7816 = CARTESIAN_POINT ( 'NONE',  ( 11.21346033640461400, -8.828871588529628100, 1.355252715606880500E-017 ) ) ;
#7817 = ORIENTED_EDGE ( 'NONE', *, *, #2425, .T. ) ;
#7818 = CARTESIAN_POINT ( 'NONE',  ( 10.52980821486663600, -1.876489770585186600, 0.1000000000000000100 ) ) ;
#7819 = VECTOR ( 'NONE', #10229, 1000.000000000000000 ) ;
#7820 = VERTEX_POINT ( 'NONE', #5642 ) ;
#7821 = CARTESIAN_POINT ( 'NONE',  ( 11.11245215426786000, -1.098654129602450100, 0.1000000000000000100 ) ) ;
#7822 = DIRECTION ( 'NONE',  ( 0.1071913287473974500, -0.9942384115700656500, 0.0000000000000000000 ) ) ;
#7823 = CARTESIAN_POINT ( 'NONE',  ( 33.83851648071344400, 20.50000000000000000, 7.099999999999999600 ) ) ;
#7824 = VERTEX_POINT ( 'NONE', #9195 ) ;
#7825 = EDGE_CURVE ( 'NONE', #9085, #3566, #3620, .T. ) ;
#7826 = FACE_OUTER_BOUND ( 'NONE', #5448, .T. ) ;
#7827 = CARTESIAN_POINT ( 'NONE',  ( 9.744418604477024500, -1.601165095260511200, 0.0000000000000000000 ) ) ;
#7828 = DIRECTION ( 'NONE',  ( -0.0000000000000000000, -0.0000000000000000000, -1.000000000000000000 ) ) ;
#7829 = EDGE_LOOP ( 'NONE', ( #7869, #6554, #10194, #7680 ) ) ;
#7830 = DIRECTION ( 'NONE',  ( -0.0000000000000000000, -0.0000000000000000000, -1.000000000000000000 ) ) ;
#7831 = CIRCLE ( 'NONE', #1342, 1.381966011250110400 ) ;
#7832 = ADVANCED_FACE ( 'NONE', ( #1218 ), #1109, .T. ) ;
#7833 = PLANE ( 'NONE',  #8660 ) ;
#7834 = CARTESIAN_POINT ( 'NONE',  ( 9.931431591490012400, -1.612528731624147400, 0.1000000000000000100 ) ) ;
#7835 = ORIENTED_EDGE ( 'NONE', *, *, #9763, .T. ) ;
#7836 = DIRECTION ( 'NONE',  ( 0.0000000000000000000, 0.0000000000000000000, 1.000000000000000000 ) ) ;
#7837 = DIRECTION ( 'NONE',  ( 1.000000000000000000, 0.0000000000000000000, 0.0000000000000000000 ) ) ;
#7838 = LINE ( 'NONE', #8009, #8206 ) ;
#7839 = DESIGN_CONTEXT ( 'detailed design', #11166, 'design' ) ;
#7840 = LINE ( 'NONE', #4355, #3977 ) ;
#7841 = CARTESIAN_POINT ( 'NONE',  ( 9.785977046035466000, -8.439476783572201800, 0.1000000000000000100 ) ) ;
#7842 = EDGE_LOOP ( 'NONE', ( #3945, #3492, #10153, #8961, #1910 ) ) ;
#7843 = ORIENTED_EDGE ( 'NONE', *, *, #358, .T. ) ;
#7844 = AXIS2_PLACEMENT_3D ( 'NONE', #1582, #1543, #838 ) ;
#7845 = AXIS2_PLACEMENT_3D ( 'NONE', #5837, #1405, #2965 ) ;
#7846 = EDGE_LOOP ( 'NONE', ( #5024, #6292, #3470, #5377, #9844, #3020 ) ) ;
#7847 = CARTESIAN_POINT ( 'NONE',  ( 11.22708518053002500, 18.50000000000000000, 3.099999999999999600 ) ) ;
#7848 = CARTESIAN_POINT ( 'NONE',  ( 11.17740176397118100, -1.496352621507488000, -0.0000000000000000000 ) ) ;
#7849 = CIRCLE ( 'NONE', #7026, 1.749999999999999800 ) ;
#7850 = ORIENTED_EDGE ( 'NONE', *, *, #263, .F. ) ;
#7851 = CARTESIAN_POINT ( 'NONE',  ( 5.393968951792283300, 12.74344776061612400, 5.000000000000000000 ) ) ;
#7852 = DIRECTION ( 'NONE',  ( 0.0000000000000000000, 0.0000000000000000000, -1.000000000000000000 ) ) ;
#7853 = ORIENTED_EDGE ( 'NONE', *, *, #6077, .F. ) ;
#7854 = CARTESIAN_POINT ( 'NONE',  ( 11.85464502991613000, 4.057092958867322400, 0.0000000000000000000 ) ) ;
#7855 = CARTESIAN_POINT ( 'NONE',  ( 39.49999999999999300, 14.49999999999999800, 5.399999999999999500 ) ) ;
#7856 = ORIENTED_EDGE ( 'NONE', *, *, #11512, .F. ) ;
#7857 = ORIENTED_EDGE ( 'NONE', *, *, #3409, .T. ) ;
#7858 = CARTESIAN_POINT ( 'NONE',  ( 42.50000000000000700, -22.00000000000000000, -0.0000000000000000000 ) ) ;
#7859 = DIRECTION ( 'NONE',  ( -0.9942384115700657600, -0.1071913287473974700, 0.0000000000000000000 ) ) ;
#7860 = VERTEX_POINT ( 'NONE', #2046 ) ;
#7861 = LINE ( 'NONE', #9345, #7819 ) ;
#7862 = CARTESIAN_POINT ( 'NONE',  ( 9.813979133170915900, -1.888597758159930700, -0.0000000000000000000 ) ) ;
#7863 = CARTESIAN_POINT ( 'NONE',  ( 10.24129630241895100, -1.897902122847118700, 0.1000000000000000100 ) ) ;
#7864 = CARTESIAN_POINT ( 'NONE',  ( 9.979852471848335700, -1.135019069448141200, 0.1000000000000000100 ) ) ;
#7865 = VERTEX_POINT ( 'NONE', #4766 ) ;
#7866 = CARTESIAN_POINT ( 'NONE',  ( 10.24265141685730600, -7.180111121362063600, 0.1000000000000000100 ) ) ;
#7867 = CARTESIAN_POINT ( 'NONE',  ( 10.00000000000000000, 17.63735574933683000, 0.0000000000000000000 ) ) ;
#7868 = DIRECTION ( 'NONE',  ( 2.847339190760428500E-016, -1.000000000000000000, 0.0000000000000000000 ) ) ;
#7869 = ORIENTED_EDGE ( 'NONE', *, *, #10256, .F. ) ;
#7870 = VECTOR ( 'NONE', #252, 1000.000000000000000 ) ;
#7871 = PLANE ( 'NONE',  #2988 ) ;
#7872 = EDGE_CURVE ( 'NONE', #7006, #9213, #3856, .T. ) ;
#7873 = EDGE_CURVE ( 'NONE', #7820, #3026, #11459, .T. ) ;
#7874 = CARTESIAN_POINT ( 'NONE',  ( 37.99999999999999300, -9.927050983124843200, 0.0000000000000000000 ) ) ;
#7875 = ORIENTED_EDGE ( 'NONE', *, *, #7357, .T. ) ;
#7876 = CARTESIAN_POINT ( 'NONE',  ( 9.936137007513391200, -1.540458626858909100, 1.355252715606880500E-017 ) ) ;
#7877 = VECTOR ( 'NONE', #465, 1000.000000000000000 ) ;
#7878 = CARTESIAN_POINT ( 'NONE',  ( 11.13662639668481600, -7.721619640715059200, -0.0000000000000000000 ) ) ;
#7879 = CARTESIAN_POINT ( 'NONE',  ( 11.16505173410887000, -1.465211842626918900, 1.355252715606880500E-017 ) ) ;
#7880 = ORIENTED_EDGE ( 'NONE', *, *, #6572, .F. ) ;
#7881 = LINE ( 'NONE', #10346, #7625 ) ;
#7882 = DIRECTION ( 'NONE',  ( 0.0000000000000000000, 0.0000000000000000000, -1.000000000000000000 ) ) ;
#7883 = FACE_OUTER_BOUND ( 'NONE', #4841, .T. ) ;
#7884 = CARTESIAN_POINT ( 'NONE',  ( 10.00000000000000000, 18.50000000000000000, 8.099999999999999600 ) ) ;
#7885 = ORIENTED_EDGE ( 'NONE', *, *, #10330, .F. ) ;
#7886 = CARTESIAN_POINT ( 'NONE',  ( 5.393968951792284200, -12.74344776061612600, 7.413944776376546000 ) ) ;
#7887 = AXIS2_PLACEMENT_3D ( 'NONE', #3007, #6605, #1189 ) ;
#7888 = DIRECTION ( 'NONE',  ( -1.000000000000000000, -0.0000000000000000000, -0.0000000000000000000 ) ) ;
#7889 = EDGE_CURVE ( 'NONE', #1862, #4496, #8814, .T. ) ;
#7890 = EDGE_CURVE ( 'NONE', #7111, #451, #2729, .T. ) ;
#7891 = CARTESIAN_POINT ( 'NONE',  ( 10.06116182695809000, -1.330345042605007600, 0.1000000000000000100 ) ) ;
#7892 = CYLINDRICAL_SURFACE ( 'NONE', #8724, 0.5000000000000004400 ) ;
#7893 = ORIENTED_EDGE ( 'NONE', *, *, #7590, .T. ) ;
#7894 = VECTOR ( 'NONE', #1147, 1000.000000000000200 ) ;
#7895 = ORIENTED_EDGE ( 'NONE', *, *, #6654, .T. ) ;
#7896 = CARTESIAN_POINT ( 'NONE',  ( 10.62055172003153200, -6.928287277084415100, -0.0000000000000000000 ) ) ;
#7897 = EDGE_CURVE ( 'NONE', #2315, #6095, #2492, .T. ) ;
#7898 = DIRECTION ( 'NONE',  ( -1.000000000000000000, 0.0000000000000000000, 0.0000000000000000000 ) ) ;
#7899 = DIRECTION ( 'NONE',  ( 0.07169006254812306000, 0.9974269571912752800, 0.0000000000000000000 ) ) ;
#7900 = VERTEX_POINT ( 'NONE', #11043 ) ;
#7901 = CARTESIAN_POINT ( 'NONE',  ( 11.51094475781900300, -7.810274207493979900, 0.0000000000000000000 ) ) ;
#7902 = CARTESIAN_POINT ( 'NONE',  ( 10.02353162306053000, -1.111003232120446600, 0.1000000000000000100 ) ) ;
#7903 = VECTOR ( 'NONE', #5519, 1000.000000000000100 ) ;
#7904 = LINE ( 'NONE', #8453, #7991 ) ;
#7905 = B_SPLINE_CURVE_WITH_KNOTS ( 'NONE', 3,
 ( #3439, #3363, #3735, #3793, #3777, #3948, #3966, #1951, #1884, #1820, #1343, #1724, #1118, #1035, #870, #714, #567, #268, #236 ),
 .UNSPECIFIED., .F., .F.,
 ( 4, 1, 1, 1, 1, 1, 1, 1, 1, 1, 1, 1, 1, 1, 1, 1, 4 ),
 ( 0.0000000000000000000, 0.05802455303444890200, 0.1136178990438339200, 0.1669572237177744400, 0.2188862097259172100, 0.2703179918650356900, 0.3218225818484100600, 0.3750480408158614100, 0.4299079289840971900, 0.4875963016421591100, 0.5479808141436268700, 0.6122393087828842400, 0.6805127954607487200, 0.7529188304273689600, 0.8300572510966485200, 0.9121641872810251100, 1.000000000000000000 ),
 .UNSPECIFIED. ) ;
#7906 = ORIENTED_EDGE ( 'NONE', *, *, #3960, .F. ) ;
#7907 = CARTESIAN_POINT ( 'NONE',  ( 35.49999999999999300, 14.49999999999999500, 1.500000000000000000 ) ) ;
#7908 = ADVANCED_FACE ( 'NONE', ( #5170 ), #5712, .T. ) ;
#7909 = EDGE_LOOP ( 'NONE', ( #5627, #9360, #9028, #10815 ) ) ;
#7910 = VERTEX_POINT ( 'NONE', #3920 ) ;
#7911 = DIRECTION ( 'NONE',  ( 0.08715574274766199600, 0.9961946980917452100, 0.0000000000000000000 ) ) ;
#7912 = CARTESIAN_POINT ( 'NONE',  ( 10.45091211097053100, -1.566100160195576000, 0.1000000000000000100 ) ) ;
#7913 = AXIS2_PLACEMENT_3D ( 'NONE', #4326, #1103, #5398 ) ;
#7914 = CARTESIAN_POINT ( 'NONE',  ( 11.85464502991615600, 6.907092958867320200, 0.1000000000000000100 ) ) ;
#7915 = VECTOR ( 'NONE', #6066, 1000.000000000000000 ) ;
#7916 = LINE ( 'NONE', #6689, #7575 ) ;
#7917 = CARTESIAN_POINT ( 'NONE',  ( 10.25043795741779300, -1.261343761739129900, 0.1000000000000000100 ) ) ;
#7918 = ORIENTED_EDGE ( 'NONE', *, *, #10505, .F. ) ;
#7919 = DIRECTION ( 'NONE',  ( -1.000000000000000000, -0.0000000000000000000, -0.0000000000000000000 ) ) ;
#7920 = CARTESIAN_POINT ( 'NONE',  ( 11.36519782525624600, -3.711230030325446600, 0.1000000000000000100 ) ) ;
#7921 = DIRECTION ( 'NONE',  ( 0.5247814819151485100, -0.8512369800701451400, 0.0000000000000000000 ) ) ;
#7922 = ORIENTED_EDGE ( 'NONE', *, *, #1322, .F. ) ;
#7923 = CARTESIAN_POINT ( 'NONE',  ( 10.20464502991616500, 7.627092958867338600, 0.0000000000000000000 ) ) ;
#7924 = VECTOR ( 'NONE', #8897, 1000.000000000000000 ) ;
#7925 = AXIS2_PLACEMENT_3D ( 'NONE', #2339, #9534, #10758 ) ;
#7926 = FACE_OUTER_BOUND ( 'NONE', #9049, .T. ) ;
#7927 = AXIS2_PLACEMENT_3D ( 'NONE', #9060, #6201, #6028 ) ;
#7928 = ORIENTED_EDGE ( 'NONE', *, *, #4157, .T. ) ;
#7929 = ORIENTED_EDGE ( 'NONE', *, *, #1798, .F. ) ;
#7930 = DIRECTION ( 'NONE',  ( 0.0000000000000000000, -0.0000000000000000000, -1.000000000000000000 ) ) ;
#7931 = CARTESIAN_POINT ( 'NONE',  ( 35.49999999999999300, 14.49999999999999500, 0.0000000000000000000 ) ) ;
#7932 = LINE ( 'NONE', #6233, #8216 ) ;
#7933 = LINE ( 'NONE', #2347, #6627 ) ;
#7934 = DIRECTION ( 'NONE',  ( -0.0000000000000000000, -0.0000000000000000000, -1.000000000000000000 ) ) ;
#7935 = DIRECTION ( 'NONE',  ( 1.000000000000000000, 0.0000000000000000000, 0.0000000000000000000 ) ) ;
#7936 = CARTESIAN_POINT ( 'NONE',  ( 10.63565237071079200, -1.568372887468303600, 0.1000000000000000100 ) ) ;
#7937 = VERTEX_POINT ( 'NONE', #8420 ) ;
#7938 = ADVANCED_FACE ( 'NONE', ( #3231 ), #2499, .T. ) ;
#7939 = CARTESIAN_POINT ( 'NONE',  ( 10.70916824888592700, -9.292566246126467500, -0.0000000000000000000 ) ) ;
#7940 = CARTESIAN_POINT ( 'NONE',  ( 10.96371081405765200, -8.455495007469211900, 0.0000000000000000000 ) ) ;
#7941 = EDGE_LOOP ( 'NONE', ( #3118, #5534, #1027, #9174 ) ) ;
#7942 = CARTESIAN_POINT ( 'NONE',  ( 11.51092339911689400, -7.928979125435371400, 0.1000000000000000100 ) ) ;
#7943 = EDGE_CURVE ( 'NONE', #5000, #9666, #11047, .T. ) ;
#7944 = EDGE_LOOP ( 'NONE', ( #7885, #9160, #2089, #6206 ) ) ;
#7945 = CIRCLE ( 'NONE', #79, 1.000000000000000900 ) ;
#7946 = DIRECTION ( 'NONE',  ( 0.0000000000000000000, 0.0000000000000000000, 1.000000000000000000 ) ) ;
#7947 = CARTESIAN_POINT ( 'NONE',  ( 9.765197825256244400, -3.503437822533238300, 0.1000000000000000100 ) ) ;
#7948 = VERTEX_POINT ( 'NONE', #3958 ) ;
#7949 = ORIENTED_EDGE ( 'NONE', *, *, #1992, .T. ) ;
#7950 = AXIS2_PLACEMENT_3D ( 'NONE', #9088, #4777, #11020 ) ;
#7951 = EDGE_CURVE ( 'NONE', #9413, #10060, #3154, .T. ) ;
#7952 = VERTEX_POINT ( 'NONE', #10308 ) ;
#7953 = EDGE_CURVE ( 'NONE', #7365, #3208, #10866, .T. ) ;
#7954 = DIRECTION ( 'NONE',  ( -0.0000000000000000000, -0.0000000000000000000, 1.000000000000000000 ) ) ;
#7955 = CARTESIAN_POINT ( 'NONE',  ( 10.22420429901560900, -1.265361847411820000, 0.0000000000000000000 ) ) ;
#7956 = DIRECTION ( 'NONE',  ( -0.0000000000000000000, 0.0000000000000000000, 1.000000000000000000 ) ) ;
#7957 = FACE_OUTER_BOUND ( 'NONE', #6445, .T. ) ;
#7958 = CARTESIAN_POINT ( 'NONE',  ( 10.32516590450707000, -7.374016793644067000, 0.1000000000000000100 ) ) ;
#7959 = DIRECTION ( 'NONE',  ( -0.0000000000000000000, -0.0000000000000000000, -1.000000000000000000 ) ) ;
#7960 = CARTESIAN_POINT ( 'NONE',  ( 42.50000000000000700, -25.50000000000000000, 14.20327780786684700 ) ) ;
#7961 = ORIENTED_EDGE ( 'NONE', *, *, #4383, .F. ) ;
#7962 = CARTESIAN_POINT ( 'NONE',  ( 10.09826106814322900, -7.160631799208698700, -0.0000000000000000000 ) ) ;
#7963 = EDGE_CURVE ( 'NONE', #7419, #1975, #8029, .T. ) ;
#7964 = ADVANCED_FACE ( 'NONE', ( #6177 ), #4117, .F. ) ;
#7965 = VERTEX_POINT ( 'NONE', #7679 ) ;
#7966 = CARTESIAN_POINT ( 'NONE',  ( 10.03660478676552800, -1.349688380854151100, 0.1000000000000000100 ) ) ;
#7967 = FACE_OUTER_BOUND ( 'NONE', #2823, .T. ) ;
#7968 = LINE ( 'NONE', #2599, #8782 ) ;
#7969 = VECTOR ( 'NONE', #2384, 1000.000000000000000 ) ;
#7970 = B_SPLINE_CURVE_WITH_KNOTS ( 'NONE', 3,
 ( #2900, #5283, #10789, #5303, #802, #10651, #7982, #11352, #10678, #7143, #10567, #11494, #8079, #11624, #5919, #2382, #6195, #3310, #8629 ),
 .UNSPECIFIED., .F., .F.,
 ( 4, 1, 1, 1, 1, 1, 1, 1, 1, 1, 1, 1, 1, 1, 1, 1, 4 ),
 ( 0.0000000000000000000, 0.07838734050523615800, 0.1536549588236297600, 0.2249357462230477400, 0.2934098647695647100, 0.3591934033542981100, 0.4223523138239232400, 0.4850146016283134500, 0.5463378600403329100, 0.6061245922212833400, 0.6635572747869394900, 0.7196155206519558900, 0.7743231638842452700, 0.8291307602630213500, 0.8843363595439787100, 0.9411823477125594900, 1.000000000000000000 ),
 .UNSPECIFIED. ) ;
#7971 = EDGE_LOOP ( 'NONE', ( #3009, #9262, #8159, #5285, #7698, #10967 ) ) ;
#7972 = DIRECTION ( 'NONE',  ( -0.0000000000000000000, -0.0000000000000000000, -1.000000000000000000 ) ) ;
#7973 = CARTESIAN_POINT ( 'NONE',  ( 11.03201161001837200, -1.308571941458301700, 0.1000000000000000100 ) ) ;
#7974 = CARTESIAN_POINT ( 'NONE',  ( 11.10689167287253900, -8.517958205483315800, 0.1000000000000000100 ) ) ;
#7975 = ORIENTED_EDGE ( 'NONE', *, *, #9209, .T. ) ;
#7976 = CARTESIAN_POINT ( 'NONE',  ( 4.708604252787293600, 12.01524776792332500, 0.0000000000000000000 ) ) ;
#7977 = VERTEX_POINT ( 'NONE', #1401 ) ;
#7978 = DIRECTION ( 'NONE',  ( -3.469446951953616900E-015, 1.000000000000000000, 0.0000000000000000000 ) ) ;
#7979 = CARTESIAN_POINT ( 'NONE',  ( 10.07034620277011400, -1.090053782857600000, 0.1000000000000000100 ) ) ;
#7980 = FACE_OUTER_BOUND ( 'NONE', #6330, .T. ) ;
#7981 = VECTOR ( 'NONE', #9549, 1000.000000000000000 ) ;
#7982 = CARTESIAN_POINT ( 'NONE',  ( 10.42234417069452600, -1.735060683923054900, 0.0000000000000000000 ) ) ;
#7983 = CARTESIAN_POINT ( 'NONE',  ( 11.21550088231292900, -8.700463751114330800, -0.0000000000000000000 ) ) ;
#7984 = EDGE_LOOP ( 'NONE', ( #8021, #840, #5794, #2941 ) ) ;
#7985 = B_SPLINE_CURVE_WITH_KNOTS ( 'NONE', 3,
 ( #680, #3989, #3838, #3697, #3099, #10411, #1616, #4075, #4265, #4226, #4182, #3963, #4153, #4123, #4018, #4290, #8335, #8232, #8257 ),
 .UNSPECIFIED., .F., .F.,
 ( 4, 1, 1, 1, 1, 1, 1, 1, 1, 1, 1, 1, 1, 1, 1, 1, 4 ),
 ( 0.0000000000000000000, 0.07252090518391338100, 0.1412584642877199300, 0.2068419122999999900, 0.2701594006086008300, 0.3321595069318694100, 0.3922732462541572700, 0.4519275107686906400, 0.5124972394773890100, 0.5726256474852147200, 0.6313141251234994900, 0.6903979771953372400, 0.7491375235669499600, 0.8090543560298239000, 0.8705775423599694300, 0.9340063582065070100, 1.000000000000000000 ),
 .UNSPECIFIED. ) ;
#7986 = VERTEX_POINT ( 'NONE', #7724 ) ;
#7987 = CARTESIAN_POINT ( 'NONE',  ( 10.24311990317832300, -6.578762497857916000, 0.1000000000000000100 ) ) ;
#7988 = PLANE ( 'NONE',  #6008 ) ;
#7989 = EDGE_LOOP ( 'NONE', ( #2870, #4843, #10603, #100 ) ) ;
#7990 = EDGE_CURVE ( 'NONE', #551, #2558, #827, .T. ) ;
#7991 = VECTOR ( 'NONE', #2175, 1000.000000000000000 ) ;
#7992 = DIRECTION ( 'NONE',  ( 1.000000000000000000, 0.0000000000000000000, 0.0000000000000000000 ) ) ;
#7993 = ORIENTED_EDGE ( 'NONE', *, *, #7055, .T. ) ;
#7994 = VERTEX_POINT ( 'NONE', #5010 ) ;
#7995 = AXIS2_PLACEMENT_3D ( 'NONE', #2115, #3939, #807 ) ;
#7996 = CARTESIAN_POINT ( 'NONE',  ( 9.932111239485207600, -1.575850651675627400, 1.355252715606880500E-017 ) ) ;
#7997 = DIRECTION ( 'NONE',  ( 0.0000000000000000000, 1.000000000000000000, 0.0000000000000000000 ) ) ;
#7998 = CARTESIAN_POINT ( 'NONE',  ( 11.85464502991616300, 7.627092958867320900, 0.1000000000000000100 ) ) ;
#7999 = CARTESIAN_POINT ( 'NONE',  ( 10.20464502991616500, 7.627092958867338600, 0.1000000000000000100 ) ) ;
#8000 = ORIENTED_EDGE ( 'NONE', *, *, #8767, .F. ) ;
#8001 = ADVANCED_FACE ( 'NONE', ( #3556 ), #10401, .F. ) ;
#8002 = CARTESIAN_POINT ( 'NONE',  ( 10.73075162289136700, -9.080251806639349600, 0.1000000000000000100 ) ) ;
#8003 = VECTOR ( 'NONE', #3660, 1000.000000000000000 ) ;
#8004 = DIRECTION ( 'NONE',  ( 0.0000000000000000000, -0.0000000000000000000, -1.000000000000000000 ) ) ;
#8005 = ORIENTED_EDGE ( 'NONE', *, *, #7464, .T. ) ;
#8006 = LINE ( 'NONE', #3014, #3023 ) ;
#8007 = ORIENTED_EDGE ( 'NONE', *, *, #8786, .T. ) ;
#8008 = AXIS2_PLACEMENT_3D ( 'NONE', #8689, #10480, #5136 ) ;
#8009 = CARTESIAN_POINT ( 'NONE',  ( 10.78964502991612500, 4.057092958867333000, 0.1000000000000000100 ) ) ;
#8010 = DIRECTION ( 'NONE',  ( 0.1472880827604086100, 0.9890936359499856700, 0.0000000000000000000 ) ) ;
#8011 = CARTESIAN_POINT ( 'NONE',  ( 9.765197825256244400, -3.503437822533238300, -0.0000000000000000000 ) ) ;
#8012 = CARTESIAN_POINT ( 'NONE',  ( 11.22708518053002500, -18.50000000000000000, 3.099999999999999600 ) ) ;
#8013 = EDGE_LOOP ( 'NONE', ( #7120, #3531, #3978, #3043 ) ) ;
#8014 = CARTESIAN_POINT ( 'NONE',  ( 10.83903212428664600, -9.300448956254912900, 0.1000000000000000100 ) ) ;
#8015 = VERTEX_POINT ( 'NONE', #6873 ) ;
#8016 = VECTOR ( 'NONE', #9978, 1000.000000000000000 ) ;
#8017 = CARTESIAN_POINT ( 'NONE',  ( 10.12084285124563000, -1.073307290002472500, 0.1000000000000000100 ) ) ;
#8018 = VECTOR ( 'NONE', #8292, 1000.000000000000000 ) ;
#8019 = DIRECTION ( 'NONE',  ( -1.000000000000000000, 0.0000000000000000000, -0.0000000000000000000 ) ) ;
#8020 = CARTESIAN_POINT ( 'NONE',  ( 11.18752038628166400, -1.736918768084173300, 1.355252715606880500E-017 ) ) ;
#8021 = ORIENTED_EDGE ( 'NONE', *, *, #9046, .T. ) ;
#8022 = CARTESIAN_POINT ( 'NONE',  ( 47.50000000000000000, 10.15004534589628400, 8.099999999999999600 ) ) ;
#8023 = DIRECTION ( 'NONE',  ( 0.0000000000000000000, 0.0000000000000000000, 1.000000000000000000 ) ) ;
#8024 = CARTESIAN_POINT ( 'NONE',  ( 33.87715070637717900, -21.50000000000000000, 8.099999999999999600 ) ) ;
#8025 = EDGE_CURVE ( 'NONE', #2315, #8091, #7933, .T. ) ;
#8026 = LINE ( 'NONE', #9557, #7924 ) ;
#8027 = EDGE_CURVE ( 'NONE', #2940, #4702, #2273, .T. ) ;
#8028 = ORIENTED_EDGE ( 'NONE', *, *, #3307, .T. ) ;
#8029 = LINE ( 'NONE', #3222, #1505 ) ;
#8030 = CARTESIAN_POINT ( 'NONE',  ( 38.50000000000000000, -15.50000000000000000, -2.591308581727732400 ) ) ;
#8031 = FACE_OUTER_BOUND ( 'NONE', #1875, .T. ) ;
#8032 = ORIENTED_EDGE ( 'NONE', *, *, #4866, .T. ) ;
#8033 = CARTESIAN_POINT ( 'NONE',  ( 9.964645029916154000, 6.907092958867339800, 0.1000000000000000100 ) ) ;
#8034 = PLANE ( 'NONE',  #9554 ) ;
#8035 = DIRECTION ( 'NONE',  ( 0.8805491088722702300, -0.4739549207089752100, 0.0000000000000000000 ) ) ;
#8036 = CARTESIAN_POINT ( 'NONE',  ( 11.67688613694455700, -7.757009251104669500, -1.355252715606880500E-017 ) ) ;
#8037 = CIRCLE ( 'NONE', #4692, 0.5000000000000004400 ) ;
#8038 = VERTEX_POINT ( 'NONE', #9555 ) ;
#8039 = FACE_OUTER_BOUND ( 'NONE', #7753, .T. ) ;
#8040 = CARTESIAN_POINT ( 'NONE',  ( 10.56390709630774400, -8.975464938259804600, 1.355252715606880500E-017 ) ) ;
#8041 = DIRECTION ( 'NONE',  ( -1.000000000000000000, 0.0000000000000000000, 0.0000000000000000000 ) ) ;
#8042 = SECURITY_CLASSIFICATION ( '', '', #4085 ) ;
#8043 = ORIENTED_EDGE ( 'NONE', *, *, #8416, .F. ) ;
#8044 = EDGE_CURVE ( 'NONE', #7860, #5293, #9146, .T. ) ;
#8045 = ORIENTED_EDGE ( 'NONE', *, *, #9733, .F. ) ;
#8046 = EDGE_CURVE ( 'NONE', #1941, #4788, #5142, .T. ) ;
#8047 = CARTESIAN_POINT ( 'NONE',  ( 6.079333650797274800, 13.47164775330892700, 5.000000000000000000 ) ) ;
#8048 = VECTOR ( 'NONE', #11429, 1000.000000000000000 ) ;
#8049 = DIRECTION ( 'NONE',  ( -0.0000000000000000000, -0.0000000000000000000, -1.000000000000000000 ) ) ;
#8050 = FACE_OUTER_BOUND ( 'NONE', #4448, .T. ) ;
#8051 = B_SPLINE_CURVE_WITH_KNOTS ( 'NONE', 3,
 ( #5101, #5075, #6648, #5690, #7412, #2295, #3093, #2532, #5120, #6354, #7966, #7891, #5848, #7593, #1041, #5901, #3541, #2465, #1207 ),
 .UNSPECIFIED., .F., .F.,
 ( 4, 1, 1, 1, 1, 1, 1, 1, 1, 1, 1, 1, 1, 1, 1, 1, 4 ),
 ( 0.0000000000000000000, 0.06917095082091641300, 0.1344917553273677100, 0.1975638549533908800, 0.2576761560040915500, 0.3153870957768528700, 0.3723892805846225100, 0.4282419871186730600, 0.4845810366945830800, 0.5407144686152839400, 0.5985504999833311000, 0.6579370726063381600, 0.7200392185406880900, 0.7847821481595085300, 0.8526664776256979200, 0.9243993707944316900, 1.000000000000000000 ),
 .UNSPECIFIED. ) ;
#8052 = CARTESIAN_POINT ( 'NONE',  ( 9.931431591490012400, -6.884931329026747100, 0.1000000000000000100 ) ) ;
#8053 = ORIENTED_EDGE ( 'NONE', *, *, #7737, .T. ) ;
#8054 = CARTESIAN_POINT ( 'NONE',  ( 10.36401354035010100, -8.584836177719319400, 0.0000000000000000000 ) ) ;
#8055 = VERTEX_POINT ( 'NONE', #544 ) ;
#8056 = EDGE_LOOP ( 'NONE', ( #2104, #4809, #11384, #7059 ) ) ;
#8057 = DIRECTION ( 'NONE',  ( 0.0000000000000000000, 0.0000000000000000000, 1.000000000000000000 ) ) ;
#8058 = CARTESIAN_POINT ( 'NONE',  ( 10.23110691616533600, -1.051489770585186400, 0.1000000000000000100 ) ) ;
#8059 = DIRECTION ( 'NONE',  ( 0.0000000000000000000, 0.0000000000000000000, 1.000000000000000000 ) ) ;
#8060 = CARTESIAN_POINT ( 'NONE',  ( 11.06910331912661100, -1.914412604039978300, 0.1000000000000000100 ) ) ;
#8061 = VECTOR ( 'NONE', #1693, 999.9999999999998900 ) ;
#8062 = FACE_BOUND ( 'NONE', #7456, .T. ) ;
#8063 = CARTESIAN_POINT ( 'NONE',  ( 10.20464502991616500, 7.627092958867338600, 0.1000000000000000100 ) ) ;
#8064 = DIRECTION ( 'NONE',  ( -0.0000000000000000000, -0.0000000000000000000, -1.000000000000000000 ) ) ;
#8065 = ORIENTED_EDGE ( 'NONE', *, *, #172, .T. ) ;
#8066 = CARTESIAN_POINT ( 'NONE',  ( 2.081668171172168500E-014, -22.00000000000000000, 8.099999999999999600 ) ) ;
#8067 = VERTEX_POINT ( 'NONE', #6918 ) ;
#8068 = ADVANCED_FACE ( 'NONE', ( #11437 ), #7803, .F. ) ;
#8069 = VECTOR ( 'NONE', #1110, 1000.000000000000000 ) ;
#8070 = APPROVAL_DATE_TIME ( #10791, #5628 ) ;
#8071 = DIRECTION ( 'NONE',  ( -0.0000000000000000000, -0.0000000000000000000, -1.000000000000000000 ) ) ;
#8072 = CARTESIAN_POINT ( 'NONE',  ( 28.54301664136392000, -7.937784117174111900, 3.099999999999999600 ) ) ;
#8073 = DIRECTION ( 'NONE',  ( -0.0000000000000000000, -0.0000000000000000000, 1.000000000000000000 ) ) ;
#8074 = CARTESIAN_POINT ( 'NONE',  ( 40.49999999999999300, 16.49999999999999600, 8.099999999999999600 ) ) ;
#8075 = VERTEX_POINT ( 'NONE', #5100 ) ;
#8076 = CARTESIAN_POINT ( 'NONE',  ( 10.49283438088450300, -8.769355915860385800, 0.1000000000000000100 ) ) ;
#8077 = VERTEX_POINT ( 'NONE', #4245 ) ;
#8078 = LINE ( 'NONE', #11587, #8003 ) ;
#8079 = CARTESIAN_POINT ( 'NONE',  ( 10.31511306250630600, -1.868524400276033900, 0.0000000000000000000 ) ) ;
#8080 = VECTOR ( 'NONE', #4849, 1000.000000000000000 ) ;
#8081 = EDGE_CURVE ( 'NONE', #9789, #1510, #3909, .T. ) ;
#8082 = ORIENTED_EDGE ( 'NONE', *, *, #8573, .F. ) ;
#8083 = CARTESIAN_POINT ( 'NONE',  ( 11.20201174275349500, -8.647404678476347000, 0.1000000000000000100 ) ) ;
#8084 = ORIENTED_EDGE ( 'NONE', *, *, #8046, .F. ) ;
#8085 = CARTESIAN_POINT ( 'NONE',  ( 10.30545756551598500, -8.811554705650124200, 0.1000000000000000100 ) ) ;
#8086 = VECTOR ( 'NONE', #3811, 1000.000000000000000 ) ;
#8087 = CARTESIAN_POINT ( 'NONE',  ( 10.17475122370690400, -1.060282085231034600, 0.1000000000000000100 ) ) ;
#8088 = EDGE_CURVE ( 'NONE', #2149, #6374, #7388, .T. ) ;
#8089 = EDGE_CURVE ( 'NONE', #3138, #5500, #1006, .T. ) ;
#8090 = CARTESIAN_POINT ( 'NONE',  ( 10.91640971351461100, -1.965598320456392000, 1.355252715606880500E-017 ) ) ;
#8091 = VERTEX_POINT ( 'NONE', #6952 ) ;
#8092 = DIRECTION ( 'NONE',  ( 0.4739549207089752100, 0.8805491088722702300, 0.0000000000000000000 ) ) ;
#8093 = ORIENTED_EDGE ( 'NONE', *, *, #5606, .F. ) ;
#8094 = VECTOR ( 'NONE', #2254, 1000.000000000000000 ) ;
#8095 = PLANE ( 'NONE',  #10167 ) ;
#8096 = LINE ( 'NONE', #1028, #3908 ) ;
#8097 = VECTOR ( 'NONE', #3517, 1000.000000000000000 ) ;
#8098 = DIRECTION ( 'NONE',  ( 0.0000000000000000000, -1.000000000000000000, 0.0000000000000000000 ) ) ;
#8099 = CARTESIAN_POINT ( 'NONE',  ( 10.87709696185287500, -9.299676437121430400, 0.1000000000000000100 ) ) ;
#8100 = ORIENTED_EDGE ( 'NONE', *, *, #2321, .F. ) ;
#8101 = AXIS2_PLACEMENT_3D ( 'NONE', #4220, #8702, #3351 ) ;
#8102 = CARTESIAN_POINT ( 'NONE',  ( 11.20534037330694100, -8.862101151724788300, 0.1000000000000000100 ) ) ;
#8103 = ORIENTED_EDGE ( 'NONE', *, *, #9880, .F. ) ;
#8104 = EDGE_CURVE ( 'NONE', #10131, #7592, #5395, .T. ) ;
#8105 = EDGE_CURVE ( 'NONE', #3365, #9926, #6855, .T. ) ;
#8106 = CARTESIAN_POINT ( 'NONE',  ( 19.33333333333341000, 7.800000000000084200, 3.099999999999999600 ) ) ;
#8107 = DIRECTION ( 'NONE',  ( 9.637352644315593600E-015, 1.000000000000000000, 0.0000000000000000000 ) ) ;
#8108 = CARTESIAN_POINT ( 'NONE',  ( 10.36409292606372600, -7.361579993804289400, 0.1000000000000000100 ) ) ;
#8109 = FACE_OUTER_BOUND ( 'NONE', #3953, .T. ) ;
#8110 = CARTESIAN_POINT ( 'NONE',  ( 32.49999999999998600, -1.000000000000004400, -0.0000000000000000000 ) ) ;
#8111 = VECTOR ( 'NONE', #5550, 1000.000000000000000 ) ;
#8112 = FACE_BOUND ( 'NONE', #3433, .T. ) ;
#8113 = CARTESIAN_POINT ( 'NONE',  ( 39.99999999999999300, 19.50000000000000000, 2.700000000000000200 ) ) ;
#8114 = CARTESIAN_POINT ( 'NONE',  ( 42.50000000000000000, 17.50000000000000000, 8.099999999999996100 ) ) ;
#8115 = ORIENTED_EDGE ( 'NONE', *, *, #1459, .T. ) ;
#8116 = ORIENTED_EDGE ( 'NONE', *, *, #1349, .F. ) ;
#8117 = CARTESIAN_POINT ( 'NONE',  ( 10.49763255197680100, -1.930953459011167700, 0.1000000000000000100 ) ) ;
#8118 = EDGE_LOOP ( 'NONE', ( #8392, #4392, #5392, #9393, #4468, #2235, #7604, #4730, #85, #2720 ) ) ;
#8119 = PERSON_AND_ORGANIZATION ( #9870, #6272 ) ;
#8120 = ORIENTED_EDGE ( 'NONE', *, *, #5854, .T. ) ;
#8121 = PLANE ( 'NONE',  #5137 ) ;
#8122 = CARTESIAN_POINT ( 'NONE',  ( 9.765197825256244400, -4.085256004351419900, 0.1000000000000000100 ) ) ;
#8123 = CARTESIAN_POINT ( 'NONE',  ( 10.98891523411469800, -9.070078470219936400, -0.0000000000000000000 ) ) ;
#8124 = ORIENTED_EDGE ( 'NONE', *, *, #10993, .T. ) ;
#8125 = DIRECTION ( 'NONE',  ( 0.0000000000000000000, 1.000000000000000000, 0.0000000000000000000 ) ) ;
#8126 = CARTESIAN_POINT ( 'NONE',  ( 9.961422437199551900, -7.028259347992901400, 0.0000000000000000000 ) ) ;
#8127 = EDGE_CURVE ( 'NONE', #1315, #2879, #4447, .T. ) ;
#8128 = VERTEX_POINT ( 'NONE', #4284 ) ;
#8129 = CARTESIAN_POINT ( 'NONE',  ( 10.63792509798351900, -8.469996264091681900, 0.1000000000000000100 ) ) ;
#8130 = DIRECTION ( 'NONE',  ( -0.0000000000000000000, -0.0000000000000000000, 1.000000000000000000 ) ) ;
#8131 = LINE ( 'NONE', #566, #11081 ) ;
#8132 = CARTESIAN_POINT ( 'NONE',  ( 11.36519782525624600, -7.389152108247526700, 0.1000000000000000100 ) ) ;
#8133 = ORIENTED_EDGE ( 'NONE', *, *, #5704, .F. ) ;
#8134 = VECTOR ( 'NONE', #1952, 1000.000000000000000 ) ;
#8135 = DIRECTION ( 'NONE',  ( 0.0000000000000000000, -1.000000000000000000, 0.0000000000000000000 ) ) ;
#8136 = CARTESIAN_POINT ( 'NONE',  ( 36.76794919243109700, -12.99999999999999800, 8.099999999999999600 ) ) ;
#8137 = DIRECTION ( 'NONE',  ( 0.0000000000000000000, -0.0000000000000000000, -1.000000000000000000 ) ) ;
#8138 = CARTESIAN_POINT ( 'NONE',  ( 10.05876033050076000, -1.872135864336492300, 0.0000000000000000000 ) ) ;
#8139 = ORIENTED_EDGE ( 'NONE', *, *, #10709, .T. ) ;
#8140 = VECTOR ( 'NONE', #1185, 1000.000000000000100 ) ;
#8141 = CARTESIAN_POINT ( 'NONE',  ( 10.45124726252410400, -7.088146330104644100, 0.1000000000000000100 ) ) ;
#8142 = CARTESIAN_POINT ( 'NONE',  ( 36.00000000000000700, -19.99999999999999600, 0.0000000000000000000 ) ) ;
#8143 = AXIS2_PLACEMENT_3D ( 'NONE', #1466, #1768, #1782 ) ;
#8144 = CARTESIAN_POINT ( 'NONE',  ( 30.49999999999998600, 2.000000000000000000, 5.099999999999999600 ) ) ;
#8145 = ORIENTED_EDGE ( 'NONE', *, *, #46, .T. ) ;
#8146 = CALENDAR_DATE ( 2016, 24, 8 ) ;
#8147 = CARTESIAN_POINT ( 'NONE',  ( 9.785977046035466000, -9.238502757598176600, 0.1000000000000000100 ) ) ;
#8148 = ADVANCED_FACE ( 'NONE', ( #20 ), #295, .F. ) ;
#8149 = CARTESIAN_POINT ( 'NONE',  ( 9.942049280862965700, -6.793833095758563100, 0.1000000000000000100 ) ) ;
#8150 = CARTESIAN_POINT ( 'NONE',  ( 10.43013289019131100, -2.672268991364406900, 0.1000000000000000100 ) ) ;
#8151 = PLANE ( 'NONE',  #11481 ) ;
#8152 = CARTESIAN_POINT ( 'NONE',  ( 6.849614011047666700, -12.83456326127513100, 5.000000000000000000 ) ) ;
#8153 = VECTOR ( 'NONE', #4238, 1000.000000000000000 ) ;
#8154 = ORIENTED_EDGE ( 'NONE', *, *, #4229, .T. ) ;
#8155 = FACE_BOUND ( 'NONE', #11076, .T. ) ;
#8156 = VECTOR ( 'NONE', #7455, 1000.000000000000000 ) ;
#8157 = CARTESIAN_POINT ( 'NONE',  ( 39.99999999999999300, 10.99999999999999800, 8.099999999999999600 ) ) ;
#8158 = DIRECTION ( 'NONE',  ( -1.000000000000000000, 0.0000000000000000000, 0.0000000000000000000 ) ) ;
#8159 = ORIENTED_EDGE ( 'NONE', *, *, #7324, .T. ) ;
#8160 = CARTESIAN_POINT ( 'NONE',  ( 44.13491204469567500, -4.137030143936650400, -17.91005284086394400 ) ) ;
#8161 = EDGE_CURVE ( 'NONE', #539, #8584, #2205, .T. ) ;
#8162 = CARTESIAN_POINT ( 'NONE',  ( 36.99999999999999300, 19.00000000000000000, 8.099999999999999600 ) ) ;
#8163 = ORIENTED_EDGE ( 'NONE', *, *, #6351, .T. ) ;
#8164 = CARTESIAN_POINT ( 'NONE',  ( 11.35282514783833100, -1.836678104511376500, -0.0000000000000000000 ) ) ;
#8165 = ORIENTED_EDGE ( 'NONE', *, *, #4282, .F. ) ;
#8166 = FACE_OUTER_BOUND ( 'NONE', #10617, .T. ) ;
#8167 = CARTESIAN_POINT ( 'NONE',  ( 35.49999999999999300, -1.000000000000005100, 1.500000000000000000 ) ) ;
#8168 = CARTESIAN_POINT ( 'NONE',  ( 2.081668171172168500E-014, -22.00000000000000000, 8.099999999999999600 ) ) ;
#8169 = EDGE_LOOP ( 'NONE', ( #10115, #5897, #6642, #10873 ) ) ;
#8170 = CARTESIAN_POINT ( 'NONE',  ( 42.50000000000000000, 17.50000000000000000, 43.15709628591621100 ) ) ;
#8171 = CARTESIAN_POINT ( 'NONE',  ( 11.16964892905184900, -6.605146702102684800, 0.0000000000000000000 ) ) ;
#8172 = EDGE_CURVE ( 'NONE', #8610, #10027, #2219, .T. ) ;
#8173 = EDGE_CURVE ( 'NONE', #3136, #9811, #181, .T. ) ;
#8174 = CARTESIAN_POINT ( 'NONE',  ( 3.559173988450535100E-015, -12.50000000000000000, 8.099999999999999600 ) ) ;
#8175 = VECTOR ( 'NONE', #2669, 1000.000000000000000 ) ;
#8176 = CARTESIAN_POINT ( 'NONE',  ( 11.38597704603546700, -8.755061199156616100, 0.1000000000000000100 ) ) ;
#8177 = FACE_BOUND ( 'NONE', #9691, .T. ) ;
#8178 = VERTEX_POINT ( 'NONE', #8797 ) ;
#8179 = DIRECTION ( 'NONE',  ( -1.000000000000000000, 0.0000000000000000000, 0.0000000000000000000 ) ) ;
#8180 = VERTEX_POINT ( 'NONE', #11469 ) ;
#8181 = EDGE_LOOP ( 'NONE', ( #9868, #312, #289, #3406 ) ) ;
#8182 = DIRECTION ( 'NONE',  ( 0.8320502943378487200, 0.5547001962252216000, -0.0000000000000000000 ) ) ;
#8183 = CARTESIAN_POINT ( 'NONE',  ( 36.49999999999999300, 19.00000000000000400, 8.099999999999999600 ) ) ;
#8184 = CARTESIAN_POINT ( 'NONE',  ( 11.37642954233092500, -8.870889220065016900, 1.355252715606880500E-017 ) ) ;
#8185 = DIRECTION ( 'NONE',  ( -0.0000000000000000000, -0.0000000000000000000, -1.000000000000000000 ) ) ;
#8186 = CARTESIAN_POINT ( 'NONE',  ( 10.02997915984766800, -6.646513894677947400, -1.355252715606880500E-017 ) ) ;
#8187 = CARTESIAN_POINT ( 'NONE',  ( 30.97797361286377100, 18.50000000000000000, 3.099999999999999600 ) ) ;
#8188 = ORIENTED_EDGE ( 'NONE', *, *, #3649, .F. ) ;
#8189 = VECTOR ( 'NONE', #8757, 1000.000000000000200 ) ;
#8190 = DIRECTION ( 'NONE',  ( 0.0000000000000000000, 0.0000000000000000000, -1.000000000000000000 ) ) ;
#8191 = EDGE_CURVE ( 'NONE', #7569, #7393, #1320, .T. ) ;
#8192 = CARTESIAN_POINT ( 'NONE',  ( 11.38549503158680500, -1.625095840428774800, 0.1000000000000000100 ) ) ;
#8193 = ORIENTED_EDGE ( 'NONE', *, *, #957, .T. ) ;
#8194 = CARTESIAN_POINT ( 'NONE',  ( 39.99999999999999300, 19.50000000000000000, 1.000000000000000000 ) ) ;
#8195 = ORIENTED_EDGE ( 'NONE', *, *, #8127, .T. ) ;
#8196 = EDGE_CURVE ( 'NONE', #4527, #9529, #547, .T. ) ;
#8197 = CARTESIAN_POINT ( 'NONE',  ( 47.50000000000000000, 10.15004534589628400, 0.0000000000000000000 ) ) ;
#8198 = VECTOR ( 'NONE', #2447, 1000.000000000000000 ) ;
#8199 = CARTESIAN_POINT ( 'NONE',  ( 10.24311990317832500, -6.578762497857916900, 0.0000000000000000000 ) ) ;
#8200 = ORIENTED_EDGE ( 'NONE', *, *, #5752, .T. ) ;
#8201 = DIRECTION ( 'NONE',  ( -8.260587980841866800E-015, -1.000000000000000000, 0.0000000000000000000 ) ) ;
#8202 = CARTESIAN_POINT ( 'NONE',  ( 43.50000000000000000, 9.150045345896282700, 30.61942011011341700 ) ) ;
#8203 = EDGE_CURVE ( 'NONE', #2517, #6257, #137, .T. ) ;
#8204 = ORIENTED_EDGE ( 'NONE', *, *, #10483, .T. ) ;
#8205 = PLANE ( 'NONE',  #5513 ) ;
#8206 = VECTOR ( 'NONE', #8049, 1000.000000000000000 ) ;
#8207 = CARTESIAN_POINT ( 'NONE',  ( 10.76680961900760300, -1.926954795029682100, 6.776263578034402700E-017 ) ) ;
#8208 = FACE_BOUND ( 'NONE', #4354, .T. ) ;
#8209 = DIRECTION ( 'NONE',  ( -0.0000000000000000000, -0.0000000000000000000, -1.000000000000000000 ) ) ;
#8210 = CARTESIAN_POINT ( 'NONE',  ( 10.42234417069452600, -1.735060683923054900, 4.065758146820641600E-017 ) ) ;
#8211 = ORIENTED_EDGE ( 'NONE', *, *, #9880, .T. ) ;
#8212 = CARTESIAN_POINT ( 'NONE',  ( 10.15054865221738600, -7.176654213671236300, -0.0000000000000000000 ) ) ;
#8213 = ORIENTED_EDGE ( 'NONE', *, *, #6585, .T. ) ;
#8214 = DIRECTION ( 'NONE',  ( 0.0000000000000000000, 0.0000000000000000000, 1.000000000000000000 ) ) ;
#8215 = DIRECTION ( 'NONE',  ( 0.0000000000000000000, 0.0000000000000000000, 1.000000000000000000 ) ) ;
#8216 = VECTOR ( 'NONE', #10173, 1000.000000000000000 ) ;
#8217 = DIRECTION ( 'NONE',  ( -1.000000000000000000, 0.0000000000000000000, 0.0000000000000000000 ) ) ;
#8218 = DIRECTION ( 'NONE',  ( -0.0000000000000000000, -0.0000000000000000000, 1.000000000000000000 ) ) ;
#8219 = VECTOR ( 'NONE', #1708, 1000.000000000000000 ) ;
#8220 = CARTESIAN_POINT ( 'NONE',  ( 44.50000000000000000, -6.712520664578066000, 0.0000000000000000000 ) ) ;
#8221 = DIRECTION ( 'NONE',  ( -0.0000000000000000000, -0.0000000000000000000, -1.000000000000000000 ) ) ;
#8222 = CARTESIAN_POINT ( 'NONE',  ( 10.23055466864901000, -6.579108743176914400, 0.1000000000000000100 ) ) ;
#8223 = DIRECTION ( 'NONE',  ( -0.0000000000000000000, -0.0000000000000000000, -1.000000000000000000 ) ) ;
#8224 = ORIENTED_EDGE ( 'NONE', *, *, #8480, .T. ) ;
#8225 = CARTESIAN_POINT ( 'NONE',  ( 10.00000000000000000, 18.50000000000000000, 7.099999999999999600 ) ) ;
#8226 = ORIENTED_EDGE ( 'NONE', *, *, #9951, .F. ) ;
#8227 = DIRECTION ( 'NONE',  ( -1.000000000000000000, 0.0000000000000000000, 0.0000000000000000000 ) ) ;
#8228 = EDGE_CURVE ( 'NONE', #5842, #9920, #804, .T. ) ;
#8229 = LINE ( 'NONE', #1114, #3404 ) ;
#8230 = LINE ( 'NONE', #6184, #8455 ) ;
#8231 = DIRECTION ( 'NONE',  ( -1.000000000000000000, 0.0000000000000000000, -0.0000000000000000000 ) ) ;
#8232 = CARTESIAN_POINT ( 'NONE',  ( 10.49283438088450300, -8.769355915860385800, 0.1000000000000000100 ) ) ;
#8233 = DIRECTION ( 'NONE',  ( -0.0000000000000000000, 1.000000000000000000, -0.0000000000000000000 ) ) ;
#8234 = EDGE_LOOP ( 'NONE', ( #2783, #4090, #7682, #9932 ) ) ;
#8235 = DIRECTION ( 'NONE',  ( -1.000000000000000000, 0.0000000000000000000, 0.0000000000000000000 ) ) ;
#8236 = ORIENTED_EDGE ( 'NONE', *, *, #5119, .T. ) ;
#8237 = CYLINDRICAL_SURFACE ( 'NONE', #3937, 2.000000000000001800 ) ;
#8238 = EDGE_CURVE ( 'NONE', #3790, #8624, #10226, .T. ) ;
#8239 = VERTEX_POINT ( 'NONE', #735 ) ;
#8240 = EDGE_CURVE ( 'NONE', #7467, #3502, #4945, .T. ) ;
#8241 = CARTESIAN_POINT ( 'NONE',  ( 10.54964502991611400, 3.127092958867336800, 0.1000000000000000100 ) ) ;
#8242 = VECTOR ( 'NONE', #6146, 1000.000000000000000 ) ;
#8243 = ORIENTED_EDGE ( 'NONE', *, *, #11633, .T. ) ;
#8244 = ORIENTED_EDGE ( 'NONE', *, *, #8238, .F. ) ;
#8245 = ORIENTED_EDGE ( 'NONE', *, *, #9750, .T. ) ;
#8246 = VECTOR ( 'NONE', #1745, 1000.000000000000000 ) ;
#8247 = CARTESIAN_POINT ( 'NONE',  ( 10.29164695151249200, -1.881058643757281200, 0.1000000000000000100 ) ) ;
#8248 = ORIENTED_EDGE ( 'NONE', *, *, #2335, .T. ) ;
#8249 = CARTESIAN_POINT ( 'NONE',  ( 32.49999999999998600, -8.250000000000000000, 7.099999999999999600 ) ) ;
#8250 = ORIENTED_EDGE ( 'NONE', *, *, #526, .T. ) ;
#8251 = DIRECTION ( 'NONE',  ( -1.000000000000000000, 0.0000000000000000000, 0.0000000000000000000 ) ) ;
#8252 = EDGE_CURVE ( 'NONE', #10462, #2917, #6465, .T. ) ;
#8253 = ORIENTED_EDGE ( 'NONE', *, *, #11000, .T. ) ;
#8254 = EDGE_CURVE ( 'NONE', #7986, #10060, #9210, .T. ) ;
#8255 = CARTESIAN_POINT ( 'NONE',  ( 11.36519782525624600, -3.711230030325446600, 0.1000000000000000100 ) ) ;
#8256 = CARTESIAN_POINT ( 'NONE',  ( 9.942034350740190300, -6.974745502627548900, 0.1000000000000000100 ) ) ;
#8257 = CARTESIAN_POINT ( 'NONE',  ( 10.49247055252897300, -8.757333926429343100, 0.1000000000000000100 ) ) ;
#8258 = CARTESIAN_POINT ( 'NONE',  ( 44.50000000000000000, -18.79999999999999400, 0.0000000000000000000 ) ) ;
#8259 = DIRECTION ( 'NONE',  ( 3.022240864221695500E-015, 1.000000000000000000, 0.0000000000000000000 ) ) ;
#8260 = ORIENTED_EDGE ( 'NONE', *, *, #2622, .F. ) ;
#8261 = CARTESIAN_POINT ( 'NONE',  ( 10.49247055252897300, -8.757333926429343100, 0.0000000000000000000 ) ) ;
#8262 = VECTOR ( 'NONE', #8483, 1000.000000000000000 ) ;
#8263 = CARTESIAN_POINT ( 'NONE',  ( 11.85464502991614900, 6.667092958867320000, 0.0000000000000000000 ) ) ;
#8264 = ORIENTED_EDGE ( 'NONE', *, *, #571, .F. ) ;
#8265 = CARTESIAN_POINT ( 'NONE',  ( 35.49999999999998600, -14.50000000000000500, 1.500000000000000000 ) ) ;
#8266 = CARTESIAN_POINT ( 'NONE',  ( 11.36519782525624600, -4.319346913442329200, 0.1000000000000000100 ) ) ;
#8267 = ORIENTED_EDGE ( 'NONE', *, *, #7074, .T. ) ;
#8268 = CARTESIAN_POINT ( 'NONE',  ( 10.49283438088450300, -8.769355915860385800, -0.0000000000000000000 ) ) ;
#8269 = DIRECTION ( 'NONE',  ( -0.0000000000000000000, -0.0000000000000000000, -1.000000000000000000 ) ) ;
#8270 = ORIENTED_EDGE ( 'NONE', *, *, #11449, .F. ) ;
#8271 = CARTESIAN_POINT ( 'NONE',  ( 35.49999999999999300, 8.250000000000000000, 5.099999999999999600 ) ) ;
#8272 = CARTESIAN_POINT ( 'NONE',  ( 9.244645029916135600, 4.777092958867349600, 0.1000000000000000100 ) ) ;
#8273 = VECTOR ( 'NONE', #9542, 1000.000000000000000 ) ;
#8274 = PLANE ( 'NONE',  #3901 ) ;
#8275 = CARTESIAN_POINT ( 'NONE',  ( 11.33154400603401300, -6.330549608179767400, 2.710505431213761100E-017 ) ) ;
#8276 = EDGE_LOOP ( 'NONE', ( #9779, #73, #6136, #2910 ) ) ;
#8277 = AXIS2_PLACEMENT_3D ( 'NONE', #10955, #4365, #361 ) ;
#8278 = LINE ( 'NONE', #3321, #1018 ) ;
#8279 = CARTESIAN_POINT ( 'NONE',  ( 11.00853637560144400, -2.164551643816342800, 0.1000000000000000100 ) ) ;
#8280 = CARTESIAN_POINT ( 'NONE',  ( 10.02546167509024700, -6.419391538398688400, 0.1000000000000000100 ) ) ;
#8281 = ORIENTED_EDGE ( 'NONE', *, *, #285, .T. ) ;
#8282 = DIRECTION ( 'NONE',  ( 8.163404592832041500E-015, 1.000000000000000000, -0.0000000000000000000 ) ) ;
#8283 = PLANE ( 'NONE',  #2761 ) ;
#8284 = FACE_OUTER_BOUND ( 'NONE', #1111, .T. ) ;
#8285 = EDGE_LOOP ( 'NONE', ( #7574, #5487, #4261, #10540, #10659, #11163, #7463, #6531 ) ) ;
#8286 = FACE_OUTER_BOUND ( 'NONE', #6921, .T. ) ;
#8287 = DIRECTION ( 'NONE',  ( 1.982541115402065400E-016, 1.000000000000000000, 0.0000000000000000000 ) ) ;
#8288 = LINE ( 'NONE', #831, #11010 ) ;
#8289 = ORIENTED_EDGE ( 'NONE', *, *, #5017, .F. ) ;
#8290 = ADVANCED_FACE ( 'NONE', ( #9861 ), #5836, .F. ) ;
#8291 = CARTESIAN_POINT ( 'NONE',  ( 11.38597704603546700, -1.604087173182589000, 0.1000000000000000100 ) ) ;
#8292 = DIRECTION ( 'NONE',  ( 0.0000000000000000000, 1.000000000000000000, 0.0000000000000000000 ) ) ;
#8293 = CARTESIAN_POINT ( 'NONE',  ( 11.36519782525624600, -7.389152108247526700, -0.0000000000000000000 ) ) ;
#8294 = DIRECTION ( 'NONE',  ( 1.000000000000000000, -3.022240864221695500E-015, 0.0000000000000000000 ) ) ;
#8295 = LINE ( 'NONE', #9459, #9298 ) ;
#8296 = ORIENTED_EDGE ( 'NONE', *, *, #3995, .T. ) ;
#8297 = CIRCLE ( 'NONE', #1942, 0.5000000000000004400 ) ;
#8298 = CARTESIAN_POINT ( 'NONE',  ( 0.0000000000000000000, 0.0000000000000000000, 0.1000000000000000100 ) ) ;
#8299 = LINE ( 'NONE', #8935, #5573 ) ;
#8300 = CARTESIAN_POINT ( 'NONE',  ( 9.765197825256244400, -6.889801458896877200, 0.1000000000000000100 ) ) ;
#8301 = ORIENTED_EDGE ( 'NONE', *, *, #2935, .T. ) ;
#8302 = CARTESIAN_POINT ( 'NONE',  ( 9.999999999999996400, 7.999999999999994700, 5.000000000000000000 ) ) ;
#8303 = CARTESIAN_POINT ( 'NONE',  ( 9.931431591490012400, -1.612528731624147400, 1.355252715606880500E-017 ) ) ;
#8304 = CARTESIAN_POINT ( 'NONE',  ( 11.37109834655980300, -8.612952000292974500, 0.1000000000000000100 ) ) ;
#8305 = LINE ( 'NONE', #1924, #8069 ) ;
#8306 = EDGE_CURVE ( 'NONE', #7452, #10418, #939, .T. ) ;
#8307 = DIRECTION ( 'NONE',  ( 1.000000000000000000, 0.0000000000000000000, 0.0000000000000000000 ) ) ;
#8308 = ORIENTED_EDGE ( 'NONE', *, *, #1461, .T. ) ;
#8309 = LINE ( 'NONE', #8990, #7969 ) ;
#8310 = DIRECTION ( 'NONE',  ( -0.0000000000000000000, 0.0000000000000000000, 1.000000000000000000 ) ) ;
#8311 = DIRECTION ( 'NONE',  ( -1.000000000000000000, 1.430894232241332000E-016, 0.0000000000000000000 ) ) ;
#8312 = ORIENTED_EDGE ( 'NONE', *, *, #3411, .T. ) ;
#8313 = ORIENTED_EDGE ( 'NONE', *, *, #2922, .F. ) ;
#8314 = CARTESIAN_POINT ( 'NONE',  ( 10.93301989724946000, -9.292200634566681200, 0.1000000000000000100 ) ) ;
#8315 = CARTESIAN_POINT ( 'NONE',  ( 10.31344290174716200, -8.906696009978567500, -0.0000000000000000000 ) ) ;
#8316 = CARTESIAN_POINT ( 'NONE',  ( 9.765197825256244400, -6.889801458896877200, 0.1000000000000000100 ) ) ;
#8317 = VECTOR ( 'NONE', #5028, 1000.000000000000000 ) ;
#8318 = FACE_BOUND ( 'NONE', #3538, .T. ) ;
#8319 = AXIS2_PLACEMENT_3D ( 'NONE', #10604, #3474, #2568 ) ;
#8320 = ORIENTED_EDGE ( 'NONE', *, *, #7873, .T. ) ;
#8321 = CARTESIAN_POINT ( 'NONE',  ( 46.00000000000000000, -6.849954654103714600, 0.0000000000000000000 ) ) ;
#8322 = CARTESIAN_POINT ( 'NONE',  ( 10.94376925382767500, -8.241100160195578900, 0.0000000000000000000 ) ) ;
#8323 = ORIENTED_EDGE ( 'NONE', *, *, #8203, .T. ) ;
#8324 = EDGE_CURVE ( 'NONE', #8178, #3364, #11327, .T. ) ;
#8325 = ORIENTED_EDGE ( 'NONE', *, *, #6676, .F. ) ;
#8326 = EDGE_CURVE ( 'NONE', #6618, #1729, #4376, .T. ) ;
#8327 = CARTESIAN_POINT ( 'NONE',  ( 33.49999999999999300, 21.00000000000000000, 0.0000000000000000000 ) ) ;
#8328 = CARTESIAN_POINT ( 'NONE',  ( 10.37666654140763400, -1.812548574343024100, 0.1000000000000000100 ) ) ;
#8329 = VECTOR ( 'NONE', #459, 1000.000000000000000 ) ;
#8330 = LINE ( 'NONE', #11306, #3609 ) ;
#8331 = EDGE_CURVE ( 'NONE', #7479, #4639, #8606, .T. ) ;
#8332 = CARTESIAN_POINT ( 'NONE',  ( 10.00000000000000200, -17.63735574933683000, 3.000000000000000000 ) ) ;
#8333 = CARTESIAN_POINT ( 'NONE',  ( 44.00000000000000000, -6.849954654103714600, -0.0000000000000000000 ) ) ;
#8334 = DIRECTION ( 'NONE',  ( -1.000000000000000000, 0.0000000000000000000, 0.0000000000000000000 ) ) ;
#8335 = CARTESIAN_POINT ( 'NONE',  ( 10.49354789749992100, -8.792932663189418500, 0.1000000000000000100 ) ) ;
#8336 = DIRECTION ( 'NONE',  ( -1.577021341797098100E-016, 1.000000000000000000, 0.0000000000000000000 ) ) ;
#8337 = EDGE_LOOP ( 'NONE', ( #3398, #7146, #1969, #10253 ) ) ;
#8338 = CARTESIAN_POINT ( 'NONE',  ( 10.67948353954195900, -5.581359900455316500, 0.1000000000000000100 ) ) ;
#8339 = DIRECTION ( 'NONE',  ( 1.000000000000000000, 0.0000000000000000000, 0.0000000000000000000 ) ) ;
#8340 = ORIENTED_EDGE ( 'NONE', *, *, #6604, .T. ) ;
#8341 = LINE ( 'NONE', #3195, #8329 ) ;
#8342 = CARTESIAN_POINT ( 'NONE',  ( 19.33333333333341000, 7.800000000000084200, 8.099999999999999600 ) ) ;
#8343 = FACE_BOUND ( 'NONE', #9648, .T. ) ;
#8344 = CARTESIAN_POINT ( 'NONE',  ( 11.11087859174499900, -9.000591142680505600, 0.1000000000000000100 ) ) ;
#8345 = ADVANCED_FACE ( 'NONE', ( #11298 ), #7161, .T. ) ;
#8346 = CARTESIAN_POINT ( 'NONE',  ( 10.96156243991369500, -8.243305267472280200, 0.1000000000000000100 ) ) ;
#8347 = ORIENTED_EDGE ( 'NONE', *, *, #8692, .F. ) ;
#8348 = DIRECTION ( 'NONE',  ( 1.000000000000000000, 1.186689103242496500E-016, 0.0000000000000000000 ) ) ;
#8349 = CARTESIAN_POINT ( 'NONE',  ( 9.244645029916114300, 2.257092958867350500, 0.1000000000000000100 ) ) ;
#8350 = PLANE ( 'NONE',  #1253 ) ;
#8351 = ADVANCED_FACE ( 'NONE', ( #8982 ), #8905, .F. ) ;
#8352 = VERTEX_POINT ( 'NONE', #9840 ) ;
#8353 = CARTESIAN_POINT ( 'NONE',  ( 10.31344290174716200, -8.906696009978567500, 0.1000000000000000100 ) ) ;
#8354 = VECTOR ( 'NONE', #3874, 1000.000000000000000 ) ;
#8355 = LINE ( 'NONE', #1633, #6548 ) ;
#8356 = CARTESIAN_POINT ( 'NONE',  ( 10.00000000000000200, -17.63735574933683000, 5.000000000000000000 ) ) ;
#8357 = CARTESIAN_POINT ( 'NONE',  ( 10.45091211097053100, -1.487853406948823000, 0.1000000000000000100 ) ) ;
#8358 = ORIENTED_EDGE ( 'NONE', *, *, #7209, .F. ) ;
#8359 = VERTEX_POINT ( 'NONE', #7197 ) ;
#8360 = CARTESIAN_POINT ( 'NONE',  ( 29.98887997691378600, 17.64728808276040800, 8.099999999999999600 ) ) ;
#8361 = CARTESIAN_POINT ( 'NONE',  ( 10.92464502991614200, 5.947092958867330000, 0.1000000000000000100 ) ) ;
#8362 = LINE ( 'NONE', #7855, #8273 ) ;
#8363 = FACE_BOUND ( 'NONE', #9198, .T. ) ;
#8364 = PLANE ( 'NONE',  #9852 ) ;
#8365 = VERTEX_POINT ( 'NONE', #1785 ) ;
#8366 = CARTESIAN_POINT ( 'NONE',  ( 10.02353162306053000, -1.111003232120446600, 1.355252715606880500E-017 ) ) ;
#8367 = CARTESIAN_POINT ( 'NONE',  ( 9.931431591490012400, -1.612528731624147400, 0.1000000000000000100 ) ) ;
#8368 = ORIENTED_EDGE ( 'NONE', *, *, #4270, .T. ) ;
#8369 = CARTESIAN_POINT ( 'NONE',  ( 11.21974327980169900, -8.757983277078695400, 0.1000000000000000100 ) ) ;
#8370 = DIRECTION ( 'NONE',  ( -1.000000000000000000, -0.0000000000000000000, -0.0000000000000000000 ) ) ;
#8371 = FACE_OUTER_BOUND ( 'NONE', #7442, .T. ) ;
#8372 = ORIENTED_EDGE ( 'NONE', *, *, #10641, .F. ) ;
#8373 = FACE_OUTER_BOUND ( 'NONE', #7054, .T. ) ;
#8374 = CARTESIAN_POINT ( 'NONE',  ( 38.67082039324992600, -8.585410196624970100, 8.099999999999999600 ) ) ;
#8375 = CARTESIAN_POINT ( 'NONE',  ( 9.837628535261355700, -7.185446957282794100, 0.1000000000000000100 ) ) ;
#8376 = DIRECTION ( 'NONE',  ( 9.637352644315593600E-015, 1.000000000000000000, 0.0000000000000000000 ) ) ;
#8377 = ORIENTED_EDGE ( 'NONE', *, *, #2215, .F. ) ;
#8378 = CARTESIAN_POINT ( 'NONE',  ( 10.51884536322203400, -1.895046570433441600, 0.0000000000000000000 ) ) ;
#8379 = EDGE_CURVE ( 'NONE', #3138, #7454, #6280, .T. ) ;
#8380 = CARTESIAN_POINT ( 'NONE',  ( 47.50000000000000000, 10.15004534589628400, 30.61942011011341700 ) ) ;
#8381 = VECTOR ( 'NONE', #2905, 1000.000000000000000 ) ;
#8382 = VECTOR ( 'NONE', #8534, 1000.000000000000000 ) ;
#8383 = CARTESIAN_POINT ( 'NONE',  ( 11.21974327980169900, -8.757983277078695400, 0.1000000000000000100 ) ) ;
#8384 = VECTOR ( 'NONE', #4489, 1000.000000000000000 ) ;
#8385 = DIRECTION ( 'NONE',  ( -1.000000000000000000, 0.0000000000000000000, 0.0000000000000000000 ) ) ;
#8386 = ORIENTED_EDGE ( 'NONE', *, *, #1964, .T. ) ;
#8387 = CARTESIAN_POINT ( 'NONE',  ( 10.76348475295128400, -9.299645922944327100, 0.1000000000000000100 ) ) ;
#8388 = ORIENTED_EDGE ( 'NONE', *, *, #6011, .T. ) ;
#8389 = CARTESIAN_POINT ( 'NONE',  ( 42.50000000000000700, -25.50000000000000000, -0.0000000000000000000 ) ) ;
#8390 = CARTESIAN_POINT ( 'NONE',  ( 10.63792509798351900, -1.487853406948823000, -0.0000000000000000000 ) ) ;
#8391 = CARTESIAN_POINT ( 'NONE',  ( 11.17784217207076100, -8.923029626069208600, 1.355252715606880500E-017 ) ) ;
#8392 = ORIENTED_EDGE ( 'NONE', *, *, #8572, .F. ) ;
#8393 = EDGE_CURVE ( 'NONE', #1061, #5494, #1084, .T. ) ;
#8394 = EDGE_CURVE ( 'NONE', #10498, #1352, #6588, .T. ) ;
#8395 = CARTESIAN_POINT ( 'NONE',  ( 31.74569858724563800, -19.50000000000000000, 8.099999999999999600 ) ) ;
#8396 = CARTESIAN_POINT ( 'NONE',  ( 39.99999999999999300, 10.49999999999999600, 8.099999999999999600 ) ) ;
#8397 = VECTOR ( 'NONE', #1911, 1000.000000000000000 ) ;
#8398 = LINE ( 'NONE', #11601, #8435 ) ;
#8399 = ORIENTED_EDGE ( 'NONE', *, *, #1888, .F. ) ;
#8400 = DIRECTION ( 'NONE',  ( 0.0000000000000000000, 0.0000000000000000000, 1.000000000000000000 ) ) ;
#8401 = CARTESIAN_POINT ( 'NONE',  ( 9.950412144257555300, -7.002199758047646000, 0.0000000000000000000 ) ) ;
#8402 = CARTESIAN_POINT ( 'NONE',  ( 10.56758771622028300, -1.975801299284803700, 0.1000000000000000100 ) ) ;
#8403 = ORIENTED_EDGE ( 'NONE', *, *, #2929, .T. ) ;
#8404 = CARTESIAN_POINT ( 'NONE',  ( 11.17937487017293600, -9.185965012419659500, 0.1000000000000000100 ) ) ;
#8405 = ADVANCED_FACE ( 'NONE', ( #4660 ), #10438, .T. ) ;
#8406 = VECTOR ( 'NONE', #385, 1000.000000000000000 ) ;
#8407 = ADVANCED_FACE ( 'NONE', ( #8109 ), #11643, .F. ) ;
#8408 = CARTESIAN_POINT ( 'NONE',  ( 10.45091211097053300, -1.526976783572199200, 0.0000000000000000000 ) ) ;
#8409 = EDGE_CURVE ( 'NONE', #2714, #5619, #1271, .T. ) ;
#8410 = CARTESIAN_POINT ( 'NONE',  ( 47.50000000000000000, -18.99999999999999600, -5.385164807134506400 ) ) ;
#8411 = CARTESIAN_POINT ( 'NONE',  ( 32.49999999999998600, -2.000000000000000000, 5.099999999999999600 ) ) ;
#8412 = ORIENTED_EDGE ( 'NONE', *, *, #2166, .F. ) ;
#8413 = VECTOR ( 'NONE', #2521, 1000.000000000000000 ) ;
#8414 = CARTESIAN_POINT ( 'NONE',  ( 11.51094475781900300, -7.810274207493979900, -0.0000000000000000000 ) ) ;
#8415 = CARTESIAN_POINT ( 'NONE',  ( 9.977541025310316100, -1.419200298727330900, -0.0000000000000000000 ) ) ;
#8416 = EDGE_CURVE ( 'NONE', #4496, #5322, #5407, .T. ) ;
#8417 = CARTESIAN_POINT ( 'NONE',  ( 32.49999999999998600, -14.00000000000000000, 7.099999999999999600 ) ) ;
#8418 = CARTESIAN_POINT ( 'NONE',  ( 10.03831244620241100, -7.357142955774571100, 5.421010862427522200E-017 ) ) ;
#8419 = ORIENTED_EDGE ( 'NONE', *, *, #11340, .F. ) ;
#8420 = CARTESIAN_POINT ( 'NONE',  ( 11.36519782525624600, -5.124217043312459200, 0.1000000000000000100 ) ) ;
#8421 = LINE ( 'NONE', #11504, #9232 ) ;
#8422 = DIRECTION ( 'NONE',  ( -0.8320502943378382800, 0.5547001962252371400, -0.0000000000000000000 ) ) ;
#8423 = ORIENTED_EDGE ( 'NONE', *, *, #10311, .F. ) ;
#8424 = LINE ( 'NONE', #3462, #1339 ) ;
#8425 = CARTESIAN_POINT ( 'NONE',  ( 10.91853306535760000, -9.087569176411744100, 0.1000000000000000100 ) ) ;
#8426 = CARTESIAN_POINT ( 'NONE',  ( 41.49999999999999300, 21.00000000000000000, 8.099999999999999600 ) ) ;
#8427 = DIRECTION ( 'NONE',  ( -0.8320502943378477200, -0.5547001962252228200, -0.0000000000000000000 ) ) ;
#8428 = CARTESIAN_POINT ( 'NONE',  ( 10.84571730577572500, -1.217723536818952500, -0.0000000000000000000 ) ) ;
#8429 = ORIENTED_EDGE ( 'NONE', *, *, #1050, .T. ) ;
#8430 = CARTESIAN_POINT ( 'NONE',  ( 38.24999999999999300, 10.10357955453048200, 11.76791233975104200 ) ) ;
#8431 = CARTESIAN_POINT ( 'NONE',  ( 40.49999999999999300, -9.500000000000003600, -0.0000000000000000000 ) ) ;
#8432 = AXIS2_PLACEMENT_3D ( 'NONE', #2651, #2538, #2504 ) ;
#8433 = CARTESIAN_POINT ( 'NONE',  ( 28.54301664136392000, -7.937784117174111900, 3.099999999999999600 ) ) ;
#8434 = AXIS2_PLACEMENT_3D ( 'NONE', #7328, #7105, #6903 ) ;
#8435 = VECTOR ( 'NONE', #6462, 1000.000000000000000 ) ;
#8436 = DIRECTION ( 'NONE',  ( -1.000000000000000000, 0.0000000000000000000, 0.0000000000000000000 ) ) ;
#8437 = EDGE_LOOP ( 'NONE', ( #1217, #3275, #3745, #500, #7206, #4529 ) ) ;
#8438 = FACE_BOUND ( 'NONE', #5149, .T. ) ;
#8439 = CARTESIAN_POINT ( 'NONE',  ( 30.49999999999998600, 2.000000000000000000, 5.099999999999999600 ) ) ;
#8440 = ORIENTED_EDGE ( 'NONE', *, *, #1707, .T. ) ;
#8441 = ORIENTED_EDGE ( 'NONE', *, *, #9291, .F. ) ;
#8442 = DIRECTION ( 'NONE',  ( -1.000000000000000000, 0.0000000000000000000, 0.0000000000000000000 ) ) ;
#8443 = CARTESIAN_POINT ( 'NONE',  ( 10.90068592070190700, -2.173307822568978600, 0.1000000000000000100 ) ) ;
#8444 = ORIENTED_EDGE ( 'NONE', *, *, #5017, .T. ) ;
#8445 = CARTESIAN_POINT ( 'NONE',  ( 10.45091211097053100, -1.566100160195576000, 0.1000000000000000100 ) ) ;
#8446 = ORIENTED_EDGE ( 'NONE', *, *, #2764, .T. ) ;
#8447 = EDGE_LOOP ( 'NONE', ( #5139, #7252, #4886, #1963 ) ) ;
#8448 = CARTESIAN_POINT ( 'NONE',  ( 9.745514637127961100, -1.547238157575123300, 1.355252715606880500E-017 ) ) ;
#8449 = ORIENTED_EDGE ( 'NONE', *, *, #605, .F. ) ;
#8450 = CARTESIAN_POINT ( 'NONE',  ( 11.18752038628166400, -1.736918768084173300, 0.1000000000000000100 ) ) ;
#8451 = CARTESIAN_POINT ( 'NONE',  ( 10.67443223348732500, -1.808863863768080900, 0.1000000000000000100 ) ) ;
#8452 = EDGE_CURVE ( 'NONE', #2567, #2964, #2575, .T. ) ;
#8453 = CARTESIAN_POINT ( 'NONE',  ( 10.43013289019131100, -2.672268991364406900, 0.1000000000000000100 ) ) ;
#8454 = CYLINDRICAL_SURFACE ( 'NONE', #10520, 1.499999999999996200 ) ;
#8455 = VECTOR ( 'NONE', #6153, 1000.000000000000000 ) ;
#8456 = CARTESIAN_POINT ( 'NONE',  ( 10.58411462886948800, -2.004745412357510600, 0.1000000000000000100 ) ) ;
#8457 = ORIENTED_EDGE ( 'NONE', *, *, #6994, .T. ) ;
#8458 = ORIENTED_EDGE ( 'NONE', *, *, #3343, .T. ) ;
#8459 = VERTEX_POINT ( 'NONE', #9218 ) ;
#8460 = DIRECTION ( 'NONE',  ( 0.1472880827604086400, 0.9890936359499856700, 0.0000000000000000000 ) ) ;
#8461 = PLANE ( 'NONE',  #10028 ) ;
#8462 = EDGE_CURVE ( 'NONE', #3235, #10176, #2342, .T. ) ;
#8463 = EDGE_CURVE ( 'NONE', #11562, #2484, #2157, .T. ) ;
#8464 = CARTESIAN_POINT ( 'NONE',  ( 11.08765441163744600, -9.243002007859063300, 1.355252715606880500E-017 ) ) ;
#8465 = ADVANCED_FACE ( 'NONE', ( #660 ), #3868, .T. ) ;
#8466 = B_SPLINE_CURVE_WITH_KNOTS ( 'NONE', 3,
 ( #7827, #570, #11383, #6063, #609, #6975, #1541, #7862, #2501, #8745, #3403, #9651, #4308, #10541, #5200, #11418, #6101, #644, #7007 ),
 .UNSPECIFIED., .F., .F.,
 ( 4, 1, 1, 1, 1, 1, 1, 1, 1, 1, 1, 1, 1, 1, 1, 1, 4 ),
 ( 0.0000000000000000000, 0.07168973380787033200, 0.1407364959683107500, 0.2075815704540138200, 0.2727110091735332500, 0.3366500018118406300, 0.3995665228765540900, 0.4628058328289130200, 0.5265543612450071000, 0.5892141618359628700, 0.6495440093115332200, 0.7078444578146311200, 0.7655419361369910600, 0.8226267735377852400, 0.8802441425476690300, 0.9391365869475539800, 1.000000000000000000 ),
 .UNSPECIFIED. ) ;
#8467 = LINE ( 'NONE', #4304, #5611 ) ;
#8468 = ADVANCED_FACE ( 'NONE', ( #2196 ), #8364, .F. ) ;
#8469 = FACE_BOUND ( 'NONE', #4030, .T. ) ;
#8470 = CARTESIAN_POINT ( 'NONE',  ( 12.89929005983225700, -8.957317253416649200, 3.099999999999999600 ) ) ;
#8471 = DIRECTION ( 'NONE',  ( -0.0000000000000000000, -0.0000000000000000000, -1.000000000000000000 ) ) ;
#8472 = ORIENTED_EDGE ( 'NONE', *, *, #6831, .T. ) ;
#8473 = CARTESIAN_POINT ( 'NONE',  ( 32.49999999999998600, -2.000000000000000000, 8.099999999999999600 ) ) ;
#8474 = ORIENTED_EDGE ( 'NONE', *, *, #10906, .T. ) ;
#8475 = FACE_OUTER_BOUND ( 'NONE', #5388, .T. ) ;
#8476 = CARTESIAN_POINT ( 'NONE',  ( 10.00000000000000000, -14.49804735160446600, 6.099999999999999600 ) ) ;
#8477 = FACE_BOUND ( 'NONE', #105, .T. ) ;
#8478 = DIRECTION ( 'NONE',  ( 1.000000000000000000, -0.0000000000000000000, -0.0000000000000000000 ) ) ;
#8479 = CARTESIAN_POINT ( 'NONE',  ( 10.20464502991616500, 7.627092958867338600, 0.0000000000000000000 ) ) ;
#8480 = EDGE_CURVE ( 'NONE', #8584, #1663, #4286, .T. ) ;
#8481 = EDGE_CURVE ( 'NONE', #6176, #4705, #11014, .T. ) ;
#8482 = CARTESIAN_POINT ( 'NONE',  ( 9.751474635245116900, -1.705598376645242700, 0.1000000000000000100 ) ) ;
#8483 = DIRECTION ( 'NONE',  ( -1.000000000000000000, -0.0000000000000000000, -0.0000000000000000000 ) ) ;
#8484 = ORIENTED_EDGE ( 'NONE', *, *, #2398, .T. ) ;
#8485 = ORIENTED_EDGE ( 'NONE', *, *, #958, .F. ) ;
#8486 = EDGE_CURVE ( 'NONE', #5663, #10717, #9168, .T. ) ;
#8487 = CARTESIAN_POINT ( 'NONE',  ( 10.12084285124563000, -1.073307290002472500, 1.355252715606880500E-017 ) ) ;
#8488 = CARTESIAN_POINT ( 'NONE',  ( 10.15835358043112500, -1.902763741966000400, 0.1000000000000000100 ) ) ;
#8489 = DIRECTION ( 'NONE',  ( 0.0000000000000000000, 1.000000000000000000, 0.0000000000000000000 ) ) ;
#8490 = VECTOR ( 'NONE', #5535, 1000.000000000000000 ) ;
#8491 = DIRECTION ( 'NONE',  ( 0.5547001962252393600, 0.8320502943378369500, -0.0000000000000000000 ) ) ;
#8492 = CARTESIAN_POINT ( 'NONE',  ( 10.00000000000000000, 17.63735574933683000, 3.000000000000000000 ) ) ;
#8493 = FACE_BOUND ( 'NONE', #9000, .T. ) ;
#8494 = DIRECTION ( 'NONE',  ( 0.6853646990049907500, 0.7281999926928031100, 0.0000000000000000000 ) ) ;
#8495 = CARTESIAN_POINT ( 'NONE',  ( 10.05099310571756100, -7.134304218967535000, 0.1000000000000000100 ) ) ;
#8496 = CARTESIAN_POINT ( 'NONE',  ( 9.984338845850908600, -6.441161271037727500, 4.065758146820641600E-017 ) ) ;
#8497 = DIRECTION ( 'NONE',  ( -1.000000000000000000, 0.0000000000000000000, 0.0000000000000000000 ) ) ;
#8498 = EDGE_LOOP ( 'NONE', ( #8139, #645, #10095, #521 ) ) ;
#8499 = CARTESIAN_POINT ( 'NONE',  ( 10.72321729520668800, -2.131537571854980100, 0.0000000000000000000 ) ) ;
#8500 = ORIENTED_EDGE ( 'NONE', *, *, #9664, .F. ) ;
#8501 = DIRECTION ( 'NONE',  ( 1.000000000000000000, 0.0000000000000000000, 0.0000000000000000000 ) ) ;
#8502 = LINE ( 'NONE', #8272, #6794 ) ;
#8503 = AXIS2_PLACEMENT_3D ( 'NONE', #7886, #7830, #7734 ) ;
#8504 = VECTOR ( 'NONE', #6593, 1000.000000000000000 ) ;
#8505 = APPLICATION_PROTOCOL_DEFINITION ( 'international standard', 'config_control_design', 1994, #9388 ) ;
#8506 = CARTESIAN_POINT ( 'NONE',  ( 47.50000000000000000, -25.09999999999999800, 0.0000000000000000000 ) ) ;
#8507 = CARTESIAN_POINT ( 'NONE',  ( 10.44235005712857500, -7.327109652009585100, 0.1000000000000000100 ) ) ;
#8508 = VERTEX_POINT ( 'NONE', #10219 ) ;
#8509 = CARTESIAN_POINT ( 'NONE',  ( 11.51092339911689400, -7.928979125435371400, 0.0000000000000000000 ) ) ;
#8510 = ORIENTED_EDGE ( 'NONE', *, *, #10156, .T. ) ;
#8511 = CARTESIAN_POINT ( 'NONE',  ( 39.49999999999999300, 19.00000000000000000, 5.399999999999999500 ) ) ;
#8512 = LINE ( 'NONE', #6358, #10632 ) ;
#8513 = CARTESIAN_POINT ( 'NONE',  ( 10.91227574733416700, -2.173567692663108500, 0.0000000000000000000 ) ) ;
#8514 = VECTOR ( 'NONE', #8881, 1000.000000000000000 ) ;
#8515 = CARTESIAN_POINT ( 'NONE',  ( 26.84242326782791100, 8.000000000000076400, 3.099999999999998800 ) ) ;
#8516 = VERTEX_POINT ( 'NONE', #4870 ) ;
#8517 = CARTESIAN_POINT ( 'NONE',  ( 11.21550088231292900, -8.700463751114330800, 0.1000000000000000100 ) ) ;
#8518 = CARTESIAN_POINT ( 'NONE',  ( 32.49999999999998600, 9.250000000000001800, 7.099999999999999600 ) ) ;
#8519 = CARTESIAN_POINT ( 'NONE',  ( 11.32396987914643700, -8.485258556451366700, -0.0000000000000000000 ) ) ;
#8520 = DIRECTION ( 'NONE',  ( -0.0000000000000000000, 1.000000000000000000, -0.0000000000000000000 ) ) ;
#8521 = AXIS2_PLACEMENT_3D ( 'NONE', #3636, #2931, #2874 ) ;
#8522 = VERTEX_POINT ( 'NONE', #5776 ) ;
#8523 = FACE_OUTER_BOUND ( 'NONE', #11569, .T. ) ;
#8524 = ORIENTED_EDGE ( 'NONE', *, *, #4767, .T. ) ;
#8525 = CARTESIAN_POINT ( 'NONE',  ( 11.47994299963299400, -7.826349348756187000, 0.0000000000000000000 ) ) ;
#8526 = FACE_OUTER_BOUND ( 'NONE', #8694, .T. ) ;
#8527 = ADVANCED_FACE ( 'NONE', ( #4055 ), #3983, .T. ) ;
#8528 = ORIENTED_EDGE ( 'NONE', *, *, #5476, .T. ) ;
#8529 = CARTESIAN_POINT ( 'NONE',  ( 11.05319053842490000, -9.041143847726029700, 1.355252715606880500E-017 ) ) ;
#8530 = DIRECTION ( 'NONE',  ( 0.0000000000000000000, -1.000000000000000000, 0.0000000000000000000 ) ) ;
#8531 = DIRECTION ( 'NONE',  ( -1.000000000000000000, 0.0000000000000000000, 0.0000000000000000000 ) ) ;
#8532 = ORIENTED_EDGE ( 'NONE', *, *, #7117, .T. ) ;
#8533 = DIRECTION ( 'NONE',  ( 1.000000000000000000, 0.0000000000000000000, 0.0000000000000000000 ) ) ;
#8534 = DIRECTION ( 'NONE',  ( -1.734723475976807100E-015, -1.000000000000000000, 0.0000000000000000000 ) ) ;
#8535 = CARTESIAN_POINT ( 'NONE',  ( 10.27767103982685600, -7.174533222443211700, -0.0000000000000000000 ) ) ;
#8536 = CARTESIAN_POINT ( 'NONE',  ( 10.56288390030228200, -7.245834199185273100, 0.1000000000000000100 ) ) ;
#8537 = VERTEX_POINT ( 'NONE', #3115 ) ;
#8538 = CARTESIAN_POINT ( 'NONE',  ( 9.793526264522993700, -6.691576718358177800, 0.1000000000000000100 ) ) ;
#8539 = FACE_BOUND ( 'NONE', #1288, .T. ) ;
#8540 = FACE_OUTER_BOUND ( 'NONE', #10572, .T. ) ;
#8541 = CARTESIAN_POINT ( 'NONE',  ( 10.91227574733416700, -2.173567692663108500, 0.1000000000000000100 ) ) ;
#8542 = VERTEX_POINT ( 'NONE', #9372 ) ;
#8543 = EDGE_CURVE ( 'NONE', #4512, #3445, #8585, .T. ) ;
#8544 = ORIENTED_EDGE ( 'NONE', *, *, #8587, .F. ) ;
#8545 = CARTESIAN_POINT ( 'NONE',  ( 10.99694709330283100, -8.464251061740405600, 0.1000000000000000100 ) ) ;
#8546 = CARTESIAN_POINT ( 'NONE',  ( 47.50000000000000000, -3.849954654103709700, -9.836774842293200600 ) ) ;
#8547 = APPROVAL_ROLE ( '' ) ;
#8548 = ORIENTED_EDGE ( 'NONE', *, *, #5916, .T. ) ;
#8549 = DIRECTION ( 'NONE',  ( 0.7281999926928031100, -0.6853646990049907500, 0.0000000000000000000 ) ) ;
#8550 = VECTOR ( 'NONE', #6051, 1000.000000000000000 ) ;
#8551 = VECTOR ( 'NONE', #365, 1000.000000000000000 ) ;
#8552 = CARTESIAN_POINT ( 'NONE',  ( 28.54301664136391600, -8.334221322388014400, 3.099999999999999600 ) ) ;
#8553 = ORIENTED_EDGE ( 'NONE', *, *, #7737, .F. ) ;
#8554 = EDGE_CURVE ( 'NONE', #3015, #4536, #7126, .T. ) ;
#8555 = EDGE_CURVE ( 'NONE', #7035, #11061, #10964, .T. ) ;
#8556 = CARTESIAN_POINT ( 'NONE',  ( 6.079333650797279300, -13.47164775330892700, 7.413944776376546000 ) ) ;
#8557 = ORIENTED_EDGE ( 'NONE', *, *, #2321, .T. ) ;
#8558 = VECTOR ( 'NONE', #841, 1000.000000000000000 ) ;
#8559 = CARTESIAN_POINT ( 'NONE',  ( 35.49999999999999300, -9.250000000000001800, 7.099999999999999600 ) ) ;
#8560 = CARTESIAN_POINT ( 'NONE',  ( 11.22708518053002500, -18.50000000000000000, 3.099999999999999600 ) ) ;
#8561 = EDGE_LOOP ( 'NONE', ( #8548, #6628, #587, #1130, #7140, #1534 ) ) ;
#8562 = FACE_BOUND ( 'NONE', #5987, .T. ) ;
#8563 = DIRECTION ( 'NONE',  ( 0.8944271909999159700, -0.4472135954999576500, 0.0000000000000000000 ) ) ;
#8564 = CARTESIAN_POINT ( 'NONE',  ( 11.16594593169483900, -1.797119714964525700, 0.0000000000000000000 ) ) ;
#8565 = ORIENTED_EDGE ( 'NONE', *, *, #9601, .F. ) ;
#8566 = CARTESIAN_POINT ( 'NONE',  ( 10.23110691616533600, -1.051489770585186400, 1.355252715606880500E-017 ) ) ;
#8567 = DIRECTION ( 'NONE',  ( -1.000000000000000000, 8.410780489584527900E-015, 0.0000000000000000000 ) ) ;
#8568 = CARTESIAN_POINT ( 'NONE',  ( 4.708604252787294400, -12.01524776792332200, -0.0000000000000000000 ) ) ;
#8569 = LINE ( 'NONE', #11270, #8558 ) ;
#8570 = ORIENTED_EDGE ( 'NONE', *, *, #2070, .F. ) ;
#8571 = FACE_OUTER_BOUND ( 'NONE', #5222, .T. ) ;
#8572 = EDGE_CURVE ( 'NONE', #3518, #2376, #11024, .T. ) ;
#8573 = EDGE_CURVE ( 'NONE', #2250, #9041, #10747, .T. ) ;
#8574 = PLANE ( 'NONE',  #9677 ) ;
#8575 = EDGE_LOOP ( 'NONE', ( #7843, #3588, #1773, #914 ) ) ;
#8576 = CARTESIAN_POINT ( 'NONE',  ( 10.49367214401136100, -8.712608725564843200, 4.065758146820641600E-017 ) ) ;
#8577 = AXIS2_PLACEMENT_3D ( 'NONE', #725, #679, #713 ) ;
#8578 = DIRECTION ( 'NONE',  ( -0.9961946980917452100, 0.08715574274766153800, -0.0000000000000000000 ) ) ;
#8579 = ORIENTED_EDGE ( 'NONE', *, *, #11531, .F. ) ;
#8580 = CARTESIAN_POINT ( 'NONE',  ( 10.17475122370690400, -1.060282085231034600, 1.355252715606880500E-017 ) ) ;
#8581 = ADVANCED_FACE ( 'NONE', ( #3055 ), #9410, .F. ) ;
#8582 = LINE ( 'NONE', #4850, #4434 ) ;
#8583 = CARTESIAN_POINT ( 'NONE',  ( 10.00856492548280000, -2.075499289270454500, 1.355252715606880500E-017 ) ) ;
#8584 = VERTEX_POINT ( 'NONE', #7620 ) ;
#8585 = LINE ( 'NONE', #11103, #8262 ) ;
#8586 = ADVANCED_FACE ( 'NONE', ( #11589 ), #6762, .T. ) ;
#8587 = EDGE_CURVE ( 'NONE', #8700, #4345, #5449, .T. ) ;
#8588 = ORIENTED_EDGE ( 'NONE', *, *, #7809, .F. ) ;
#8589 = ADVANCED_FACE ( 'NONE', ( #7428 ), #11227, .T. ) ;
#8590 = DIRECTION ( 'NONE',  ( 1.000000000000000000, 0.0000000000000000000, 0.0000000000000000000 ) ) ;
#8591 = VERTEX_POINT ( 'NONE', #1382 ) ;
#8592 = AXIS2_PLACEMENT_3D ( 'NONE', #8220, #4581, #4868 ) ;
#8593 = CARTESIAN_POINT ( 'NONE',  ( 10.63576379557179800, -1.584290297969050700, 0.1000000000000000100 ) ) ;
#8594 = CARTESIAN_POINT ( 'NONE',  ( 11.85464502991611500, 3.107092958867321300, 0.1000000000000000100 ) ) ;
#8595 = VECTOR ( 'NONE', #10510, 1000.000000000000000 ) ;
#8596 = ORIENTED_EDGE ( 'NONE', *, *, #9380, .F. ) ;
#8597 = FACE_BOUND ( 'NONE', #686, .T. ) ;
#8598 = DIRECTION ( 'NONE',  ( -0.0000000000000000000, -0.0000000000000000000, -1.000000000000000000 ) ) ;
#8599 = ORIENTED_EDGE ( 'NONE', *, *, #4133, .F. ) ;
#8600 = CARTESIAN_POINT ( 'NONE',  ( 9.244645029916135600, 4.777092958867349600, 0.1000000000000000100 ) ) ;
#8601 = PLANE ( 'NONE',  #5805 ) ;
#8602 = ORIENTED_EDGE ( 'NONE', *, *, #2489, .T. ) ;
#8603 = CARTESIAN_POINT ( 'NONE',  ( 35.49999999999999300, 14.00000000000000000, 8.099999999999999600 ) ) ;
#8604 = CARTESIAN_POINT ( 'NONE',  ( 36.00000000000000700, -19.99999999999999600, 0.0000000000000000000 ) ) ;
#8605 = ORIENTED_EDGE ( 'NONE', *, *, #350, .T. ) ;
#8606 = LINE ( 'NONE', #812, #8246 ) ;
#8607 = DIRECTION ( 'NONE',  ( -0.0000000000000000000, -0.0000000000000000000, 1.000000000000000000 ) ) ;
#8608 = ORIENTED_EDGE ( 'NONE', *, *, #11224, .T. ) ;
#8609 = CARTESIAN_POINT ( 'NONE',  ( 10.13411549946389700, -2.109984241152966800, 0.1000000000000000100 ) ) ;
#8610 = VERTEX_POINT ( 'NONE', #7706 ) ;
#8611 = CARTESIAN_POINT ( 'NONE',  ( 10.63977466654859500, -1.659726606060106400, 6.776263578034402700E-017 ) ) ;
#8612 = CARTESIAN_POINT ( 'NONE',  ( 0.7879379035845669500, -7.849539771895425000, 5.000000000000000000 ) ) ;
#8613 = CARTESIAN_POINT ( 'NONE',  ( 10.62631972785789200, -8.478471514149774200, 0.1000000000000000100 ) ) ;
#8614 = DIRECTION ( 'NONE',  ( 1.000000000000000000, 0.0000000000000000000, 0.0000000000000000000 ) ) ;
#8615 = FACE_OUTER_BOUND ( 'NONE', #10935, .T. ) ;
#8616 = CARTESIAN_POINT ( 'NONE',  ( 11.28204523937740700, -1.978176704844788200, 0.0000000000000000000 ) ) ;
#8617 = VECTOR ( 'NONE', #41, 1000.000000000000000 ) ;
#8618 = ORIENTED_EDGE ( 'NONE', *, *, #9271, .F. ) ;
#8619 = EDGE_CURVE ( 'NONE', #864, #11473, #11661, .T. ) ;
#8620 = EDGE_CURVE ( 'NONE', #10759, #6564, #11474, .T. ) ;
#8621 = DIRECTION ( 'NONE',  ( -0.0000000000000000000, 0.0000000000000000000, 1.000000000000000000 ) ) ;
#8622 = CARTESIAN_POINT ( 'NONE',  ( 11.36519782525624600, -7.389152108247526700, 0.1000000000000000100 ) ) ;
#8623 = CARTESIAN_POINT ( 'NONE',  ( 47.10000000000000100, -25.50000000000000000, 8.100000000000001400 ) ) ;
#8624 = VERTEX_POINT ( 'NONE', #1336 ) ;
#8625 = FACE_OUTER_BOUND ( 'NONE', #3378, .T. ) ;
#8626 = CARTESIAN_POINT ( 'NONE',  ( 10.93758005966345300, -6.561440636374559400, 2.710505431213761100E-017 ) ) ;
#8627 = VECTOR ( 'NONE', #6562, 1000.000000000000000 ) ;
#8628 = CARTESIAN_POINT ( 'NONE',  ( 35.49999999999999300, 14.49999999999999500, 1.500000000000000000 ) ) ;
#8629 = CARTESIAN_POINT ( 'NONE',  ( 10.18630172136014200, -1.903437822533238500, 0.0000000000000000000 ) ) ;
#8630 = EDGE_LOOP ( 'NONE', ( #7098, #4834, #6436, #7518 ) ) ;
#8631 = ORIENTED_EDGE ( 'NONE', *, *, #427, .F. ) ;
#8632 = CC_DESIGN_PERSON_AND_ORGANIZATION_ASSIGNMENT ( #6339, #10316, ( #8042 ) ) ;
#8633 = CARTESIAN_POINT ( 'NONE',  ( 19.33333333333341000, -7.800000000000077100, 8.099999999999999600 ) ) ;
#8634 = DIRECTION ( 'NONE',  ( 1.000000000000000000, 0.0000000000000000000, 0.0000000000000000000 ) ) ;
#8635 = EDGE_CURVE ( 'NONE', #11283, #8365, #11422, .T. ) ;
#8636 = LINE ( 'NONE', #9988, #8354 ) ;
#8637 = EDGE_CURVE ( 'NONE', #354, #5463, #11547, .T. ) ;
#8638 = CARTESIAN_POINT ( 'NONE',  ( 6.849614011047666700, 12.83456326127513100, 5.000000000000000000 ) ) ;
#8639 = LINE ( 'NONE', #3730, #8617 ) ;
#8641 = CARTESIAN_POINT ( 'NONE',  ( 36.99999999999999300, 19.50000000000000000, 5.399999999999999500 ) ) ;
#8640 = DIRECTION ( 'NONE',  ( 0.0000000000000000000, -0.0000000000000000000, 1.000000000000000000 ) ) ;
#8642 = PLANE ( 'NONE',  #11176 ) ;
#8643 = DIRECTION ( 'NONE',  ( -0.0000000000000000000, -0.0000000000000000000, 1.000000000000000000 ) ) ;
#8644 = EDGE_LOOP ( 'NONE', ( #10187, #6391, #3616, #2334 ) ) ;
#8645 = ADVANCED_FACE ( 'NONE', ( #11266 ), #7749, .F. ) ;
#8646 = DIRECTION ( 'NONE',  ( -1.000000000000000000, 0.0000000000000000000, 0.0000000000000000000 ) ) ;
#8647 = EDGE_CURVE ( 'NONE', #11129, #4057, #7766, .T. ) ;
#8648 = CARTESIAN_POINT ( 'NONE',  ( 28.54301664136392000, 7.937784117174111900, 3.099999999999999600 ) ) ;
#8649 = CARTESIAN_POINT ( 'NONE',  ( 11.05679308728659500, -6.451212106667257200, 0.0000000000000000000 ) ) ;
#8650 = ORIENTED_EDGE ( 'NONE', *, *, #5123, .T. ) ;
#8651 = DIRECTION ( 'NONE',  ( -0.8320502943378368400, 0.5547001962252392500, 0.0000000000000000000 ) ) ;
#8652 = CARTESIAN_POINT ( 'NONE',  ( 10.84571730577572500, -1.217723536818952500, 0.1000000000000000100 ) ) ;
#8653 = LINE ( 'NONE', #11217, #8153 ) ;
#8654 = CARTESIAN_POINT ( 'NONE',  ( 10.84571730577572500, -1.217723536818952500, 0.1000000000000000100 ) ) ;
#8655 = DIRECTION ( 'NONE',  ( -0.0000000000000000000, 1.000000000000000000, -0.0000000000000000000 ) ) ;
#8656 = EDGE_LOOP ( 'NONE', ( #11535, #9103, #1535, #8082 ) ) ;
#8657 = ADVANCED_FACE ( 'NONE', ( #11276 ), #10496, .T. ) ;
#8658 = ORIENTED_EDGE ( 'NONE', *, *, #6216, .F. ) ;
#8659 = FACE_BOUND ( 'NONE', #10945, .T. ) ;
#8660 = AXIS2_PLACEMENT_3D ( 'NONE', #10891, #878, #10076 ) ;
#8661 = LINE ( 'NONE', #9879, #1588 ) ;
#8662 = CARTESIAN_POINT ( 'NONE',  ( 10.93604303246050300, -1.965249725255078200, 0.1000000000000000100 ) ) ;
#8663 = CARTESIAN_POINT ( 'NONE',  ( 9.975255200428167200, -7.052713421218983900, 0.1000000000000000100 ) ) ;
#8664 = CARTESIAN_POINT ( 'NONE',  ( 44.50000000000000000, 10.15004534589628300, 30.61942011011341700 ) ) ;
#8665 = ORIENTED_EDGE ( 'NONE', *, *, #3075, .T. ) ;
#8666 = ADVANCED_FACE ( 'NONE', ( #11243 ), #4526, .F. ) ;
#8667 = DIRECTION ( 'NONE',  ( 0.0000000000000000000, 1.000000000000000000, 0.0000000000000000000 ) ) ;
#8668 = ORIENTED_EDGE ( 'NONE', *, *, #10841, .T. ) ;
#8669 = VECTOR ( 'NONE', #2939, 1000.000000000000000 ) ;
#8670 = ORIENTED_EDGE ( 'NONE', *, *, #1691, .T. ) ;
#8671 = VECTOR ( 'NONE', #5968, 999.9999999999998900 ) ;
#8672 = ORIENTED_EDGE ( 'NONE', *, *, #7273, .T. ) ;
#8673 = AXIS2_PLACEMENT_3D ( 'NONE', #6556, #1135, #7453 ) ;
#8674 = CARTESIAN_POINT ( 'NONE',  ( 6.849614011047666700, -12.83456326127513100, 5.000000000000000000 ) ) ;
#8675 = CARTESIAN_POINT ( 'NONE',  ( 10.91992137200117700, -1.015996257207345100, 0.1000000000000000100 ) ) ;
#8676 = DIRECTION ( 'NONE',  ( -0.0000000000000000000, -0.0000000000000000000, -1.000000000000000000 ) ) ;
#8677 = CARTESIAN_POINT ( 'NONE',  ( 11.85464502991613000, 4.057092958867322400, 0.0000000000000000000 ) ) ;
#8678 = ORIENTED_EDGE ( 'NONE', *, *, #717, .T. ) ;
#8679 = CARTESIAN_POINT ( 'NONE',  ( 40.49999999999999300, 8.150045345896286300, 30.61942011011341700 ) ) ;
#8680 = VERTEX_POINT ( 'NONE', #11636 ) ;
#8681 = DIRECTION ( 'NONE',  ( -0.0000000000000000000, -0.0000000000000000000, -1.000000000000000000 ) ) ;
#8682 = FACE_BOUND ( 'NONE', #9482, .T. ) ;
#8683 = B_SPLINE_CURVE_WITH_KNOTS ( 'NONE', 3,
 ( #10435, #11177, #10208, #5050, #6118, #11245, #445, #5958, #5933, #9396, #3337, #2183, #2588, #550, #7713, #10328, #5549, #1358, #9934 ),
 .UNSPECIFIED., .F., .F.,
 ( 4, 1, 1, 1, 1, 1, 1, 1, 1, 1, 1, 1, 1, 1, 1, 1, 4 ),
 ( 0.0000000000000000000, 0.07008529061090131000, 0.1372359620841719900, 0.2011315888288887100, 0.2631504907121567900, 0.3229537643608739200, 0.3820256137682565000, 0.4406153963056160800, 0.4997007892978526700, 0.5593254030960935800, 0.6185535672731741200, 0.6781468605292061400, 0.7386051148418675300, 0.8006999456940973000, 0.8646289571896845800, 0.9307993716296906200, 1.000000000000000000 ),
 .UNSPECIFIED. ) ;
#8684 = VECTOR ( 'NONE', #7614, 1000.000000000000000 ) ;
#8685 = CARTESIAN_POINT ( 'NONE',  ( 35.49999999999999300, 21.00000000000000000, 7.099999999999999600 ) ) ;
#8686 = EDGE_LOOP ( 'NONE', ( #10220, #3418, #6968, #62 ) ) ;
#8687 = DIRECTION ( 'NONE',  ( 0.0000000000000000000, 0.0000000000000000000, -1.000000000000000000 ) ) ;
#8688 = DIRECTION ( 'NONE',  ( -5.782411586589352700E-016, 1.000000000000000000, 0.0000000000000000000 ) ) ;
#8689 = CARTESIAN_POINT ( 'NONE',  ( 32.49999999999998600, 14.00000000000000000, 5.099999999999999600 ) ) ;
#8690 = VERTEX_POINT ( 'NONE', #10756 ) ;
#8691 = EDGE_CURVE ( 'NONE', #2484, #9031, #11212, .T. ) ;
#8692 = EDGE_CURVE ( 'NONE', #4385, #10176, #11219, .T. ) ;
#8693 = DIRECTION ( 'NONE',  ( -1.000000000000000000, 1.982541115402065400E-016, 0.0000000000000000000 ) ) ;
#8694 = EDGE_LOOP ( 'NONE', ( #2663, #3510, #1323, #10086 ) ) ;
#8695 = ORIENTED_EDGE ( 'NONE', *, *, #6604, .F. ) ;
#8696 = LINE ( 'NONE', #1619, #44 ) ;
#8697 = DIRECTION ( 'NONE',  ( 0.0000000000000000000, 0.0000000000000000000, -1.000000000000000000 ) ) ;
#8698 = CARTESIAN_POINT ( 'NONE',  ( 47.10000000000000100, -25.09999999999999800, 8.099999999999999600 ) ) ;
#8699 = ADVANCED_FACE ( 'NONE', ( #11431 ), #3661, .T. ) ;
#8700 = VERTEX_POINT ( 'NONE', #9908 ) ;
#8701 = ADVANCED_FACE ( 'NONE', ( #11091 ), #7260, .F. ) ;
#8702 = DIRECTION ( 'NONE',  ( 0.0000000000000000000, 0.0000000000000000000, -1.000000000000000000 ) ) ;
#8703 = VECTOR ( 'NONE', #7101, 999.9999999999998900 ) ;
#8704 = AXIS2_PLACEMENT_3D ( 'NONE', #4293, #10529, #5188 ) ;
#8705 = EDGE_CURVE ( 'NONE', #215, #3249, #11132, .T. ) ;
#8706 = EDGE_CURVE ( 'NONE', #1976, #4952, #11310, .T. ) ;
#8707 = ORIENTED_EDGE ( 'NONE', *, *, #11074, .T. ) ;
#8708 = LINE ( 'NONE', #7392, #8669 ) ;
#8709 = VERTEX_POINT ( 'NONE', #7293 ) ;
#8710 = CARTESIAN_POINT ( 'NONE',  ( 11.19644094005989400, -1.158426819567448800, 0.1000000000000000100 ) ) ;
#8711 = DIRECTION ( 'NONE',  ( 0.0000000000000000000, 1.000000000000000000, 0.0000000000000000000 ) ) ;
#8712 = DIRECTION ( 'NONE',  ( 1.000000000000000000, 0.0000000000000000000, 0.0000000000000000000 ) ) ;
#8713 = CARTESIAN_POINT ( 'NONE',  ( 9.964645029916139800, 5.017092958867341000, 0.1000000000000000100 ) ) ;
#8714 = CIRCLE ( 'NONE', #5290, 0.5000000000000004400 ) ;
#8715 = DIRECTION ( 'NONE',  ( 0.0000000000000000000, 0.0000000000000000000, 1.000000000000000000 ) ) ;
#8716 = ORIENTED_EDGE ( 'NONE', *, *, #9293, .F. ) ;
#8717 = LINE ( 'NONE', #1587, #2436 ) ;
#8718 = VECTOR ( 'NONE', #4002, 1000.000000000000000 ) ;
#8719 = CARTESIAN_POINT ( 'NONE',  ( 39.99999999999999300, 14.49999999999999500, 2.700000000000000200 ) ) ;
#8720 = VERTEX_POINT ( 'NONE', #3706 ) ;
#8721 = CARTESIAN_POINT ( 'NONE',  ( 10.94117185123027100, -6.835580679676097800, 0.0000000000000000000 ) ) ;
#8722 = CARTESIAN_POINT ( 'NONE',  ( 11.40640729089360900, -7.844851601700848500, 0.0000000000000000000 ) ) ;
#8723 = DIRECTION ( 'NONE',  ( 0.0000000000000000000, 0.0000000000000000000, 1.000000000000000000 ) ) ;
#8724 = AXIS2_PLACEMENT_3D ( 'NONE', #8157, #2284, #346 ) ;
#8725 = VERTEX_POINT ( 'NONE', #961 ) ;
#8726 = ORIENTED_EDGE ( 'NONE', *, *, #6831, .F. ) ;
#8727 = VECTOR ( 'NONE', #7547, 1000.000000000000000 ) ;
#8728 = DIRECTION ( 'NONE',  ( -0.0000000000000000000, -0.0000000000000000000, -1.000000000000000000 ) ) ;
#8729 = DIRECTION ( 'NONE',  ( 0.0000000000000000000, 0.0000000000000000000, 1.000000000000000000 ) ) ;
#8730 = ORIENTED_EDGE ( 'NONE', *, *, #4142, .T. ) ;
#8731 = ORIENTED_EDGE ( 'NONE', *, *, #1673, .T. ) ;
#8732 = DIRECTION ( 'NONE',  ( -0.0000000000000000000, -0.0000000000000000000, -1.000000000000000000 ) ) ;
#8733 = ADVANCED_FACE ( 'NONE', ( #10997 ), #2840, .T. ) ;
#8734 = VECTOR ( 'NONE', #3255, 1000.000000000000000 ) ;
#8735 = VECTOR ( 'NONE', #6491, 1000.000000000000000 ) ;
#8736 = DIRECTION ( 'NONE',  ( -1.000000000000000000, 0.0000000000000000000, 0.0000000000000000000 ) ) ;
#8737 = AXIS2_PLACEMENT_3D ( 'NONE', #8804, #10772, #859 ) ;
#8738 = EDGE_LOOP ( 'NONE', ( #9546, #136, #5921, #5062 ) ) ;
#8739 = ORIENTED_EDGE ( 'NONE', *, *, #3552, .F. ) ;
#8740 = ORIENTED_EDGE ( 'NONE', *, *, #1761, .T. ) ;
#8741 = CARTESIAN_POINT ( 'NONE',  ( 13.01877120494743200, 9.157317253416650300, 3.099999999999998800 ) ) ;
#8742 = VERTEX_POINT ( 'NONE', #10867 ) ;
#8743 = CARTESIAN_POINT ( 'NONE',  ( 9.774806897976574800, -1.801764838866037900, 0.1000000000000000100 ) ) ;
#8744 = FACE_BOUND ( 'NONE', #2133, .T. ) ;
#8745 = CARTESIAN_POINT ( 'NONE',  ( 9.868353100286551400, -1.966049800889616800, -0.0000000000000000000 ) ) ;
#8746 = EDGE_LOOP ( 'NONE', ( #10502, #5685, #7700, #3506 ) ) ;
#8747 = PLANE ( 'NONE',  #8432 ) ;
#8748 = VERTEX_POINT ( 'NONE', #5536 ) ;
#8749 = ADVANCED_FACE ( 'NONE', ( #10855 ), #59, .T. ) ;
#8750 = DIRECTION ( 'NONE',  ( 0.0000000000000000000, 0.0000000000000000000, -1.000000000000000000 ) ) ;
#8751 = CARTESIAN_POINT ( 'NONE',  ( 9.942494245590390600, -1.507088410234931600, 0.1000000000000000100 ) ) ;
#8752 = FACE_OUTER_BOUND ( 'NONE', #6039, .T. ) ;
#8753 = LINE ( 'NONE', #2042, #1227 ) ;
#8754 = CARTESIAN_POINT ( 'NONE',  ( 10.87799154411139400, -2.172798963379973400, 0.0000000000000000000 ) ) ;
#8755 = EDGE_CURVE ( 'NONE', #6626, #10190, #10847, .T. ) ;
#8756 = CARTESIAN_POINT ( 'NONE',  ( 32.49999999999998600, 2.000000000000000000, 5.099999999999999600 ) ) ;
#8757 = DIRECTION ( 'NONE',  ( 0.1472880827604086100, 0.9890936359499856700, 0.0000000000000000000 ) ) ;
#8758 = DIRECTION ( 'NONE',  ( -0.0000000000000000000, -1.000000000000000000, -0.0000000000000000000 ) ) ;
#8759 = ORIENTED_EDGE ( 'NONE', *, *, #467, .T. ) ;
#8760 = DIRECTION ( 'NONE',  ( 1.000000000000000000, 0.0000000000000000000, 0.0000000000000000000 ) ) ;
#8761 = ORIENTED_EDGE ( 'NONE', *, *, #350, .F. ) ;
#8762 = VECTOR ( 'NONE', #9739, 1000.000000000000000 ) ;
#8763 = AXIS2_PLACEMENT_3D ( 'NONE', #11415, #6100, #643 ) ;
#8764 = ADVANCED_FACE ( 'NONE', ( #10831 ), #1895, .F. ) ;
#8765 = FACE_OUTER_BOUND ( 'NONE', #3595, .T. ) ;
#8766 = EDGE_CURVE ( 'NONE', #9898, #7578, #6378, .T. ) ;
#8767 = EDGE_CURVE ( 'NONE', #11473, #10902, #10760, .T. ) ;
#8768 = CARTESIAN_POINT ( 'NONE',  ( 9.935779299346913600, -6.946097248173885900, 0.0000000000000000000 ) ) ;
#8769 = EDGE_LOOP ( 'NONE', ( #10055, #8670, #1302, #1287 ) ) ;
#8770 = DIRECTION ( 'NONE',  ( 0.0000000000000000000, 0.0000000000000000000, -1.000000000000000000 ) ) ;
#8771 = VERTEX_POINT ( 'NONE', #3862 ) ;
#8772 = CARTESIAN_POINT ( 'NONE',  ( 10.89284456998879900, -6.607996800205018700, 2.710505431213761100E-017 ) ) ;
#8773 = ADVANCED_FACE ( 'NONE', ( #10699 ), #9211, .F. ) ;
#8774 = LINE ( 'NONE', #3135, #8734 ) ;
#8775 = DIRECTION ( 'NONE',  ( 0.0000000000000000000, 0.0000000000000000000, -1.000000000000000000 ) ) ;
#8776 = VERTEX_POINT ( 'NONE', #7329 ) ;
#8777 = CARTESIAN_POINT ( 'NONE',  ( 11.21947834649329100, -8.770126739136362200, 0.1000000000000000100 ) ) ;
#8778 = PLANE ( 'NONE',  #664 ) ;
#8779 = ORIENTED_EDGE ( 'NONE', *, *, #1610, .F. ) ;
#8780 = LINE ( 'NONE', #2388, #2308 ) ;
#8781 = CARTESIAN_POINT ( 'NONE',  ( 9.765197825256244400, -4.085256004351419900, 0.1000000000000000100 ) ) ;
#8782 = VECTOR ( 'NONE', #9676, 1000.000000000000000 ) ;
#8783 = CARTESIAN_POINT ( 'NONE',  ( 9.931431591490012400, -1.612528731624147400, 0.1000000000000000100 ) ) ;
#8784 = CARTESIAN_POINT ( 'NONE',  ( 10.21200937172181600, -1.054469267640153000, 0.1000000000000000100 ) ) ;
#8785 = LINE ( 'NONE', #9593, #3219 ) ;
#8786 = EDGE_CURVE ( 'NONE', #8128, #3025, #11119, .T. ) ;
#8787 = AXIS2_PLACEMENT_3D ( 'NONE', #1060, #1048, #4366 ) ;
#8788 = CARTESIAN_POINT ( 'NONE',  ( 35.49999999999999300, -22.00000000000000000, 7.099999999999999600 ) ) ;
#8789 = ORIENTED_EDGE ( 'NONE', *, *, #8044, .T. ) ;
#8790 = DIRECTION ( 'NONE',  ( 1.000000000000000000, 0.0000000000000000000, 0.0000000000000000000 ) ) ;
#8791 = ORIENTED_EDGE ( 'NONE', *, *, #4630, .F. ) ;
#8792 = CARTESIAN_POINT ( 'NONE',  ( 10.61714587720429700, -2.672268991364406900, -0.0000000000000000000 ) ) ;
#8793 = FACE_OUTER_BOUND ( 'NONE', #434, .T. ) ;
#8794 = CARTESIAN_POINT ( 'NONE',  ( 10.94376925382767500, -8.241100160195578900, 0.1000000000000000100 ) ) ;
#8795 = FACE_OUTER_BOUND ( 'NONE', #1242, .T. ) ;
#8796 = EDGE_CURVE ( 'NONE', #6890, #8776, #10853, .T. ) ;
#8797 = CARTESIAN_POINT ( 'NONE',  ( 11.67688613694455700, -7.757009251104669500, 0.1000000000000000100 ) ) ;
#8798 = EDGE_LOOP ( 'NONE', ( #5517, #11619, #9196, #10606 ) ) ;
#8799 = ORIENTED_EDGE ( 'NONE', *, *, #6424, .T. ) ;
#8800 = CARTESIAN_POINT ( 'NONE',  ( 10.94117185123027100, -6.835580679676097800, 0.1000000000000000100 ) ) ;
#8801 = AXIS2_PLACEMENT_3D ( 'NONE', #8648, #9106, #8460 ) ;
#8802 = EDGE_LOOP ( 'NONE', ( #9563, #5344, #5514, #1410, #5434, #766, #6249, #6422, #8133, #6620, #2579, #7302 ) ) ;
#8803 = CARTESIAN_POINT ( 'NONE',  ( 19.33333333333341000, 8.000000000000076400, -23.17665792529315300 ) ) ;
#8804 = CARTESIAN_POINT ( 'NONE',  ( 10.00000000000000000, 17.63735574933683000, 5.000000000000000000 ) ) ;
#8805 = LINE ( 'NONE', #11528, #3657 ) ;
#8806 = LINE ( 'NONE', #3107, #8901 ) ;
#8807 = ADVANCED_FACE ( 'NONE', ( #10681 ), #5691, .T. ) ;
#8808 = DIRECTION ( 'NONE',  ( -0.0000000000000000000, -0.0000000000000000000, 1.000000000000000000 ) ) ;
#8809 = CARTESIAN_POINT ( 'NONE',  ( 9.972990033048454000, -8.595645614741032500, 0.1000000000000000100 ) ) ;
#8810 = ORIENTED_EDGE ( 'NONE', *, *, #349, .T. ) ;
#8811 = ORIENTED_EDGE ( 'NONE', *, *, #5204, .T. ) ;
#8812 = CARTESIAN_POINT ( 'NONE',  ( 0.0000000000000000000, 0.0000000000000000000, 0.0000000000000000000 ) ) ;
#8813 = ORIENTED_EDGE ( 'NONE', *, *, #6600, .F. ) ;
#8814 = LINE ( 'NONE', #1151, #5811 ) ;
#8815 = B_SPLINE_CURVE_WITH_KNOTS ( 'NONE', 3,
 ( #4741, #6542, #2059, #8353, #2985, #9243, #3893, #10126, #4774, #11016, #5686, #220, #6579, #1160, #7480, #2100, #8387, #3019, #9281 ),
 .UNSPECIFIED., .F., .F.,
 ( 4, 1, 1, 1, 1, 1, 1, 1, 1, 1, 1, 1, 1, 1, 1, 1, 4 ),
 ( 0.0000000000000000000, 0.06103804194905581400, 0.1205284552087701200, 0.1794816596860529800, 0.2375894952491679200, 0.2963506669175059400, 0.3557918034180268000, 0.4166842777999286700, 0.4793146013336378500, 0.5421357920666921600, 0.6046617606428249500, 0.6664888824743400200, 0.7293100732073956000, 0.7932343898184185400, 0.8594552844245225700, 0.9279238665385186600, 1.000000000000000000 ),
 .UNSPECIFIED. ) ;
#8816 = VECTOR ( 'NONE', #7383, 1000.000000000000000 ) ;
#8817 = AXIS2_PLACEMENT_3D ( 'NONE', #9115, #3763, #10004 ) ;
#8818 = CARTESIAN_POINT ( 'NONE',  ( 11.21895774781361700, -8.793988858821785800, 0.1000000000000000100 ) ) ;
#8819 = CARTESIAN_POINT ( 'NONE',  ( 10.70544307544528600, -7.110313293074370700, 4.065758146820641600E-017 ) ) ;
#8820 = DIRECTION ( 'NONE',  ( 1.000000000000000000, -0.0000000000000000000, -0.0000000000000000000 ) ) ;
#8821 = ORIENTED_EDGE ( 'NONE', *, *, #7424, .T. ) ;
#8822 = DIRECTION ( 'NONE',  ( -0.0000000000000000000, -0.0000000000000000000, -1.000000000000000000 ) ) ;
#8823 = EDGE_CURVE ( 'NONE', #10713, #3237, #10609, .T. ) ;
#8824 = DIRECTION ( 'NONE',  ( -0.0000000000000000000, -0.0000000000000000000, -1.000000000000000000 ) ) ;
#8825 = VERTEX_POINT ( 'NONE', #1169 ) ;
#8826 = CARTESIAN_POINT ( 'NONE',  ( 11.02792191170208500, -8.474911332979061700, 0.0000000000000000000 ) ) ;
#8827 = VECTOR ( 'NONE', #9714, 1000.000000000000000 ) ;
#8828 = DIRECTION ( 'NONE',  ( -1.000000000000000000, 0.0000000000000000000, 0.0000000000000000000 ) ) ;
#8829 = PLANE ( 'NONE',  #2111 ) ;
#8830 = ORIENTED_EDGE ( 'NONE', *, *, #2476, .T. ) ;
#8831 = CARTESIAN_POINT ( 'NONE',  ( 11.85464502991613000, 4.777092958867322100, 0.1000000000000000100 ) ) ;
#8832 = PLANE ( 'NONE',  #4776 ) ;
#8833 = EDGE_CURVE ( 'NONE', #2673, #8720, #10508, .T. ) ;
#8834 = EDGE_CURVE ( 'NONE', #6715, #5179, #10544, .T. ) ;
#8835 = VERTEX_POINT ( 'NONE', #11023 ) ;
#8836 = ORIENTED_EDGE ( 'NONE', *, *, #9618, .T. ) ;
#8837 = CARTESIAN_POINT ( 'NONE',  ( 11.21974327980169900, -8.757983277078695400, 6.776263578034402700E-017 ) ) ;
#8838 = VERTEX_POINT ( 'NONE', #11059 ) ;
#8839 = VECTOR ( 'NONE', #2245, 1000.000000000000000 ) ;
#8840 = CARTESIAN_POINT ( 'NONE',  ( 10.07869286906910800, -7.371268457776374700, 0.1000000000000000100 ) ) ;
#8841 = LINE ( 'NONE', #2968, #3266 ) ;
#8842 = DIRECTION ( 'NONE',  ( 3.469446951953617300E-015, -1.000000000000000000, 0.0000000000000000000 ) ) ;
#8843 = ORIENTED_EDGE ( 'NONE', *, *, #2251, .T. ) ;
#8844 = CARTESIAN_POINT ( 'NONE',  ( 32.70722253488646200, -19.22527887210262100, 3.469446951953614200E-015 ) ) ;
#8845 = AXIS2_PLACEMENT_3D ( 'NONE', #1196, #7511, #2138 ) ;
#8846 = CARTESIAN_POINT ( 'NONE',  ( 10.17475122370690400, -1.060282085231034600, 0.1000000000000000100 ) ) ;
#8847 = EDGE_CURVE ( 'NONE', #4718, #2202, #10293, .T. ) ;
#8848 = EDGE_CURVE ( 'NONE', #1721, #8700, #10192, .T. ) ;
#8849 = CARTESIAN_POINT ( 'NONE',  ( 11.13893793483469200, -2.113472069824482000, 0.0000000000000000000 ) ) ;
#8850 = ORIENTED_EDGE ( 'NONE', *, *, #4133, .T. ) ;
#8851 = ORIENTED_EDGE ( 'NONE', *, *, #5253, .T. ) ;
#8852 = COORDINATED_UNIVERSAL_TIME_OFFSET ( 3, 0, .AHEAD. ) ;
#8853 = VECTOR ( 'NONE', #2530, 1000.000000000000000 ) ;
#8854 = CARTESIAN_POINT ( 'NONE',  ( 10.89284456998879900, -6.607996800205018700, 0.1000000000000000100 ) ) ;
#8855 = EDGE_CURVE ( 'NONE', #7592, #953, #10273, .T. ) ;
#8856 = CARTESIAN_POINT ( 'NONE',  ( 11.14785518314578800, -8.555644116195390200, 0.1000000000000000100 ) ) ;
#8857 = ORIENTED_EDGE ( 'NONE', *, *, #3374, .F. ) ;
#8858 = DIRECTION ( 'NONE',  ( -1.000000000000000000, 9.637352644315617200E-015, 0.0000000000000000000 ) ) ;
#8859 = EDGE_CURVE ( 'NONE', #4345, #8869, #10158, .T. ) ;
#8860 = CARTESIAN_POINT ( 'NONE',  ( 10.19574299676949300, -1.903270652283345600, 0.1000000000000000100 ) ) ;
#8861 = CARTESIAN_POINT ( 'NONE',  ( 40.49999999999999300, 10.49999999999999600, 8.099999999999999600 ) ) ;
#8862 = LINE ( 'NONE', #2757, #8490 ) ;
#8863 = ADVANCED_FACE ( 'NONE', ( #9953 ), #9903, .F. ) ;
#8864 = EDGE_LOOP ( 'NONE', ( #4469, #2387, #8368, #5576, #6203, #962 ) ) ;
#8865 = FACE_OUTER_BOUND ( 'NONE', #2270, .T. ) ;
#8866 = CARTESIAN_POINT ( 'NONE',  ( 11.21962788751244500, -8.748120406965691500, -0.0000000000000000000 ) ) ;
#8867 = VERTEX_POINT ( 'NONE', #2197 ) ;
#8868 = CARTESIAN_POINT ( 'NONE',  ( 9.934474856783900500, -2.029672769022406300, 0.1000000000000000100 ) ) ;
#8869 = VERTEX_POINT ( 'NONE', #8473 ) ;
#8870 = AXIS2_PLACEMENT_3D ( 'NONE', #11247, #8334, #3005 ) ;
#8871 = CARTESIAN_POINT ( 'NONE',  ( 11.19875475997191200, -1.621821820648690100, 0.1000000000000000100 ) ) ;
#8872 = DIRECTION ( 'NONE',  ( -1.000000000000000000, 0.0000000000000000000, 0.0000000000000000000 ) ) ;
#8873 = CARTESIAN_POINT ( 'NONE',  ( 9.765197825256244400, -4.085256004351419900, 0.1000000000000000100 ) ) ;
#8874 = FACE_OUTER_BOUND ( 'NONE', #6123, .T. ) ;
#8875 = VECTOR ( 'NONE', #7882, 1000.000000000000000 ) ;
#8876 = ORIENTED_EDGE ( 'NONE', *, *, #5800, .T. ) ;
#8877 = CARTESIAN_POINT ( 'NONE',  ( 10.85547532094377300, -9.092876015796923300, 1.355252715606880500E-017 ) ) ;
#8878 = ORIENTED_EDGE ( 'NONE', *, *, #1215, .F. ) ;
#8879 = CARTESIAN_POINT ( 'NONE',  ( 11.18722822392984600, -1.528805082184967700, 1.355252715606880500E-017 ) ) ;
#8880 = CARTESIAN_POINT ( 'NONE',  ( 9.902924451246415000, -1.194648250507031300, 0.0000000000000000000 ) ) ;
#8881 = DIRECTION ( 'NONE',  ( 0.0000000000000000000, 1.000000000000000000, 0.0000000000000000000 ) ) ;
#8882 = CARTESIAN_POINT ( 'NONE',  ( 10.69735246632516600, -9.070373652905216100, 0.1000000000000000100 ) ) ;
#8883 = VECTOR ( 'NONE', #4194, 1000.000000000000000 ) ;
#8884 = AXIS2_PLACEMENT_3D ( 'NONE', #10355, #11240, #5917 ) ;
#8885 = VECTOR ( 'NONE', #9155, 1000.000000000000000 ) ;
#8886 = CARTESIAN_POINT ( 'NONE',  ( 11.49999999999999600, 14.49804735160447300, 6.099999999999999600 ) ) ;
#8887 = ORIENTED_EDGE ( 'NONE', *, *, #5253, .F. ) ;
#8888 = VERTEX_POINT ( 'NONE', #7567 ) ;
#8889 = CARTESIAN_POINT ( 'NONE',  ( 11.17818483824325800, -7.389152108247526700, 0.1000000000000000100 ) ) ;
#8890 = PLANE ( 'NONE',  #1899 ) ;
#8891 = ORIENTED_EDGE ( 'NONE', *, *, #425, .F. ) ;
#8892 = CIRCLE ( 'NONE', #972, 1.750000000000001600 ) ;
#8893 = DIRECTION ( 'NONE',  ( 0.0000000000000000000, -1.000000000000000000, 0.0000000000000000000 ) ) ;
#8894 = CARTESIAN_POINT ( 'NONE',  ( 42.50000000000000000, 16.50000000000000000, 1.000000000000000000 ) ) ;
#8895 = ORIENTED_EDGE ( 'NONE', *, *, #11064, .F. ) ;
#8896 = EDGE_CURVE ( 'NONE', #9746, #1431, #9986, .T. ) ;
#8897 = DIRECTION ( 'NONE',  ( 0.0000000000000000000, -1.000000000000000000, 0.0000000000000000000 ) ) ;
#8898 = CARTESIAN_POINT ( 'NONE',  ( 11.17815742494021700, -1.767933412804489000, 1.355252715606880500E-017 ) ) ;
#8899 = VERTEX_POINT ( 'NONE', #3110 ) ;
#8900 = PRODUCT ( 'YZN10-002-K03 Зажим наборный ЗНИ-2,5мм2 (JXB24А) серый ИЭК', 'YZN10-002-K03 Зажим наборный ЗНИ-2,5мм2 (JXB24А) серый ИЭК', '', ( #10276 ) ) ;
#8901 = VECTOR ( 'NONE', #9644, 1000.000000000000000 ) ;
#8902 = VECTOR ( 'NONE', #6113, 999.9999999999998900 ) ;
#8903 = CARTESIAN_POINT ( 'NONE',  ( 9.948105704161845300, -1.728967115335418000, 0.1000000000000000100 ) ) ;
#8904 = CARTESIAN_POINT ( 'NONE',  ( 7.048445366811455100, -14.50132895157399700, -9.377746782780901600 ) ) ;
#8905 = PLANE ( 'NONE',  #5667 ) ;
#8906 = EDGE_LOOP ( 'NONE', ( #5625, #1416, #3421, #1945, #7704, #10445 ) ) ;
#8907 = ORIENTED_EDGE ( 'NONE', *, *, #7951, .T. ) ;
#8908 = AXIS2_PLACEMENT_3D ( 'NONE', #682, #2609, #8858 ) ;
#8909 = CARTESIAN_POINT ( 'NONE',  ( 7.999999999999996400, 21.00000000000000000, 0.0000000000000000000 ) ) ;
#8910 = EDGE_CURVE ( 'NONE', #3566, #7294, #9893, .T. ) ;
#8911 = LINE ( 'NONE', #8921, #9552 ) ;
#8912 = EDGE_CURVE ( 'NONE', #7994, #683, #10092, .T. ) ;
#8913 = DIRECTION ( 'NONE',  ( -0.0000000000000000000, -0.0000000000000000000, 1.000000000000000000 ) ) ;
#8914 = CARTESIAN_POINT ( 'NONE',  ( 6.849614011047666700, 7.999999999999996400, -8.184981199232471000 ) ) ;
#8915 = FACE_OUTER_BOUND ( 'NONE', #4501, .T. ) ;
#8916 = CARTESIAN_POINT ( 'NONE',  ( 10.75176141553979500, -2.144364394614676900, 0.0000000000000000000 ) ) ;
#8917 = CARTESIAN_POINT ( 'NONE',  ( 10.90643159149001400, -1.965775484870901000, 0.1000000000000000100 ) ) ;
#8918 = CARTESIAN_POINT ( 'NONE',  ( 10.72400008215088700, -1.888973846905299000, 6.776263578034402700E-017 ) ) ;
#8919 = CARTESIAN_POINT ( 'NONE',  ( 10.54490062933192700, -8.949118945362698700, 1.355252715606880500E-017 ) ) ;
#8920 = ORIENTED_EDGE ( 'NONE', *, *, #10975, .F. ) ;
#8921 = CARTESIAN_POINT ( 'NONE',  ( 0.7879379035845669500, -7.849539771895425000, -0.0000000000000000000 ) ) ;
#8922 = EDGE_CURVE ( 'NONE', #3597, #10738, #10178, .T. ) ;
#8923 = ORIENTED_EDGE ( 'NONE', *, *, #5855, .F. ) ;
#8924 = CARTESIAN_POINT ( 'NONE',  ( 11.85464502991610800, 2.257092958867323000, 0.0000000000000000000 ) ) ;
#8925 = FACE_BOUND ( 'NONE', #6658, .T. ) ;
#8926 = LINE ( 'NONE', #4789, #6227 ) ;
#8927 = VECTOR ( 'NONE', #77, 1000.000000000000000 ) ;
#8928 = B_SPLINE_SURFACE_WITH_KNOTS ( 'NONE', 3, 1, ( 
 ( #1171, #7716 ),
 ( #10666, #1943 ),
 ( #3027, #4633 ),
 ( #8991, #10654 ),
 ( #1102, #2139 ),
 ( #9547, #2468 ),
 ( #10714, #8207 ),
 ( #2789, #7613 ),
 ( #3680, #8918 ),
 ( #7513, #7297 ),
 ( #2455, #2431 ),
 ( #8451, #10982 ),
 ( #10313, #4505 ),
 ( #8943, #1065 ),
 ( #1131, #5036 ),
 ( #5920, #8611 ),
 ( #1089, #7687 ),
 ( #1075, #1072 ),
 ( #1440, #6140 ) ),
 .UNSPECIFIED., .F., .F., .F.,
 ( 4, 1, 1, 1, 1, 1, 1, 1, 1, 1, 1, 1, 1, 1, 1, 1, 4 ),
 ( 2, 2 ),
 ( 0.0000000000000000000, 0.05802455303444890200, 0.1136178990438339200, 0.1669572237177744400, 0.2188862097259172100, 0.2703179918650356900, 0.3218225818484100600, 0.3750480408158614100, 0.4299079289840971900, 0.4875963016421591100, 0.5479808141436268700, 0.6122393087828842400, 0.6805127954607487200, 0.7529188304273689600, 0.8300572510966485200, 0.9121641872810251100, 1.000000000000000000 ),
 ( 0.0000000000000000000, 1.000000000000000000 ),
 .UNSPECIFIED. ) ;
#8929 = CARTESIAN_POINT ( 'NONE',  ( 36.49999999999999300, 7.496180162456648900, 0.0000000000000000000 ) ) ;
#8930 = ADVANCED_FACE ( 'NONE', ( #9719 ), #10285, .F. ) ;
#8931 = CARTESIAN_POINT ( 'NONE',  ( 0.7879379035845676100, 2.499999999999999600, 5.000000000000000000 ) ) ;
#8932 = VERTEX_POINT ( 'NONE', #7609 ) ;
#8933 = CARTESIAN_POINT ( 'NONE',  ( 10.34603269935063400, -8.621903444027701400, 0.0000000000000000000 ) ) ;
#8934 = ORIENTED_EDGE ( 'NONE', *, *, #209, .F. ) ;
#8935 = CARTESIAN_POINT ( 'NONE',  ( 30.97797361286377100, 18.50000000000000000, 8.099999999999999600 ) ) ;
#8936 = DIRECTION ( 'NONE',  ( -1.000000000000000000, 0.0000000000000000000, 0.0000000000000000000 ) ) ;
#8937 = LINE ( 'NONE', #8263, #8885 ) ;
#8938 = LINE ( 'NONE', #4785, #800 ) ;
#8939 = DIRECTION ( 'NONE',  ( -0.8484168781345486900, -0.5293286322280575900, 0.0000000000000000000 ) ) ;
#8940 = CARTESIAN_POINT ( 'NONE',  ( 11.04468961987063300, -1.930091611063125200, 0.1000000000000000100 ) ) ;
#8941 = ORIENTED_EDGE ( 'NONE', *, *, #6424, .F. ) ;
#8942 = ORIENTED_EDGE ( 'NONE', *, *, #11449, .T. ) ;
#8943 = CARTESIAN_POINT ( 'NONE',  ( 10.65241404841911600, -1.740188701354412800, 0.1000000000000000100 ) ) ;
#8944 = CARTESIAN_POINT ( 'NONE',  ( 10.24311990317832300, -6.578762497857916000, -0.0000000000000000000 ) ) ;
#8945 = LINE ( 'NONE', #39, #8927 ) ;
#8946 = DIRECTION ( 'NONE',  ( -0.0000000000000000000, 0.0000000000000000000, 1.000000000000000000 ) ) ;
#8947 = VECTOR ( 'NONE', #10703, 1000.000000000000000 ) ;
#8948 = ORIENTED_EDGE ( 'NONE', *, *, #6362, .T. ) ;
#8949 = AXIS2_PLACEMENT_3D ( 'NONE', #3159, #6761, #10616 ) ;
#8950 = CARTESIAN_POINT ( 'NONE',  ( 10.15127804816238400, -1.285208279408905300, 1.355252715606880500E-017 ) ) ;
#8951 = CARTESIAN_POINT ( 'NONE',  ( 30.49999999999998600, 2.000000000000000000, 5.099999999999999600 ) ) ;
#8952 = CARTESIAN_POINT ( 'NONE',  ( 8.000000000000007100, -3.506440422583731600, 3.099999999999998800 ) ) ;
#8953 = CARTESIAN_POINT ( 'NONE',  ( 10.12084285124563000, -1.073307290002472500, -0.0000000000000000000 ) ) ;
#8954 = PLANE ( 'NONE',  #4610 ) ;
#8955 = ORIENTED_EDGE ( 'NONE', *, *, #6515, .T. ) ;
#8956 = CARTESIAN_POINT ( 'NONE',  ( 10.49247055252897300, -8.757333926429343100, 0.1000000000000000100 ) ) ;
#8957 = VECTOR ( 'NONE', #9011, 1000.000000000000000 ) ;
#8958 = DIRECTION ( 'NONE',  ( 0.0000000000000000000, 1.000000000000000000, 0.0000000000000000000 ) ) ;
#8959 = VERTEX_POINT ( 'NONE', #862 ) ;
#8960 = LINE ( 'NONE', #10266, #8627 ) ;
#8961 = ORIENTED_EDGE ( 'NONE', *, *, #2091, .T. ) ;
#8962 = CARTESIAN_POINT ( 'NONE',  ( 11.21940135719328800, -8.728758289020115400, 0.1000000000000000100 ) ) ;
#8963 = CARTESIAN_POINT ( 'NONE',  ( 10.74863938369780300, -6.778762497857916200, 0.0000000000000000000 ) ) ;
#8964 = CARTESIAN_POINT ( 'NONE',  ( 11.21895774781361700, -8.793988858821785800, 0.0000000000000000000 ) ) ;
#8965 = FACE_OUTER_BOUND ( 'NONE', #2047, .T. ) ;
#8966 = CARTESIAN_POINT ( 'NONE',  ( 10.26389912395754300, -1.259281978377394100, 0.1000000000000000100 ) ) ;
#8967 = EDGE_CURVE ( 'NONE', #11642, #4490, #9629, .T. ) ;
#8968 = ORIENTED_EDGE ( 'NONE', *, *, #28, .F. ) ;
#8969 = DIRECTION ( 'NONE',  ( 0.0000000000000000000, 0.0000000000000000000, -1.000000000000000000 ) ) ;
#8970 = ORIENTED_EDGE ( 'NONE', *, *, #6013, .F. ) ;
#8971 = CARTESIAN_POINT ( 'NONE',  ( 10.90643159149001400, -1.965775484870901000, 1.355252715606880500E-017 ) ) ;
#8972 = ORIENTED_EDGE ( 'NONE', *, *, #11207, .F. ) ;
#8973 = CARTESIAN_POINT ( 'NONE',  ( 36.49999999999999300, 21.00000000000000000, 1.000000000000000000 ) ) ;
#8974 = AXIS2_PLACEMENT_3D ( 'NONE', #7160, #847, #7194 ) ;
#8975 = DIRECTION ( 'NONE',  ( -0.0000000000000000000, -0.0000000000000000000, 1.000000000000000000 ) ) ;
#8976 = DIRECTION ( 'NONE',  ( 0.0000000000000000000, 0.0000000000000000000, 1.000000000000000000 ) ) ;
#8977 = CARTESIAN_POINT ( 'NONE',  ( 11.16964892905184900, -6.605146702102684800, 0.1000000000000000100 ) ) ;
#8978 = EDGE_CURVE ( 'NONE', #703, #10300, #9620, .T. ) ;
#8979 = ORIENTED_EDGE ( 'NONE', *, *, #3385, .F. ) ;
#8980 = EDGE_CURVE ( 'NONE', #9801, #7755, #9773, .T. ) ;
#8981 = ORIENTED_EDGE ( 'NONE', *, *, #6451, .F. ) ;
#8982 = FACE_OUTER_BOUND ( 'NONE', #412, .T. ) ;
#8983 = DIRECTION ( 'NONE',  ( 0.0000000000000000000, -1.000000000000000000, 0.0000000000000000000 ) ) ;
#8984 = VERTEX_POINT ( 'NONE', #6341 ) ;
#8985 = CARTESIAN_POINT ( 'NONE',  ( 7.048445366811458600, 14.50132895157400100, 3.000000000000000000 ) ) ;
#8986 = ORIENTED_EDGE ( 'NONE', *, *, #1045, .T. ) ;
#8987 = CARTESIAN_POINT ( 'NONE',  ( 9.785977046035466000, -8.439476783572201800, 0.1000000000000000100 ) ) ;
#8988 = CARTESIAN_POINT ( 'NONE',  ( 9.931589217687774300, -1.622926638085469000, 1.355252715606880500E-017 ) ) ;
#8989 = CARTESIAN_POINT ( 'NONE',  ( 11.36519782525624600, -5.124217043312459200, 0.1000000000000000100 ) ) ;
#8990 = CARTESIAN_POINT ( 'NONE',  ( 32.49999999999998600, 18.50000000000000000, 7.099999999999999600 ) ) ;
#8991 = CARTESIAN_POINT ( 'NONE',  ( 10.84534259300365900, -1.960270279909236000, 0.1000000000000000100 ) ) ;
#8992 = CARTESIAN_POINT ( 'NONE',  ( 9.839323425877015700, -1.928653032598181200, 1.355252715606880500E-017 ) ) ;
#8993 = CARTESIAN_POINT ( 'NONE',  ( 9.782400562072197700, -7.051633475322111300, 0.1000000000000000100 ) ) ;
#8994 = CARTESIAN_POINT ( 'NONE',  ( 40.49999999999999300, 8.150045345896286300, 0.0000000000000000000 ) ) ;
#8995 = VECTOR ( 'NONE', #11597, 1000.000000000000000 ) ;
#8996 = ORIENTED_EDGE ( 'NONE', *, *, #9436, .F. ) ;
#8997 = CARTESIAN_POINT ( 'NONE',  ( 9.931431591490012400, -6.884931329026747100, -1.355252715606880500E-017 ) ) ;
#8998 = ORIENTED_EDGE ( 'NONE', *, *, #6307, .T. ) ;
#8999 = EDGE_CURVE ( 'NONE', #866, #11105, #9536, .T. ) ;
#9000 = EDGE_LOOP ( 'NONE', ( #9814, #5134, #11037, #4578 ) ) ;
#9001 = ORIENTED_EDGE ( 'NONE', *, *, #5476, .F. ) ;
#9002 = DIRECTION ( 'NONE',  ( 1.000000000000000000, 0.0000000000000000000, 0.0000000000000000000 ) ) ;
#9003 = LINE ( 'NONE', #5556, #9014 ) ;
#9004 = DIRECTION ( 'NONE',  ( 0.0000000000000000000, -0.0000000000000000000, 1.000000000000000000 ) ) ;
#9005 = CARTESIAN_POINT ( 'NONE',  ( 10.91853306535760000, -9.087569176411744100, -0.0000000000000000000 ) ) ;
#9006 = ORIENTED_EDGE ( 'NONE', *, *, #11139, .F. ) ;
#9007 = DIRECTION ( 'NONE',  ( 1.000000000000000000, 0.0000000000000000000, 0.0000000000000000000 ) ) ;
#9008 = ORIENTED_EDGE ( 'NONE', *, *, #3173, .F. ) ;
#9009 = ORIENTED_EDGE ( 'NONE', *, *, #4641, .F. ) ;
#9010 = DIRECTION ( 'NONE',  ( -1.000000000000000000, 0.0000000000000000000, 0.0000000000000000000 ) ) ;
#9011 = DIRECTION ( 'NONE',  ( 1.000000000000000000, -1.204669080539440700E-014, -0.0000000000000000000 ) ) ;
#9012 = ADVANCED_FACE ( 'NONE', ( #9365 ), #904, .T. ) ;
#9013 = LINE ( 'NONE', #11553, #8883 ) ;
#9014 = VECTOR ( 'NONE', #8223, 1000.000000000000000 ) ;
#9015 = AXIS2_PLACEMENT_3D ( 'NONE', #9761, #4455, #3444 ) ;
#9016 = DIRECTION ( 'NONE',  ( 5.139921410301651800E-016, 1.000000000000000000, -0.0000000000000000000 ) ) ;
#9017 = DIRECTION ( 'NONE',  ( -0.0000000000000000000, -0.0000000000000000000, 1.000000000000000000 ) ) ;
#9018 = CARTESIAN_POINT ( 'NONE',  ( 11.15176879839604300, -6.616887435800803600, 0.0000000000000000000 ) ) ;
#9019 = VERTEX_POINT ( 'NONE', #9030 ) ;
#9020 = CARTESIAN_POINT ( 'NONE',  ( 10.01813221893928900, -1.841594130515209300, 0.0000000000000000000 ) ) ;
#9021 = VERTEX_POINT ( 'NONE', #10810 ) ;
#9022 = VECTOR ( 'NONE', #7630, 1000.000000000000000 ) ;
#9023 = LINE ( 'NONE', #5280, #8384 ) ;
#9024 = CARTESIAN_POINT ( 'NONE',  ( 10.37771636547187800, -2.053118066525754200, -0.0000000000000000000 ) ) ;
#9025 = DIRECTION ( 'NONE',  ( 0.0000000000000000000, 1.000000000000000000, 0.0000000000000000000 ) ) ;
#9026 = PLANE ( 'NONE',  #6798 ) ;
#9027 = DIRECTION ( 'NONE',  ( 0.7660444431189792300, 0.6427876096865379200, 0.0000000000000000000 ) ) ;
#9028 = ORIENTED_EDGE ( 'NONE', *, *, #5787, .T. ) ;
#9029 = CARTESIAN_POINT ( 'NONE',  ( 9.950320037445239400, -6.765793739731549300, 0.1000000000000000100 ) ) ;
#9030 = CARTESIAN_POINT ( 'NONE',  ( 35.49999999999999300, 9.250000000000001800, 7.099999999999999600 ) ) ;
#9031 = VERTEX_POINT ( 'NONE', #11692 ) ;
#9032 = AXIS2_PLACEMENT_3D ( 'NONE', #1814, #11672, #6355 ) ;
#9033 = CARTESIAN_POINT ( 'NONE',  ( 8.000000000000000000, -5.250000000000000900, 3.250000000000000400 ) ) ;
#9034 = LINE ( 'NONE', #3180, #8957 ) ;
#9035 = CYLINDRICAL_SURFACE ( 'NONE', #1779, 0.5000000000000004400 ) ;
#9036 = EDGE_CURVE ( 'NONE', #5962, #6429, #9246, .T. ) ;
#9037 = DIRECTION ( 'NONE',  ( 1.000000000000000000, 0.0000000000000000000, 0.0000000000000000000 ) ) ;
#9038 = ORIENTED_EDGE ( 'NONE', *, *, #7641, .F. ) ;
#9039 = CARTESIAN_POINT ( 'NONE',  ( 11.21974327980169900, -8.757983277078695400, 0.1000000000000000100 ) ) ;
#9040 = CARTESIAN_POINT ( 'NONE',  ( 35.49999999999998600, -14.50000000000000500, 0.0000000000000000000 ) ) ;
#9041 = VERTEX_POINT ( 'NONE', #7205 ) ;
#9042 = CARTESIAN_POINT ( 'NONE',  ( 32.49999999999998600, 14.49999999999999500, 1.500000000000000000 ) ) ;
#9043 = LINE ( 'NONE', #6573, #2925 ) ;
#9044 = VECTOR ( 'NONE', #4077, 1000.000000000000000 ) ;
#9045 = EDGE_CURVE ( 'NONE', #8771, #171, #9493, .T. ) ;
#9046 = EDGE_CURVE ( 'NONE', #2422, #819, #9645, .T. ) ;
#9047 = DIRECTION ( 'NONE',  ( 5.139921410301649800E-016, 1.000000000000000000, 0.0000000000000000000 ) ) ;
#9048 = EDGE_LOOP ( 'NONE', ( #5309, #6989, #3281, #5098, #4433 ) ) ;
#9049 = EDGE_LOOP ( 'NONE', ( #57, #4439, #1983, #6295, #1618, #5488 ) ) ;
#9050 = CARTESIAN_POINT ( 'NONE',  ( 9.983925233407511300, -1.801439592761193300, 0.1000000000000000100 ) ) ;
#9051 = VECTOR ( 'NONE', #2753, 1000.000000000000000 ) ;
#9052 = DIRECTION ( 'NONE',  ( 1.982541115402065400E-016, 1.000000000000000000, 0.0000000000000000000 ) ) ;
#9053 = CARTESIAN_POINT ( 'NONE',  ( 11.15176879839604300, -6.616887435800803600, 0.1000000000000000100 ) ) ;
#9054 = VERTEX_POINT ( 'NONE', #8187 ) ;
#9055 = VECTOR ( 'NONE', #2967, 1000.000000000000000 ) ;
#9056 = CARTESIAN_POINT ( 'NONE',  ( 10.45061114560587100, -1.578659864111118200, 0.1000000000000000100 ) ) ;
#9057 = CARTESIAN_POINT ( 'NONE',  ( 10.91982676297612400, -6.862055615117483000, 4.065758146820641600E-017 ) ) ;
#9058 = VERTEX_POINT ( 'NONE', #9966 ) ;
#9059 = CARTESIAN_POINT ( 'NONE',  ( 30.97797361286377100, 17.49999999999999600, 3.099999999999999600 ) ) ;
#9060 = CARTESIAN_POINT ( 'NONE',  ( 41.49999999999999300, 18.00000000000000400, 8.099999999999999600 ) ) ;
#9061 = ORIENTED_EDGE ( 'NONE', *, *, #10236, .T. ) ;
#9062 = EDGE_CURVE ( 'NONE', #6092, #2883, #9100, .T. ) ;
#9063 = EDGE_CURVE ( 'NONE', #509, #2940, #9120, .T. ) ;
#9064 = CARTESIAN_POINT ( 'NONE',  ( 36.49999999999999300, -6.381966011250110400, 0.0000000000000000000 ) ) ;
#9065 = CARTESIAN_POINT ( 'NONE',  ( 47.50000000000000000, -7.849954654103714600, 8.099999999999999600 ) ) ;
#9066 = CARTESIAN_POINT ( 'NONE',  ( 11.21962788751244500, -8.748120406965691500, 6.776263578034402700E-017 ) ) ;
#9067 = DIRECTION ( 'NONE',  ( -1.000000000000000000, 0.0000000000000000000, 0.0000000000000000000 ) ) ;
#9068 = VECTOR ( 'NONE', #982, 1000.000000000000100 ) ;
#9069 = CARTESIAN_POINT ( 'NONE',  ( 10.63792509798351900, -1.487853406948823000, 0.0000000000000000000 ) ) ;
#9070 = FACE_OUTER_BOUND ( 'NONE', #7219, .T. ) ;
#9071 = DIRECTION ( 'NONE',  ( -0.0000000000000000000, 1.000000000000000000, 0.0000000000000000000 ) ) ;
#9072 = LINE ( 'NONE', #10160, #5710 ) ;
#9073 = ADVANCED_FACE ( 'NONE', ( #9111 ), #1921, .T. ) ;
#9074 = CARTESIAN_POINT ( 'NONE',  ( 10.05336569449130300, -6.628468109759400500, -1.355252715606880500E-017 ) ) ;
#9075 = DIRECTION ( 'NONE',  ( 1.000000000000000000, 0.0000000000000000000, 0.0000000000000000000 ) ) ;
#9076 = ORIENTED_EDGE ( 'NONE', *, *, #8240, .F. ) ;
#9077 = EDGE_CURVE ( 'NONE', #7790, #10919, #9003, .T. ) ;
#9078 = DIRECTION ( 'NONE',  ( 0.0000000000000000000, 0.0000000000000000000, 1.000000000000000000 ) ) ;
#9079 = ORIENTED_EDGE ( 'NONE', *, *, #110, .F. ) ;
#9080 = DIRECTION ( 'NONE',  ( 0.0000000000000000000, -0.0000000000000000000, 1.000000000000000000 ) ) ;
#9081 = VERTEX_POINT ( 'NONE', #1023 ) ;
#9082 = DIRECTION ( 'NONE',  ( -0.0000000000000000000, -0.0000000000000000000, 1.000000000000000000 ) ) ;
#9083 = LINE ( 'NONE', #3511, #4338 ) ;
#9084 = DIRECTION ( 'NONE',  ( -0.8660254037844403700, 0.4999999999999970600, -0.0000000000000000000 ) ) ;
#9085 = VERTEX_POINT ( 'NONE', #1961 ) ;
#9086 = CARTESIAN_POINT ( 'NONE',  ( 9.934474856783900500, -2.029672769022406300, 1.355252715606880500E-017 ) ) ;
#9087 = CARTESIAN_POINT ( 'NONE',  ( 10.48119878762321000, -7.304016401166055800, 4.065758146820641600E-017 ) ) ;
#9088 = CARTESIAN_POINT ( 'NONE',  ( 11.36519782525624600, -3.503437822533238300, 0.1000000000000000100 ) ) ;
#9089 = EDGE_LOOP ( 'NONE', ( #4132, #1686, #5353, #8528 ) ) ;
#9090 = CARTESIAN_POINT ( 'NONE',  ( 11.36519782525624600, -6.329411848507266600, 0.1000000000000000100 ) ) ;
#9091 = EDGE_LOOP ( 'NONE', ( #3216, #3565, #3361, #335 ) ) ;
#9092 = CARTESIAN_POINT ( 'NONE',  ( 10.44693120380386000, -1.639225653333392000, 0.1000000000000000100 ) ) ;
#9093 = AXIS2_PLACEMENT_3D ( 'NONE', #7708, #7522, #7443 ) ;
#9094 = ORIENTED_EDGE ( 'NONE', *, *, #9550, .F. ) ;
#9095 = DIRECTION ( 'NONE',  ( -0.7071067811865470200, 0.7071067811865481300, 0.0000000000000000000 ) ) ;
#9096 = FACE_OUTER_BOUND ( 'NONE', #10430, .T. ) ;
#9097 = FACE_OUTER_BOUND ( 'NONE', #10537, .T. ) ;
#9098 = CARTESIAN_POINT ( 'NONE',  ( 9.244645029916162200, 7.627092958867348400, 0.1000000000000000100 ) ) ;
#9099 = VERTEX_POINT ( 'NONE', #7352 ) ;
#9100 = LINE ( 'NONE', #3728, #9068 ) ;
#9101 = CARTESIAN_POINT ( 'NONE',  ( 10.00000000000000000, 14.49804735160447300, 6.099999999999999600 ) ) ;
#9102 = CARTESIAN_POINT ( 'NONE',  ( 10.40950110825961200, -1.763005817202572900, 4.065758146820641600E-017 ) ) ;
#9103 = ORIENTED_EDGE ( 'NONE', *, *, #3552, .T. ) ;
#9104 = FACE_OUTER_BOUND ( 'NONE', #4836, .T. ) ;
#9105 = AXIS2_PLACEMENT_3D ( 'NONE', #9154, #8294, #8259 ) ;
#9106 = DIRECTION ( 'NONE',  ( 0.9890936359499857800, -0.1472880827604086700, 0.0000000000000000000 ) ) ;
#9107 = CARTESIAN_POINT ( 'NONE',  ( 11.85464502991613700, 5.017092958867322300, 0.1000000000000000100 ) ) ;
#9108 = DIRECTION ( 'NONE',  ( -0.0000000000000000000, -0.0000000000000000000, 1.000000000000000000 ) ) ;
#9109 = DIRECTION ( 'NONE',  ( -1.000000000000000000, 1.084202172485506800E-014, -0.0000000000000000000 ) ) ;
#9110 = ORIENTED_EDGE ( 'NONE', *, *, #8081, .F. ) ;
#9111 = FACE_OUTER_BOUND ( 'NONE', #1778, .T. ) ;
#9112 = CARTESIAN_POINT ( 'NONE',  ( 10.00932874583082800, -7.097534358577767000, 0.0000000000000000000 ) ) ;
#9113 = PLANE ( 'NONE',  #10288 ) ;
#9114 = CARTESIAN_POINT ( 'NONE',  ( 10.24311990317832500, -6.578762497857916900, 0.1000000000000000100 ) ) ;
#9115 = CARTESIAN_POINT ( 'NONE',  ( 37.00000000000000700, -18.99999999999999600, 0.0000000000000000000 ) ) ;
#9116 = ORIENTED_EDGE ( 'NONE', *, *, #11658, .T. ) ;
#9117 = DIRECTION ( 'NONE',  ( 0.0000000000000000000, 1.000000000000000000, -0.0000000000000000000 ) ) ;
#9118 = VECTOR ( 'NONE', #2717, 1000.000000000000000 ) ;
#9119 = EDGE_LOOP ( 'NONE', ( #6914, #7154, #3900, #8399 ) ) ;
#9120 = CIRCLE ( 'NONE', #8817, 1.000000000000000900 ) ;
#9121 = CARTESIAN_POINT ( 'NONE',  ( 10.03660478676552800, -1.349688380854151100, 0.1000000000000000100 ) ) ;
#9122 = FACE_OUTER_BOUND ( 'NONE', #8181, .T. ) ;
#9123 = CARTESIAN_POINT ( 'NONE',  ( 42.49999999999999300, -17.99999999999999600, -2.154065922853804200 ) ) ;
#9124 = CARTESIAN_POINT ( 'NONE',  ( 9.792281846349990100, -1.846393961124117800, 0.1000000000000000100 ) ) ;
#9125 = CARTESIAN_POINT ( 'NONE',  ( 10.30545756551598500, -8.811554705650124200, 0.1000000000000000100 ) ) ;
#9126 = ORIENTED_EDGE ( 'NONE', *, *, #874, .F. ) ;
#9127 = CARTESIAN_POINT ( 'NONE',  ( 10.22071730577572700, -6.370970290065707300, 0.1000000000000000100 ) ) ;
#9128 = EDGE_CURVE ( 'NONE', #9487, #7071, #8945, .T. ) ;
#9129 = DIRECTION ( 'NONE',  ( -0.0000000000000000000, 0.0000000000000000000, -1.000000000000000000 ) ) ;
#9130 = VECTOR ( 'NONE', #11232, 1000.000000000000000 ) ;
#9131 = PLANE ( 'NONE',  #4464 ) ;
#9132 = ORIENTED_EDGE ( 'NONE', *, *, #5180, .F. ) ;
#9133 = VECTOR ( 'NONE', #9075, 1000.000000000000000 ) ;
#9134 = DIRECTION ( 'NONE',  ( 1.000000000000000000, 0.0000000000000000000, 0.0000000000000000000 ) ) ;
#9135 = ORIENTED_EDGE ( 'NONE', *, *, #10814, .F. ) ;
#9136 = EDGE_LOOP ( 'NONE', ( #8296, #11186, #4986, #5206 ) ) ;
#9137 = AXIS2_PLACEMENT_3D ( 'NONE', #9976, #1163, #7482 ) ;
#9138 = DIRECTION ( 'NONE',  ( 1.000000000000000000, 0.0000000000000000000, 0.0000000000000000000 ) ) ;
#9139 = CARTESIAN_POINT ( 'NONE',  ( 10.23110691616533600, -1.051489770585186400, 0.1000000000000000100 ) ) ;
#9140 = EDGE_CURVE ( 'NONE', #7767, #3926, #8937, .T. ) ;
#9141 = EDGE_CURVE ( 'NONE', #3807, #463, #9230, .T. ) ;
#9142 = CARTESIAN_POINT ( 'NONE',  ( 10.26730963415602600, -1.891475859763639600, 0.1000000000000000100 ) ) ;
#9143 = ORIENTED_EDGE ( 'NONE', *, *, #9223, .F. ) ;
#9144 = CARTESIAN_POINT ( 'NONE',  ( 39.95450897047030000, 10.49999999999999600, 8.099999999999999600 ) ) ;
#9145 = ORIENTED_EDGE ( 'NONE', *, *, #9603, .T. ) ;
#9146 = LINE ( 'NONE', #4206, #5638 ) ;
#9147 = ORIENTED_EDGE ( 'NONE', *, *, #3052, .T. ) ;
#9148 = CARTESIAN_POINT ( 'NONE',  ( 10.20773029278871400, -7.181359900455318800, 0.1000000000000000100 ) ) ;
#9149 = CARTESIAN_POINT ( 'NONE',  ( 10.30576283179684400, -8.798659915260373100, 0.1000000000000000100 ) ) ;
#9150 = EDGE_LOOP ( 'NONE', ( #6059, #7691, #4659, #2448 ) ) ;
#9151 = EDGE_LOOP ( 'NONE', ( #94, #11175, #4481, #5816 ) ) ;
#9152 = CARTESIAN_POINT ( 'NONE',  ( 11.24580568859154400, -8.374006383303498800, 1.355252715606880500E-017 ) ) ;
#9153 = CARTESIAN_POINT ( 'NONE',  ( 9.765197825256244400, -3.711230030325446600, 0.0000000000000000000 ) ) ;
#9154 = CARTESIAN_POINT ( 'NONE',  ( 42.49999999999999300, -7.145898033750314400, -17.91005284086394400 ) ) ;
#9155 = DIRECTION ( 'NONE',  ( -8.410780489584531100E-015, -1.000000000000000000, 0.0000000000000000000 ) ) ;
#9156 = VERTEX_POINT ( 'NONE', #1067 ) ;
#9157 = LINE ( 'NONE', #6487, #9636 ) ;
#9158 = DIRECTION ( 'NONE',  ( 1.000000000000000000, -1.156482317317870300E-015, 0.0000000000000000000 ) ) ;
#9159 = VERTEX_POINT ( 'NONE', #3801 ) ;
#9160 = ORIENTED_EDGE ( 'NONE', *, *, #1926, .F. ) ;
#9161 = EDGE_CURVE ( 'NONE', #4705, #4083, #8708, .T. ) ;
#9162 = CARTESIAN_POINT ( 'NONE',  ( 11.38569854549509600, -8.738704972602773700, 0.1000000000000000100 ) ) ;
#9163 = CARTESIAN_POINT ( 'NONE',  ( 10.09034235784051200, -2.102950133746817500, 1.355252715606880500E-017 ) ) ;
#9164 = DIRECTION ( 'NONE',  ( 0.0000000000000000000, 1.000000000000000000, 0.0000000000000000000 ) ) ;
#9165 = CARTESIAN_POINT ( 'NONE',  ( 10.30637042363168400, -8.772994554085340000, 0.1000000000000000100 ) ) ;
#9166 = VECTOR ( 'NONE', #6809, 999.9999999999998900 ) ;
#9167 = ADVANCED_FACE ( 'NONE', ( #8744, #8925, #8682, #8659, #8597, #8539, #8493, #8477, #8469, #8438, #8363, #8343, #8318, #8286, #8208, #8177, #8155, #8112, #8062 ), #9193, .F. ) ;
#9168 = LINE ( 'NONE', #232, #1703 ) ;
#9169 = PLANE ( 'NONE',  #6694 ) ;
#9170 = ORIENTED_EDGE ( 'NONE', *, *, #7141, .F. ) ;
#9171 = CARTESIAN_POINT ( 'NONE',  ( 9.946978953977222200, -6.467384083327317500, 0.1000000000000000100 ) ) ;
#9172 = EDGE_CURVE ( 'NONE', #8709, #5060, #7945, .T. ) ;
#9173 = ADVANCED_BREP_SHAPE_REPRESENTATION ( 'YZN10-002-K03 ¦рцшь эрсюЁэvщ ¦=L-2,5ьь2 (JXB24L) ёхЁvщ L¦¦', ( #4170, #750 ), #9446 ) ;
#9174 = ORIENTED_EDGE ( 'NONE', *, *, #1767, .F. ) ;
#9175 = VECTOR ( 'NONE', #10056, 1000.000000000000100 ) ;
#9176 = AXIS2_PLACEMENT_3D ( 'NONE', #5224, #9164, #10476 ) ;
#9177 = FACE_OUTER_BOUND ( 'NONE', #4119, .T. ) ;
#9178 = CARTESIAN_POINT ( 'NONE',  ( 10.31150244604416600, -8.734662525848776200, 0.1000000000000000100 ) ) ;
#9179 = DIRECTION ( 'NONE',  ( -0.2747211278973782400, 0.9615239476408230500, 0.0000000000000000000 ) ) ;
#9180 = AXIS2_PLACEMENT_3D ( 'NONE', #4121, #4073, #7130 ) ;
#9181 = DIRECTION ( 'NONE',  ( 0.7281999926928031100, 0.6853646990049907500, -0.0000000000000000000 ) ) ;
#9182 = ORIENTED_EDGE ( 'NONE', *, *, #11117, .F. ) ;
#9183 = ORIENTED_EDGE ( 'NONE', *, *, #10843, .T. ) ;
#9184 = B_SPLINE_CURVE_WITH_KNOTS ( 'NONE', 3,
 ( #6597, #4442, #3162, #2276, #10607, #3323, #1338, #3870, #11293, #9454, #3366, #5336, #2016, #6366, #5214, #1656, #10950, #9659, #8783 ),
 .UNSPECIFIED., .F., .F.,
 ( 4, 1, 1, 1, 1, 1, 1, 1, 1, 1, 1, 1, 1, 1, 1, 1, 4 ),
 ( 0.0000000000000000000, 0.06499128896974841500, 0.1275730336673059600, 0.1882068798713103000, 0.2472493508018179800, 0.3049852207579573600, 0.3625230253963737700, 0.4208060760220008700, 0.4815087643700461900, 0.5427048300641856800, 0.6040099959472002800, 0.6657496347050851900, 0.7281129899967904200, 0.7923848357815291800, 0.8592679122308813900, 0.9283261810610773400, 1.000000000000000000 ),
 .UNSPECIFIED. ) ;
#9185 = CARTESIAN_POINT ( 'NONE',  ( 32.49999999999998600, 14.00000000000000000, 5.099999999999999600 ) ) ;
#9186 = CARTESIAN_POINT ( 'NONE',  ( 9.931431591490012400, -1.612528731624147400, 1.355252715606880500E-017 ) ) ;
#9187 = VECTOR ( 'NONE', #7779, 1000.000000000000000 ) ;
#9188 = CARTESIAN_POINT ( 'NONE',  ( 10.55379169473192000, -6.996287067354953300, 0.0000000000000000000 ) ) ;
#9189 = VECTOR ( 'NONE', #5038, 1000.000000000000000 ) ;
#9190 = DIRECTION ( 'NONE',  ( -0.0000000000000000000, 1.000000000000000000, 0.0000000000000000000 ) ) ;
#9191 = ADVANCED_FACE ( 'NONE', ( #8039 ), #2808, .T. ) ;
#9192 = DIRECTION ( 'NONE',  ( 0.0000000000000000000, 0.0000000000000000000, 1.000000000000000000 ) ) ;
#9193 = PLANE ( 'NONE',  #712 ) ;
#9194 = ORIENTED_EDGE ( 'NONE', *, *, #9361, .T. ) ;
#9195 = CARTESIAN_POINT ( 'NONE',  ( 10.86649652655494700, -5.581359900455316500, -0.0000000000000000000 ) ) ;
#9196 = ORIENTED_EDGE ( 'NONE', *, *, #4503, .T. ) ;
#9197 = DIRECTION ( 'NONE',  ( 1.000000000000000000, 0.0000000000000000000, 0.0000000000000000000 ) ) ;
#9198 = EDGE_LOOP ( 'NONE', ( #9367, #6862, #11257, #6031 ) ) ;
#9199 = FACE_OUTER_BOUND ( 'NONE', #11502, .T. ) ;
#9200 = CARTESIAN_POINT ( 'NONE',  ( 11.34302064664230000, -8.526200610302501200, 0.1000000000000000100 ) ) ;
#9201 = DIRECTION ( 'NONE',  ( -1.000000000000000000, 0.0000000000000000000, 0.0000000000000000000 ) ) ;
#9202 = ORIENTED_EDGE ( 'NONE', *, *, #6514, .F. ) ;
#9203 = CARTESIAN_POINT ( 'NONE',  ( 47.50000000000000000, -16.99999999999999600, 8.099999999999999600 ) ) ;
#9204 = ORIENTED_EDGE ( 'NONE', *, *, #7372, .F. ) ;
#9205 = CARTESIAN_POINT ( 'NONE',  ( 11.36519782525624600, -7.846294965390384000, 0.1000000000000000100 ) ) ;
#9206 = VECTOR ( 'NONE', #3087, 1000.000000000000200 ) ;
#9207 = EDGE_CURVE ( 'NONE', #2194, #10183, #7904, .T. ) ;
#9208 = FACE_OUTER_BOUND ( 'NONE', #10948, .T. ) ;
#9209 = EDGE_CURVE ( 'NONE', #3072, #7717, #7861, .T. ) ;
#9210 = LINE ( 'NONE', #8873, #4361 ) ;
#9211 = PLANE ( 'NONE',  #4028 ) ;
#9212 = ORIENTED_EDGE ( 'NONE', *, *, #415, .F. ) ;
#9213 = VERTEX_POINT ( 'NONE', #3993 ) ;
#9214 = CARTESIAN_POINT ( 'NONE',  ( 10.31953943421677200, -8.696748958423217600, 0.1000000000000000100 ) ) ;
#9215 = CARTESIAN_POINT ( 'NONE',  ( 42.49999999999999300, -17.99999999999999600, -2.154065922853804200 ) ) ;
#9216 = VERTEX_POINT ( 'NONE', #11113 ) ;
#9217 = LINE ( 'NONE', #2415, #9448 ) ;
#9218 = CARTESIAN_POINT ( 'NONE',  ( 41.49999999999999300, 21.00000000000000400, 1.000000000000000000 ) ) ;
#9219 = VECTOR ( 'NONE', #8958, 1000.000000000000000 ) ;
#9220 = CC_DESIGN_DATE_AND_TIME_ASSIGNMENT ( #9350, #4974, ( #8042 ) ) ;
#9221 = ORIENTED_EDGE ( 'NONE', *, *, #10018, .T. ) ;
#9222 = CARTESIAN_POINT ( 'NONE',  ( 10.63597937787916700, -1.615086944714664100, 0.1000000000000000100 ) ) ;
#9223 = EDGE_CURVE ( 'NONE', #6374, #2735, #7831, .T. ) ;
#9224 = ORIENTED_EDGE ( 'NONE', *, *, #5043, .T. ) ;
#9225 = EDGE_CURVE ( 'NONE', #9626, #6887, #7796, .T. ) ;
#9226 = CARTESIAN_POINT ( 'NONE',  ( 10.63792509798351900, -8.469996264091681900, 0.1000000000000000100 ) ) ;
#9227 = ORIENTED_EDGE ( 'NONE', *, *, #8912, .T. ) ;
#9228 = EDGE_CURVE ( 'NONE', #7937, #5726, #7916, .T. ) ;
#9229 = DIRECTION ( 'NONE',  ( -5.139921410301649800E-016, -1.000000000000000000, 0.0000000000000000000 ) ) ;
#9230 = LINE ( 'NONE', #5599, #8735 ) ;
#9231 = CARTESIAN_POINT ( 'NONE',  ( 9.765513057041834700, -6.908976705281652600, 5.421010862427522200E-017 ) ) ;
#9232 = VECTOR ( 'NONE', #446, 1000.000000000000000 ) ;
#9233 = DIRECTION ( 'NONE',  ( -1.000000000000000000, 0.0000000000000000000, -0.0000000000000000000 ) ) ;
#9234 = DIRECTION ( 'NONE',  ( -0.0000000000000000000, 0.0000000000000000000, 1.000000000000000000 ) ) ;
#9235 = VERTEX_POINT ( 'NONE', #3131 ) ;
#9236 = CARTESIAN_POINT ( 'NONE',  ( 10.50532278659042400, -8.860398486771204700, 0.0000000000000000000 ) ) ;
#9237 = CARTESIAN_POINT ( 'NONE',  ( 39.49999999999999300, 19.50000000000000000, 8.099999999999999600 ) ) ;
#9238 = ORIENTED_EDGE ( 'NONE', *, *, #3466, .T. ) ;
#9239 = CARTESIAN_POINT ( 'NONE',  ( 10.92818796919389100, -1.249551405908360300, 1.355252715606880500E-017 ) ) ;
#9240 = CARTESIAN_POINT ( 'NONE',  ( 44.50000000000000000, -6.712520664578066000, 8.099999999999999600 ) ) ;
#9241 = CARTESIAN_POINT ( 'NONE',  ( 12.89929005983225700, -8.957317253416649200, 33.81103081370217500 ) ) ;
#9242 = FACE_OUTER_BOUND ( 'NONE', #10677, .T. ) ;
#9243 = CARTESIAN_POINT ( 'NONE',  ( 10.33983720117562800, -8.996115261918642900, 0.1000000000000000100 ) ) ;
#9244 = CARTESIAN_POINT ( 'NONE',  ( 11.16156600535270700, -6.382391312406915600, 0.1000000000000000100 ) ) ;
#9245 = ORIENTED_EDGE ( 'NONE', *, *, #3528, .T. ) ;
#9246 = LINE ( 'NONE', #941, #9276 ) ;
#9247 = AXIS2_PLACEMENT_3D ( 'NONE', #3934, #7527, #8436 ) ;
#9248 = CARTESIAN_POINT ( 'NONE',  ( 0.0000000000000000000, 0.0000000000000000000, 0.1000000000000000100 ) ) ;
#9249 = EDGE_LOOP ( 'NONE', ( #3372, #11396, #844, #540 ) ) ;
#9250 = LINE ( 'NONE', #2853, #4372 ) ;
#9251 = CARTESIAN_POINT ( 'NONE',  ( 10.33100760701850600, -8.659034518026164300, 0.1000000000000000100 ) ) ;
#9252 = ORIENTED_EDGE ( 'NONE', *, *, #60, .F. ) ;
#9253 = VECTOR ( 'NONE', #4625, 1000.000000000000000 ) ;
#9254 = DIRECTION ( 'NONE',  ( -5.723576928965326900E-016, 1.000000000000000000, 0.0000000000000000000 ) ) ;
#9255 = LINE ( 'NONE', #4104, #9219 ) ;
#9256 = ORIENTED_EDGE ( 'NONE', *, *, #1360, .T. ) ;
#9257 = CARTESIAN_POINT ( 'NONE',  ( 11.34302064664230000, -8.526200610302501200, 0.1000000000000000100 ) ) ;
#9258 = CARTESIAN_POINT ( 'NONE',  ( 10.61714587720429700, -2.672268991364406900, -0.0000000000000000000 ) ) ;
#9259 = CARTESIAN_POINT ( 'NONE',  ( 9.244645029916140900, 5.017092958867349000, 0.0000000000000000000 ) ) ;
#9260 = EDGE_CURVE ( 'NONE', #8591, #6594, #7611, .T. ) ;
#9261 = VECTOR ( 'NONE', #9338, 1000.000000000000000 ) ;
#9262 = ORIENTED_EDGE ( 'NONE', *, *, #4418, .T. ) ;
#9263 = VECTOR ( 'NONE', #7242, 1000.000000000000000 ) ;
#9264 = VECTOR ( 'NONE', #7540, 1000.000000000000000 ) ;
#9265 = CARTESIAN_POINT ( 'NONE',  ( 9.864267016961004900, -7.223525817118083800, 0.1000000000000000100 ) ) ;
#9266 = CARTESIAN_POINT ( 'NONE',  ( 9.964645029916154000, 6.667092958867341300, 0.1000000000000000100 ) ) ;
#9267 = VERTEX_POINT ( 'NONE', #367 ) ;
#9268 = CARTESIAN_POINT ( 'NONE',  ( 11.35282514783833100, -1.836678104511376500, 0.1000000000000000100 ) ) ;
#9269 = CARTESIAN_POINT ( 'NONE',  ( 9.774994895108614300, -1.396910516878397700, 0.1000000000000000100 ) ) ;
#9270 = CARTESIAN_POINT ( 'NONE',  ( 33.87715070637717900, -22.00000000000000000, 0.0000000000000000000 ) ) ;
#9271 = EDGE_CURVE ( 'NONE', #10190, #1925, #7398, .T. ) ;
#9272 = FACE_OUTER_BOUND ( 'NONE', #5084, .T. ) ;
#9273 = EDGE_CURVE ( 'NONE', #5721, #8038, #7562, .T. ) ;
#9274 = CARTESIAN_POINT ( 'NONE',  ( 11.05837964343806400, -4.293048212143627800, 0.1000000000000000100 ) ) ;
#9275 = ORIENTED_EDGE ( 'NONE', *, *, #1999, .T. ) ;
#9276 = VECTOR ( 'NONE', #7281, 1000.000000000000200 ) ;
#9277 = CARTESIAN_POINT ( 'NONE',  ( 33.50000000000000000, -22.00000000000000000, 0.0000000000000000000 ) ) ;
#9278 = ADVANCED_FACE ( 'NONE', ( #7489 ), #3175, .F. ) ;
#9279 = ADVANCED_FACE ( 'NONE', ( #7303 ), #2908, .T. ) ;
#9280 = EDGE_LOOP ( 'NONE', ( #798, #4225, #6824, #1853 ) ) ;
#9281 = CARTESIAN_POINT ( 'NONE',  ( 10.81974327980170100, -9.300840419935838100, 0.1000000000000000100 ) ) ;
#9282 = VERTEX_POINT ( 'NONE', #6780 ) ;
#9283 = DIRECTION ( 'NONE',  ( -0.0000000000000000000, 0.0000000000000000000, -1.000000000000000000 ) ) ;
#9284 = CARTESIAN_POINT ( 'NONE',  ( 40.49999999999999300, -19.99999999999999600, 8.099999999999999600 ) ) ;
#9285 = LINE ( 'NONE', #9476, #1153 ) ;
#9286 = CIRCLE ( 'NONE', #5932, 1.000000000000000900 ) ;
#9287 = AXIS2_PLACEMENT_3D ( 'NONE', #2527, #8770, #3428 ) ;
#9288 = ORIENTED_EDGE ( 'NONE', *, *, #2151, .F. ) ;
#9289 = CARTESIAN_POINT ( 'NONE',  ( 11.36519782525624600, -5.332009251104667100, -0.0000000000000000000 ) ) ;
#9290 = ORIENTED_EDGE ( 'NONE', *, *, #7873, .F. ) ;
#9291 = EDGE_CURVE ( 'NONE', #1941, #8077, #7169, .T. ) ;
#9292 = VERTEX_POINT ( 'NONE', #5969 ) ;
#9293 = EDGE_CURVE ( 'NONE', #3543, #4039, #7116, .T. ) ;
#9294 = DIRECTION ( 'NONE',  ( -0.0000000000000000000, -0.0000000000000000000, -1.000000000000000000 ) ) ;
#9295 = CARTESIAN_POINT ( 'NONE',  ( 10.60267202556122400, -2.031488401460619800, 0.1000000000000000100 ) ) ;
#9296 = B_SPLINE_SURFACE_WITH_KNOTS ( 'NONE', 3, 1, ( 
 ( #4247, #1355 ),
 ( #6423, #3742 ),
 ( #2506, #1193 ),
 ( #7666, #1547 ),
 ( #907, #5132 ),
 ( #1300, #6023 ),
 ( #2561, #5140 ),
 ( #11004, #10486 ),
 ( #8117, #7283 ),
 ( #6609, #8378 ),
 ( #7818, #7754 ) ),
 .UNSPECIFIED., .F., .F., .F.,
 ( 4, 1, 1, 1, 1, 1, 1, 1, 4 ),
 ( 2, 2 ),
 ( 0.0000000000000000000, 0.1208308955770993300, 0.2374938699020660600, 0.3533785390223447300, 0.4702015794411859000, 0.5910678186082440900, 0.7186955577875094900, 0.8546209254733231300, 0.9999999999999998900 ),
 ( 0.0000000000000000000, 1.000000000000000000 ),
 .UNSPECIFIED. ) ;
#9297 = DIRECTION ( 'NONE',  ( -1.000000000000000000, 0.0000000000000000000, 0.0000000000000000000 ) ) ;
#9298 = VECTOR ( 'NONE', #9649, 1000.000000000000000 ) ;
#9299 = CIRCLE ( 'NONE', #1212, 0.5000000000000004400 ) ;
#9300 = CARTESIAN_POINT ( 'NONE',  ( 32.50000000000000000, -18.50000000000000000, 8.099999999999999600 ) ) ;
#9301 = PLANE ( 'NONE',  #6966 ) ;
#9302 = DIRECTION ( 'NONE',  ( -0.0000000000000000000, -0.0000000000000000000, -1.000000000000000000 ) ) ;
#9303 = ORIENTED_EDGE ( 'NONE', *, *, #7208, .F. ) ;
#9304 = CARTESIAN_POINT ( 'NONE',  ( 10.07869286906910800, -7.371268457776374700, 5.421010862427522200E-017 ) ) ;
#9305 = EDGE_LOOP ( 'NONE', ( #4160, #8419, #2223, #4200 ) ) ;
#9306 = CARTESIAN_POINT ( 'NONE',  ( 10.52980821486663600, -1.876489770585186600, 0.0000000000000000000 ) ) ;
#9307 = FACE_OUTER_BOUND ( 'NONE', #11588, .T. ) ;
#9308 = VECTOR ( 'NONE', #6659, 1000.000000000000000 ) ;
#9310 = ORIENTED_EDGE ( 'NONE', *, *, #5768, .T. ) ;
#9309 = AXIS2_PLACEMENT_3D ( 'NONE', #8411, #431, #294 ) ;
#9311 = DIRECTION ( 'NONE',  ( 0.0000000000000000000, 0.0000000000000000000, -1.000000000000000000 ) ) ;
#9312 = CARTESIAN_POINT ( 'NONE',  ( 10.02353162306053000, -1.111003232120446600, -0.0000000000000000000 ) ) ;
#9313 = B_SPLINE_CURVE_WITH_KNOTS ( 'NONE', 3,
 ( #3711, #1901, #762, #9946, #1378, #11075, #7973, #4618, #3028, #4537, #10391, #4227, #4415, #2762, #3652, #3665, #11593, #8871, #10728 ),
 .UNSPECIFIED., .F., .F.,
 ( 4, 1, 1, 1, 1, 1, 1, 1, 1, 1, 1, 1, 1, 1, 1, 1, 4 ),
 ( 0.0000000000000000000, 0.07746781831355609200, 0.1511210827872762100, 0.2219122913114161000, 0.2890920141925845700, 0.3539517512963530300, 0.4164029452615781200, 0.4769145856135007000, 0.5350573200783500500, 0.5928642395329396500, 0.6491676229663035900, 0.7056570981319622000, 0.7620900016446930900, 0.8196728368831964800, 0.8781910597675964800, 0.9381877410386572100, 1.000000000000000000 ),
 .UNSPECIFIED. ) ;
#9314 = VERTEX_POINT ( 'NONE', #1442 ) ;
#9315 = DIRECTION ( 'NONE',  ( 0.4739549207089753800, 0.8805491088722701100, 0.0000000000000000000 ) ) ;
#9316 = VECTOR ( 'NONE', #182, 1000.000000000000000 ) ;
#9317 = DIRECTION ( 'NONE',  ( -0.0000000000000000000, 0.0000000000000000000, -1.000000000000000000 ) ) ;
#9318 = CARTESIAN_POINT ( 'NONE',  ( 6.849614011047666700, -12.83456326127513100, 5.000000000000000000 ) ) ;
#9319 = CARTESIAN_POINT ( 'NONE',  ( 9.765197825256244400, -2.464476783572199500, -0.0000000000000000000 ) ) ;
#9320 = CARTESIAN_POINT ( 'NONE',  ( 19.38136546526024500, -7.937784117174111900, 8.099999999999999600 ) ) ;
#9321 = DIRECTION ( 'NONE',  ( 0.0000000000000000000, -1.000000000000000000, 0.0000000000000000000 ) ) ;
#9322 = ORIENTED_EDGE ( 'NONE', *, *, #5055, .F. ) ;
#9323 = ORIENTED_EDGE ( 'NONE', *, *, #3904, .F. ) ;
#9324 = CARTESIAN_POINT ( 'NONE',  ( 11.34302064664230000, -8.526200610302501200, 1.355252715606880500E-017 ) ) ;
#9325 = DIRECTION ( 'NONE',  ( -1.000000000000000000, 0.0000000000000000000, 0.0000000000000000000 ) ) ;
#9326 = AXIS2_PLACEMENT_3D ( 'NONE', #4814, #5474, #5493 ) ;
#9327 = FACE_BOUND ( 'NONE', #7584, .T. ) ;
#9328 = DIRECTION ( 'NONE',  ( -0.0000000000000000000, -0.0000000000000000000, -1.000000000000000000 ) ) ;
#9329 = LINE ( 'NONE', #5979, #5339 ) ;
#9330 = CARTESIAN_POINT ( 'NONE',  ( 10.24311990317832500, -6.578762497857916900, 0.1000000000000000100 ) ) ;
#9331 = CARTESIAN_POINT ( 'NONE',  ( 11.29387220321510200, -9.069641538246418800, 0.1000000000000000100 ) ) ;
#9332 = ADVANCED_FACE ( 'NONE', ( #7207 ), #7760, .F. ) ;
#9333 = EDGE_LOOP ( 'NONE', ( #7191, #3860, #1096, #8165 ) ) ;
#9334 = ADVANCED_FACE ( 'NONE', ( #7145 ), #7001, .F. ) ;
#9335 = CARTESIAN_POINT ( 'NONE',  ( 10.72751402443781500, -6.804576440327217300, 0.1000000000000000100 ) ) ;
#9336 = ORIENTED_EDGE ( 'NONE', *, *, #3676, .F. ) ;
#9337 = CARTESIAN_POINT ( 'NONE',  ( 37.00000000000000700, -17.99999999999999600, 8.099999999999999600 ) ) ;
#9338 = DIRECTION ( 'NONE',  ( 1.000000000000000000, 0.0000000000000000000, 0.0000000000000000000 ) ) ;
#9339 = DIRECTION ( 'NONE',  ( 1.000000000000000000, 0.0000000000000000000, 0.0000000000000000000 ) ) ;
#9340 = DIRECTION ( 'NONE',  ( 1.000000000000000000, 0.0000000000000000000, 0.0000000000000000000 ) ) ;
#9341 = FACE_OUTER_BOUND ( 'NONE', #7783, .T. ) ;
#9342 = LINE ( 'NONE', #2049, #8718 ) ;
#9343 = LINE ( 'NONE', #10216, #3086 ) ;
#9344 = CARTESIAN_POINT ( 'NONE',  ( 10.20281737794221600, -6.372832496060768300, 0.1000000000000000100 ) ) ;
#9345 = CARTESIAN_POINT ( 'NONE',  ( 10.20902899408741700, -7.389152108247527600, 0.1000000000000000100 ) ) ;
#9346 = CARTESIAN_POINT ( 'NONE',  ( 10.60267202556122400, -2.031488401460619800, 0.1000000000000000100 ) ) ;
#9347 = ORIENTED_EDGE ( 'NONE', *, *, #6170, .F. ) ;
#9348 = EDGE_CURVE ( 'NONE', #5577, #10335, #7106, .T. ) ;
#9349 = ORIENTED_EDGE ( 'NONE', *, *, #8393, .F. ) ;
#9350 = DATE_AND_TIME ( #7369, #10008 ) ;
#9351 = LINE ( 'NONE', #7210, #9316 ) ;
#9352 = DIRECTION ( 'NONE',  ( -0.0000000000000000000, -0.0000000000000000000, 1.000000000000000000 ) ) ;
#9353 = LINE ( 'NONE', #1409, #9044 ) ;
#9354 = CARTESIAN_POINT ( 'NONE',  ( 35.49999999999999300, -1.000000000000005100, 1.500000000000000000 ) ) ;
#9355 = ORIENTED_EDGE ( 'NONE', *, *, #2990, .T. ) ;
#9356 = CARTESIAN_POINT ( 'NONE',  ( 11.36519782525624600, -5.124217043312459200, -0.0000000000000000000 ) ) ;
#9357 = ORIENTED_EDGE ( 'NONE', *, *, #5097, .T. ) ;
#9358 = AXIS2_PLACEMENT_3D ( 'NONE', #10506, #11381, #6062 ) ;
#9359 = ADVANCED_FACE ( 'NONE', ( #6991 ), #9594, .F. ) ;
#9360 = ORIENTED_EDGE ( 'NONE', *, *, #11049, .T. ) ;
#9361 = EDGE_CURVE ( 'NONE', #3502, #1758, #6964, .T. ) ;
#9362 = EDGE_CURVE ( 'NONE', #6147, #5300, #6911, .T. ) ;
#9363 = CARTESIAN_POINT ( 'NONE',  ( 36.00000000000000700, -19.99999999999999600, -8.732124598286484100 ) ) ;
#9364 = DIRECTION ( 'NONE',  ( 0.0000000000000000000, 1.000000000000000000, 0.0000000000000000000 ) ) ;
#9365 = FACE_OUTER_BOUND ( 'NONE', #5591, .T. ) ;
#9366 = LINE ( 'NONE', #5155, #8684 ) ;
#9367 = ORIENTED_EDGE ( 'NONE', *, *, #278, .F. ) ;
#9368 = CARTESIAN_POINT ( 'NONE',  ( 37.00000000000000700, -17.99999999999999600, -2.236067977499790700 ) ) ;
#9369 = CARTESIAN_POINT ( 'NONE',  ( 8.000000000000000000, -6.999999999999999100, 8.099999999999997900 ) ) ;
#9370 = CARTESIAN_POINT ( 'NONE',  ( 32.49999999999998600, -14.00000000000000000, 5.099999999999999600 ) ) ;
#9371 = CARTESIAN_POINT ( 'NONE',  ( 35.49999999999999300, 9.250000000000001800, 7.099999999999999600 ) ) ;
#9372 = CARTESIAN_POINT ( 'NONE',  ( 10.43013289019131100, -3.503437822533238300, -0.0000000000000000000 ) ) ;
#9373 = EDGE_LOOP ( 'NONE', ( #11511, #3912, #11096, #826, #3049, #4875, #6082, #3338, #11540, #2792 ) ) ;
#9374 = LINE ( 'NONE', #2125, #912 ) ;
#9375 = CARTESIAN_POINT ( 'NONE',  ( 10.23229383096618700, -2.109361632223555500, 0.0000000000000000000 ) ) ;
#9376 = CARTESIAN_POINT ( 'NONE',  ( 40.49999999999999300, 14.49999999999999500, 1.000000000000000000 ) ) ;
#9377 = CARTESIAN_POINT ( 'NONE',  ( 11.22708518053002500, -18.50000000000000000, 3.099999999999999600 ) ) ;
#9378 = ORIENTED_EDGE ( 'NONE', *, *, #7491, .T. ) ;
#9379 = LINE ( 'NONE', #7999, #2585 ) ;
#9380 = EDGE_CURVE ( 'NONE', #4321, #2543, #7312, .T. ) ;
#9381 = CARTESIAN_POINT ( 'NONE',  ( 9.946978953977222200, -6.467384083327317500, 4.065758146820641600E-017 ) ) ;
#9382 = DIRECTION ( 'NONE',  ( -1.000000000000000000, 0.0000000000000000000, 0.0000000000000000000 ) ) ;
#9383 = ORIENTED_EDGE ( 'NONE', *, *, #349, .F. ) ;
#9384 = CARTESIAN_POINT ( 'NONE',  ( 10.75176141553979500, -2.144364394614676900, 0.0000000000000000000 ) ) ;
#9385 = VECTOR ( 'NONE', #8939, 1000.000000000000100 ) ;
#9386 = ORIENTED_EDGE ( 'NONE', *, *, #10825, .F. ) ;
#9387 = LINE ( 'NONE', #3170, #4203 ) ;
#9388 = APPLICATION_CONTEXT ( 'configuration controlled 3d designs of mechanical parts and assemblies' ) ;
#9389 = CARTESIAN_POINT ( 'NONE',  ( 10.92464502991613500, 5.017092958867331200, 0.1000000000000000100 ) ) ;
#9390 = DIRECTION ( 'NONE',  ( -1.000000000000000000, 9.637352644315615700E-015, 0.0000000000000000000 ) ) ;
#9391 = ADVANCED_FACE ( 'NONE', ( #6845 ), #11395, .F. ) ;
#9392 = EDGE_CURVE ( 'NONE', #5682, #8075, #6595, .T. ) ;
#9393 = ORIENTED_EDGE ( 'NONE', *, *, #4867, .F. ) ;
#9394 = ADVANCED_FACE ( 'NONE', ( #6724 ), #7871, .F. ) ;
#9395 = CARTESIAN_POINT ( 'NONE',  ( 11.55543250985623300, -7.908144110203458000, 0.0000000000000000000 ) ) ;
#9396 = CARTESIAN_POINT ( 'NONE',  ( 9.881757585852009000, -6.530682228580125100, -0.0000000000000000000 ) ) ;
#9397 = AXIS2_PLACEMENT_3D ( 'NONE', #6888, #1099, #3096 ) ;
#9398 = LINE ( 'NONE', #11110, #245 ) ;
#9399 = CARTESIAN_POINT ( 'NONE',  ( 11.28204523937740700, -1.978176704844788200, 0.1000000000000000100 ) ) ;
#9400 = EDGE_LOOP ( 'NONE', ( #3, #7056, #8441, #389 ) ) ;
#9401 = VECTOR ( 'NONE', #4763, 1000.000000000000000 ) ;
#9402 = DIRECTION ( 'NONE',  ( -1.000000000000000000, 0.0000000000000000000, 0.0000000000000000000 ) ) ;
#9403 = LINE ( 'NONE', #7648, #10369 ) ;
#9404 = ORIENTED_EDGE ( 'NONE', *, *, #504, .F. ) ;
#9405 = CARTESIAN_POINT ( 'NONE',  ( 10.84571730577572500, -1.217723536818952500, 1.355252715606880500E-017 ) ) ;
#9406 = CARTESIAN_POINT ( 'NONE',  ( 11.36519782525624600, -3.711230030325446600, -0.0000000000000000000 ) ) ;
#9407 = DIRECTION ( 'NONE',  ( 1.000000000000000000, -1.051347561198065800E-014, 0.0000000000000000000 ) ) ;
#9408 = CARTESIAN_POINT ( 'NONE',  ( 11.27518378683679500, -8.408805365613998700, -0.0000000000000000000 ) ) ;
#9409 = CARTESIAN_POINT ( 'NONE',  ( 5.393968951792284200, -12.74344776061612600, 7.413944776376546000 ) ) ;
#9410 = PLANE ( 'NONE',  #564 ) ;
#9411 = VERTEX_POINT ( 'NONE', #6987 ) ;
#9412 = CARTESIAN_POINT ( 'NONE',  ( 10.81974327980170100, -9.300840419935838100, 0.1000000000000000100 ) ) ;
#9413 = VERTEX_POINT ( 'NONE', #11432 ) ;
#9414 = FACE_OUTER_BOUND ( 'NONE', #9150, .T. ) ;
#9415 = FACE_OUTER_BOUND ( 'NONE', #3070, .T. ) ;
#9416 = PLANE ( 'NONE',  #7227 ) ;
#9417 = AXIS2_PLACEMENT_3D ( 'NONE', #8150, #3689, #9928 ) ;
#9418 = DIRECTION ( 'NONE',  ( 0.7660444431189791200, 0.6427876096865379200, 0.0000000000000000000 ) ) ;
#9419 = CARTESIAN_POINT ( 'NONE',  ( 10.33212855040453300, -2.079257833997628400, 0.0000000000000000000 ) ) ;
#9420 = DIRECTION ( 'NONE',  ( -0.0000000000000000000, -0.0000000000000000000, -1.000000000000000000 ) ) ;
#9421 = ORIENTED_EDGE ( 'NONE', *, *, #4450, .F. ) ;
#9422 = CARTESIAN_POINT ( 'NONE',  ( 11.38514930251289500, -8.706448149552853600, 1.355252715606880500E-017 ) ) ;
#9423 = DIRECTION ( 'NONE',  ( 0.8484168781345486900, 0.5293286322280575900, 0.0000000000000000000 ) ) ;
#9424 = CARTESIAN_POINT ( 'NONE',  ( 11.32255491490616200, -9.024523383225696800, 1.355252715606880500E-017 ) ) ;
#9425 = EDGE_CURVE ( 'NONE', #10383, #7310, #6555, .T. ) ;
#9426 = CARTESIAN_POINT ( 'NONE',  ( 9.781022894784674900, -6.737850664435207200, 0.1000000000000000100 ) ) ;
#9427 = DIRECTION ( 'NONE',  ( -0.0000000000000000000, -0.0000000000000000000, -1.000000000000000000 ) ) ;
#9428 = VECTOR ( 'NONE', #6268, 1000.000000000000000 ) ;
#9429 = VECTOR ( 'NONE', #5167, 1000.000000000000100 ) ;
#9430 = CARTESIAN_POINT ( 'NONE',  ( 11.36519782525624600, -4.085256004351419900, -0.0000000000000000000 ) ) ;
#9431 = CARTESIAN_POINT ( 'NONE',  ( 10.63792509798351900, -1.487853406948823000, 0.1000000000000000100 ) ) ;
#9432 = ORIENTED_EDGE ( 'NONE', *, *, #11650, .T. ) ;
#9433 = ORIENTED_EDGE ( 'NONE', *, *, #10904, .F. ) ;
#9434 = EDGE_LOOP ( 'NONE', ( #6309, #3824, #5772, #9491 ) ) ;
#9435 = PERSON_AND_ORGANIZATION_ROLE ( 'design_supplier' ) ;
#9436 = EDGE_CURVE ( 'NONE', #6693, #4527, #6455, .T. ) ;
#9437 = EDGE_CURVE ( 'NONE', #3662, #11172, #6476, .T. ) ;
#9438 = CARTESIAN_POINT ( 'NONE',  ( 6.849614011047664900, -7.999999999999996400, -8.184981199232471000 ) ) ;
#9439 = CARTESIAN_POINT ( 'NONE',  ( 36.49999999999999300, -12.99999999999999800, 0.0000000000000000000 ) ) ;
#9440 = LINE ( 'NONE', #6924, #3030 ) ;
#9441 = VECTOR ( 'NONE', #7239, 1000.000000000000000 ) ;
#9442 = ORIENTED_EDGE ( 'NONE', *, *, #7132, .T. ) ;
#9443 = CARTESIAN_POINT ( 'NONE',  ( 9.931662423628798900, -1.600071577772536100, 0.1000000000000000100 ) ) ;
#9444 = ORIENTED_EDGE ( 'NONE', *, *, #8161, .F. ) ;
#9445 = LINE ( 'NONE', #3575, #9385 ) ;
#9446 =( GEOMETRIC_REPRESENTATION_CONTEXT ( 3 ) GLOBAL_UNCERTAINTY_ASSIGNED_CONTEXT ( ( #399 ) ) GLOBAL_UNIT_ASSIGNED_CONTEXT ( ( #7555, #1274, #7595 ) ) REPRESENTATION_CONTEXT ( 'NONE', 'WORKASPACE' ) );
#9447 = DIRECTION ( 'NONE',  ( 0.0000000000000000000, 0.0000000000000000000, -1.000000000000000000 ) ) ;
#9448 = VECTOR ( 'NONE', #3294, 1000.000000000000000 ) ;
#9449 = CARTESIAN_POINT ( 'NONE',  ( 11.19577263777073400, -6.366280365585206300, 0.0000000000000000000 ) ) ;
#9450 = DIRECTION ( 'NONE',  ( -1.000000000000000000, 0.0000000000000000000, -0.0000000000000000000 ) ) ;
#9451 = EDGE_CURVE ( 'NONE', #10599, #5677, #6383, .T. ) ;
#9452 = EDGE_CURVE ( 'NONE', #11061, #7521, #6318, .T. ) ;
#9453 = ORIENTED_EDGE ( 'NONE', *, *, #9652, .T. ) ;
#9454 = CARTESIAN_POINT ( 'NONE',  ( 10.00022291696406500, -1.822482391473189800, 0.1000000000000000100 ) ) ;
#9455 = ADVANCED_FACE ( 'NONE', ( #6218 ), #5857, .F. ) ;
#9456 = ORIENTED_EDGE ( 'NONE', *, *, #4503, .F. ) ;
#9457 = ADVANCED_FACE ( 'NONE', ( #6089 ), #8832, .T. ) ;
#9458 = CARTESIAN_POINT ( 'NONE',  ( 8.000000000000007100, 9.157317253416650300, 3.099999999999998800 ) ) ;
#9459 = CARTESIAN_POINT ( 'NONE',  ( 38.50000000000000000, -16.99999999999999600, 8.099999999999999600 ) ) ;
#9460 = CARTESIAN_POINT ( 'NONE',  ( 9.964645029916139800, 5.017092958867341000, 0.1000000000000000100 ) ) ;
#9461 = CIRCLE ( 'NONE', #6801, 1.000000000000000900 ) ;
#9462 = DIRECTION ( 'NONE',  ( -0.0000000000000000000, 0.0000000000000000000, -1.000000000000000000 ) ) ;
#9463 = CARTESIAN_POINT ( 'NONE',  ( 11.37979464782570600, -8.658895441887558800, 0.1000000000000000100 ) ) ;
#9464 = DIRECTION ( 'NONE',  ( 0.0000000000000000000, 0.0000000000000000000, -1.000000000000000000 ) ) ;
#9465 = CYLINDRICAL_SURFACE ( 'NONE', #10447, 1.000000000000000900 ) ;
#9466 = CARTESIAN_POINT ( 'NONE',  ( 10.72321729520668800, -2.131537571854980100, -0.0000000000000000000 ) ) ;
#9467 = EDGE_CURVE ( 'NONE', #360, #851, #5770, .T. ) ;
#9468 = DIRECTION ( 'NONE',  ( 0.9284766908852585300, -0.3713906763541060000, 0.0000000000000000000 ) ) ;
#9469 = CARTESIAN_POINT ( 'NONE',  ( 10.50067692802948500, -8.669676849271443300, 4.065758146820641600E-017 ) ) ;
#9470 = ORIENTED_EDGE ( 'NONE', *, *, #7272, .F. ) ;
#9471 = VERTEX_POINT ( 'NONE', #11505 ) ;
#9472 = CARTESIAN_POINT ( 'NONE',  ( 10.60935940747387800, -9.264931598464658100, -0.0000000000000000000 ) ) ;
#9473 = VECTOR ( 'NONE', #5066, 1000.000000000000000 ) ;
#9474 = AXIS2_PLACEMENT_3D ( 'NONE', #7795, #6817, #1749 ) ;
#9475 = FACE_OUTER_BOUND ( 'NONE', #7231, .T. ) ;
#9476 = CARTESIAN_POINT ( 'NONE',  ( 10.84247055252897400, -9.093048212143630200, 0.1000000000000000100 ) ) ;
#9477 = AXIS2_PLACEMENT_3D ( 'NONE', #2478, #1270, #6006 ) ;
#9478 = DIRECTION ( 'NONE',  ( 1.000000000000000000, 0.0000000000000000000, -0.0000000000000000000 ) ) ;
#9479 = CARTESIAN_POINT ( 'NONE',  ( 11.13164392468499600, -1.407476633278807600, 0.1000000000000000100 ) ) ;
#9480 = CARTESIAN_POINT ( 'NONE',  ( 10.86649652655494700, -5.581359900455316500, 0.1000000000000000100 ) ) ;
#9481 = ORIENTED_EDGE ( 'NONE', *, *, #4663, .T. ) ;
#9482 = EDGE_LOOP ( 'NONE', ( #2602, #1334, #10102, #5158 ) ) ;
#9483 = CARTESIAN_POINT ( 'NONE',  ( 32.49999999999998600, 14.00000000000000000, 7.099999999999999600 ) ) ;
#9484 = LINE ( 'NONE', #1239, #10124 ) ;
#9485 = CARTESIAN_POINT ( 'NONE',  ( 39.99999999999999300, 15.00000000000000000, 8.099999999999999600 ) ) ;
#9486 = LINE ( 'NONE', #1419, #3001 ) ;
#9487 = VERTEX_POINT ( 'NONE', #3487 ) ;
#9488 = DIRECTION ( 'NONE',  ( 0.0000000000000000000, -8.941873587509316400E-017, -1.000000000000000000 ) ) ;
#9489 = CARTESIAN_POINT ( 'NONE',  ( 36.49999999999999300, 7.496180162456648900, -17.91005284086394400 ) ) ;
#9490 = CARTESIAN_POINT ( 'NONE',  ( 0.7879379035845676100, 2.499999999999999600, -8.184981199232471000 ) ) ;
#9491 = ORIENTED_EDGE ( 'NONE', *, *, #1761, .F. ) ;
#9492 = CARTESIAN_POINT ( 'NONE',  ( 11.19387527155434000, -1.562750137076546600, -0.0000000000000000000 ) ) ;
#9493 = LINE ( 'NONE', #1874, #9133 ) ;
#9494 = CARTESIAN_POINT ( 'NONE',  ( 10.00000000000000200, -17.63735574933683000, -0.0000000000000000000 ) ) ;
#9495 = VECTOR ( 'NONE', #9561, 1000.000000000000000 ) ;
#9496 = VECTOR ( 'NONE', #4316, 1000.000000000000000 ) ;
#9497 = EDGE_LOOP ( 'NONE', ( #11608, #4750, #7122, #11029 ) ) ;
#9498 = CARTESIAN_POINT ( 'NONE',  ( 11.09738580441326200, -2.135278013068573800, -0.0000000000000000000 ) ) ;
#9499 = CARTESIAN_POINT ( 'NONE',  ( 10.02353162306053000, -1.111003232120446600, 0.1000000000000000100 ) ) ;
#9500 = DIRECTION ( 'NONE',  ( -0.0000000000000000000, -0.0000000000000000000, 1.000000000000000000 ) ) ;
#9501 = VERTEX_POINT ( 'NONE', #10618 ) ;
#9502 = CARTESIAN_POINT ( 'NONE',  ( 9.785977046035466000, -8.439476783572201800, 0.1000000000000000100 ) ) ;
#9503 = CARTESIAN_POINT ( 'NONE',  ( 9.932224053107447000, -6.915973039061565700, 0.1000000000000000100 ) ) ;
#9504 = DIRECTION ( 'NONE',  ( -0.0000000000000000000, -0.0000000000000000000, -1.000000000000000000 ) ) ;
#9505 = ADVANCED_FACE ( 'NONE', ( #5659 ), #7988, .T. ) ;
#9506 = EDGE_LOOP ( 'NONE', ( #10835, #7473, #7835, #1496 ) ) ;
#9507 = CARTESIAN_POINT ( 'NONE',  ( 10.96156243991369500, -8.243305267472280200, 1.355252715606880500E-017 ) ) ;
#9508 = CARTESIAN_POINT ( 'NONE',  ( 11.85464502991616300, 7.627092958867320900, 0.1000000000000000100 ) ) ;
#9509 = VECTOR ( 'NONE', #5093, 999.9999999999998900 ) ;
#9510 = CARTESIAN_POINT ( 'NONE',  ( 10.63792509798351900, -8.469996264091681900, 0.1000000000000000100 ) ) ;
#9511 = VECTOR ( 'NONE', #2209, 1000.000000000000000 ) ;
#9512 = EDGE_CURVE ( 'NONE', #1976, #7824, #5623, .T. ) ;
#9513 = CARTESIAN_POINT ( 'NONE',  ( 6.849614011047666700, -2.500000000000000400, -8.184981199232471000 ) ) ;
#9514 = CARTESIAN_POINT ( 'NONE',  ( 10.86649652655494700, -5.581359900455316500, 0.1000000000000000100 ) ) ;
#9515 = ORIENTED_EDGE ( 'NONE', *, *, #5683, .T. ) ;
#9516 = ORIENTED_EDGE ( 'NONE', *, *, #6450, .T. ) ;
#9517 = DIRECTION ( 'NONE',  ( 0.0000000000000000000, 1.000000000000000000, 0.0000000000000000000 ) ) ;
#9518 = ORIENTED_EDGE ( 'NONE', *, *, #4848, .T. ) ;
#9519 = PLANE ( 'NONE',  #4462 ) ;
#9520 = ADVANCED_FACE ( 'NONE', ( #5614 ), #5466, .T. ) ;
#9521 = VECTOR ( 'NONE', #5443, 1000.000000000000000 ) ;
#9522 = LINE ( 'NONE', #832, #3684 ) ;
#9523 = ADVANCED_FACE ( 'NONE', ( #6026 ), #5423, .T. ) ;
#9524 = DIRECTION ( 'NONE',  ( -0.07169006254812306000, -0.9974269571912753900, 0.0000000000000000000 ) ) ;
#9525 = ORIENTED_EDGE ( 'NONE', *, *, #2005, .F. ) ;
#9526 = CARTESIAN_POINT ( 'NONE',  ( 40.49999999999999300, 8.150045345896286300, 8.099999999999999600 ) ) ;
#9527 = EDGE_CURVE ( 'NONE', #1786, #7419, #5438, .T. ) ;
#9528 = EDGE_CURVE ( 'NONE', #11458, #10804, #5572, .T. ) ;
#9529 = VERTEX_POINT ( 'NONE', #5352 ) ;
#9530 = LINE ( 'NONE', #5467, #10132 ) ;
#9531 = EDGE_CURVE ( 'NONE', #2567, #474, #5304, .T. ) ;
#9532 = DIRECTION ( 'NONE',  ( 0.0000000000000000000, -1.000000000000000000, 8.941873587509316400E-017 ) ) ;
#9533 = CARTESIAN_POINT ( 'NONE',  ( 47.50000000000000000, -7.849954654103711100, 8.099999999999999600 ) ) ;
#9534 = DIRECTION ( 'NONE',  ( 0.0000000000000000000, 0.0000000000000000000, 1.000000000000000000 ) ) ;
#9535 = ORIENTED_EDGE ( 'NONE', *, *, #10620, .F. ) ;
#9536 = LINE ( 'NONE', #1839, #9441 ) ;
#9537 = EDGE_CURVE ( 'NONE', #10224, #8725, #5306, .T. ) ;
#9539 = DIRECTION ( 'NONE',  ( -0.0000000000000000000, -0.0000000000000000000, 1.000000000000000000 ) ) ;
#9538 = CARTESIAN_POINT ( 'NONE',  ( 10.20464502991613600, 5.017092958867338300, 0.1000000000000000100 ) ) ;
#9540 = CARTESIAN_POINT ( 'NONE',  ( 11.36519782525624600, -6.329411848507266600, 2.710505431213761100E-017 ) ) ;
#9541 = ORIENTED_EDGE ( 'NONE', *, *, #190, .T. ) ;
#9542 = DIRECTION ( 'NONE',  ( -0.0000000000000000000, -0.0000000000000000000, 1.000000000000000000 ) ) ;
#9543 = CARTESIAN_POINT ( 'NONE',  ( 11.36519782525624600, -7.721619640715059200, -0.0000000000000000000 ) ) ;
#9544 = PLANE ( 'NONE',  #7444 ) ;
#9545 = CARTESIAN_POINT ( 'NONE',  ( 10.00856492548280000, -2.075499289270454500, 0.1000000000000000100 ) ) ;
#9546 = ORIENTED_EDGE ( 'NONE', *, *, #6138, .F. ) ;
#9547 = CARTESIAN_POINT ( 'NONE',  ( 10.79095564767769000, -1.941397152430561300, 0.1000000000000000100 ) ) ;
#9548 = LINE ( 'NONE', #2210, #3719 ) ;
#9549 = DIRECTION ( 'NONE',  ( -0.0000000000000000000, -1.000000000000000000, -0.0000000000000000000 ) ) ;
#9550 = EDGE_CURVE ( 'NONE', #5942, #9471, #5247, .T. ) ;
#9551 = CARTESIAN_POINT ( 'NONE',  ( 28.54301664136392000, -7.937784117174111900, 3.099999999999999600 ) ) ;
#9552 = VECTOR ( 'NONE', #10026, 999.9999999999998900 ) ;
#9553 = DIRECTION ( 'NONE',  ( 0.0000000000000000000, 0.0000000000000000000, -1.000000000000000000 ) ) ;
#9554 = AXIS2_PLACEMENT_3D ( 'NONE', #2592, #11011, #10769 ) ;
#9555 = CARTESIAN_POINT ( 'NONE',  ( 10.26389912395754300, -1.259281978377394100, 0.0000000000000000000 ) ) ;
#9556 = EDGE_LOOP ( 'NONE', ( #11557, #7181, #5989, #6561 ) ) ;
#9557 = CARTESIAN_POINT ( 'NONE',  ( 10.67948353954195900, -5.581359900455316500, -0.0000000000000000000 ) ) ;
#9558 = CARTESIAN_POINT ( 'NONE',  ( 10.61041933797685400, -9.021729995706083500, 0.0000000000000000000 ) ) ;
#9559 = VECTOR ( 'NONE', #4082, 1000.000000000000000 ) ;
#9560 = PLANE ( 'NONE',  #6252 ) ;
#9561 = DIRECTION ( 'NONE',  ( 1.000000000000000000, 5.782411586589351700E-016, 0.0000000000000000000 ) ) ;
#9562 = CARTESIAN_POINT ( 'NONE',  ( 10.16398056731355100, -2.110810235799818200, 1.355252715606880500E-017 ) ) ;
#9563 = ORIENTED_EDGE ( 'NONE', *, *, #7195, .F. ) ;
#9564 = VECTOR ( 'NONE', #8531, 1000.000000000000000 ) ;
#9565 = PLANE ( 'NONE',  #1863 ) ;
#9566 = CARTESIAN_POINT ( 'NONE',  ( 11.36519782525624600, -7.846294965390384000, 0.0000000000000000000 ) ) ;
#9567 = LINE ( 'NONE', #9624, #9428 ) ;
#9568 = ORIENTED_EDGE ( 'NONE', *, *, #5828, .T. ) ;
#9569 = PLANE ( 'NONE',  #4099 ) ;
#9570 = CARTESIAN_POINT ( 'NONE',  ( 33.87715070637717900, -22.00000000000000000, 7.099999999999999600 ) ) ;
#9571 = AXIS2_PLACEMENT_3D ( 'NONE', #3520, #10146, #1847 ) ;
#9572 = VECTOR ( 'NONE', #5021, 1000.000000000000000 ) ;
#9573 = EDGE_LOOP ( 'NONE', ( #4151, #10373, #11409, #98 ) ) ;
#9574 = LINE ( 'NONE', #2483, #282 ) ;
#9575 = ORIENTED_EDGE ( 'NONE', *, *, #7041, .F. ) ;
#9576 = CARTESIAN_POINT ( 'NONE',  ( 11.19896405902248100, -1.633957303052719000, 1.355252715606880500E-017 ) ) ;
#9577 = CARTESIAN_POINT ( 'NONE',  ( 36.49999999999999300, 19.50000000000000000, 2.700000000000000200 ) ) ;
#9578 = ORIENTED_EDGE ( 'NONE', *, *, #4876, .F. ) ;
#9579 = CARTESIAN_POINT ( 'NONE',  ( 11.85464502991613000, 4.057092958867322400, 0.1000000000000000100 ) ) ;
#9580 = CARTESIAN_POINT ( 'NONE',  ( 28.54301664136392000, -7.937784117174111900, 8.099999999999999600 ) ) ;
#9581 = ADVANCED_FACE ( 'NONE', ( #5199 ), #10730, .F. ) ;
#9582 = FACE_OUTER_BOUND ( 'NONE', #6130, .T. ) ;
#9583 = ADVANCED_FACE ( 'NONE', ( #5373 ), #8095, .F. ) ;
#9584 = CARTESIAN_POINT ( 'NONE',  ( 42.49999999999999300, -17.49999999999999600, 8.099999999999996100 ) ) ;
#9585 = PERSON_AND_ORGANIZATION ( #9870, #6272 ) ;
#9586 = CARTESIAN_POINT ( 'NONE',  ( 32.49999999999998600, 14.49999999999999500, 1.500000000000000000 ) ) ;
#9587 = VERTEX_POINT ( 'NONE', #2732 ) ;
#9588 = CARTESIAN_POINT ( 'NONE',  ( 19.33333333333329300, 8.000000000000076400, 3.099999999999999600 ) ) ;
#9589 = EDGE_CURVE ( 'NONE', #4536, #6969, #5173, .T. ) ;
#9590 = ORIENTED_EDGE ( 'NONE', *, *, #733, .F. ) ;
#9591 = ORIENTED_EDGE ( 'NONE', *, *, #5329, .T. ) ;
#9592 = CARTESIAN_POINT ( 'NONE',  ( 10.12358521303915300, -7.170282200848328500, 0.0000000000000000000 ) ) ;
#9593 = CARTESIAN_POINT ( 'NONE',  ( 9.244645029916135600, 4.057092958867349000, 0.1000000000000000100 ) ) ;
#9594 = PLANE ( 'NONE',  #8008 ) ;
#9595 = CARTESIAN_POINT ( 'NONE',  ( 10.92464502991613500, 5.017092958867331200, 0.1000000000000000100 ) ) ;
#9596 = EDGE_LOOP ( 'NONE', ( #829, #2440, #4514, #8224, #8631, #5333 ) ) ;
#9597 = CARTESIAN_POINT ( 'NONE',  ( 11.28204523937740700, -1.978176704844788200, 0.0000000000000000000 ) ) ;
#9598 = VECTOR ( 'NONE', #1796, 1000.000000000000000 ) ;
#9599 = DIRECTION ( 'NONE',  ( 7.461176240760465200E-015, 1.000000000000000000, 0.0000000000000000000 ) ) ;
#9600 = VERTEX_POINT ( 'NONE', #887 ) ;
#9601 = EDGE_CURVE ( 'NONE', #3346, #1431, #5213, .T. ) ;
#9603 = EDGE_CURVE ( 'NONE', #4076, #1068, #4972, .T. ) ;
#9602 = B_SPLINE_SURFACE_WITH_KNOTS ( 'NONE', 3, 1, ( 
 ( #479, #6178 ),
 ( #10299, #5651 ),
 ( #8488, #176 ),
 ( #1077, #3124 ),
 ( #6389, #4914 ),
 ( #4266, #4389 ),
 ( #3244, #3721 ),
 ( #2830, #10338 ),
 ( #7656, #2661 ),
 ( #9792, #11524 ),
 ( #9050, #7004 ),
 ( #7159, #2906 ),
 ( #2122, #7615 ),
 ( #8903, #1058 ),
 ( #2682, #1003 ),
 ( #4645, #11343 ),
 ( #1857, #1830 ),
 ( #7265, #8988 ),
 ( #8367, #9186 ) ),
 .UNSPECIFIED., .F., .F., .F.,
 ( 4, 1, 1, 1, 1, 1, 1, 1, 1, 1, 1, 1, 1, 1, 1, 1, 4 ),
 ( 2, 2 ),
 ( 0.0000000000000000000, 0.06499128896974841500, 0.1275730336673059600, 0.1882068798713103000, 0.2472493508018179800, 0.3049852207579573600, 0.3625230253963737700, 0.4208060760220008700, 0.4815087643700461900, 0.5427048300641856800, 0.6040099959472002800, 0.6657496347050851900, 0.7281129899967904200, 0.7923848357815291800, 0.8592679122308813900, 0.9283261810610773400, 1.000000000000000000 ),
 ( 0.0000000000000000000, 1.000000000000000000 ),
 .UNSPECIFIED. ) ;
#9604 = CARTESIAN_POINT ( 'NONE',  ( 42.49999999999999300, -16.99999999999999600, 0.0000000000000000000 ) ) ;
#9605 = CARTESIAN_POINT ( 'NONE',  ( 47.50000000000000000, -16.99999999999999600, 0.0000000000000000000 ) ) ;
#9606 = CARTESIAN_POINT ( 'NONE',  ( 9.745482001720654700, -1.654127461886333500, 1.355252715606880500E-017 ) ) ;
#9607 = PLANE ( 'NONE',  #10944 ) ;
#9608 = ORIENTED_EDGE ( 'NONE', *, *, #11450, .T. ) ;
#9609 = DIRECTION ( 'NONE',  ( -1.000000000000000000, 1.204669080539452000E-014, -0.0000000000000000000 ) ) ;
#9610 = ORIENTED_EDGE ( 'NONE', *, *, #3526, .F. ) ;
#9611 = CARTESIAN_POINT ( 'NONE',  ( 11.59376925382767500, -7.700840419935838500, 0.1000000000000000100 ) ) ;
#9612 = APPROVAL_PERSON_ORGANIZATION ( #1463, #2634, #6741 ) ;
#9613 = CARTESIAN_POINT ( 'NONE',  ( 9.765197825256244400, -2.464476783572199500, 0.1000000000000000100 ) ) ;
#9614 = CARTESIAN_POINT ( 'NONE',  ( 10.42078705492251300, -2.020045572190206000, 0.1000000000000000100 ) ) ;
#9615 = VERTEX_POINT ( 'NONE', #3666 ) ;
#9616 = ORIENTED_EDGE ( 'NONE', *, *, #11658, .F. ) ;
#9617 = DIRECTION ( 'NONE',  ( -0.0000000000000000000, -0.0000000000000000000, 1.000000000000000000 ) ) ;
#9618 = EDGE_CURVE ( 'NONE', #2260, #11473, #5159, .T. ) ;
#9619 = LINE ( 'NONE', #7805, #9175 ) ;
#9620 = LINE ( 'NONE', #6305, #9598 ) ;
#9621 = DIRECTION ( 'NONE',  ( 0.0000000000000000000, -1.000000000000000000, 0.0000000000000000000 ) ) ;
#9622 = EDGE_CURVE ( 'NONE', #8700, #1061, #4885, .T. ) ;
#9623 = VERTEX_POINT ( 'NONE', #10797 ) ;
#9624 = CARTESIAN_POINT ( 'NONE',  ( 33.37427813527081400, 20.68569533817705500, 8.099999999999999600 ) ) ;
#9625 = CARTESIAN_POINT ( 'NONE',  ( 19.33333333333329300, -8.000000000000076400, 3.099999999999999200 ) ) ;
#9626 = VERTEX_POINT ( 'NONE', #6359 ) ;
#9627 = PLANE ( 'NONE',  #10133 ) ;
#9628 = VECTOR ( 'NONE', #4374, 1000.000000000000100 ) ;
#9629 = CIRCLE ( 'NONE', #7038, 0.5000000000000004400 ) ;
#9630 = DIRECTION ( 'NONE',  ( -0.0000000000000000000, 1.000000000000000000, 0.0000000000000000000 ) ) ;
#9631 = DIRECTION ( 'NONE',  ( -1.000000000000000000, 0.0000000000000000000, 0.0000000000000000000 ) ) ;
#9632 = ORIENTED_EDGE ( 'NONE', *, *, #6397, .F. ) ;
#9633 = EDGE_LOOP ( 'NONE', ( #2769, #11003, #9094, #2746 ) ) ;
#9634 = AXIS2_PLACEMENT_3D ( 'NONE', #11654, #11617, #11580 ) ;
#9635 = CARTESIAN_POINT ( 'NONE',  ( 10.72400008215088700, -1.888973846905299000, 0.1000000000000000100 ) ) ;
#9636 = VECTOR ( 'NONE', #1345, 1000.000000000000000 ) ;
#9637 = AXIS2_PLACEMENT_3D ( 'NONE', #7470, #6507, #6570 ) ;
#9638 = VECTOR ( 'NONE', #7341, 1000.000000000000000 ) ;
#9639 = DIRECTION ( 'NONE',  ( -0.0000000000000000000, -0.0000000000000000000, -1.000000000000000000 ) ) ;
#9640 = CARTESIAN_POINT ( 'NONE',  ( 11.85464502991616300, 7.627092958867320900, 0.1000000000000000100 ) ) ;
#9641 = VECTOR ( 'NONE', #4021, 1000.000000000000000 ) ;
#9642 = ADVANCED_FACE ( 'NONE', ( #4782 ), #1858, .F. ) ;
#9643 = VERTEX_POINT ( 'NONE', #7225 ) ;
#9644 = DIRECTION ( 'NONE',  ( -1.000000000000000000, -0.0000000000000000000, -0.0000000000000000000 ) ) ;
#9645 = LINE ( 'NONE', #6377, #9253 ) ;
#9646 = ORIENTED_EDGE ( 'NONE', *, *, #5390, .T. ) ;
#9647 = VECTOR ( 'NONE', #5755, 1000.000000000000000 ) ;
#9648 = EDGE_LOOP ( 'NONE', ( #696, #5414, #2474, #4479, #8412, #11281, #1537 ) ) ;
#9649 = DIRECTION ( 'NONE',  ( -1.734723475976807100E-015, 1.000000000000000000, 0.0000000000000000000 ) ) ;
#9650 = ORIENTED_EDGE ( 'NONE', *, *, #8691, .T. ) ;
#9651 = CARTESIAN_POINT ( 'NONE',  ( 9.934474856783900500, -2.029672769022406300, -0.0000000000000000000 ) ) ;
#9652 = EDGE_CURVE ( 'NONE', #10876, #6506, #4725, .T. ) ;
#9653 = ORIENTED_EDGE ( 'NONE', *, *, #3593, .F. ) ;
#9654 = CARTESIAN_POINT ( 'NONE',  ( 5.393968951792283300, 12.74344776061612400, 0.0000000000000000000 ) ) ;
#9655 = FACE_OUTER_BOUND ( 'NONE', #7846, .T. ) ;
#9656 = LINE ( 'NONE', #5903, #5729 ) ;
#9657 = CARTESIAN_POINT ( 'NONE',  ( 10.49354789749992100, -8.792932663189418500, 0.0000000000000000000 ) ) ;
#9658 = ORIENTED_EDGE ( 'NONE', *, *, #11455, .T. ) ;
#9659 = CARTESIAN_POINT ( 'NONE',  ( 9.931589217687774300, -1.622926638085469000, 0.1000000000000000100 ) ) ;
#9660 = DIRECTION ( 'NONE',  ( -1.000000000000000000, -0.0000000000000000000, -0.0000000000000000000 ) ) ;
#9661 = DIRECTION ( 'NONE',  ( -1.000000000000000000, 9.637352644315593600E-015, 0.0000000000000000000 ) ) ;
#9662 = VERTEX_POINT ( 'NONE', #6403 ) ;
#9663 = EDGE_CURVE ( 'NONE', #10358, #7653, #4606, .T. ) ;
#9664 = EDGE_CURVE ( 'NONE', #8542, #11044, #4670, .T. ) ;
#9665 = VECTOR ( 'NONE', #8676, 1000.000000000000000 ) ;
#9666 = VERTEX_POINT ( 'NONE', #965 ) ;
#9667 = VECTOR ( 'NONE', #9639, 1000.000000000000000 ) ;
#9668 = DIRECTION ( 'NONE',  ( 1.000000000000000000, 0.0000000000000000000, -0.0000000000000000000 ) ) ;
#9669 = CARTESIAN_POINT ( 'NONE',  ( 9.244645029916140900, 5.017092958867349000, 0.0000000000000000000 ) ) ;
#9670 = DIRECTION ( 'NONE',  ( 0.5293286322280577000, -0.8484168781345488000, 0.0000000000000000000 ) ) ;
#9671 = CARTESIAN_POINT ( 'NONE',  ( 10.28629169337090100, -7.382834861029238900, 0.1000000000000000100 ) ) ;
#9672 = ADVANCED_FACE ( 'NONE', ( #4640 ), #3746, .F. ) ;
#9673 = ORIENTED_EDGE ( 'NONE', *, *, #11297, .F. ) ;
#9674 = DIRECTION ( 'NONE',  ( -1.000000000000000000, 0.0000000000000000000, 0.0000000000000000000 ) ) ;
#9675 = FACE_OUTER_BOUND ( 'NONE', #2282, .T. ) ;
#9676 = DIRECTION ( 'NONE',  ( -0.0000000000000000000, 1.000000000000000000, -0.0000000000000000000 ) ) ;
#9677 = AXIS2_PLACEMENT_3D ( 'NONE', #3088, #9468, #4112 ) ;
#9678 = CARTESIAN_POINT ( 'NONE',  ( 9.765197825256244400, -5.099866393961810300, 0.1000000000000000100 ) ) ;
#9679 = EDGE_CURVE ( 'NONE', #2514, #5892, #4473, .T. ) ;
#9680 = EDGE_CURVE ( 'NONE', #11626, #9831, #4497, .T. ) ;
#9681 = CARTESIAN_POINT ( 'NONE',  ( 10.23229383096618700, -2.109361632223555500, 0.1000000000000000100 ) ) ;
#9682 = VERTEX_POINT ( 'NONE', #1004 ) ;
#9683 = CIRCLE ( 'NONE', #11294, 1.000000000000000900 ) ;
#9684 = B_SPLINE_CURVE_WITH_KNOTS ( 'NONE', 3,
 ( #3694, #10129, #9681, #7015, #1245, #3975, #9614, #1893, #1402, #4984, #2088 ),
 .UNSPECIFIED., .F., .F.,
 ( 4, 1, 1, 1, 1, 1, 1, 1, 4 ),
 ( 0.0000000000000000000, 0.1208308955770993300, 0.2374938699020660600, 0.3533785390223447300, 0.4702015794411859000, 0.5910678186082440900, 0.7186955577875094900, 0.8546209254733231300, 0.9999999999999998900 ),
 .UNSPECIFIED. ) ;
#9685 = VERTEX_POINT ( 'NONE', #9139 ) ;
#9686 = PLANE ( 'NONE',  #4318 ) ;
#9687 = EDGE_CURVE ( 'NONE', #2714, #7340, #4406, .T. ) ;
#9688 = CARTESIAN_POINT ( 'NONE',  ( 10.30545756551598500, -8.811554705650124200, 0.0000000000000000000 ) ) ;
#9689 = DIRECTION ( 'NONE',  ( 1.000000000000000000, 0.0000000000000000000, 0.0000000000000000000 ) ) ;
#9690 = DIRECTION ( 'NONE',  ( -0.0000000000000000000, -0.0000000000000000000, -1.000000000000000000 ) ) ;
#9691 = EDGE_LOOP ( 'NONE', ( #9846, #7895, #10205, #1404, #11657, #5175, #4550, #3268, #6219, #3038, #4937, #11167, #1448, #3301, #9985, #11522, #806 ) ) ;
#9692 = DIRECTION ( 'NONE',  ( -0.0000000000000000000, -0.0000000000000000000, -1.000000000000000000 ) ) ;
#9693 = ORIENTED_EDGE ( 'NONE', *, *, #4236, .T. ) ;
#9694 = LINE ( 'NONE', #10395, #9509 ) ;
#9695 = CIRCLE ( 'NONE', #8787, 0.6130263050269437700 ) ;
#9696 = ADVANCED_FACE ( 'NONE', ( #4456 ), #4191, .F. ) ;
#9697 = ORIENTED_EDGE ( 'NONE', *, *, #1049, .T. ) ;
#9698 = CARTESIAN_POINT ( 'NONE',  ( 11.04626348137796100, -8.258630103602033800, 1.355252715606880500E-017 ) ) ;
#9699 = DIRECTION ( 'NONE',  ( -0.07169006254812306000, -0.9974269571912753900, 0.0000000000000000000 ) ) ;
#9700 = AXIS2_PLACEMENT_3D ( 'NONE', #11472, #4961, #5331 ) ;
#9701 = LINE ( 'NONE', #10402, #9559 ) ;
#9702 = ORIENTED_EDGE ( 'NONE', *, *, #1523, .T. ) ;
#9703 = VECTOR ( 'NONE', #9364, 1000.000000000000000 ) ;
#9704 = CARTESIAN_POINT ( 'NONE',  ( 9.765197825256244400, -5.332009251104667100, -0.0000000000000000000 ) ) ;
#9705 = LINE ( 'NONE', #423, #2598 ) ;
#9706 = ORIENTED_EDGE ( 'NONE', *, *, #10975, .T. ) ;
#9707 = DIRECTION ( 'NONE',  ( -0.0000000000000000000, 0.0000000000000000000, 1.000000000000000000 ) ) ;
#9708 = CARTESIAN_POINT ( 'NONE',  ( 32.49999999999998600, -8.250000000000000000, 5.099999999999999600 ) ) ;
#9709 = VECTOR ( 'NONE', #4207, 1000.000000000000000 ) ;
#9710 = FACE_OUTER_BOUND ( 'NONE', #343, .T. ) ;
#9711 = PLANE ( 'NONE',  #1827 ) ;
#9712 = CARTESIAN_POINT ( 'NONE',  ( 11.34571918078600400, -8.976173221748714700, 0.1000000000000000100 ) ) ;
#9713 = ORIENTED_EDGE ( 'NONE', *, *, #3042, .T. ) ;
#9714 = DIRECTION ( 'NONE',  ( -0.0000000000000000000, 8.941873587509316400E-017, 1.000000000000000000 ) ) ;
#9715 = ORIENTED_EDGE ( 'NONE', *, *, #7410, .F. ) ;
#9716 = ORIENTED_EDGE ( 'NONE', *, *, #4450, .T. ) ;
#9717 = LINE ( 'NONE', #9320, #9709 ) ;
#9718 = DIRECTION ( 'NONE',  ( 1.000000000000000000, 0.0000000000000000000, 0.0000000000000000000 ) ) ;
#9719 = FACE_OUTER_BOUND ( 'NONE', #6682, .T. ) ;
#9720 = CARTESIAN_POINT ( 'NONE',  ( 10.34603269935063400, -8.621903444027701400, 0.1000000000000000100 ) ) ;
#9721 = CARTESIAN_POINT ( 'NONE',  ( 10.00000000000000000, 17.63735574933683000, 5.000000000000000000 ) ) ;
#9722 = ORIENTED_EDGE ( 'NONE', *, *, #2173, .T. ) ;
#9723 = VERTEX_POINT ( 'NONE', #7375 ) ;
#9724 = CARTESIAN_POINT ( 'NONE',  ( 0.0000000000000000000, 0.0000000000000000000, 0.1000000000000000100 ) ) ;
#9725 = CARTESIAN_POINT ( 'NONE',  ( 42.50000000000000700, -25.50000000000000000, 8.099999999999999600 ) ) ;
#9726 = VERTEX_POINT ( 'NONE', #5580 ) ;
#9727 = ADVANCED_FACE ( 'NONE', ( #4232 ), #8283, .F. ) ;
#9728 = CARTESIAN_POINT ( 'NONE',  ( 11.08291289913136200, -8.501806959089481800, 0.0000000000000000000 ) ) ;
#9729 = VECTOR ( 'NONE', #1576, 1000.000000000000000 ) ;
#9730 = CARTESIAN_POINT ( 'NONE',  ( 9.244645029916155100, 6.907092958867348600, 0.1000000000000000100 ) ) ;
#9731 = VECTOR ( 'NONE', #2972, 1000.000000000000000 ) ;
#9732 = CARTESIAN_POINT ( 'NONE',  ( 2.081668171172168500E-014, -22.00000000000000000, 3.000000000000000000 ) ) ;
#9733 = EDGE_CURVE ( 'NONE', #1747, #3483, #4164, .T. ) ;
#9734 = DIRECTION ( 'NONE',  ( 0.0000000000000000000, 1.000000000000000000, 0.0000000000000000000 ) ) ;
#9735 = EDGE_LOOP ( 'NONE', ( #5127, #4375, #5636, #2889 ) ) ;
#9736 = ORIENTED_EDGE ( 'NONE', *, *, #765, .T. ) ;
#9737 = FACE_OUTER_BOUND ( 'NONE', #10971, .T. ) ;
#9738 = VECTOR ( 'NONE', #2472, 1000.000000000000200 ) ;
#9739 = DIRECTION ( 'NONE',  ( -0.0000000000000000000, -0.0000000000000000000, -1.000000000000000000 ) ) ;
#9740 = EDGE_CURVE ( 'NONE', #8771, #8835, #4274, .T. ) ;
#9742 = EDGE_CURVE ( 'NONE', #7090, #7374, #4323, .T. ) ;
#9741 = B_SPLINE_SURFACE_WITH_KNOTS ( 'NONE', 3, 1, ( 
 ( #2113, #930 ),
 ( #797, #775 ),
 ( #606, #359 ),
 ( #334, #317 ),
 ( #276, #228 ),
 ( #132, #109 ),
 ( #90, #9896 ),
 ( #154, #4691 ),
 ( #949, #9087 ),
 ( #4019, #1090 ),
 ( #6513, #7702 ),
 ( #7364, #402 ),
 ( #4863, #2844 ),
 ( #395, #8819 ),
 ( #21, #974 ),
 ( #6369, #6580 ),
 ( #10016, #6544 ),
 ( #5688, #9057 ),
 ( #179, #10166 ) ),
 .UNSPECIFIED., .F., .F., .F.,
 ( 4, 1, 1, 1, 1, 1, 1, 1, 1, 1, 1, 1, 1, 1, 1, 1, 4 ),
 ( 2, 2 ),
 ( 0.0000000000000000000, 0.04045121692623480200, 0.08157542079626832500, 0.1233687918844680200, 0.1664802261056281000, 0.2107462276562716000, 0.2563951402348148600, 0.3039767037526497900, 0.3536580370427974100, 0.4079115286795446100, 0.4698395838668368900, 0.5386470607693124600, 0.6154227574284268900, 0.7000035145330352200, 0.7922167187118076500, 0.8923766228794156600, 1.000000000000000000 ),
 ( 0.0000000000000000000, 1.000000000000000000 ),
 .UNSPECIFIED. ) ;
#9743 = CARTESIAN_POINT ( 'NONE',  ( 6.849614011047666700, -12.83456326127513100, -0.0000000000000000000 ) ) ;
#9744 = DIRECTION ( 'NONE',  ( 0.0000000000000000000, -0.0000000000000000000, 1.000000000000000000 ) ) ;
#9745 = CARTESIAN_POINT ( 'NONE',  ( 10.63792509798351900, -1.487853406948823000, 0.1000000000000000100 ) ) ;
#9746 = VERTEX_POINT ( 'NONE', #145 ) ;
#9747 = ADVANCED_FACE ( 'NONE', ( #4084 ), #2959, .T. ) ;
#9748 = CARTESIAN_POINT ( 'NONE',  ( 10.74863938369780300, -6.778762497857916200, 0.1000000000000000100 ) ) ;
#9749 = ORIENTED_EDGE ( 'NONE', *, *, #8755, .T. ) ;
#9750 = EDGE_CURVE ( 'NONE', #5102, #7446, #3941, .T. ) ;
#9751 = LINE ( 'NONE', #6617, #3748 ) ;
#9752 = LINE ( 'NONE', #8225, #2544 ) ;
#9753 = VERTEX_POINT ( 'NONE', #8322 ) ;
#9754 = CARTESIAN_POINT ( 'NONE',  ( 11.17964131705764800, -8.599027988979592900, 0.1000000000000000100 ) ) ;
#9755 = B_SPLINE_CURVE_WITH_KNOTS ( 'NONE', 3,
 ( #3017, #1793, #2842, #11288, #2258, #8414, #5673, #4724, #2799, #3129, #3424 ),
 .UNSPECIFIED., .F., .F.,
 ( 4, 1, 1, 1, 1, 1, 1, 1, 4 ),
 ( 0.0000000000000000000, 0.1268942154261363500, 0.2463692226938157800, 0.3624881870471580700, 0.4778756860781797600, 0.5961619098410034800, 0.7207238674396027100, 0.8546640315813471800, 1.000000000000000000 ),
 .UNSPECIFIED. ) ;
#9756 = CARTESIAN_POINT ( 'NONE',  ( 11.17964131705764800, -8.599027988979592900, 0.1000000000000000100 ) ) ;
#9757 = VERTEX_POINT ( 'NONE', #188 ) ;
#9758 = CARTESIAN_POINT ( 'NONE',  ( 10.07526276032118100, -5.124217043312459200, -0.0000000000000000000 ) ) ;
#9759 = VECTOR ( 'NONE', #5456, 1000.000000000000000 ) ;
#9760 = CARTESIAN_POINT ( 'NONE',  ( 10.91640971351461100, -1.965598320456392000, -0.0000000000000000000 ) ) ;
#9761 = CARTESIAN_POINT ( 'NONE',  ( 31.74569858724563800, -19.50000000000000000, 7.099999999999999600 ) ) ;
#9762 = FACE_OUTER_BOUND ( 'NONE', #3291, .T. ) ;
#9763 = EDGE_CURVE ( 'NONE', #7044, #7755, #3878, .T. ) ;
#9764 = AXIS2_PLACEMENT_3D ( 'NONE', #549, #809, #796 ) ;
#9765 = CARTESIAN_POINT ( 'NONE',  ( 11.19896405902247900, -1.633957303052718800, 0.1000000000000000100 ) ) ;
#9766 = ORIENTED_EDGE ( 'NONE', *, *, #3401, .F. ) ;
#9767 = CARTESIAN_POINT ( 'NONE',  ( 10.64578102572302300, -2.078148592824445600, 0.0000000000000000000 ) ) ;
#9768 = ORIENTED_EDGE ( 'NONE', *, *, #7005, .F. ) ;
#9769 = CARTESIAN_POINT ( 'NONE',  ( 10.36401354035010100, -8.584836177719319400, 0.1000000000000000100 ) ) ;
#9770 = VECTOR ( 'NONE', #6712, 1000.000000000000000 ) ;
#9771 = DIRECTION ( 'NONE',  ( -1.000000000000000000, 0.0000000000000000000, 0.0000000000000000000 ) ) ;
#9772 = ORIENTED_EDGE ( 'NONE', *, *, #7667, .F. ) ;
#9773 = LINE ( 'NONE', #8114, #9521 ) ;
#9774 = EDGE_CURVE ( 'NONE', #1298, #155, #3931, .T. ) ;
#9775 = DIRECTION ( 'NONE',  ( -0.0000000000000000000, -0.0000000000000000000, 1.000000000000000000 ) ) ;
#9776 = ORIENTED_EDGE ( 'NONE', *, *, #3330, .F. ) ;
#9777 = ORIENTED_EDGE ( 'NONE', *, *, #5356, .T. ) ;
#9778 = CARTESIAN_POINT ( 'NONE',  ( 9.963420244840266400, -1.446544120013056200, 1.355252715606880500E-017 ) ) ;
#9779 = ORIENTED_EDGE ( 'NONE', *, *, #1187, .T. ) ;
#9780 = PLANE ( 'NONE',  #9474 ) ;
#9781 = CARTESIAN_POINT ( 'NONE',  ( 9.761131923708090200, -1.754817662705068400, 0.1000000000000000100 ) ) ;
#9782 = VECTOR ( 'NONE', #7469, 1000.000000000000000 ) ;
#9783 = CARTESIAN_POINT ( 'NONE',  ( 10.63730304622717400, -1.501379269336391200, 0.0000000000000000000 ) ) ;
#9784 = CIRCLE ( 'NONE', #6125, 1.381966011250110400 ) ;
#9785 = CARTESIAN_POINT ( 'NONE',  ( 10.66617790113011700, -9.057104300957409000, 0.1000000000000000100 ) ) ;
#9786 = CARTESIAN_POINT ( 'NONE',  ( 36.99999999999999300, 19.00000000000000000, 5.399999999999999500 ) ) ;
#9787 = ORIENTED_EDGE ( 'NONE', *, *, #8573, .T. ) ;
#9788 = EDGE_LOOP ( 'NONE', ( #10238, #1946, #4499, #991 ) ) ;
#9789 = VERTEX_POINT ( 'NONE', #8361 ) ;
#9790 = VECTOR ( 'NONE', #6494, 1000.000000000000000 ) ;
#9791 = VERTEX_POINT ( 'NONE', #3902 ) ;
#9792 = CARTESIAN_POINT ( 'NONE',  ( 10.00022291696406500, -1.822482391473189800, 0.1000000000000000100 ) ) ;
#9793 = DIRECTION ( 'NONE',  ( -0.6853646990049906400, -0.7281999926928031100, 0.0000000000000000000 ) ) ;
#9794 = EDGE_LOOP ( 'NONE', ( #3253, #8195, #3313, #8281 ) ) ;
#9795 = CARTESIAN_POINT ( 'NONE',  ( 9.765197825256244400, -3.503437822533238300, 0.1000000000000000100 ) ) ;
#9796 = PLANE ( 'NONE',  #2286 ) ;
#9797 = DIRECTION ( 'NONE',  ( -1.000000000000000000, 0.0000000000000000000, 0.0000000000000000000 ) ) ;
#9798 = ORIENTED_EDGE ( 'NONE', *, *, #3075, .F. ) ;
#9799 = DIRECTION ( 'NONE',  ( -1.000000000000000000, 1.103914939257969200E-014, 0.0000000000000000000 ) ) ;
#9800 = CARTESIAN_POINT ( 'NONE',  ( 11.16594593169483900, -1.797119714964525700, 1.355252715606880500E-017 ) ) ;
#9801 = VERTEX_POINT ( 'NONE', #4786 ) ;
#9802 = CARTESIAN_POINT ( 'NONE',  ( 10.67008648153339900, -2.098283218915653100, -0.0000000000000000000 ) ) ;
#9803 = VERTEX_POINT ( 'NONE', #10136 ) ;
#9804 = VECTOR ( 'NONE', #8808, 1000.000000000000000 ) ;
#9805 = CARTESIAN_POINT ( 'NONE',  ( 10.38536113951192000, -8.548299815818902300, 0.1000000000000000100 ) ) ;
#9806 = EDGE_CURVE ( 'NONE', #7279, #11598, #3771, .T. ) ;
#9807 = EDGE_CURVE ( 'NONE', #4832, #11509, #3741, .T. ) ;
#9808 = CARTESIAN_POINT ( 'NONE',  ( 11.67688613694455700, -7.757009251104669500, 0.1000000000000000100 ) ) ;
#9809 = B_SPLINE_SURFACE_WITH_KNOTS ( 'NONE', 3, 1, ( 
 ( #5889, #7114 ),
 ( #5869, #5814 ),
 ( #5804, #5778 ),
 ( #5762, #5723 ),
 ( #5655, #5626 ),
 ( #5586, #5547 ),
 ( #5533, #5511 ),
 ( #5496, #5471 ),
 ( #5379, #5343 ),
 ( #5312, #5301 ),
 ( #5279, #5264 ),
 ( #5243, #5150 ),
 ( #5128, #5008 ),
 ( #4938, #4896 ),
 ( #4854, #4833 ),
 ( #4775, #4755 ),
 ( #4743, #4638 ),
 ( #4603, #4576 ),
 ( #4533, #4476 ) ),
 .UNSPECIFIED., .F., .F., .F.,
 ( 4, 1, 1, 1, 1, 1, 1, 1, 1, 1, 1, 1, 1, 1, 1, 1, 4 ),
 ( 2, 2 ),
 ( 0.0000000000000000000, 0.06103804194905581400, 0.1205284552087701200, 0.1794816596860529800, 0.2375894952491679200, 0.2963506669175059400, 0.3557918034180268000, 0.4166842777999286700, 0.4793146013336378500, 0.5421357920666921600, 0.6046617606428249500, 0.6664888824743400200, 0.7293100732073956000, 0.7932343898184185400, 0.8594552844245225700, 0.9279238665385186600, 1.000000000000000000 ),
 ( 0.0000000000000000000, 1.000000000000000000 ),
 .UNSPECIFIED. ) ;
#9810 = ORIENTED_EDGE ( 'NONE', *, *, #6950, .F. ) ;
#9811 = VERTEX_POINT ( 'NONE', #9289 ) ;
#9812 = CARTESIAN_POINT ( 'NONE',  ( 10.63730304622717400, -1.501379269336391200, 0.1000000000000000100 ) ) ;
#9813 = CARTESIAN_POINT ( 'NONE',  ( 10.52875706227711000, -8.921257739824946900, 1.355252715606880500E-017 ) ) ;
#9814 = ORIENTED_EDGE ( 'NONE', *, *, #9984, .T. ) ;
#9815 = APPROVAL ( #11206, 'UNSPECIFIED' ) ;
#9816 = EDGE_CURVE ( 'NONE', #10358, #3518, #3630, .T. ) ;
#9817 = EDGE_CURVE ( 'NONE', #191, #3336, #3785, .T. ) ;
#9818 = EDGE_LOOP ( 'NONE', ( #7694, #697, #1129, #7025 ) ) ;
#9819 = ORIENTED_EDGE ( 'NONE', *, *, #571, .T. ) ;
#9820 = LINE ( 'NONE', #6370, #203 ) ;
#9821 = EDGE_CURVE ( 'NONE', #5404, #6147, #3698, .T. ) ;
#9822 = VECTOR ( 'NONE', #997, 1000.000000000000000 ) ;
#9823 = CARTESIAN_POINT ( 'NONE',  ( 11.36519782525624600, -6.329411848507266600, 0.1000000000000000100 ) ) ;
#9824 = EDGE_CURVE ( 'NONE', #7755, #4586, #3505, .T. ) ;
#9825 = CARTESIAN_POINT ( 'NONE',  ( 10.68575855442886000, -6.855599160808529800, -1.355252715606880500E-017 ) ) ;
#9826 = ORIENTED_EDGE ( 'NONE', *, *, #4839, .T. ) ;
#9827 = CARTESIAN_POINT ( 'NONE',  ( 10.33100760701850600, -8.659034518026164300, 0.0000000000000000000 ) ) ;
#9828 = DIRECTION ( 'NONE',  ( -0.0000000000000000000, -0.0000000000000000000, 1.000000000000000000 ) ) ;
#9829 = DIRECTION ( 'NONE',  ( 0.0000000000000000000, -0.0000000000000000000, 1.000000000000000000 ) ) ;
#9830 = LINE ( 'NONE', #6978, #9628 ) ;
#9831 = VERTEX_POINT ( 'NONE', #10215 ) ;
#9832 = FACE_OUTER_BOUND ( 'NONE', #2780, .T. ) ;
#9833 = CARTESIAN_POINT ( 'NONE',  ( 11.01932458700483700, -1.943229564459796800, 0.1000000000000000100 ) ) ;
#9834 = EDGE_LOOP ( 'NONE', ( #7137, #1024, #5118, #3976 ) ) ;
#9835 = DIRECTION ( 'NONE',  ( 0.0000000000000000000, 1.000000000000000000, 0.0000000000000000000 ) ) ;
#9836 = ORIENTED_EDGE ( 'NONE', *, *, #10500, .F. ) ;
#9837 = AXIS2_PLACEMENT_3D ( 'NONE', #3387, #3314, #3567 ) ;
#9838 = CARTESIAN_POINT ( 'NONE',  ( 33.87715070637717900, -22.00000000000000000, 8.099999999999999600 ) ) ;
#9839 = AXIS2_PLACEMENT_3D ( 'NONE', #4223, #2655, #4888 ) ;
#9840 = CARTESIAN_POINT ( 'NONE',  ( 11.17818483824325800, -7.389152108247526700, 0.0000000000000000000 ) ) ;
#9841 = LINE ( 'NONE', #11204, #9822 ) ;
#9842 = CARTESIAN_POINT ( 'NONE',  ( 36.99999999999999300, 14.49999999999999500, 5.399999999999999500 ) ) ;
#9843 = VECTOR ( 'NONE', #11202, 1000.000000000000000 ) ;
#9844 = ORIENTED_EDGE ( 'NONE', *, *, #7723, .T. ) ;
#9845 = ORIENTED_EDGE ( 'NONE', *, *, #11585, .T. ) ;
#9846 = ORIENTED_EDGE ( 'NONE', *, *, #3844, .T. ) ;
#9847 = B_SPLINE_SURFACE_WITH_KNOTS ( 'NONE', 3, 1, ( 
 ( #8291, #7756 ),
 ( #7729, #7629 ),
 ( #7500, #7233 ),
 ( #7095, #7062 ),
 ( #6995, #6922 ),
 ( #6907, #6832 ),
 ( #6728, #6683 ),
 ( #6638, #6413 ),
 ( #6260, #6085 ),
 ( #6050, #5997 ),
 ( #5960, #5866 ),
 ( #5824, #5785 ),
 ( #5742, #5671 ),
 ( #5632, #5435 ),
 ( #5361, #5330 ),
 ( #5260, #5221 ),
 ( #5182, #5144 ),
 ( #5091, #5065 ),
 ( #5001, #4915 ) ),
 .UNSPECIFIED., .F., .F., .F.,
 ( 4, 1, 1, 1, 1, 1, 1, 1, 1, 1, 1, 1, 1, 1, 1, 1, 4 ),
 ( 2, 2 ),
 ( 0.0000000000000000000, 0.06660875458357849700, 0.1304064310570961200, 0.1922476849174134500, 0.2524070680165765900, 0.3105449766918788000, 0.3683535190870088100, 0.4253023824764966000, 0.4829179250317084400, 0.5405282068543887400, 0.5994763398283506900, 0.6602160781547639100, 0.7229490180068513000, 0.7877577170330840600, 0.8551591849154941400, 0.9260101826828214300, 1.000000000000000000 ),
 ( 0.0000000000000000000, 1.000000000000000000 ),
 .UNSPECIFIED. ) ;
#9848 = CARTESIAN_POINT ( 'NONE',  ( 9.765197825256244400, -3.711230030325446600, 0.1000000000000000100 ) ) ;
#9849 = CARTESIAN_POINT ( 'NONE',  ( 43.71421443129808900, 6.363108264701245400, 8.099999999999999600 ) ) ;
#9850 = CARTESIAN_POINT ( 'NONE',  ( 11.05837964343806400, -4.293048212143627800, 0.1000000000000000100 ) ) ;
#9851 = FACE_OUTER_BOUND ( 'NONE', #9952, .T. ) ;
#9852 = AXIS2_PLACEMENT_3D ( 'NONE', #10987, #9254, #3907 ) ;
#9853 = LINE ( 'NONE', #4172, #5007 ) ;
#9854 = EDGE_CURVE ( 'NONE', #1364, #3249, #3486, .T. ) ;
#9855 = ORIENTED_EDGE ( 'NONE', *, *, #7141, .T. ) ;
#9856 = ORIENTED_EDGE ( 'NONE', *, *, #6899, .F. ) ;
#9857 = CARTESIAN_POINT ( 'NONE',  ( 9.744418604477024500, -1.601165095260511200, 0.0000000000000000000 ) ) ;
#9858 = PLANE ( 'NONE',  #6719 ) ;
#9859 = CARTESIAN_POINT ( 'NONE',  ( 11.20534037330694100, -8.862101151724788300, 0.0000000000000000000 ) ) ;
#9860 = LINE ( 'NONE', #6834, #9572 ) ;
#9861 = FACE_OUTER_BOUND ( 'NONE', #6298, .T. ) ;
#9862 = CARTESIAN_POINT ( 'NONE',  ( 12.89929005983225700, -8.957317253416649200, 8.099999999999999600 ) ) ;
#9863 = CARTESIAN_POINT ( 'NONE',  ( 11.47994299963299400, -7.826349348756187000, 0.1000000000000000100 ) ) ;
#9864 = CARTESIAN_POINT ( 'NONE',  ( 5.393968951792283300, 12.74344776061612400, 5.000000000000000000 ) ) ;
#9865 = ORIENTED_EDGE ( 'NONE', *, *, #4847, .F. ) ;
#9866 = EDGE_CURVE ( 'NONE', #7446, #2735, #3581, .T. ) ;
#9867 = EDGE_CURVE ( 'NONE', #3006, #2484, #3438, .T. ) ;
#9868 = ORIENTED_EDGE ( 'NONE', *, *, #9742, .T. ) ;
#9869 = CARTESIAN_POINT ( 'NONE',  ( 10.98681196333559700, -9.280806750865705700, 1.355252715606880500E-017 ) ) ;
#9870 = PERSON ( 'UNSPECIFIED', 'UNSPECIFIED', 'UNSPECIFIED', ('UNSPECIFIED'), ('UNSPECIFIED'), ('UNSPECIFIED') ) ;
#9871 = VERTEX_POINT ( 'NONE', #3113 ) ;
#9872 = VECTOR ( 'NONE', #11220, 1000.000000000000000 ) ;
#9873 = CARTESIAN_POINT ( 'NONE',  ( 3.559173988450535100E-015, -12.50000000000000000, 8.099999999999999600 ) ) ;
#9874 = CARTESIAN_POINT ( 'NONE',  ( 11.12551931891951900, -6.638129807082816700, 0.0000000000000000000 ) ) ;
#9875 = CARTESIAN_POINT ( 'NONE',  ( 32.49999999999998600, -2.000000000000000000, 5.099999999999999600 ) ) ;
#9876 = ORIENTED_EDGE ( 'NONE', *, *, #4940, .F. ) ;
#9877 = CARTESIAN_POINT ( 'NONE',  ( 10.44114188564112100, -1.673246638571285000, 0.1000000000000000100 ) ) ;
#9878 = ORIENTED_EDGE ( 'NONE', *, *, #10518, .F. ) ;
#9879 = CARTESIAN_POINT ( 'NONE',  ( 7.048445366811458600, 12.83456326127513100, 2.999999999999999100 ) ) ;
#9880 = EDGE_CURVE ( 'NONE', #9726, #9753, #10389, .T. ) ;
#9881 = EDGE_LOOP ( 'NONE', ( #6057, #3163, #889, #11164 ) ) ;
#9882 = EDGE_CURVE ( 'NONE', #3483, #8888, #3334, .T. ) ;
#9883 = CARTESIAN_POINT ( 'NONE',  ( 10.30964502991612400, 3.817092958867338100, 0.0000000000000000000 ) ) ;
#9884 = CARTESIAN_POINT ( 'NONE',  ( 2.081668171172168500E-014, -22.00000000000000000, 8.099999999999999600 ) ) ;
#9885 = DIRECTION ( 'NONE',  ( -0.0000000000000000000, 0.0000000000000000000, 1.000000000000000000 ) ) ;
#9886 = LINE ( 'NONE', #7274, #973 ) ;
#9887 = CARTESIAN_POINT ( 'NONE',  ( 11.26004045349408900, -9.111898264729241200, 0.1000000000000000100 ) ) ;
#9888 = CARTESIAN_POINT ( 'NONE',  ( 11.67129483595693200, -7.770282146187519800, -1.355252715606880500E-017 ) ) ;
#9889 = DIRECTION ( 'NONE',  ( -0.0000000000000000000, 0.0000000000000000000, 1.000000000000000000 ) ) ;
#9890 = DIRECTION ( 'NONE',  ( 0.0000000000000000000, -0.0000000000000000000, -1.000000000000000000 ) ) ;
#9891 = ORIENTED_EDGE ( 'NONE', *, *, #8587, .T. ) ;
#9892 = EDGE_LOOP ( 'NONE', ( #4246, #4622, #7857, #8429 ) ) ;
#9893 = LINE ( 'NONE', #10246, #9770 ) ;
#9894 = FACE_OUTER_BOUND ( 'NONE', #1279, .T. ) ;
#9895 = VECTOR ( 'NONE', #11506, 1000.000000000000000 ) ;
#9896 = CARTESIAN_POINT ( 'NONE',  ( 10.40311533864643000, -7.345888124055489000, 4.065758146820641600E-017 ) ) ;
#9897 = CARTESIAN_POINT ( 'NONE',  ( 10.85547532094377300, -9.092876015796923300, -0.0000000000000000000 ) ) ;
#9898 = VERTEX_POINT ( 'NONE', #3201 ) ;
#9899 = DIRECTION ( 'NONE',  ( 0.0000000000000000000, 1.000000000000000000, 0.0000000000000000000 ) ) ;
#9900 = ORIENTED_EDGE ( 'NONE', *, *, #10098, .T. ) ;
#9901 = DIRECTION ( 'NONE',  ( 0.0000000000000000000, 0.0000000000000000000, -1.000000000000000000 ) ) ;
#9902 = EDGE_CURVE ( 'NONE', #3790, #10550, #3298, .T. ) ;
#9903 = CYLINDRICAL_SURFACE ( 'NONE', #6420, 0.6130263050269437700 ) ;
#9904 = AXIS2_PLACEMENT_3D ( 'NONE', #4543, #2055, #2213 ) ;
#9905 = VERTEX_POINT ( 'NONE', #5812 ) ;
#9906 = CARTESIAN_POINT ( 'NONE',  ( 39.99999999999999300, 19.00000000000000000, 8.099999999999999600 ) ) ;
#9907 = VECTOR ( 'NONE', #8376, 1000.000000000000000 ) ;
#9908 = CARTESIAN_POINT ( 'NONE',  ( 30.49999999999998600, -2.000000000000000000, 5.099999999999999600 ) ) ;
#9909 = VERTEX_POINT ( 'NONE', #5896 ) ;
#9910 = CARTESIAN_POINT ( 'NONE',  ( 35.49999999999999300, -14.00000000000000000, 7.099999999999999600 ) ) ;
#9911 = ORIENTED_EDGE ( 'NONE', *, *, #3659, .F. ) ;
#9912 = CARTESIAN_POINT ( 'NONE',  ( 10.63792509798351900, -8.469996264091681900, 0.1000000000000000100 ) ) ;
#9913 = CARTESIAN_POINT ( 'NONE',  ( 44.18251492603761200, -4.349954654103710200, -17.91005284086394400 ) ) ;
#9914 = CARTESIAN_POINT ( 'NONE',  ( 11.12551931891951900, -6.638129807082816700, 0.1000000000000000100 ) ) ;
#9915 = ORIENTED_EDGE ( 'NONE', *, *, #9128, .T. ) ;
#9916 = FACE_OUTER_BOUND ( 'NONE', #8656, .T. ) ;
#9917 = CARTESIAN_POINT ( 'NONE',  ( 9.983925233407511300, -1.801439592761193300, 0.0000000000000000000 ) ) ;
#9918 = ORIENTED_EDGE ( 'NONE', *, *, #2070, .T. ) ;
#9919 = CARTESIAN_POINT ( 'NONE',  ( 11.37930297577506500, -7.845800931755651900, 0.0000000000000000000 ) ) ;
#9920 = VERTEX_POINT ( 'NONE', #11223 ) ;
#9921 = AXIS2_PLACEMENT_3D ( 'NONE', #10107, #10292, #5068 ) ;
#9922 = CARTESIAN_POINT ( 'NONE',  ( 9.745514637127961100, -1.547238157575123300, 0.1000000000000000100 ) ) ;
#9923 = DIRECTION ( 'NONE',  ( -0.9284766908852596400, 0.3713906763541029400, -0.0000000000000000000 ) ) ;
#9924 = DIRECTION ( 'NONE',  ( 0.0000000000000000000, 0.0000000000000000000, -1.000000000000000000 ) ) ;
#9925 = CARTESIAN_POINT ( 'NONE',  ( 10.63606930378759500, -1.528205703454216000, 0.0000000000000000000 ) ) ;
#9926 = VERTEX_POINT ( 'NONE', #7703 ) ;
#9927 = CARTESIAN_POINT ( 'NONE',  ( 9.961598059517673000, -6.739217973587861000, 0.1000000000000000100 ) ) ;
#9928 = DIRECTION ( 'NONE',  ( -0.0000000000000000000, 0.0000000000000000000, -1.000000000000000000 ) ) ;
#9929 = ORIENTED_EDGE ( 'NONE', *, *, #667, .T. ) ;
#9930 = DIRECTION ( 'NONE',  ( -1.000000000000000000, 1.030199765426842000E-014, 0.0000000000000000000 ) ) ;
#9931 = CARTESIAN_POINT ( 'NONE',  ( 11.00853637560144400, -2.164551643816342800, -0.0000000000000000000 ) ) ;
#9932 = ORIENTED_EDGE ( 'NONE', *, *, #10701, .T. ) ;
#9933 = VECTOR ( 'NONE', #6304, 1000.000000000000000 ) ;
#9934 = CARTESIAN_POINT ( 'NONE',  ( 9.765197825256244400, -6.889801458896877200, 0.0000000000000000000 ) ) ;
#9935 = ORIENTED_EDGE ( 'NONE', *, *, #5916, .F. ) ;
#9936 = CARTESIAN_POINT ( 'NONE',  ( 4.393968951792282400, 12.74344776061612400, 0.0000000000000000000 ) ) ;
#9937 = DIRECTION ( 'NONE',  ( -0.0000000000000000000, -0.0000000000000000000, 1.000000000000000000 ) ) ;
#9938 = LINE ( 'NONE', #7551, #9961 ) ;
#9939 = DIRECTION ( 'NONE',  ( -0.0000000000000000000, 0.0000000000000000000, 1.000000000000000000 ) ) ;
#9940 = EDGE_CURVE ( 'NONE', #6164, #11644, #3276, .T. ) ;
#9941 = CARTESIAN_POINT ( 'NONE',  ( 10.89284456998879900, -6.607996800205018700, 0.1000000000000000100 ) ) ;
#9942 = ORIENTED_EDGE ( 'NONE', *, *, #4134, .F. ) ;
#9943 = VECTOR ( 'NONE', #4900, 1000.000000000000000 ) ;
#9944 = ADVANCED_FACE ( 'NONE', ( #3196 ), #3245, .F. ) ;
#9945 = CARTESIAN_POINT ( 'NONE',  ( 9.765197825256244400, -2.672268991364406900, -0.0000000000000000000 ) ) ;
#9946 = CARTESIAN_POINT ( 'NONE',  ( 10.92818796919389100, -1.249551405908360300, 0.1000000000000000100 ) ) ;
#9947 = CARTESIAN_POINT ( 'NONE',  ( 6.849614011047666700, -2.500000000000000400, 1.000000000000000900 ) ) ;
#9948 = CARTESIAN_POINT ( 'NONE',  ( 11.09772162576865600, -6.662307073027924400, 0.0000000000000000000 ) ) ;
#9949 = EDGE_CURVE ( 'NONE', #9685, #9216, #2955, .T. ) ;
#9950 = EDGE_LOOP ( 'NONE', ( #1657, #6081, #2408, #10584 ) ) ;
#9951 = EDGE_CURVE ( 'NONE', #1629, #7419, #2971, .T. ) ;
#9952 = EDGE_LOOP ( 'NONE', ( #5282, #1530, #4285, #6866, #5947, #78, #8811, #7100 ) ) ;
#9953 = FACE_OUTER_BOUND ( 'NONE', #11681, .T. ) ;
#9954 = CARTESIAN_POINT ( 'NONE',  ( 10.45002119293728200, -1.603279410782058900, 0.1000000000000000100 ) ) ;
#9955 = VECTOR ( 'NONE', #986, 1000.000000000000000 ) ;
#9956 = ORIENTED_EDGE ( 'NONE', *, *, #958, .T. ) ;
#9957 = CARTESIAN_POINT ( 'NONE',  ( 10.41659012387315100, -7.112946417883375000, 0.1000000000000000100 ) ) ;
#9958 = B_SPLINE_SURFACE_WITH_KNOTS ( 'NONE', 3, 1, ( 
 ( #7936, #10773 ),
 ( #10705, #10668 ),
 ( #10629, #9925 ),
 ( #9812, #9783 ),
 ( #9745, #9069 ) ),
 .UNSPECIFIED., .F., .F., .F.,
 ( 4, 1, 4 ),
 ( 2, 2 ),
 ( 0.0000000000000000000, 0.4958009578104512500, 1.000000000000000000 ),
 ( 0.0000000000000000000, 1.000000000000000000 ),
 .UNSPECIFIED. ) ;
#9959 = CARTESIAN_POINT ( 'NONE',  ( 0.7879379035845669500, -2.499999999999998700, 1.000000000000000000 ) ) ;
#9960 = CARTESIAN_POINT ( 'NONE',  ( 9.868353100286551400, -1.966049800889616800, 0.1000000000000000100 ) ) ;
#9961 = VECTOR ( 'NONE', #11635, 1000.000000000000000 ) ;
#9962 = ORIENTED_EDGE ( 'NONE', *, *, #4453, .F. ) ;
#9963 = VECTOR ( 'NONE', #207, 1000.000000000000100 ) ;
#9964 = CARTESIAN_POINT ( 'NONE',  ( 10.07907517030712300, -6.613165638641662600, -1.355252715606880500E-017 ) ) ;
#9965 = LINE ( 'NONE', #3263, #4056 ) ;
#9966 = CARTESIAN_POINT ( 'NONE',  ( 11.85464502991616300, 7.627092958867320900, 0.0000000000000000000 ) ) ;
#9967 = CARTESIAN_POINT ( 'NONE',  ( 10.20902899408741700, -7.389152108247527600, 0.0000000000000000000 ) ) ;
#9968 = ORIENTED_EDGE ( 'NONE', *, *, #5641, .F. ) ;
#9969 = CARTESIAN_POINT ( 'NONE',  ( 44.21421443129808900, 6.363108264701245400, 0.0000000000000000000 ) ) ;
#9970 = PLANE ( 'NONE',  #5265 ) ;
#9971 = AXIS2_PLACEMENT_3D ( 'NONE', #1015, #1002, #2182 ) ;
#9972 = VECTOR ( 'NONE', #2771, 1000.000000000000000 ) ;
#9973 = DIRECTION ( 'NONE',  ( -0.0000000000000000000, -0.0000000000000000000, -1.000000000000000000 ) ) ;
#9974 = VECTOR ( 'NONE', #1445, 1000.000000000000000 ) ;
#9975 = CARTESIAN_POINT ( 'NONE',  ( 7.048445366811458600, 14.50132895157400100, 5.000000000000000000 ) ) ;
#9976 = CARTESIAN_POINT ( 'NONE',  ( 36.00000000000000700, -17.99999999999999600, -8.732124598286484100 ) ) ;
#9977 = ORIENTED_EDGE ( 'NONE', *, *, #10780, .T. ) ;
#9978 = DIRECTION ( 'NONE',  ( -0.0000000000000000000, -0.0000000000000000000, -1.000000000000000000 ) ) ;
#9979 = ORIENTED_EDGE ( 'NONE', *, *, #2822, .T. ) ;
#9980 = ORIENTED_EDGE ( 'NONE', *, *, #8027, .T. ) ;
#9981 = CARTESIAN_POINT ( 'NONE',  ( 11.19577263777073400, -6.366280365585206300, 2.710505431213761100E-017 ) ) ;
#9982 = DIRECTION ( 'NONE',  ( 0.0000000000000000000, 0.0000000000000000000, -1.000000000000000000 ) ) ;
#9983 = CARTESIAN_POINT ( 'NONE',  ( 11.36519782525624600, -2.464476783572199500, 0.1000000000000000100 ) ) ;
#9984 = EDGE_CURVE ( 'NONE', #10919, #9099, #3012, .T. ) ;
#9985 = ORIENTED_EDGE ( 'NONE', *, *, #5041, .T. ) ;
#9986 = LINE ( 'NONE', #305, #9943 ) ;
#9987 = AXIS2_PLACEMENT_3D ( 'NONE', #1859, #6360, #8137 ) ;
#9988 = CARTESIAN_POINT ( 'NONE',  ( 11.36519782525624600, -5.332009251104667100, -0.0000000000000000000 ) ) ;
#9989 = CARTESIAN_POINT ( 'NONE',  ( 11.85464502991616300, 7.627092958867320900, 0.1000000000000000100 ) ) ;
#9991 = VERTEX_POINT ( 'NONE', #9533 ) ;
#9990 = AXIS2_PLACEMENT_3D ( 'NONE', #2031, #9517, #5191 ) ;
#9992 = CARTESIAN_POINT ( 'NONE',  ( 10.39436669046661200, -1.788973222855343400, 4.065758146820641600E-017 ) ) ;
#9993 = ORIENTED_EDGE ( 'NONE', *, *, #6536, .F. ) ;
#9994 = CARTESIAN_POINT ( 'NONE',  ( 40.49999999999999300, -17.00000000000000000, 8.099999999999996100 ) ) ;
#9995 = ORIENTED_EDGE ( 'NONE', *, *, #10431, .F. ) ;
#9996 = FACE_OUTER_BOUND ( 'NONE', #11042, .T. ) ;
#9997 = CARTESIAN_POINT ( 'NONE',  ( 10.90026276032118000, -1.009931329026744900, 0.1000000000000000100 ) ) ;
#9998 = CARTESIAN_POINT ( 'NONE',  ( 10.91640971351461100, -1.965598320456392000, 0.1000000000000000100 ) ) ;
#9999 = CARTESIAN_POINT ( 'NONE',  ( 9.970441956468747000, -2.055095320752849700, 1.355252715606880500E-017 ) ) ;
#10000 = CARTESIAN_POINT ( 'NONE',  ( 11.38462243564715900, -8.813968444038074800, 1.355252715606880500E-017 ) ) ;
#10001 = PLANE ( 'NONE',  #9105 ) ;
#10002 = ORIENTED_EDGE ( 'NONE', *, *, #4714, .T. ) ;
#10003 = DIRECTION ( 'NONE',  ( 0.0000000000000000000, -1.000000000000000000, 0.0000000000000000000 ) ) ;
#10004 = DIRECTION ( 'NONE',  ( 1.000000000000000000, 0.0000000000000000000, 0.0000000000000000000 ) ) ;
#10005 = ORIENTED_EDGE ( 'NONE', *, *, #8191, .F. ) ;
#10006 = CARTESIAN_POINT ( 'NONE',  ( 42.50000000000000000, 16.50000000000000000, 8.099999999999999600 ) ) ;
#10007 = ORIENTED_EDGE ( 'NONE', *, *, #8252, .F. ) ;
#10008 = LOCAL_TIME ( 16, 7, 12.00000000000000000, #10638 ) ;
#10009 = EDGE_CURVE ( 'NONE', #4379, #8359, #2915, .T. ) ;
#10010 = CARTESIAN_POINT ( 'NONE',  ( 11.19290088415114500, -8.893299077218246800, 0.1000000000000000100 ) ) ;
#10011 = DIRECTION ( 'NONE',  ( 0.0000000000000000000, 0.0000000000000000000, 1.000000000000000000 ) ) ;
#10012 = ORIENTED_EDGE ( 'NONE', *, *, #1150, .T. ) ;
#10013 = CARTESIAN_POINT ( 'NONE',  ( 9.999999999999998200, -18.50000000000000000, 0.0000000000000000000 ) ) ;
#10014 = EDGE_LOOP ( 'NONE', ( #8791, #10778, #9777, #6105 ) ) ;
#10015 = LINE ( 'NONE', #8622, #5561 ) ;
#10016 = CARTESIAN_POINT ( 'NONE',  ( 10.87861682703568900, -6.913169500456171500, 0.1000000000000000100 ) ) ;
#10017 = LINE ( 'NONE', #4694, #4042 ) ;
#10018 = EDGE_CURVE ( 'NONE', #1124, #6686, #2849, .T. ) ;
#10019 = EDGE_CURVE ( 'NONE', #471, #6715, #2718, .T. ) ;
#10020 = DIRECTION ( 'NONE',  ( 2.168404344971006900E-016, 1.000000000000000000, -0.0000000000000000000 ) ) ;
#10021 = ORIENTED_EDGE ( 'NONE', *, *, #5268, .T. ) ;
#10022 = ORIENTED_EDGE ( 'NONE', *, *, #8847, .F. ) ;
#10023 = DIRECTION ( 'NONE',  ( -0.0000000000000000000, -0.0000000000000000000, 1.000000000000000000 ) ) ;
#10024 = VECTOR ( 'NONE', #2482, 1000.000000000000000 ) ;
#10025 = CARTESIAN_POINT ( 'NONE',  ( 10.24129630241895100, -1.897902122847118700, 0.1000000000000000100 ) ) ;
#10026 = DIRECTION ( 'NONE',  ( -0.6853646990049907500, 0.7281999926928031100, -0.0000000000000000000 ) ) ;
#10027 = VERTEX_POINT ( 'NONE', #8677 ) ;
#10028 = AXIS2_PLACEMENT_3D ( 'NONE', #4000, #10233, #4890 ) ;
#10029 = B_SPLINE_CURVE_WITH_KNOTS ( 'NONE', 3,
 ( #11282, #10689, #6786, #8315, #4588, #546, #3503, #6665, #10977, #5406, #1732, #1700, #1462, #9472, #11313, #7939, #5030, #3921, #6844 ),
 .UNSPECIFIED., .F., .F.,
 ( 4, 1, 1, 1, 1, 1, 1, 1, 1, 1, 1, 1, 1, 1, 1, 1, 4 ),
 ( 0.0000000000000000000, 0.06103804194905581400, 0.1205284552087701200, 0.1794816596860529800, 0.2375894952491679200, 0.2963506669175059400, 0.3557918034180268000, 0.4166842777999286700, 0.4793146013336378500, 0.5421357920666921600, 0.6046617606428249500, 0.6664888824743400200, 0.7293100732073956000, 0.7932343898184185400, 0.8594552844245225700, 0.9279238665385186600, 1.000000000000000000 ),
 .UNSPECIFIED. ) ;
#10030 = CARTESIAN_POINT ( 'NONE',  ( 10.20902899408741700, -7.389152108247527600, 0.1000000000000000100 ) ) ;
#10031 = CARTESIAN_POINT ( 'NONE',  ( 9.244645029916135600, 4.777092958867349600, 0.0000000000000000000 ) ) ;
#10032 = ORIENTED_EDGE ( 'NONE', *, *, #8967, .F. ) ;
#10033 = EDGE_CURVE ( 'NONE', #7305, #9413, #2537, .T. ) ;
#10034 = EDGE_CURVE ( 'NONE', #9600, #1786, #2778, .T. ) ;
#10035 = CARTESIAN_POINT ( 'NONE',  ( 15.10296701856556100, -12.83456326127513100, -0.0000000000000000000 ) ) ;
#10036 = CARTESIAN_POINT ( 'NONE',  ( 9.931431591490012400, -1.612528731624147400, 0.0000000000000000000 ) ) ;
#10037 = DIRECTION ( 'NONE',  ( -0.0000000000000000000, 8.941873587509316400E-017, 1.000000000000000000 ) ) ;
#10038 = VECTOR ( 'NONE', #7935, 1000.000000000000000 ) ;
#10039 = LINE ( 'NONE', #7475, #6943 ) ;
#10040 = CARTESIAN_POINT ( 'NONE',  ( 10.50067692802948500, -8.669676849271443300, -0.0000000000000000000 ) ) ;
#10041 = ORIENTED_EDGE ( 'NONE', *, *, #10234, .F. ) ;
#10042 = DIRECTION ( 'NONE',  ( -1.000000000000000000, -0.0000000000000000000, -0.0000000000000000000 ) ) ;
#10043 = EDGE_LOOP ( 'NONE', ( #2409, #10267, #8323, #8986 ) ) ;
#10044 = EDGE_CURVE ( 'NONE', #9031, #11646, #2686, .T. ) ;
#10045 = ORIENTED_EDGE ( 'NONE', *, *, #8196, .T. ) ;
#10046 = VECTOR ( 'NONE', #3725, 1000.000000000000000 ) ;
#10047 = DIRECTION ( 'NONE',  ( 0.0000000000000000000, -1.000000000000000000, 0.0000000000000000000 ) ) ;
#10048 = ORIENTED_EDGE ( 'NONE', *, *, #3677, .F. ) ;
#10049 = CARTESIAN_POINT ( 'NONE',  ( 32.49999999999998600, -9.250000000000001800, 7.099999999999999600 ) ) ;
#10050 = CARTESIAN_POINT ( 'NONE',  ( 9.765197825256244400, -5.332009251104667100, 0.1000000000000000100 ) ) ;
#10051 = ORIENTED_EDGE ( 'NONE', *, *, #5606, .T. ) ;
#10052 = CARTESIAN_POINT ( 'NONE',  ( 39.99999999999999300, 15.00000000000000000, 5.399999999999999500 ) ) ;
#10053 = ORIENTED_EDGE ( 'NONE', *, *, #46, .F. ) ;
#10054 = CARTESIAN_POINT ( 'NONE',  ( 10.20464502991613600, 5.017092958867338300, 0.1000000000000000100 ) ) ;
#10055 = ORIENTED_EDGE ( 'NONE', *, *, #2582, .F. ) ;
#10056 = DIRECTION ( 'NONE',  ( 0.9284766908852596400, -0.3713906763541028300, 0.0000000000000000000 ) ) ;
#10057 = CARTESIAN_POINT ( 'NONE',  ( 9.881757585852009000, -6.530682228580125100, 0.1000000000000000100 ) ) ;
#10058 = LINE ( 'NONE', #1396, #1982 ) ;
#10059 = LINE ( 'NONE', #6163, #9955 ) ;
#10060 = VERTEX_POINT ( 'NONE', #6937 ) ;
#10061 = CARTESIAN_POINT ( 'NONE',  ( 32.49999999999998600, 14.00000000000000000, 5.099999999999999600 ) ) ;
#10062 = CARTESIAN_POINT ( 'NONE',  ( 8.000000000000007100, -9.157317253416650300, -23.17665792529315300 ) ) ;
#10063 = CARTESIAN_POINT ( 'NONE',  ( 42.49999999999999300, -22.00000000000000700, 0.0000000000000000000 ) ) ;
#10064 = ORIENTED_EDGE ( 'NONE', *, *, #9854, .T. ) ;
#10065 = CARTESIAN_POINT ( 'NONE',  ( 13.52221523408026000, 7.800000000000077100, 33.81103081370217500 ) ) ;
#10066 = VECTOR ( 'NONE', #1677, 1000.000000000000000 ) ;
#10067 = AXIS2_PLACEMENT_3D ( 'NONE', #9513, #5059, #11280 ) ;
#10068 = DIRECTION ( 'NONE',  ( 0.0000000000000000000, -1.000000000000000000, 0.0000000000000000000 ) ) ;
#10069 = VERTEX_POINT ( 'NONE', #10425 ) ;
#10070 = VECTOR ( 'NONE', #11095, 1000.000000000000000 ) ;
#10071 = DIRECTION ( 'NONE',  ( -0.5547001962252372500, -0.8320502943378383900, 0.0000000000000000000 ) ) ;
#10072 = CARTESIAN_POINT ( 'NONE',  ( 0.7879379035845669500, 7.849539771895425000, 5.000000000000000000 ) ) ;
#10073 = DIRECTION ( 'NONE',  ( -0.0000000000000000000, 0.0000000000000000000, 1.000000000000000000 ) ) ;
#10074 = ORIENTED_EDGE ( 'NONE', *, *, #7208, .T. ) ;
#10075 = DIRECTION ( 'NONE',  ( 0.0000000000000000000, 0.0000000000000000000, 1.000000000000000000 ) ) ;
#10076 = DIRECTION ( 'NONE',  ( 0.0000000000000000000, 0.0000000000000000000, -1.000000000000000000 ) ) ;
#10077 = ORIENTED_EDGE ( 'NONE', *, *, #10407, .T. ) ;
#10078 = ORIENTED_EDGE ( 'NONE', *, *, #2689, .F. ) ;
#10079 = LINE ( 'NONE', #7263, #10581 ) ;
#10080 = LINE ( 'NONE', #6186, #10024 ) ;
#10081 = CARTESIAN_POINT ( 'NONE',  ( 11.30097110048872900, -8.446223847950440300, 0.1000000000000000100 ) ) ;
#10082 = EDGE_CURVE ( 'NONE', #9909, #2033, #2407, .T. ) ;
#10083 = CARTESIAN_POINT ( 'NONE',  ( 47.50000000000000000, -25.50000000000000000, -0.0000000000000000000 ) ) ;
#10084 = CARTESIAN_POINT ( 'NONE',  ( 44.50000000000000000, -19.99999999999999600, 0.0000000000000000000 ) ) ;
#10085 = DIRECTION ( 'NONE',  ( 0.0000000000000000000, 0.0000000000000000000, 1.000000000000000000 ) ) ;
#10086 = ORIENTED_EDGE ( 'NONE', *, *, #8543, .T. ) ;
#10087 = ADVANCED_FACE ( 'NONE', ( #2319 ), #4267, .F. ) ;
#10088 = DIRECTION ( 'NONE',  ( -1.000000000000000000, 0.0000000000000000000, 0.0000000000000000000 ) ) ;
#10089 = B_SPLINE_SURFACE_WITH_KNOTS ( 'NONE', 3, 1, ( 
 ( #10362, #979 ),
 ( #7050, #10189 ),
 ( #11213, #3839 ),
 ( #2578, #5384 ),
 ( #784, #9869 ),
 ( #2036, #5147 ),
 ( #11579, #8464 ),
 ( #2894, #6616 ),
 ( #6835, #10162 ),
 ( #10726, #4893 ),
 ( #9887, #4772 ),
 ( #11500, #4739 ),
 ( #2289, #9424 ),
 ( #131, #7441 ),
 ( #3203, #10547 ),
 ( #6399, #8184 ),
 ( #1335, #10000 ),
 ( #5856, #3414 ),
 ( #3185, #7757 ) ),
 .UNSPECIFIED., .F., .F., .F.,
 ( 4, 1, 1, 1, 1, 1, 1, 1, 1, 1, 1, 1, 1, 1, 1, 1, 4 ),
 ( 2, 2 ),
 ( 0.0000000000000000000, 0.06569257862171987200, 0.1296385243031882000, 0.1919177375969918800, 0.2527934416358043100, 0.3137573236582782400, 0.3745055579052819500, 0.4357765086534037300, 0.4986219823668496300, 0.5612072432159260800, 0.6220829472547400000, 0.6827516570766679600, 0.7429534395703788500, 0.8044238261286140700, 0.8673071575872025600, 0.9320814093553084800, 1.000000000000000000 ),
 ( 0.0000000000000000000, 1.000000000000000000 ),
 .UNSPECIFIED. ) ;
#10090 = LINE ( 'NONE', #10185, #7762 ) ;
#10091 = EDGE_LOOP ( 'NONE', ( #1583, #1877, #5853, #4910, #6509, #2649, #724, #6303 ) ) ;
#10092 = CIRCLE ( 'NONE', #5819, 1.749999999999999800 ) ;
#10093 = FACE_OUTER_BOUND ( 'NONE', #1748, .T. ) ;
#10094 = B_SPLINE_CURVE_WITH_KNOTS ( 'NONE', 3,
 ( #5506, #5433, #5422, #5412, #5386, #5238, #5156, #4989, #4959, #4906, #4751, #4569, #4553, #4341, #4196, #4183, #4150, #4005, #3938 ),
 .UNSPECIFIED., .F., .F.,
 ( 4, 1, 1, 1, 1, 1, 1, 1, 1, 1, 1, 1, 1, 1, 1, 1, 4 ),
 ( 0.0000000000000000000, 0.06449554760388176400, 0.1260758752336771400, 0.1865616218797896400, 0.2456405728377752400, 0.3034057950882228000, 0.3616592510682221100, 0.4194731082736434800, 0.4784201700534475000, 0.5379366408189075700, 0.5969936307014942500, 0.6574400463226632900, 0.7192656450759815600, 0.7841488779789057600, 0.8521207861077928500, 0.9236510176338959000, 1.000000000000000000 ),
 .UNSPECIFIED. ) ;
#10095 = ORIENTED_EDGE ( 'NONE', *, *, #11195, .F. ) ;
#10096 = CARTESIAN_POINT ( 'NONE',  ( 13.01877120494743200, -9.157317253416650300, 8.099999999999999600 ) ) ;
#10097 = DIRECTION ( 'NONE',  ( 0.9284766908852596400, -0.3713906763541029400, 0.0000000000000000000 ) ) ;
#10098 = EDGE_CURVE ( 'NONE', #5011, #7361, #2192, .T. ) ;
#10099 = EDGE_CURVE ( 'NONE', #9235, #2463, #2181, .T. ) ;
#10100 = DIRECTION ( 'NONE',  ( -0.0000000000000000000, -0.0000000000000000000, 1.000000000000000000 ) ) ;
#10101 = EDGE_LOOP ( 'NONE', ( #9126, #2607, #5257, #10735, #8028, #10392, #10051, #1159, #10329, #6812, #5292, #8458, #2851, #7049, #11676, #7531, #5006, #8320, #10989, #1886, #1188 ) ) ;
#10102 = ORIENTED_EDGE ( 'NONE', *, *, #2344, .F. ) ;
#10103 = VECTOR ( 'NONE', #8125, 1000.000000000000000 ) ;
#10104 = EDGE_LOOP ( 'NONE', ( #10625, #8876, #6286, #659 ) ) ;
#10105 = CARTESIAN_POINT ( 'NONE',  ( 11.58021183816323500, -7.734487024893057900, 0.1000000000000000100 ) ) ;
#10106 = PLANE ( 'NONE',  #6111 ) ;
#10107 = CARTESIAN_POINT ( 'NONE',  ( 32.49999999999998600, -8.250000000000000000, 7.099999999999999600 ) ) ;
#10108 = CARTESIAN_POINT ( 'NONE',  ( 10.15127804816238400, -1.285208279408905300, 0.0000000000000000000 ) ) ;
#10109 = CARTESIAN_POINT ( 'NONE',  ( 9.964645029916154000, 6.907092958867339800, 0.1000000000000000100 ) ) ;
#10110 = CARTESIAN_POINT ( 'NONE',  ( 9.766125689351397900, -6.946242539553809400, 5.421010862427522200E-017 ) ) ;
#10111 = ORIENTED_EDGE ( 'NONE', *, *, #761, .F. ) ;
#10112 = VECTOR ( 'NONE', #1208, 1000.000000000000000 ) ;
#10113 = CARTESIAN_POINT ( 'NONE',  ( 9.972990033048454000, -8.595645614741032500, -0.0000000000000000000 ) ) ;
#10114 = CARTESIAN_POINT ( 'NONE',  ( 10.61584717590559600, -8.282658601754020500, 0.1000000000000000100 ) ) ;
#10115 = ORIENTED_EDGE ( 'NONE', *, *, #6654, .F. ) ;
#10116 = ORIENTED_EDGE ( 'NONE', *, *, #7010, .F. ) ;
#10117 = ORIENTED_EDGE ( 'NONE', *, *, #8980, .T. ) ;
#10118 = EDGE_CURVE ( 'NONE', #7612, #7104, #2356, .T. ) ;
#10119 = DIRECTION ( 'NONE',  ( 1.000000000000000000, -9.637352644315615700E-015, -0.0000000000000000000 ) ) ;
#10120 = DIRECTION ( 'NONE',  ( -0.0000000000000000000, 0.0000000000000000000, 1.000000000000000000 ) ) ;
#10121 = DIRECTION ( 'NONE',  ( 0.0000000000000000000, 0.0000000000000000000, 1.000000000000000000 ) ) ;
#10122 = CARTESIAN_POINT ( 'NONE',  ( 13.52221523408026000, 7.800000000000077100, 3.099999999999999600 ) ) ;
#10123 = CARTESIAN_POINT ( 'NONE',  ( 11.03867376318543600, -6.721643508754486800, 0.0000000000000000000 ) ) ;
#10124 = VECTOR ( 'NONE', #1133, 999.9999999999998900 ) ;
#10125 = LINE ( 'NONE', #1059, #7285 ) ;
#10126 = CARTESIAN_POINT ( 'NONE',  ( 10.38387343221518400, -9.079217898638322700, 0.1000000000000000100 ) ) ;
#10127 = CARTESIAN_POINT ( 'NONE',  ( 11.22161156514606400, -9.150926875616193000, 0.1000000000000000100 ) ) ;
#10128 = ORIENTED_EDGE ( 'NONE', *, *, #528, .F. ) ;
#10129 = CARTESIAN_POINT ( 'NONE',  ( 10.19707653622118400, -2.110599986751305200, 0.1000000000000000100 ) ) ;
#10130 = DIRECTION ( 'NONE',  ( -0.0000000000000000000, 1.000000000000000000, -0.0000000000000000000 ) ) ;
#10131 = VERTEX_POINT ( 'NONE', #4305 ) ;
#10132 = VECTOR ( 'NONE', #8975, 1000.000000000000000 ) ;
#10133 = AXIS2_PLACEMENT_3D ( 'NONE', #11143, #1642, #10590 ) ;
#10134 = VECTOR ( 'NONE', #4579, 1000.000000000000000 ) ;
#10135 = CARTESIAN_POINT ( 'NONE',  ( 30.49999999999998600, 2.000000000000000000, 8.099999999999999600 ) ) ;
#10136 = CARTESIAN_POINT ( 'NONE',  ( 9.972990033048454000, -9.238502757598176600, 0.1000000000000000100 ) ) ;
#10137 = AXIS2_PLACEMENT_3D ( 'NONE', #5452, #11456, #4635 ) ;
#10138 = CARTESIAN_POINT ( 'NONE',  ( 11.22708518053002500, -18.50000000000000000, 8.099999999999999600 ) ) ;
#10139 = DIRECTION ( 'NONE',  ( -1.000000000000000000, -0.0000000000000000000, -0.0000000000000000000 ) ) ;
#10140 = ORIENTED_EDGE ( 'NONE', *, *, #5563, .F. ) ;
#10141 = CARTESIAN_POINT ( 'NONE',  ( 11.85464502991613000, 4.057092958867322400, 0.1000000000000000100 ) ) ;
#10142 = ADVANCED_FACE ( 'NONE', ( #1959 ), #6972, .T. ) ;
#10143 = EDGE_LOOP ( 'NONE', ( #3085, #9993, #6598, #6162, #5338, #6773, #10247, #5648 ) ) ;
#10144 = ADVANCED_FACE ( 'NONE', ( #2143 ), #8778, .T. ) ;
#10145 = CARTESIAN_POINT ( 'NONE',  ( 10.64523083604850100, -1.701340142850631600, 0.1000000000000000100 ) ) ;
#10146 = DIRECTION ( 'NONE',  ( -1.000000000000000000, 0.0000000000000000000, 0.0000000000000000000 ) ) ;
#10147 = LINE ( 'NONE', #5051, #4508 ) ;
#10148 = DIRECTION ( 'NONE',  ( 1.000000000000000000, 0.0000000000000000000, 0.0000000000000000000 ) ) ;
#10149 = VECTOR ( 'NONE', #148, 1000.000000000000000 ) ;
#10150 = CARTESIAN_POINT ( 'NONE',  ( 0.0000000000000000000, 0.0000000000000000000, 8.099999999999999600 ) ) ;
#10151 = DIRECTION ( 'NONE',  ( 1.000000000000000000, -1.927470528863118700E-014, 0.0000000000000000000 ) ) ;
#10152 = CARTESIAN_POINT ( 'NONE',  ( 9.894629490969222700, -7.258063664395650400, 0.1000000000000000100 ) ) ;
#10153 = ORIENTED_EDGE ( 'NONE', *, *, #10034, .T. ) ;
#10154 = DIRECTION ( 'NONE',  ( -0.0000000000000000000, -0.0000000000000000000, -1.000000000000000000 ) ) ;
#10155 = ORIENTED_EDGE ( 'NONE', *, *, #415, .T. ) ;
#10156 = EDGE_CURVE ( 'NONE', #1298, #2994, #1891, .T. ) ;
#10157 = LINE ( 'NONE', #11109, #9261 ) ;
#10158 = LINE ( 'NONE', #3068, #10070 ) ;
#10159 = CARTESIAN_POINT ( 'NONE',  ( 11.08312465389440500, -9.022453199103441800, 0.1000000000000000100 ) ) ;
#10160 = CARTESIAN_POINT ( 'NONE',  ( 37.00000000000000700, -19.99999999999999600, -2.236067977499790700 ) ) ;
#10161 = CARTESIAN_POINT ( 'NONE',  ( 11.11105637904098100, -1.380603737911799900, 1.355252715606880500E-017 ) ) ;
#10162 = CARTESIAN_POINT ( 'NONE',  ( 11.17937487017293600, -9.185965012419659500, 1.355252715606880500E-017 ) ) ;
#10163 = ORIENTED_EDGE ( 'NONE', *, *, #7798, .F. ) ;
#10164 = CARTESIAN_POINT ( 'NONE',  ( 42.50000000000000000, 17.50000000000000000, 43.15709628591621100 ) ) ;
#10165 = ORIENTED_EDGE ( 'NONE', *, *, #10009, .F. ) ;
#10166 = CARTESIAN_POINT ( 'NONE',  ( 10.94117185123027100, -6.835580679676097800, 4.065758146820641600E-017 ) ) ;
#10167 = AXIS2_PLACEMENT_3D ( 'NONE', #4498, #8976, #3626 ) ;
#10168 = VECTOR ( 'NONE', #9321, 1000.000000000000000 ) ;
#10169 = CARTESIAN_POINT ( 'NONE',  ( 5.393968951792284200, -12.74344776061612600, -0.0000000000000000000 ) ) ;
#10170 = EDGE_CURVE ( 'NONE', #4001, #2493, #1826, .T. ) ;
#10171 = VECTOR ( 'NONE', #8732, 1000.000000000000000 ) ;
#10172 = EDGE_CURVE ( 'NONE', #9292, #5663, #1937, .T. ) ;
#10173 = DIRECTION ( 'NONE',  ( -0.0000000000000000000, -0.0000000000000000000, 1.000000000000000000 ) ) ;
#10174 = LINE ( 'NONE', #279, #7777 ) ;
#10175 = DIRECTION ( 'NONE',  ( -0.0000000000000000000, 0.0000000000000000000, 1.000000000000000000 ) ) ;
#10176 = VERTEX_POINT ( 'NONE', #2566 ) ;
#10177 = ORIENTED_EDGE ( 'NONE', *, *, #891, .F. ) ;
#10178 = LINE ( 'NONE', #8515, #9703 ) ;
#10179 = CARTESIAN_POINT ( 'NONE',  ( 10.64578102572302300, -2.078148592824445600, 0.1000000000000000100 ) ) ;
#10180 = FACE_OUTER_BOUND ( 'NONE', #11300, .T. ) ;
#10181 = CARTESIAN_POINT ( 'NONE',  ( 9.932224053107447000, -6.915973039061565700, 0.0000000000000000000 ) ) ;
#10182 = FACE_OUTER_BOUND ( 'NONE', #7726, .T. ) ;
#10183 = VERTEX_POINT ( 'NONE', #3472 ) ;
#10184 = CARTESIAN_POINT ( 'NONE',  ( 10.51510047334507200, -8.891804256652138200, -0.0000000000000000000 ) ) ;
#10185 = CARTESIAN_POINT ( 'NONE',  ( 10.67948353954195900, -5.581359900455316500, 0.1000000000000000100 ) ) ;
#10186 = EDGE_CURVE ( 'NONE', #11172, #5454, #4397, .T. ) ;
#10187 = ORIENTED_EDGE ( 'NONE', *, *, #6777, .F. ) ;
#10188 = DIRECTION ( 'NONE',  ( 1.000000000000000000, 0.0000000000000000000, 0.0000000000000000000 ) ) ;
#10189 = CARTESIAN_POINT ( 'NONE',  ( 10.83903212428664600, -9.300448956254912900, 1.355252715606880500E-017 ) ) ;
#10190 = VERTEX_POINT ( 'NONE', #1696 ) ;
#10191 = CARTESIAN_POINT ( 'NONE',  ( 9.244645029916135600, 4.777092958867349600, 0.1000000000000000100 ) ) ;
#10192 = LINE ( 'NONE', #8439, #10168 ) ;
#10193 = CARTESIAN_POINT ( 'NONE',  ( 10.12059713930768700, -7.381845506351312200, 5.421010862427522200E-017 ) ) ;
#10194 = ORIENTED_EDGE ( 'NONE', *, *, #1521, .T. ) ;
#10195 = CARTESIAN_POINT ( 'NONE',  ( 10.52980821486663600, -1.876489770585186600, 0.1000000000000000100 ) ) ;
#10196 = CARTESIAN_POINT ( 'NONE',  ( 40.49999999999999300, -8.381966011250115800, 0.0000000000000000000 ) ) ;
#10197 = ORIENTED_EDGE ( 'NONE', *, *, #584, .T. ) ;
#10198 = DIRECTION ( 'NONE',  ( 1.000000000000000000, 0.0000000000000000000, 0.0000000000000000000 ) ) ;
#10199 = VERTEX_POINT ( 'NONE', #10602 ) ;
#10200 = DIRECTION ( 'NONE',  ( -0.0000000000000000000, -0.0000000000000000000, -1.000000000000000000 ) ) ;
#10201 = ADVANCED_FACE ( 'NONE', ( #1813 ), #8890, .F. ) ;
#10202 = LINE ( 'NONE', #2228, #10066 ) ;
#10203 = ADVANCED_FACE ( 'NONE', ( #1636 ), #10684, .T. ) ;
#10204 = CARTESIAN_POINT ( 'NONE',  ( 10.05336569449130300, -6.628468109759400500, -0.0000000000000000000 ) ) ;
#10205 = ORIENTED_EDGE ( 'NONE', *, *, #2151, .T. ) ;
#10206 = FACE_OUTER_BOUND ( 'NONE', #3967, .T. ) ;
#10207 = DIRECTION ( 'NONE',  ( 1.000000000000000000, 0.0000000000000000000, 0.0000000000000000000 ) ) ;
#10208 = CARTESIAN_POINT ( 'NONE',  ( 10.16776703005813000, -6.376478933552907500, 0.0000000000000000000 ) ) ;
#10209 = AXIS2_PLACEMENT_3D ( 'NONE', #3446, #2690, #2638 ) ;
#10210 = EDGE_LOOP ( 'NONE', ( #11523, #5409, #9442, #15 ) ) ;
#10211 = FACE_OUTER_BOUND ( 'NONE', #629, .T. ) ;
#10212 = CARTESIAN_POINT ( 'NONE',  ( 36.49999999999999300, 19.00000000000000000, 8.099999999999999600 ) ) ;
#10213 = DIRECTION ( 'NONE',  ( -0.0000000000000000000, -0.0000000000000000000, 1.000000000000000000 ) ) ;
#10214 = DIRECTION ( 'NONE',  ( 0.0000000000000000000, 0.0000000000000000000, 1.000000000000000000 ) ) ;
#10215 = CARTESIAN_POINT ( 'NONE',  ( 36.49999999999998600, 15.00000000000000000, 5.399999999999999500 ) ) ;
#10216 = CARTESIAN_POINT ( 'NONE',  ( 44.50000000000000000, -17.99999999999999600, 8.099999999999999600 ) ) ;
#10217 = ORIENTED_EDGE ( 'NONE', *, *, #10098, .F. ) ;
#10218 = VECTOR ( 'NONE', #2414, 1000.000000000000000 ) ;
#10219 = CARTESIAN_POINT ( 'NONE',  ( 11.85464502991614900, 6.667092958867320000, 0.1000000000000000100 ) ) ;
#10220 = ORIENTED_EDGE ( 'NONE', *, *, #6232, .T. ) ;
#10221 = AXIS2_PLACEMENT_3D ( 'NONE', #8167, #2797, #9047 ) ;
#10222 = CARTESIAN_POINT ( 'NONE',  ( 10.24265141685730600, -7.180111121362063600, -1.355252715606880500E-017 ) ) ;
#10223 = EDGE_CURVE ( 'NONE', #171, #7820, #1536, .T. ) ;
#10224 = VERTEX_POINT ( 'NONE', #8052 ) ;
#10225 = ORIENTED_EDGE ( 'NONE', *, *, #11117, .T. ) ;
#10226 = LINE ( 'NONE', #2583, #9895 ) ;
#10227 = CARTESIAN_POINT ( 'NONE',  ( 10.16776703005813000, -6.376478933552907500, 0.1000000000000000100 ) ) ;
#10228 = LINE ( 'NONE', #3485, #1788 ) ;
#10229 = DIRECTION ( 'NONE',  ( -0.0000000000000000000, -0.0000000000000000000, -1.000000000000000000 ) ) ;
#10230 = CARTESIAN_POINT ( 'NONE',  ( 10.62318288017882900, -2.055975756323540800, 0.1000000000000000100 ) ) ;
#10231 = ORIENTED_EDGE ( 'NONE', *, *, #6674, .F. ) ;
#10232 = CARTESIAN_POINT ( 'NONE',  ( 11.21553682045396400, -2.054855381016079000, 0.1000000000000000100 ) ) ;
#10233 = DIRECTION ( 'NONE',  ( 0.0000000000000000000, 0.0000000000000000000, -1.000000000000000000 ) ) ;
#10234 = EDGE_CURVE ( 'NONE', #11203, #8067, #1480, .T. ) ;
#10235 = VERTEX_POINT ( 'NONE', #3579 ) ;
#10236 = EDGE_CURVE ( 'NONE', #2587, #3703, #1694, .T. ) ;
#10237 = DIRECTION ( 'NONE',  ( 1.000000000000000000, -0.0000000000000000000, 0.0000000000000000000 ) ) ;
#10238 = ORIENTED_EDGE ( 'NONE', *, *, #10621, .T. ) ;
#10239 = VECTOR ( 'NONE', #10003, 1000.000000000000000 ) ;
#10240 = DIRECTION ( 'NONE',  ( 0.0000000000000000000, 0.0000000000000000000, -1.000000000000000000 ) ) ;
#10241 = CARTESIAN_POINT ( 'NONE',  ( 10.21932831780222300, -7.180945155181614600, 0.1000000000000000100 ) ) ;
#10242 = ORIENTED_EDGE ( 'NONE', *, *, #6319, .F. ) ;
#10243 = DIRECTION ( 'NONE',  ( 1.000000000000000000, 0.0000000000000000000, -0.0000000000000000000 ) ) ;
#10244 = DIRECTION ( 'NONE',  ( -8.410780489584527900E-015, -1.000000000000000000, 0.0000000000000000000 ) ) ;
#10245 = CARTESIAN_POINT ( 'NONE',  ( 10.21200937172181600, -1.054469267640153000, 1.355252715606880500E-017 ) ) ;
#10246 = CARTESIAN_POINT ( 'NONE',  ( 10.61714587720429700, -3.503437822533238300, 0.1000000000000000100 ) ) ;
#10247 = ORIENTED_EDGE ( 'NONE', *, *, #1964, .F. ) ;
#10248 = VECTOR ( 'NONE', #968, 1000.000000000000000 ) ;
#10249 = ORIENTED_EDGE ( 'NONE', *, *, #7953, .T. ) ;
#10250 = CARTESIAN_POINT ( 'NONE',  ( 47.50000000000000000, 10.15004534589628400, 30.61942011011341700 ) ) ;
#10251 = DIRECTION ( 'NONE',  ( 1.000000000000000000, 0.0000000000000000000, 0.0000000000000000000 ) ) ;
#10252 = DIRECTION ( 'NONE',  ( 0.0000000000000000000, -0.0000000000000000000, -1.000000000000000000 ) ) ;
#10253 = ORIENTED_EDGE ( 'NONE', *, *, #6992, .T. ) ;
#10254 = EDGE_CURVE ( 'NONE', #11044, #1540, #1474, .T. ) ;
#10255 = ORIENTED_EDGE ( 'NONE', *, *, #9687, .F. ) ;
#10256 = EDGE_CURVE ( 'NONE', #4057, #10910, #1000, .T. ) ;
#10257 = DIRECTION ( 'NONE',  ( 0.0000000000000000000, -1.000000000000000000, 0.0000000000000000000 ) ) ;
#10258 = DIRECTION ( 'NONE',  ( -0.9961946980917453200, 0.08715574274766155200, 0.0000000000000000000 ) ) ;
#10259 = ADVANCED_FACE ( 'NONE', ( #1400 ), #1769, .F. ) ;
#10260 = FACE_OUTER_BOUND ( 'NONE', #9788, .T. ) ;
#10261 = ADVANCED_FACE ( 'NONE', ( #1259 ), #7251, .F. ) ;
#10262 = LINE ( 'NONE', #6643, #8727 ) ;
#10263 = EDGE_CURVE ( 'NONE', #1068, #7409, #1144, .T. ) ;
#10264 = CARTESIAN_POINT ( 'NONE',  ( 11.13662639668481600, -7.721619640715059200, 0.1000000000000000100 ) ) ;
#10265 = CARTESIAN_POINT ( 'NONE',  ( 10.21932831780222300, -7.180945155181614600, -1.355252715606880500E-017 ) ) ;
#10266 = CARTESIAN_POINT ( 'NONE',  ( 38.09747745019158300, 8.360238832869926600, 10.46456572665480800 ) ) ;
#10267 = ORIENTED_EDGE ( 'NONE', *, *, #10605, .F. ) ;
#10268 = CARTESIAN_POINT ( 'NONE',  ( 9.912530810469112600, -6.497034319115152300, 4.065758146820641600E-017 ) ) ;
#10269 = DIRECTION ( 'NONE',  ( -0.0000000000000000000, -0.0000000000000000000, -1.000000000000000000 ) ) ;
#10270 = ORIENTED_EDGE ( 'NONE', *, *, #6239, .F. ) ;
#10271 = CARTESIAN_POINT ( 'NONE',  ( 10.78142073132024800, -2.155287423538289300, 0.0000000000000000000 ) ) ;
#10272 = FACE_OUTER_BOUND ( 'NONE', #8118, .T. ) ;
#10273 = LINE ( 'NONE', #7529, #10112 ) ;
#10274 = AXIS2_PLACEMENT_3D ( 'NONE', #749, #719, #706 ) ;
#10275 = CARTESIAN_POINT ( 'NONE',  ( 10.08882381395976700, -1.313585744668043200, 0.1000000000000000100 ) ) ;
#10276 = MECHANICAL_CONTEXT ( 'NONE', #9388, 'mechanical' ) ;
#10277 = EDGE_LOOP ( 'NONE', ( #8968, #1909, #10074, #11655 ) ) ;
#10278 = ORIENTED_EDGE ( 'NONE', *, *, #1349, .T. ) ;
#10279 = CARTESIAN_POINT ( 'NONE',  ( 11.60838477929381100, -7.866061627699521000, 0.0000000000000000000 ) ) ;
#10280 = VECTOR ( 'NONE', #5733, 1000.000000000000000 ) ;
#10281 = CARTESIAN_POINT ( 'NONE',  ( 12.89929005983225700, 8.957317253416649200, 3.099999999999999600 ) ) ;
#10282 = LINE ( 'NONE', #7112, #4604 ) ;
#10283 = ADVANCED_FACE ( 'NONE', ( #1121 ), #10784, .F. ) ;
#10284 = CARTESIAN_POINT ( 'NONE',  ( 9.244645029916162200, 7.627092958867348400, 0.1000000000000000100 ) ) ;
#10285 = PLANE ( 'NONE',  #7624 ) ;
#10286 = ORIENTED_EDGE ( 'NONE', *, *, #1359, .F. ) ;
#10287 = ORIENTED_EDGE ( 'NONE', *, *, #10427, .F. ) ;
#10288 = AXIS2_PLACEMENT_3D ( 'NONE', #7309, #6528, #6489 ) ;
#10289 = CARTESIAN_POINT ( 'NONE',  ( 8.000000000000000000, 3.500000000000000400, 8.099999999999999600 ) ) ;
#10290 = CARTESIAN_POINT ( 'NONE',  ( 11.21258307535878800, -8.343021732289221500, -0.0000000000000000000 ) ) ;
#10291 = FACE_OUTER_BOUND ( 'NONE', #372, .T. ) ;
#10292 = DIRECTION ( 'NONE',  ( 0.0000000000000000000, -1.000000000000000000, 0.0000000000000000000 ) ) ;
#10293 = LINE ( 'NONE', #6625, #10461 ) ;
#10294 = CARTESIAN_POINT ( 'NONE',  ( 32.49999999999998600, -1.000000000000004400, 1.500000000000000000 ) ) ;
#10295 = CARTESIAN_POINT ( 'NONE',  ( 10.90026276032118000, -1.009931329026744900, 0.0000000000000000000 ) ) ;
#10296 = ORIENTED_EDGE ( 'NONE', *, *, #1544, .F. ) ;
#10297 = PLANE ( 'NONE',  #10657 ) ;
#10298 = CARTESIAN_POINT ( 'NONE',  ( 0.0000000000000000000, 0.0000000000000000000, 0.1000000000000000100 ) ) ;
#10299 = CARTESIAN_POINT ( 'NONE',  ( 10.17686910332160500, -1.903210317436061700, 0.1000000000000000100 ) ) ;
#10300 = VERTEX_POINT ( 'NONE', #9040 ) ;
#10301 = DIRECTION ( 'NONE',  ( -2.312964634635738300E-015, -1.000000000000000000, -0.0000000000000000000 ) ) ;
#10302 = DIRECTION ( 'NONE',  ( -0.0000000000000000000, -0.0000000000000000000, -1.000000000000000000 ) ) ;
#10303 = CARTESIAN_POINT ( 'NONE',  ( 13.64169637919543400, -8.000000000000076400, -23.17665792529315300 ) ) ;
#10304 = FACE_OUTER_BOUND ( 'NONE', #10663, .T. ) ;
#10305 = LINE ( 'NONE', #8994, #5048 ) ;
#10306 = CARTESIAN_POINT ( 'NONE',  ( 9.771970880938356500, -6.786378788674229100, 0.1000000000000000100 ) ) ;
#10307 = CARTESIAN_POINT ( 'NONE',  ( 10.49247055252897300, -8.757333926429343100, 4.065758146820641600E-017 ) ) ;
#10308 = CARTESIAN_POINT ( 'NONE',  ( 9.244645029916135600, 4.777092958867349600, 0.1000000000000000100 ) ) ;
#10309 = B_SPLINE_CURVE_WITH_KNOTS ( 'NONE', 3,
 ( #9823, #10375, #4058, #10857, #200, #7570, #3350, #7514, #4402, #5410, #3423, #2010, #4471, #5529, #8854, #11342, #3950, #11078, #11546 ),
 .UNSPECIFIED., .F., .F.,
 ( 4, 1, 1, 1, 1, 1, 1, 1, 1, 1, 1, 1, 1, 1, 1, 1, 4 ),
 ( 0.0000000000000000000, 0.04247725174223415700, 0.08564984268122363700, 0.1295241560119653700, 0.1747392652625907000, 0.2207872859387523000, 0.2686918309023235100, 0.3185063589088504300, 0.3703815457379741000, 0.4263202099207615800, 0.4886066751417476000, 0.5571296491666475300, 0.6322768469443734700, 0.7141486048484816400, 0.8028492197059247100, 0.8978374942361775400, 0.9999999999999998900 ),
 .UNSPECIFIED. ) ;
#10310 = VERTEX_POINT ( 'NONE', #950 ) ;
#10311 = EDGE_CURVE ( 'NONE', #5369, #11203, #1021, .T. ) ;
#10312 = ORIENTED_EDGE ( 'NONE', *, *, #4653, .F. ) ;
#10313 = CARTESIAN_POINT ( 'NONE',  ( 10.66266181860371500, -1.775913707278061700, 0.1000000000000000100 ) ) ;
#10314 = CARTESIAN_POINT ( 'NONE',  ( 10.07526276032118100, -5.124217043312459200, 0.1000000000000000100 ) ) ;
#10315 = VECTOR ( 'NONE', #10047, 1000.000000000000000 ) ;
#10316 = PERSON_AND_ORGANIZATION_ROLE ( 'classification_officer' ) ;
#10317 = FACE_OUTER_BOUND ( 'NONE', #9091, .T. ) ;
#10318 = CARTESIAN_POINT ( 'NONE',  ( 10.99694709330283100, -8.464251061740405600, 6.776263578034402700E-017 ) ) ;
#10319 = DIRECTION ( 'NONE',  ( -1.000000000000000000, 0.0000000000000000000, 0.0000000000000000000 ) ) ;
#10320 = VECTOR ( 'NONE', #4152, 1000.000000000000000 ) ;
#10321 = CARTESIAN_POINT ( 'NONE',  ( 9.744777480428494300, -1.619038867107050600, 0.1000000000000000100 ) ) ;
#10322 = ADVANCED_FACE ( 'NONE', ( #1283 ), #2831, .T. ) ;
#10323 = ADVANCED_FACE ( 'NONE', ( #963 ), #222, .F. ) ;
#10324 = EDGE_LOOP ( 'NONE', ( #944, #4515, #1528, #277, #2058, #8005, #8154, #40, #7217, #6343 ) ) ;
#10325 = DIRECTION ( 'NONE',  ( 0.0000000000000000000, 0.0000000000000000000, -1.000000000000000000 ) ) ;
#10326 = ORIENTED_EDGE ( 'NONE', *, *, #332, .T. ) ;
#10327 = AXIS2_PLACEMENT_3D ( 'NONE', #9318, #10207, #4855 ) ;
#10328 = CARTESIAN_POINT ( 'NONE',  ( 9.771970880938356500, -6.786378788674229100, -0.0000000000000000000 ) ) ;
#10329 = ORIENTED_EDGE ( 'NONE', *, *, #10082, .T. ) ;
#10330 = EDGE_CURVE ( 'NONE', #1649, #8776, #1030, .T. ) ;
#10331 = EDGE_CURVE ( 'NONE', #2463, #4001, #1043, .T. ) ;
#10332 = DIRECTION ( 'NONE',  ( -0.8320502943378382800, 0.5547001962252371400, -0.0000000000000000000 ) ) ;
#10333 = LINE ( 'NONE', #7715, #10320 ) ;
#10334 = VECTOR ( 'NONE', #5629, 1000.000000000000000 ) ;
#10335 = VERTEX_POINT ( 'NONE', #3024 ) ;
#10336 = CARTESIAN_POINT ( 'NONE',  ( 9.813979133170915900, -1.888597758159930700, 0.1000000000000000100 ) ) ;
#10337 = EDGE_CURVE ( 'NONE', #2033, #2883, #867, .T. ) ;
#10338 = CARTESIAN_POINT ( 'NONE',  ( 10.03793818041945100, -1.857889921572389200, 1.355252715606880500E-017 ) ) ;
#10339 = DIRECTION ( 'NONE',  ( 0.0000000000000000000, -0.0000000000000000000, -1.000000000000000000 ) ) ;
#10340 = VERTEX_POINT ( 'NONE', #5724 ) ;
#10341 = CARTESIAN_POINT ( 'NONE',  ( 30.49999999999998600, -2.000000000000000000, 5.099999999999999600 ) ) ;
#10342 = ORIENTED_EDGE ( 'NONE', *, *, #3246, .T. ) ;
#10343 = VECTOR ( 'NONE', #10175, 1000.000000000000000 ) ;
#10344 = LINE ( 'NONE', #2605, #9264 ) ;
#10345 = DIRECTION ( 'NONE',  ( -0.0000000000000000000, -0.0000000000000000000, -1.000000000000000000 ) ) ;
#10346 = CARTESIAN_POINT ( 'NONE',  ( 11.36519782525624600, -4.319346913442329200, 0.1000000000000000100 ) ) ;
#10347 = CARTESIAN_POINT ( 'NONE',  ( 9.785977046035466000, -8.439476783572201800, -0.0000000000000000000 ) ) ;
#10348 = DIRECTION ( 'NONE',  ( 0.0000000000000000000, 0.0000000000000000000, -1.000000000000000000 ) ) ;
#10349 = ORIENTED_EDGE ( 'NONE', *, *, #11649, .F. ) ;
#10350 = CARTESIAN_POINT ( 'NONE',  ( 10.69597624096103900, -2.116050974627483600, 0.0000000000000000000 ) ) ;
#10351 = CARTESIAN_POINT ( 'NONE',  ( 10.91992137200117700, -1.015996257207345100, -0.0000000000000000000 ) ) ;
#10352 = CARTESIAN_POINT ( 'NONE',  ( 8.000000000000007100, 9.157317253416650300, 3.099999999999998800 ) ) ;
#10353 = CARTESIAN_POINT ( 'NONE',  ( 10.51198695906923500, -8.629415935035190400, 4.065758146820641600E-017 ) ) ;
#10354 = EDGE_LOOP ( 'NONE', ( #1828, #11476, #10870, #5559 ) ) ;
#10355 = CARTESIAN_POINT ( 'NONE',  ( 36.49999999999999300, -6.381966011250110400, -17.91005284086394400 ) ) ;
#10356 = LINE ( 'NONE', #462, #5790 ) ;
#10357 = CARTESIAN_POINT ( 'NONE',  ( 0.7879379035845669500, 7.849539771895425000, 1.000000000000000900 ) ) ;
#10358 = VERTEX_POINT ( 'NONE', #6583 ) ;
#10359 = VECTOR ( 'NONE', #10623, 1000.000000000000000 ) ;
#10360 = CARTESIAN_POINT ( 'NONE',  ( 11.09199554551417300, -1.895370054049444000, 0.1000000000000000100 ) ) ;
#10361 = CARTESIAN_POINT ( 'NONE',  ( 6.079333650797273900, -13.47164775330892900, 0.0000000000000000000 ) ) ;
#10362 = CARTESIAN_POINT ( 'NONE',  ( 10.81974327980170100, -9.300840419935838100, 0.1000000000000000100 ) ) ;
#10363 = EDGE_CURVE ( 'NONE', #8522, #8015, #892, .T. ) ;
#10364 = ORIENTED_EDGE ( 'NONE', *, *, #2855, .F. ) ;
#10365 = CARTESIAN_POINT ( 'NONE',  ( 10.49367214401136100, -8.712608725564843200, 0.1000000000000000100 ) ) ;
#10366 = CARTESIAN_POINT ( 'NONE',  ( 10.93758005966345300, -6.561440636374559400, 0.1000000000000000100 ) ) ;
#10367 = ADVANCED_FACE ( 'NONE', ( #710 ), #3971, .F. ) ;
#10368 = AXIS2_PLACEMENT_3D ( 'NONE', #10555, #4878, #6194 ) ;
#10369 = VECTOR ( 'NONE', #4708, 1000.000000000000000 ) ;
#10370 = CARTESIAN_POINT ( 'NONE',  ( 11.25054580489118500, -2.018713717005374600, -0.0000000000000000000 ) ) ;
#10371 = VECTOR ( 'NONE', #5728, 1000.000000000000000 ) ;
#10372 = FACE_OUTER_BOUND ( 'NONE', #10277, .T. ) ;
#10373 = ORIENTED_EDGE ( 'NONE', *, *, #4558, .F. ) ;
#10374 = CARTESIAN_POINT ( 'NONE',  ( 11.85464502991611500, 3.107092958867321300, 0.1000000000000000100 ) ) ;
#10375 = CARTESIAN_POINT ( 'NONE',  ( 11.35404076470146800, -6.329789043543558900, 0.1000000000000000100 ) ) ;
#10376 = DIRECTION ( 'NONE',  ( -1.000000000000000000, 0.0000000000000000000, 0.0000000000000000000 ) ) ;
#10377 = CARTESIAN_POINT ( 'NONE',  ( 10.20773029278871400, -7.181359900455318800, 0.1000000000000000100 ) ) ;
#10378 = DIRECTION ( 'NONE',  ( 1.430894232241331700E-016, 1.000000000000000000, 0.0000000000000000000 ) ) ;
#10379 = CARTESIAN_POINT ( 'NONE',  ( 32.49999999999998600, -1.000000000000004400, 1.500000000000000000 ) ) ;
#10381 = DIRECTION ( 'NONE',  ( 0.0000000000000000000, -0.0000000000000000000, -1.000000000000000000 ) ) ;
#10380 = CARTESIAN_POINT ( 'NONE',  ( 38.50000000000000000, -15.50000000000000000, 8.099999999999999600 ) ) ;
#10382 = CARTESIAN_POINT ( 'NONE',  ( 8.000000000000007100, 6.993559577416268000, 3.099999999999998800 ) ) ;
#10383 = VERTEX_POINT ( 'NONE', #2147 ) ;
#10384 = CARTESIAN_POINT ( 'NONE',  ( 11.36519782525624600, -6.329411848507266600, 0.1000000000000000100 ) ) ;
#10385 = VERTEX_POINT ( 'NONE', #302 ) ;
#10386 = CALENDAR_DATE ( 2016, 24, 8 ) ;
#10387 = ADVANCED_FACE ( 'NONE', ( #468 ), #6663, .T. ) ;
#10388 = ORIENTED_EDGE ( 'NONE', *, *, #3187, .T. ) ;
#10389 = B_SPLINE_CURVE_WITH_KNOTS ( 'NONE', 3,
 ( #6672, #1251, #348, #6718, #1291, #7616, #2242, #8519, #3157, #9408, #4060, #10290, #4950, #11184, #5852, #396, #6760, #1333, #7657 ),
 .UNSPECIFIED., .F., .F.,
 ( 4, 1, 1, 1, 1, 1, 1, 1, 1, 1, 1, 1, 1, 1, 1, 1, 4 ),
 ( 0.0000000000000000000, 0.06521423053649375000, 0.1286118095654761300, 0.1905796646220392400, 0.2515319571563813300, 0.3113487765186087100, 0.3714034061539061600, 0.4313695500323079800, 0.4918384823751291700, 0.5524689629454202500, 0.6126351780532921500, 0.6725515884428326900, 0.7334809507766516500, 0.7958907167253734800, 0.8608645147647455700, 0.9285173266621064000, 1.000000000000000000 ),
 .UNSPECIFIED. ) ;
#10390 = ADVANCED_FACE ( 'NONE', ( #522 ), #5764, .F. ) ;
#10391 = CARTESIAN_POINT ( 'NONE',  ( 11.13164392468499600, -1.407476633278807600, 0.1000000000000000100 ) ) ;
#10392 = ORIENTED_EDGE ( 'NONE', *, *, #3330, .T. ) ;
#10393 = PLANE ( 'NONE',  #2441 ) ;
#10394 = CARTESIAN_POINT ( 'NONE',  ( 35.49999999999999300, 21.00000000000000000, 8.099999999999999600 ) ) ;
#10395 = CARTESIAN_POINT ( 'NONE',  ( 0.0000000000000000000, 12.50000000000000000, 8.099999999999999600 ) ) ;
#10396 = PLANE ( 'NONE',  #7088 ) ;
#10397 = DIRECTION ( 'NONE',  ( 0.2747211278973782400, -0.9615239476408230500, -0.0000000000000000000 ) ) ;
#10398 = ORIENTED_EDGE ( 'NONE', *, *, #3880, .F. ) ;
#10399 = ORIENTED_EDGE ( 'NONE', *, *, #6064, .T. ) ;
#10400 = LINE ( 'NONE', #9460, #5983 ) ;
#10401 = PLANE ( 'NONE',  #10067 ) ;
#10402 = CARTESIAN_POINT ( 'NONE',  ( 15.10296701856556100, 12.83456326127513100, 5.000000000000000000 ) ) ;
#10403 = EDGE_LOOP ( 'NONE', ( #2882, #5851, #3969, #53 ) ) ;
#10404 = B_SPLINE_CURVE_WITH_KNOTS ( 'NONE', 3,
 ( #6764, #1542, #496, #1590, #1162, #673, #1473, #3984, #2471, #10551, #6976, #10204, #5201, #3429, #3393, #2963, #5189, #4129, #8199 ),
 .UNSPECIFIED., .F., .F.,
 ( 4, 1, 1, 1, 1, 1, 1, 1, 1, 1, 1, 1, 1, 1, 1, 1, 4 ),
 ( 0.0000000000000000000, 0.06449554760388176400, 0.1260758752336771400, 0.1865616218797896400, 0.2456405728377752400, 0.3034057950882228000, 0.3616592510682221100, 0.4194731082736434800, 0.4784201700534475000, 0.5379366408189075700, 0.5969936307014942500, 0.6574400463226632900, 0.7192656450759815600, 0.7841488779789057600, 0.8521207861077928500, 0.9236510176338959000, 1.000000000000000000 ),
 .UNSPECIFIED. ) ;
#10405 = ORIENTED_EDGE ( 'NONE', *, *, #3247, .F. ) ;
#10406 = CARTESIAN_POINT ( 'NONE',  ( 11.21346033640461400, -8.828871588529628100, 0.1000000000000000100 ) ) ;
#10407 = EDGE_CURVE ( 'NONE', #7322, #10717, #729, .T. ) ;
#10408 = EDGE_CURVE ( 'NONE', #5193, #7986, #559, .T. ) ;
#10409 = CARTESIAN_POINT ( 'NONE',  ( 11.36519782525624600, -2.464476783572199500, 0.1000000000000000100 ) ) ;
#10410 = DIRECTION ( 'NONE',  ( 0.0000000000000000000, 0.0000000000000000000, -1.000000000000000000 ) ) ;
#10411 = CARTESIAN_POINT ( 'NONE',  ( 10.69735246632516600, -9.070373652905216100, 0.1000000000000000100 ) ) ;
#10412 = LINE ( 'NONE', #9438, #5510 ) ;
#10413 = VECTOR ( 'NONE', #3679, 1000.000000000000000 ) ;
#10414 = DIRECTION ( 'NONE',  ( -0.0000000000000000000, -0.0000000000000000000, 1.000000000000000000 ) ) ;
#10415 = CARTESIAN_POINT ( 'NONE',  ( 10.95840463148747400, -1.027868825257370900, 0.0000000000000000000 ) ) ;
#10416 = ORIENTED_EDGE ( 'NONE', *, *, #8161, .T. ) ;
#10417 = ADVANCED_FACE ( 'NONE', ( #393 ), #483, .F. ) ;
#10418 = VERTEX_POINT ( 'NONE', #10380 ) ;
#10419 = ORIENTED_EDGE ( 'NONE', *, *, #8081, .T. ) ;
#10420 = VECTOR ( 'NONE', #3568, 1000.000000000000000 ) ;
#10421 = CC_DESIGN_APPROVAL ( #9815, ( #8042 ) ) ;
#10422 = CARTESIAN_POINT ( 'NONE',  ( 45.00000000000000000, -6.849954654103714600, 4.500000000000000000 ) ) ;
#10423 = LINE ( 'NONE', #2297, #8094 ) ;
#10424 = CARTESIAN_POINT ( 'NONE',  ( 10.20773029278871400, -7.181359900455318800, -1.355252715606880500E-017 ) ) ;
#10425 = CARTESIAN_POINT ( 'NONE',  ( 11.22708518053002500, -18.50000000000000000, 8.099999999999999600 ) ) ;
#10426 = EDGE_CURVE ( 'NONE', #7860, #2013, #341, .T. ) ;
#10427 = EDGE_CURVE ( 'NONE', #3882, #9626, #125, .T. ) ;
#10428 = PLANE ( 'NONE',  #7925 ) ;
#10429 = CARTESIAN_POINT ( 'NONE',  ( 0.7879379035845669500, -7.849539771895425000, 5.000000000000000000 ) ) ;
#10430 = EDGE_LOOP ( 'NONE', ( #3685, #300, #2932, #1845 ) ) ;
#10431 = EDGE_CURVE ( 'NONE', #1364, #1862, #70, .T. ) ;
#10432 = ORIENTED_EDGE ( 'NONE', *, *, #6451, .T. ) ;
#10433 = DIRECTION ( 'NONE',  ( -0.1170409738289327300, 0.9931270867543463600, 0.0000000000000000000 ) ) ;
#10434 = EDGE_CURVE ( 'NONE', #9411, #7374, #141, .T. ) ;
#10435 = CARTESIAN_POINT ( 'NONE',  ( 10.22071730577572700, -6.370970290065707300, -0.0000000000000000000 ) ) ;
#10436 = CARTESIAN_POINT ( 'NONE',  ( 10.93758005966345300, -6.561440636374559400, -0.0000000000000000000 ) ) ;
#10437 = LINE ( 'NONE', #2313, #10523 ) ;
#10438 = B_SPLINE_SURFACE_WITH_KNOTS ( 'NONE', 3, 1, ( 
 ( #2805, #5429 ),
 ( #9056, #3714 ),
 ( #9954, #4614 ),
 ( #10834, #5509 ),
 ( #24, #6407 ),
 ( #969, #7304 ),
 ( #1906, #8210 ),
 ( #2846, #9102 ),
 ( #3751, #9992 ),
 ( #4650, #10875 ),
 ( #5545, #68 ),
 ( #6444, #1007 ),
 ( #7338, #1948 ),
 ( #8247, #2886 ),
 ( #9142, #3789 ),
 ( #10025, #4685 ),
 ( #10909, #5584 ),
 ( #104, #6481 ),
 ( #1051, #7379 ) ),
 .UNSPECIFIED., .F., .F., .F.,
 ( 4, 1, 1, 1, 1, 1, 1, 1, 1, 1, 1, 1, 1, 1, 1, 1, 4 ),
 ( 2, 2 ),
 ( 0.0000000000000000000, 0.07838734050523615800, 0.1536549588236297600, 0.2249357462230477400, 0.2934098647695647100, 0.3591934033542981100, 0.4223523138239232400, 0.4850146016283134500, 0.5463378600403329100, 0.6061245922212833400, 0.6635572747869394900, 0.7196155206519558900, 0.7743231638842452700, 0.8291307602630213500, 0.8843363595439787100, 0.9411823477125594900, 1.000000000000000000 ),
 ( 0.0000000000000000000, 1.000000000000000000 ),
 .UNSPECIFIED. ) ;
#10439 = CARTESIAN_POINT ( 'NONE',  ( 11.36519782525624600, -7.389152108247526700, -0.0000000000000000000 ) ) ;
#10440 = CARTESIAN_POINT ( 'NONE',  ( 7.999999999999996400, 21.00000000000000000, 8.099999999999999600 ) ) ;
#10441 = CARTESIAN_POINT ( 'NONE',  ( 10.56758771622028300, -1.975801299284803700, 0.0000000000000000000 ) ) ;
#10442 = DIRECTION ( 'NONE',  ( -1.000000000000000000, 0.0000000000000000000, 0.0000000000000000000 ) ) ;
#10443 = ORIENTED_EDGE ( 'NONE', *, *, #2134, .F. ) ;
#10444 = CARTESIAN_POINT ( 'NONE',  ( 40.50000000000000000, 17.50000000000000000, 8.099999999999996100 ) ) ;
#10445 = ORIENTED_EDGE ( 'NONE', *, *, #3076, .T. ) ;
#10446 = VECTOR ( 'NONE', #9500, 1000.000000000000000 ) ;
#10447 = AXIS2_PLACEMENT_3D ( 'NONE', #1835, #2400, #1790 ) ;
#10448 = FACE_OUTER_BOUND ( 'NONE', #10577, .T. ) ;
#10449 = CARTESIAN_POINT ( 'NONE',  ( 40.49999999999999300, -9.500000000000003600, 8.099999999999999600 ) ) ;
#10450 = DIRECTION ( 'NONE',  ( 1.000000000000000000, 0.0000000000000000000, 0.0000000000000000000 ) ) ;
#10451 = DIRECTION ( 'NONE',  ( 0.0000000000000000000, -1.000000000000000000, 0.0000000000000000000 ) ) ;
#10452 = CARTESIAN_POINT ( 'NONE',  ( 44.50000000000000000, 18.00000000000000400, 8.099999999999999600 ) ) ;
#10453 = ADVANCED_FACE ( 'NONE', ( #8865 ), #4233, .F. ) ;
#10454 = ORIENTED_EDGE ( 'NONE', *, *, #9528, .T. ) ;
#10455 = ADVANCED_FACE ( 'NONE', ( #5718 ), #1470, .F. ) ;
#10456 = ORIENTED_EDGE ( 'NONE', *, *, #4976, .F. ) ;
#10457 = CARTESIAN_POINT ( 'NONE',  ( 33.39638873255677300, -21.63736056394868600, 8.099999999999999600 ) ) ;
#10458 = CARTESIAN_POINT ( 'NONE',  ( 10.88102803631567500, -9.092537671883741600, 0.1000000000000000100 ) ) ;
#10459 = ORIENTED_EDGE ( 'NONE', *, *, #6992, .F. ) ;
#10460 = CARTESIAN_POINT ( 'NONE',  ( 11.09738580441326200, -2.135278013068573800, 0.1000000000000000100 ) ) ;
#10461 = VECTOR ( 'NONE', #2153, 1000.000000000000000 ) ;
#10462 = VERTEX_POINT ( 'NONE', #8713 ) ;
#10463 = CARTESIAN_POINT ( 'NONE',  ( 10.28365152351438100, -2.097854483784855600, -0.0000000000000000000 ) ) ;
#10464 = CARTESIAN_POINT ( 'NONE',  ( 8.000000000000007100, 9.157317253416650300, 8.099999999999999600 ) ) ;
#10465 = ORIENTED_EDGE ( 'NONE', *, *, #10635, .T. ) ;
#10466 = LINE ( 'NONE', #1122, #11137 ) ;
#10467 = DIRECTION ( 'NONE',  ( 1.000000000000000000, 0.0000000000000000000, -0.0000000000000000000 ) ) ;
#10468 = CARTESIAN_POINT ( 'NONE',  ( 35.49999999999999300, -1.000000000000005100, 1.500000000000000000 ) ) ;
#10469 = EDGE_CURVE ( 'NONE', #5026, #6147, #3917, .T. ) ;
#10470 = VECTOR ( 'NONE', #5961, 1000.000000000000000 ) ;
#10471 = CARTESIAN_POINT ( 'NONE',  ( 11.01361903091841100, -1.048839814039492300, -0.0000000000000000000 ) ) ;
#10472 = VECTOR ( 'NONE', #10414, 1000.000000000000000 ) ;
#10473 = CARTESIAN_POINT ( 'NONE',  ( 11.13464502991613800, 5.017092958867329400, 0.1000000000000000100 ) ) ;
#10474 = ORIENTED_EDGE ( 'NONE', *, *, #8486, .F. ) ;
#10475 = PLANE ( 'NONE',  #2017 ) ;
#10476 = DIRECTION ( 'NONE',  ( 0.0000000000000000000, -0.0000000000000000000, 1.000000000000000000 ) ) ;
#10477 = CARTESIAN_POINT ( 'NONE',  ( 11.33154400603401300, -6.330549608179767400, 0.1000000000000000100 ) ) ;
#10478 = CARTESIAN_POINT ( 'NONE',  ( 9.972990033048454000, -8.595645614741032500, 0.1000000000000000100 ) ) ;
#10479 = LINE ( 'NONE', #3391, #482 ) ;
#10480 = DIRECTION ( 'NONE',  ( -0.0000000000000000000, 1.000000000000000000, 0.0000000000000000000 ) ) ;
#10481 = EDGE_CURVE ( 'NONE', #1478, #678, #8466, .T. ) ;
#10482 = FACE_OUTER_BOUND ( 'NONE', #61, .T. ) ;
#10483 = EDGE_CURVE ( 'NONE', #864, #8888, #7764, .T. ) ;
#10484 = LINE ( 'NONE', #464, #4689 ) ;
#10485 = CARTESIAN_POINT ( 'NONE',  ( 40.49999999999999300, -8.381966011250106900, -17.91005284086394400 ) ) ;
#10486 = CARTESIAN_POINT ( 'NONE',  ( 10.46025129589395100, -1.978795567053953000, 0.0000000000000000000 ) ) ;
#10487 = ORIENTED_EDGE ( 'NONE', *, *, #7133, .F. ) ;
#10488 = ORIENTED_EDGE ( 'NONE', *, *, #2866, .T. ) ;
#10489 = EDGE_LOOP ( 'NONE', ( #230, #4015, #11236, #8444 ) ) ;
#10490 = DIRECTION ( 'NONE',  ( -0.0000000000000000000, -0.0000000000000000000, -1.000000000000000000 ) ) ;
#10491 = CARTESIAN_POINT ( 'NONE',  ( 9.745482001720654700, -1.654127461886333500, 0.1000000000000000100 ) ) ;
#10492 = VECTOR ( 'NONE', #1507, 1000.000000000000300 ) ;
#10493 = ADVANCED_FACE ( 'NONE', ( #11486 ), #5160, .T. ) ;
#10494 = LINE ( 'NONE', #8197, #8086 ) ;
#10495 = CARTESIAN_POINT ( 'NONE',  ( 9.765197825256244400, -3.503437822533238300, -0.0000000000000000000 ) ) ;
#10496 = B_SPLINE_SURFACE_WITH_KNOTS ( 'NONE', 3, 1, ( 
 ( #9765, #6898 ),
 ( #10652, #5316 ),
 ( #11534, #6210 ),
 ( #768, #7119 ),
 ( #1701, #8020 ),
 ( #2656, #8898 ),
 ( #3557, #9800 ),
 ( #4458, #10690 ),
 ( #5348, #11566 ),
 ( #6248, #805 ),
 ( #7155, #1733 ),
 ( #8060, #2691 ),
 ( #8940, #3586 ),
 ( #9833, #4493 ),
 ( #10724, #5382 ),
 ( #11602, #6285 ),
 ( #842, #7188 ),
 ( #1775, #8090 ),
 ( #2727, #8971 ) ),
 .UNSPECIFIED., .F., .F., .F.,
 ( 4, 1, 1, 1, 1, 1, 1, 1, 1, 1, 1, 1, 1, 1, 1, 1, 4 ),
 ( 2, 2 ),
 ( 0.0000000000000000000, 0.07294563919508979800, 0.1430049213093403400, 0.2107544345251198800, 0.2759870974140387100, 0.3392869077613638300, 0.4024502959450458900, 0.4649271051707017900, 0.5278270476925393000, 0.5900617648565218400, 0.6502710416541022100, 0.7081984835580834600, 0.7657674231517872500, 0.8233401086504047500, 0.8810026228638996300, 0.9395226882961748000, 1.000000000000000000 ),
 ( 0.0000000000000000000, 1.000000000000000000 ),
 .UNSPECIFIED. ) ;
#10497 = CARTESIAN_POINT ( 'NONE',  ( 10.76555718252051200, -6.757922293632256000, 2.710505431213761100E-017 ) ) ;
#10498 = VERTEX_POINT ( 'NONE', #6131 ) ;
#10499 = CARTESIAN_POINT ( 'NONE',  ( 10.91853306535760000, -9.087569176411744100, 1.355252715606880500E-017 ) ) ;
#10500 = EDGE_CURVE ( 'NONE', #2587, #3847, #8696, .T. ) ;
#10501 = EDGE_CURVE ( 'NONE', #5190, #4664, #7727, .T. ) ;
#10502 = ORIENTED_EDGE ( 'NONE', *, *, #11158, .T. ) ;
#10503 = CIRCLE ( 'NONE', #4333, 1.749999999999999800 ) ;
#10504 = DIRECTION ( 'NONE',  ( 0.0000000000000000000, 0.0000000000000000000, 1.000000000000000000 ) ) ;
#10505 = EDGE_CURVE ( 'NONE', #4039, #3543, #9286, .T. ) ;
#10506 = CARTESIAN_POINT ( 'NONE',  ( 11.85464502991615600, 6.907092958867320200, 0.1000000000000000100 ) ) ;
#10507 = ORIENTED_EDGE ( 'NONE', *, *, #3880, .T. ) ;
#10508 = LINE ( 'NONE', #8396, #10343 ) ;
#10509 = ADVANCED_FACE ( 'NONE', ( #8765 ), #2524, .F. ) ;
#10510 = DIRECTION ( 'NONE',  ( 0.0000000000000000000, -1.000000000000000000, 0.0000000000000000000 ) ) ;
#10511 = ORIENTED_EDGE ( 'NONE', *, *, #11386, .F. ) ;
#10512 = ADVANCED_FACE ( 'NONE', ( #7216 ), #1654, .F. ) ;
#10513 = VECTOR ( 'NONE', #7344, 1000.000000000000000 ) ;
#10514 = DIRECTION ( 'NONE',  ( -1.000000000000000000, 0.0000000000000000000, -0.0000000000000000000 ) ) ;
#10515 = EDGE_LOOP ( 'NONE', ( #10882, #4636, #7460, #8115 ) ) ;
#10516 = VECTOR ( 'NONE', #3781, 1000.000000000000000 ) ;
#10517 = CARTESIAN_POINT ( 'NONE',  ( 11.06480849772313500, -1.072738678181460500, 0.0000000000000000000 ) ) ;
#10518 = EDGE_CURVE ( 'NONE', #1721, #3744, #10999, .T. ) ;
#10519 = CARTESIAN_POINT ( 'NONE',  ( 8.000000000000000000, 5.249999999999999100, 3.250000000000000400 ) ) ;
#10520 = AXIS2_PLACEMENT_3D ( 'NONE', #8476, #158, #2892 ) ;
#10521 = VERTEX_POINT ( 'NONE', #9758 ) ;
#10522 = DIRECTION ( 'NONE',  ( 0.0000000000000000000, 0.0000000000000000000, -1.000000000000000000 ) ) ;
#10523 = VECTOR ( 'NONE', #1869, 1000.000000000000000 ) ;
#10524 = CARTESIAN_POINT ( 'NONE',  ( 10.20464502991615100, 6.667092958867337800, 0.1000000000000000100 ) ) ;
#10525 = ORIENTED_EDGE ( 'NONE', *, *, #112, .T. ) ;
#10526 = VECTOR ( 'NONE', #9609, 1000.000000000000000 ) ;
#10527 = CARTESIAN_POINT ( 'NONE',  ( 9.813979133170915900, -1.888597758159930700, 0.1000000000000000100 ) ) ;
#10528 = ORIENTED_EDGE ( 'NONE', *, *, #1759, .T. ) ;
#10529 = DIRECTION ( 'NONE',  ( 0.0000000000000000000, -0.0000000000000000000, -1.000000000000000000 ) ) ;
#10530 = VERTEX_POINT ( 'NONE', #7976 ) ;
#10531 = AXIS2_PLACEMENT_3D ( 'NONE', #7731, #3990, #7836 ) ;
#10532 = DIRECTION ( 'NONE',  ( -9.637352644315593600E-015, -1.000000000000000000, 0.0000000000000000000 ) ) ;
#10533 = AXIS2_PLACEMENT_3D ( 'NONE', #2253, #5799, #5821 ) ;
#10534 = LINE ( 'NONE', #9605, #6675 ) ;
#10535 = ORIENTED_EDGE ( 'NONE', *, *, #10780, .F. ) ;
#10536 = VECTOR ( 'NONE', #5295, 1000.000000000000000 ) ;
#10537 = EDGE_LOOP ( 'NONE', ( #771, #711, #4131, #2618 ) ) ;
#10538 = CARTESIAN_POINT ( 'NONE',  ( 11.21550088231292900, -8.700463751114330800, 6.776263578034402700E-017 ) ) ;
#10539 = CARTESIAN_POINT ( 'NONE',  ( 47.50000000000000000, 10.15004534589628400, 0.0000000000000000000 ) ) ;
#10540 = ORIENTED_EDGE ( 'NONE', *, *, #8999, .T. ) ;
#10541 = CARTESIAN_POINT ( 'NONE',  ( 10.00856492548280000, -2.075499289270454500, -0.0000000000000000000 ) ) ;
#10542 = CARTESIAN_POINT ( 'NONE',  ( 42.49999999999999300, -6.712520664578059700, 0.0000000000000000000 ) ) ;
#10543 = FACE_OUTER_BOUND ( 'NONE', #231, .T. ) ;
#10544 = LINE ( 'NONE', #4824, #10371 ) ;
#10545 = CARTESIAN_POINT ( 'NONE',  ( 10.26389912395754300, -1.259281978377394100, 1.355252715606880500E-017 ) ) ;
#10546 = ORIENTED_EDGE ( 'NONE', *, *, #3054, .T. ) ;
#10547 = CARTESIAN_POINT ( 'NONE',  ( 11.36411679877882900, -8.925101272260981500, 1.355252715606880500E-017 ) ) ;
#10548 = EDGE_CURVE ( 'NONE', #7240, #6288, #9083, .T. ) ;
#10549 = ORIENTED_EDGE ( 'NONE', *, *, #3805, .T. ) ;
#10550 = VERTEX_POINT ( 'NONE', #8012 ) ;
#10551 = CARTESIAN_POINT ( 'NONE',  ( 10.00931351702960900, -6.667285764018435800, -0.0000000000000000000 ) ) ;
#10552 = DIRECTION ( 'NONE',  ( 0.0000000000000000000, -0.0000000000000000000, 1.000000000000000000 ) ) ;
#10553 = FACE_OUTER_BOUND ( 'NONE', #6247, .T. ) ;
#10554 = LINE ( 'NONE', #10379, #2554 ) ;
#10555 = CARTESIAN_POINT ( 'NONE',  ( 44.50000000000000000, -17.99999999999999600, -8.732124598286484100 ) ) ;
#10556 = EDGE_LOOP ( 'NONE', ( #7202, #3226, #12, #7751 ) ) ;
#10557 = EDGE_CURVE ( 'NONE', #5500, #551, #8805, .T. ) ;
#10558 = EDGE_CURVE ( 'NONE', #9471, #6164, #10282, .T. ) ;
#10559 = CARTESIAN_POINT ( 'NONE',  ( 15.10296701856556100, -12.83456326127513100, 5.000000000000000000 ) ) ;
#10560 = DIRECTION ( 'NONE',  ( -0.0000000000000000000, -0.0000000000000000000, 1.000000000000000000 ) ) ;
#10561 = CARTESIAN_POINT ( 'NONE',  ( 10.41659012387315100, -7.112946417883375000, -0.0000000000000000000 ) ) ;
#10562 = EDGE_LOOP ( 'NONE', ( #8588, #10296 ) ) ;
#10563 = ADVANCED_FACE ( 'NONE', ( #5884 ), #2927, .T. ) ;
#10564 = VECTOR ( 'NONE', #4862, 1000.000000000000000 ) ;
#10565 = VECTOR ( 'NONE', #10130, 1000.000000000000000 ) ;
#10566 = CARTESIAN_POINT ( 'NONE',  ( 19.33333333333329300, -8.000000000000076400, -23.17665792529315300 ) ) ;
#10567 = CARTESIAN_POINT ( 'NONE',  ( 10.35784993088617500, -1.834205528789036400, 0.0000000000000000000 ) ) ;
#10568 = ORIENTED_EDGE ( 'NONE', *, *, #2320, .F. ) ;
#10569 = ORIENTED_EDGE ( 'NONE', *, *, #8692, .T. ) ;
#10570 = PLANE ( 'NONE',  #7761 ) ;
#10571 = DIRECTION ( 'NONE',  ( -1.000000000000000000, -0.0000000000000000000, -0.0000000000000000000 ) ) ;
#10572 = EDGE_LOOP ( 'NONE', ( #2970, #7634, #2123, #2106 ) ) ;
#10573 = VECTOR ( 'NONE', #10397, 1000.000000000000200 ) ;
#10574 = DIRECTION ( 'NONE',  ( 1.000000000000000000, 0.0000000000000000000, -0.0000000000000000000 ) ) ;
#10575 = CARTESIAN_POINT ( 'NONE',  ( 32.49999999999998600, 18.50000000000000000, 0.0000000000000000000 ) ) ;
#10576 = VERTEX_POINT ( 'NONE', #9862 ) ;
#10577 = EDGE_LOOP ( 'NONE', ( #8695, #6325, #6816, #8264 ) ) ;
#10578 = PLANE ( 'NONE',  #9176 ) ;
#10579 = ADVANCED_FACE ( 'NONE', ( #5649 ), #4521, .T. ) ;
#10580 = VERTEX_POINT ( 'NONE', #6315 ) ;
#10581 = VECTOR ( 'NONE', #11568, 1000.000000000000000 ) ;
#10582 = EDGE_CURVE ( 'NONE', #2558, #7006, #581, .T. ) ;
#10583 = DIRECTION ( 'NONE',  ( 1.000000000000000000, 0.0000000000000000000, 0.0000000000000000000 ) ) ;
#10584 = ORIENTED_EDGE ( 'NONE', *, *, #5563, .T. ) ;
#10585 = EDGE_LOOP ( 'NONE', ( #9204, #1468, #2180, #5831 ) ) ;
#10586 = ORIENTED_EDGE ( 'NONE', *, *, #1198, .T. ) ;
#10587 = DIRECTION ( 'NONE',  ( -1.000000000000000000, -1.194072084819446200E-015, 0.0000000000000000000 ) ) ;
#10588 = CARTESIAN_POINT ( 'NONE',  ( 10.24265141685730600, -7.180111121362063600, 0.0000000000000000000 ) ) ;
#10589 = LINE ( 'NONE', #10959, #9731 ) ;
#10590 = DIRECTION ( 'NONE',  ( 0.0000000000000000000, 0.0000000000000000000, 1.000000000000000000 ) ) ;
#10591 = CARTESIAN_POINT ( 'NONE',  ( 9.765197825256244400, -2.672268991364406900, 0.1000000000000000100 ) ) ;
#10592 = ORIENTED_EDGE ( 'NONE', *, *, #2550, .T. ) ;
#10593 = DIRECTION ( 'NONE',  ( 0.0000000000000000000, 1.000000000000000000, 0.0000000000000000000 ) ) ;
#10594 = CARTESIAN_POINT ( 'NONE',  ( 9.765197825256244400, -4.293048212143627800, -0.0000000000000000000 ) ) ;
#10595 = ORIENTED_EDGE ( 'NONE', *, *, #10033, .F. ) ;
#10596 = FACE_OUTER_BOUND ( 'NONE', #6483, .T. ) ;
#10597 = LINE ( 'NONE', #3681, #10470 ) ;
#10598 = LINE ( 'NONE', #9098, #6262 ) ;
#10599 = VERTEX_POINT ( 'NONE', #11630 ) ;
#10600 = CARTESIAN_POINT ( 'NONE',  ( 11.14975002140117700, -1.435676645443692700, 1.355252715606880500E-017 ) ) ;
#10601 = CARTESIAN_POINT ( 'NONE',  ( 10.40172520494188100, -8.524760729471921600, 0.1000000000000000100 ) ) ;
#10602 = CARTESIAN_POINT ( 'NONE',  ( 10.30964502991612400, 3.817092958867338100, 0.0000000000000000000 ) ) ;
#10603 = ORIENTED_EDGE ( 'NONE', *, *, #2166, .T. ) ;
#10604 = CARTESIAN_POINT ( 'NONE',  ( 5.393968951792283300, 12.74344776061612400, 7.413944776376546000 ) ) ;
#10605 = EDGE_CURVE ( 'NONE', #2517, #11044, #7537, .T. ) ;
#10606 = ORIENTED_EDGE ( 'NONE', *, *, #5242, .T. ) ;
#10607 = CARTESIAN_POINT ( 'NONE',  ( 10.10549148813806000, -1.892759340152295700, 0.1000000000000000100 ) ) ;
#10608 = DIRECTION ( 'NONE',  ( -0.3713906763541058900, -0.9284766908852583000, -0.0000000000000000000 ) ) ;
#10609 = LINE ( 'NONE', #2108, #10565 ) ;
#10610 = VECTOR ( 'NONE', #3437, 1000.000000000000000 ) ;
#10611 = ADVANCED_FACE ( 'NONE', ( #2608 ), #10779, .F. ) ;
#10612 = CARTESIAN_POINT ( 'NONE',  ( 40.49999999999999300, -17.49999999999999600, 8.099999999999996100 ) ) ;
#10613 = CARTESIAN_POINT ( 'NONE',  ( 11.12876774322440100, -8.535658057168948400, 0.0000000000000000000 ) ) ;
#10614 = CARTESIAN_POINT ( 'NONE',  ( 11.30097110048872900, -8.446223847950440300, 1.355252715606880500E-017 ) ) ;
#10615 = VERTEX_POINT ( 'NONE', #5455 ) ;
#10616 = DIRECTION ( 'NONE',  ( -8.163404592832041500E-015, -1.000000000000000000, 0.0000000000000000000 ) ) ;
#10617 = EDGE_LOOP ( 'NONE', ( #227, #4231, #9856, #3754 ) ) ;
#10618 = CARTESIAN_POINT ( 'NONE',  ( 35.49999999999999300, -8.250000000000000000, 7.099999999999999600 ) ) ;
#10619 = ORIENTED_EDGE ( 'NONE', *, *, #3227, .F. ) ;
#10620 = EDGE_CURVE ( 'NONE', #155, #8867, #417, .T. ) ;
#10621 = EDGE_CURVE ( 'NONE', #5516, #7306, #9683, .T. ) ;
#10622 = CIRCLE ( 'NONE', #3563, 2.000000000000001800 ) ;
#10623 = DIRECTION ( 'NONE',  ( -3.469446951953617300E-015, 1.000000000000000000, 0.0000000000000000000 ) ) ;
#10624 = LINE ( 'NONE', #3578, #10420 ) ;
#10625 = ORIENTED_EDGE ( 'NONE', *, *, #6170, .T. ) ;
#10626 = CARTESIAN_POINT ( 'NONE',  ( 0.0000000000000000000, -6.999999999999999100, 8.099999999999997900 ) ) ;
#10627 = CARTESIAN_POINT ( 'NONE',  ( 10.88803420377665500, -1.232616011130798700, 0.1000000000000000100 ) ) ;
#10628 = DIRECTION ( 'NONE',  ( 1.000000000000000000, 0.0000000000000000000, 0.0000000000000000000 ) ) ;
#10629 = CARTESIAN_POINT ( 'NONE',  ( 10.63606930378759500, -1.528205703454216000, 0.1000000000000000100 ) ) ;
#10630 = VERTEX_POINT ( 'NONE', #2793 ) ;
#10631 = CARTESIAN_POINT ( 'NONE',  ( 10.92883418889261000, -8.448892367987785000, -0.0000000000000000000 ) ) ;
#10632 = VECTOR ( 'NONE', #6521, 1000.000000000000000 ) ;
#10633 = CARTESIAN_POINT ( 'NONE',  ( 11.11245215426786000, -1.098654129602450100, -0.0000000000000000000 ) ) ;
#10634 = EDGE_CURVE ( 'NONE', #5293, #9292, #3519, .T. ) ;
#10635 = EDGE_CURVE ( 'NONE', #6564, #864, #11537, .T. ) ;
#10636 = DIRECTION ( 'NONE',  ( -0.0000000000000000000, 0.0000000000000000000, 1.000000000000000000 ) ) ;
#10637 = VERTEX_POINT ( 'NONE', #10823 ) ;
#10638 = COORDINATED_UNIVERSAL_TIME_OFFSET ( 3, 0, .AHEAD. ) ;
#10639 = ORIENTED_EDGE ( 'NONE', *, *, #8922, .F. ) ;
#10640 = CARTESIAN_POINT ( 'NONE',  ( 10.63792509798351900, -8.469996264091681900, 0.0000000000000000000 ) ) ;
#10641 = EDGE_CURVE ( 'NONE', #7900, #6837, #11677, .T. ) ;
#10642 = DIRECTION ( 'NONE',  ( -1.000000000000000000, 0.0000000000000000000, 0.0000000000000000000 ) ) ;
#10643 = CARTESIAN_POINT ( 'NONE',  ( 11.20201174275349500, -8.647404678476347000, 0.1000000000000000100 ) ) ;
#10644 = CARTESIAN_POINT ( 'NONE',  ( 30.49999999999998600, 2.000000000000000000, 5.099999999999999600 ) ) ;
#10645 = EDGE_CURVE ( 'NONE', #4277, #7144, #1386, .T. ) ;
#10646 = FACE_OUTER_BOUND ( 'NONE', #9573, .T. ) ;
#10647 = CARTESIAN_POINT ( 'NONE',  ( 11.15641493716222000, -1.127180927775143900, 0.0000000000000000000 ) ) ;
#10648 = ORIENTED_EDGE ( 'NONE', *, *, #10363, .F. ) ;
#10649 = LINE ( 'NONE', #1106, #9401 ) ;
#10650 = VECTOR ( 'NONE', #2310, 1000.000000000000100 ) ;
#10651 = CARTESIAN_POINT ( 'NONE',  ( 10.43253346203182700, -1.705071565075557200, -0.0000000000000000000 ) ) ;
#10652 = CARTESIAN_POINT ( 'NONE',  ( 11.19871752505446800, -1.645979801990046000, 0.1000000000000000100 ) ) ;
#10653 = PLANE ( 'NONE',  #472 ) ;
#10654 = CARTESIAN_POINT ( 'NONE',  ( 10.84534259300365900, -1.960270279909236000, 6.776263578034402700E-017 ) ) ;
#10655 = DIRECTION ( 'NONE',  ( -0.0000000000000000000, 0.0000000000000000000, -1.000000000000000000 ) ) ;
#10656 = CARTESIAN_POINT ( 'NONE',  ( 54.99244289248920800, 0.9731581000727528300, -17.91005284086394400 ) ) ;
#10657 = AXIS2_PLACEMENT_3D ( 'NONE', #6038, #828, #5793 ) ;
#10658 = ORIENTED_EDGE ( 'NONE', *, *, #4663, .F. ) ;
#10659 = ORIENTED_EDGE ( 'NONE', *, *, #3560, .T. ) ;
#10660 = FACE_OUTER_BOUND ( 'NONE', #3147, .T. ) ;
#10661 = CARTESIAN_POINT ( 'NONE',  ( 43.71421443129808900, 6.363108264701245400, -17.91005284086394400 ) ) ;
#10662 = VECTOR ( 'NONE', #5003, 1000.000000000000000 ) ;
#10663 = EDGE_LOOP ( 'NONE', ( #10595, #4539, #830, #4912 ) ) ;
#10664 = DIRECTION ( 'NONE',  ( -1.000000000000000000, 0.0000000000000000000, 0.0000000000000000000 ) ) ;
#10665 = DIRECTION ( 'NONE',  ( 1.000000000000000000, -0.0000000000000000000, -0.0000000000000000000 ) ) ;
#10666 = CARTESIAN_POINT ( 'NONE',  ( 10.89591833630738400, -1.965446475765815200, 0.1000000000000000100 ) ) ;
#10667 = CARTESIAN_POINT ( 'NONE',  ( 26.64242326782791200, 7.800000000000076200, 8.099999999999999600 ) ) ;
#10668 = CARTESIAN_POINT ( 'NONE',  ( 10.63579056812117700, -1.555058998208675800, 0.0000000000000000000 ) ) ;
#10669 = LINE ( 'NONE', #7249, #1865 ) ;
#10670 = ADVANCED_FACE ( 'NONE', ( #9414 ), #4637, .T. ) ;
#10671 = ORIENTED_EDGE ( 'NONE', *, *, #5543, .T. ) ;
#10672 = VECTOR ( 'NONE', #183, 1000.000000000000000 ) ;
#10673 = CARTESIAN_POINT ( 'NONE',  ( 10.63741548321024400, -9.040578165221145200, 0.1000000000000000100 ) ) ;
#10674 = CARTESIAN_POINT ( 'NONE',  ( 12.89929005983225700, -8.957317253416649200, 8.099999999999999600 ) ) ;
#10675 = AXIS2_PLACEMENT_3D ( 'NONE', #11397, #6080, #627 ) ;
#10676 = ORIENTED_EDGE ( 'NONE', *, *, #9774, .F. ) ;
#10677 = EDGE_LOOP ( 'NONE', ( #8163, #5713, #2921, #5271 ) ) ;
#10678 = CARTESIAN_POINT ( 'NONE',  ( 10.39436669046661200, -1.788973222855343400, 0.0000000000000000000 ) ) ;
#10679 = LINE ( 'NONE', #2581, #9511 ) ;
#10680 = CARTESIAN_POINT ( 'NONE',  ( 35.49999999999999300, 8.250000000000000000, 7.099999999999999600 ) ) ;
#10681 = FACE_OUTER_BOUND ( 'NONE', #11275, .T. ) ;
#10682 = DIRECTION ( 'NONE',  ( -0.0000000000000000000, 1.000000000000000000, -0.0000000000000000000 ) ) ;
#10683 = ADVANCED_FACE ( 'NONE', ( #5791 ), #7323, .T. ) ;
#10684 = PLANE ( 'NONE',  #3145 ) ;
#10685 = ORIENTED_EDGE ( 'NONE', *, *, #9392, .F. ) ;
#10686 = ORIENTED_EDGE ( 'NONE', *, *, #1763, .F. ) ;
#10687 = CARTESIAN_POINT ( 'NONE',  ( 11.19644094005989400, -1.158426819567448800, -0.0000000000000000000 ) ) ;
#10688 = EDGE_CURVE ( 'NONE', #751, #1649, #7381, .T. ) ;
#10689 = CARTESIAN_POINT ( 'NONE',  ( 10.30591053977684300, -8.827701406274483600, -0.0000000000000000000 ) ) ;
#10690 = CARTESIAN_POINT ( 'NONE',  ( 11.15143678916189000, -1.824716620429863700, 1.355252715606880500E-017 ) ) ;
#10691 = VECTOR ( 'NONE', #6273, 1000.000000000000000 ) ;
#10692 = FACE_OUTER_BOUND ( 'NONE', #10515, .T. ) ;
#10693 = CARTESIAN_POINT ( 'NONE',  ( 11.29770537152015700, -6.334723521361961000, -0.0000000000000000000 ) ) ;
#10694 = CARTESIAN_POINT ( 'NONE',  ( 36.49999999999999300, 10.10357955453048200, 11.76791233975104200 ) ) ;
#10695 = ORIENTED_EDGE ( 'NONE', *, *, #9362, .T. ) ;
#10696 = ORIENTED_EDGE ( 'NONE', *, *, #5789, .F. ) ;
#10697 = VERTEX_POINT ( 'NONE', #6472 ) ;
#10698 = AXIS2_PLACEMENT_3D ( 'NONE', #8966, #10752, #5415 ) ;
#10699 = FACE_OUTER_BOUND ( 'NONE', #9280, .T. ) ;
#10700 = CARTESIAN_POINT ( 'NONE',  ( 10.49761872899736500, -8.827563773684337500, -0.0000000000000000000 ) ) ;
#10701 = EDGE_CURVE ( 'NONE', #10630, #5103, #814, .T. ) ;
#10702 = EDGE_CURVE ( 'NONE', #9898, #6969, #3899, .T. ) ;
#10703 = DIRECTION ( 'NONE',  ( 0.0000000000000000000, -1.000000000000000000, 0.0000000000000000000 ) ) ;
#10704 = CARTESIAN_POINT ( 'NONE',  ( 10.07034620277011400, -1.090053782857600000, 0.0000000000000000000 ) ) ;
#10705 = CARTESIAN_POINT ( 'NONE',  ( 10.63579056812117700, -1.555058998208675800, 0.1000000000000000100 ) ) ;
#10706 = ORIENTED_EDGE ( 'NONE', *, *, #1580, .F. ) ;
#10707 = CARTESIAN_POINT ( 'NONE',  ( 10.51510047334507200, -8.891804256652138200, 1.355252715606880500E-017 ) ) ;
#10708 = ORIENTED_EDGE ( 'NONE', *, *, #7658, .F. ) ;
#10709 = EDGE_CURVE ( 'NONE', #6047, #6092, #5234, .T. ) ;
#10710 = LINE ( 'NONE', #3651, #10610 ) ;
#10711 = DIRECTION ( 'NONE',  ( 1.051347561198065900E-014, 1.000000000000000000, -0.0000000000000000000 ) ) ;
#10712 = VECTOR ( 'NONE', #113, 1000.000000000000000 ) ;
#10713 = VERTEX_POINT ( 'NONE', #10052 ) ;
#10714 = CARTESIAN_POINT ( 'NONE',  ( 10.76680961900760300, -1.926954795029682100, 0.1000000000000000100 ) ) ;
#10715 = CARTESIAN_POINT ( 'NONE',  ( 44.00000000000000000, -6.849954654103714600, 4.500000000000000000 ) ) ;
#10716 = CARTESIAN_POINT ( 'NONE',  ( 11.21947834649329100, -8.770126739136362200, -0.0000000000000000000 ) ) ;
#10717 = VERTEX_POINT ( 'NONE', #10936 ) ;
#10718 = CARTESIAN_POINT ( 'NONE',  ( 10.31953943421677200, -8.696748958423217600, 0.0000000000000000000 ) ) ;
#10719 = CYLINDRICAL_SURFACE ( 'NONE', #10864, 1.000000000000000900 ) ;
#10720 = CARTESIAN_POINT ( 'NONE',  ( 11.23265458722353400, -1.191948934254002800, 0.0000000000000000000 ) ) ;
#10721 = DIRECTION ( 'NONE',  ( -1.000000000000000000, 0.0000000000000000000, 0.0000000000000000000 ) ) ;
#10722 = VECTOR ( 'NONE', #2063, 1000.000000000000000 ) ;
#10723 = CARTESIAN_POINT ( 'NONE',  ( 30.49999999999998600, 2.000000000000000000, 5.099999999999999600 ) ) ;
#10724 = CARTESIAN_POINT ( 'NONE',  ( 10.99261031399979200, -1.953311138366183200, 0.1000000000000000100 ) ) ;
#10725 = ORIENTED_EDGE ( 'NONE', *, *, #1214, .F. ) ;
#10726 = CARTESIAN_POINT ( 'NONE',  ( 11.22161156514606400, -9.150926875616193000, 0.1000000000000000100 ) ) ;
#10727 = ORIENTED_EDGE ( 'NONE', *, *, #5329, .F. ) ;
#10728 = CARTESIAN_POINT ( 'NONE',  ( 11.19896405902248100, -1.633957303052719000, 0.1000000000000000100 ) ) ;
#10729 = VECTOR ( 'NONE', #8822, 1000.000000000000000 ) ;
#10730 = PLANE ( 'NONE',  #8974 ) ;
#10731 = CIRCLE ( 'NONE', #8870, 1.749999999999999800 ) ;
#10732 = VECTOR ( 'NONE', #899, 1000.000000000000000 ) ;
#10733 = CARTESIAN_POINT ( 'NONE',  ( 9.785977046035466000, -8.439476783572201800, 0.1000000000000000100 ) ) ;
#10734 = ADVANCED_FACE ( 'NONE', ( #7187 ), #8274, .F. ) ;
#10735 = ORIENTED_EDGE ( 'NONE', *, *, #4139, .T. ) ;
#10736 = DIRECTION ( 'NONE',  ( -1.000000000000000000, 9.637352644315615700E-015, 0.0000000000000000000 ) ) ;
#10737 = AXIS2_PLACEMENT_3D ( 'NONE', #4713, #1738, #3101 ) ;
#10738 = VERTEX_POINT ( 'NONE', #5612 ) ;
#10739 = CARTESIAN_POINT ( 'NONE',  ( 10.68575855442886000, -6.855599160808529800, 0.0000000000000000000 ) ) ;
#10740 = CARTESIAN_POINT ( 'NONE',  ( 39.99999999999999300, 19.00000000000000000, 8.099999999999999600 ) ) ;
#10741 = VECTOR ( 'NONE', #4882, 1000.000000000000000 ) ;
#10742 = CARTESIAN_POINT ( 'NONE',  ( 10.90026276032118000, -1.009931329026744900, 0.0000000000000000000 ) ) ;
#10743 = LINE ( 'NONE', #8628, #5325 ) ;
#10744 = ORIENTED_EDGE ( 'NONE', *, *, #6930, .F. ) ;
#10745 = VERTEX_POINT ( 'NONE', #2952 ) ;
#10746 = EDGE_LOOP ( 'NONE', ( #11273, #5349, #7003, #7669, #10696, #4985 ) ) ;
#10747 = LINE ( 'NONE', #3160, #7093 ) ;
#10748 = ORIENTED_EDGE ( 'NONE', *, *, #2704, .T. ) ;
#10749 = CARTESIAN_POINT ( 'NONE',  ( 10.74863938369780300, -6.778762497857916200, 0.0000000000000000000 ) ) ;
#10750 = CARTESIAN_POINT ( 'NONE',  ( 11.17784217207076100, -8.923029626069208600, 0.0000000000000000000 ) ) ;
#10751 = ORIENTED_EDGE ( 'NONE', *, *, #8834, .F. ) ;
#10752 = DIRECTION ( 'NONE',  ( -0.9877754761968504700, -0.1558833173373131200, 0.0000000000000000000 ) ) ;
#10753 = EDGE_CURVE ( 'NONE', #4788, #3994, #2469, .T. ) ;
#10754 = VERTEX_POINT ( 'NONE', #2014 ) ;
#10755 = DIRECTION ( 'NONE',  ( 0.0000000000000000000, -1.000000000000000000, 0.0000000000000000000 ) ) ;
#10756 = CARTESIAN_POINT ( 'NONE',  ( 10.94117185123027100, -6.835580679676097800, 0.1000000000000000100 ) ) ;
#10757 = LINE ( 'NONE', #4812, #11200 ) ;
#10758 = DIRECTION ( 'NONE',  ( 1.000000000000000000, 0.0000000000000000000, -0.0000000000000000000 ) ) ;
#10759 = VERTEX_POINT ( 'NONE', #3816 ) ;
#10760 = CIRCLE ( 'NONE', #1574, 0.5000000000000004400 ) ;
#10761 = DIRECTION ( 'NONE',  ( 0.8660254037844403700, -0.4999999999999970000, 0.0000000000000000000 ) ) ;
#10762 = EDGE_CURVE ( 'NONE', #1862, #1941, #5367, .T. ) ;
#10763 = EDGE_CURVE ( 'NONE', #161, #2514, #8815, .T. ) ;
#10764 = ORIENTED_EDGE ( 'NONE', *, *, #6386, .F. ) ;
#10765 = CARTESIAN_POINT ( 'NONE',  ( 11.26517906616691000, -1.227928021028467100, -0.0000000000000000000 ) ) ;
#10766 = ORIENTED_EDGE ( 'NONE', *, *, #1978, .F. ) ;
#10767 = CARTESIAN_POINT ( 'NONE',  ( 10.20464502991613600, 5.017092958867338300, 0.1000000000000000100 ) ) ;
#10768 = CARTESIAN_POINT ( 'NONE',  ( 10.25043795741779300, -1.261343761739129900, -0.0000000000000000000 ) ) ;
#10769 = DIRECTION ( 'NONE',  ( -2.891205793294681200E-014, -1.000000000000000000, 0.0000000000000000000 ) ) ;
#10770 = ORIENTED_EDGE ( 'NONE', *, *, #6030, .T. ) ;
#10771 = VECTOR ( 'NONE', #6940, 1000.000000000000000 ) ;
#10772 = DIRECTION ( 'NONE',  ( -0.7281999926928032200, 0.6853646990049907500, 0.0000000000000000000 ) ) ;
#10773 = CARTESIAN_POINT ( 'NONE',  ( 10.63565237071079200, -1.568372887468303600, 0.0000000000000000000 ) ) ;
#10774 = ORIENTED_EDGE ( 'NONE', *, *, #7183, .F. ) ;
#10775 = EDGE_CURVE ( 'NONE', #9801, #2685, #2825, .T. ) ;
#10776 = DIRECTION ( 'NONE',  ( 0.0000000000000000000, -1.000000000000000000, 0.0000000000000000000 ) ) ;
#10777 = LINE ( 'NONE', #773, #7377 ) ;
#10778 = ORIENTED_EDGE ( 'NONE', *, *, #2476, .F. ) ;
#10779 = CYLINDRICAL_SURFACE ( 'NONE', #185, 6.999999999999999100 ) ;
#10780 = EDGE_CURVE ( 'NONE', #633, #4320, #10466, .T. ) ;
#10781 = LINE ( 'NONE', #345, #3392 ) ;
#10782 = CARTESIAN_POINT ( 'NONE',  ( 7.048445366811458600, 14.50132895157399700, -9.377746782780901600 ) ) ;
#10783 = DIRECTION ( 'NONE',  ( -0.4999999999999970000, -0.8660254037844403700, 0.0000000000000000000 ) ) ;
#10784 = PLANE ( 'NONE',  #6747 ) ;
#10785 = ORIENTED_EDGE ( 'NONE', *, *, #2412, .T. ) ;
#10786 = ADVANCED_FACE ( 'NONE', ( #1598 ), #257, .F. ) ;
#10787 = CARTESIAN_POINT ( 'NONE',  ( 35.49999999999999300, 14.00000000000000000, 7.099999999999999600 ) ) ;
#10788 = ORIENTED_EDGE ( 'NONE', *, *, #10518, .T. ) ;
#10789 = CARTESIAN_POINT ( 'NONE',  ( 10.45002119293728200, -1.603279410782058900, 0.0000000000000000000 ) ) ;
#10790 = ORIENTED_EDGE ( 'NONE', *, *, #3528, .F. ) ;
#10791 = DATE_AND_TIME ( #2884, #6753 ) ;
#10792 = DIRECTION ( 'NONE',  ( 0.0000000000000000000, 0.0000000000000000000, 1.000000000000000000 ) ) ;
#10793 = ORIENTED_EDGE ( 'NONE', *, *, #2569, .T. ) ;
#10794 = CARTESIAN_POINT ( 'NONE',  ( 35.49999999999999300, 14.49999999999999500, 1.500000000000000000 ) ) ;
#10795 = ORIENTED_EDGE ( 'NONE', *, *, #6599, .F. ) ;
#10796 = CARTESIAN_POINT ( 'NONE',  ( 28.54301664136392000, 7.937784117174111900, 3.099999999999999600 ) ) ;
#10797 = CARTESIAN_POINT ( 'NONE',  ( 0.9295475300359346000, 8.000000000000000000, 5.000000000000000000 ) ) ;
#10798 = AXIS2_PLACEMENT_3D ( 'NONE', #10169, #6726, #6161 ) ;
#10799 = CARTESIAN_POINT ( 'NONE',  ( 9.957932150079896500, -1.754515491210557200, 0.0000000000000000000 ) ) ;
#10800 = LINE ( 'NONE', #5633, #10662 ) ;
#10801 = LINE ( 'NONE', #3229, #9667 ) ;
#10802 = ORIENTED_EDGE ( 'NONE', *, *, #11513, .F. ) ;
#10803 = CARTESIAN_POINT ( 'NONE',  ( 11.15865589330015900, -8.950690092180613200, 1.355252715606880500E-017 ) ) ;
#10804 = VERTEX_POINT ( 'NONE', #3061 ) ;
#10805 = ORIENTED_EDGE ( 'NONE', *, *, #4168, .T. ) ;
#10806 = DIRECTION ( 'NONE',  ( 0.0000000000000000000, 0.0000000000000000000, -1.000000000000000000 ) ) ;
#10807 = DIRECTION ( 'NONE',  ( -1.000000000000000000, 0.0000000000000000000, 0.0000000000000000000 ) ) ;
#10808 = ADVANCED_FACE ( 'NONE', ( #5598 ), #4102, .F. ) ;
#10809 = CARTESIAN_POINT ( 'NONE',  ( 9.975118279421797900, -6.713950595137343500, 0.1000000000000000100 ) ) ;
#10810 = CARTESIAN_POINT ( 'NONE',  ( 47.50000000000000000, 5.796270854249228500, 0.0000000000000000000 ) ) ;
#10811 = LINE ( 'NONE', #10953, #8317 ) ;
#10812 = LINE ( 'NONE', #318, #7077 ) ;
#10813 = CARTESIAN_POINT ( 'NONE',  ( 8.200000000000008200, -8.067198198482652000, 33.81103081370217500 ) ) ;
#10814 = EDGE_CURVE ( 'NONE', #11609, #9726, #6415, .T. ) ;
#10815 = ORIENTED_EDGE ( 'NONE', *, *, #5839, .T. ) ;
#10816 = DIRECTION ( 'NONE',  ( -0.1736481776669339400, 0.9848077530122074700, 0.0000000000000000000 ) ) ;
#10817 = ORIENTED_EDGE ( 'NONE', *, *, #10605, .T. ) ;
#10818 = CARTESIAN_POINT ( 'NONE',  ( 4.393968951792283300, -12.74344776061612600, 5.000000000000000000 ) ) ;
#10819 = CARTESIAN_POINT ( 'NONE',  ( 38.24999999999999300, 10.10357955453048200, 11.76791233975104200 ) ) ;
#10820 = DIRECTION ( 'NONE',  ( -1.000000000000000000, 0.0000000000000000000, 0.0000000000000000000 ) ) ;
#10821 = ORIENTED_EDGE ( 'NONE', *, *, #11157, .T. ) ;
#10822 = LINE ( 'NONE', #3402, #10516 ) ;
#10823 = CARTESIAN_POINT ( 'NONE',  ( 10.61584717590559600, -8.282658601754020500, 0.1000000000000000100 ) ) ;
#10824 = EDGE_LOOP ( 'NONE', ( #8730, #849, #8850, #3523 ) ) ;
#10825 = EDGE_CURVE ( 'NONE', #3237, #7279, #11372, .T. ) ;
#10826 = EDGE_CURVE ( 'NONE', #9905, #4181, #6243, .T. ) ;
#10827 = CARTESIAN_POINT ( 'NONE',  ( 47.50000000000000000, -22.00000000000000000, 8.099999999999999600 ) ) ;
#10828 = ORIENTED_EDGE ( 'NONE', *, *, #11279, .T. ) ;
#10829 = CARTESIAN_POINT ( 'NONE',  ( 9.839323425877015700, -1.928653032598181200, 0.1000000000000000100 ) ) ;
#10830 = CIRCLE ( 'NONE', #10137, 1.499999999999996200 ) ;
#10831 = FACE_OUTER_BOUND ( 'NONE', #3922, .T. ) ;
#10832 = CARTESIAN_POINT ( 'NONE',  ( 32.49999999999998600, 9.250000000000001800, 7.099999999999999600 ) ) ;
#10833 = CARTESIAN_POINT ( 'NONE',  ( 11.09772162576865600, -6.662307073027924400, 0.1000000000000000100 ) ) ;
#10834 = CARTESIAN_POINT ( 'NONE',  ( 10.44693120380386000, -1.639225653333392000, 0.1000000000000000100 ) ) ;
#10835 = ORIENTED_EDGE ( 'NONE', *, *, #7464, .F. ) ;
#10836 = CARTESIAN_POINT ( 'NONE',  ( 11.29356672529594600, -1.266547950089296000, 0.0000000000000000000 ) ) ;
#10837 = ORIENTED_EDGE ( 'NONE', *, *, #2582, .T. ) ;
#10838 = AXIS2_PLACEMENT_3D ( 'NONE', #6870, #1441, #7759 ) ;
#10839 = DIRECTION ( 'NONE',  ( 0.6853646990049906400, 0.7281999926928031100, 0.0000000000000000000 ) ) ;
#10840 = DIRECTION ( 'NONE',  ( -0.0000000000000000000, -0.0000000000000000000, -1.000000000000000000 ) ) ;
#10841 = EDGE_CURVE ( 'NONE', #5890, #6571, #2037, .T. ) ;
#10842 = VERTEX_POINT ( 'NONE', #9356 ) ;
#10843 = EDGE_CURVE ( 'NONE', #1925, #3364, #3815, .T. ) ;
#10844 = CARTESIAN_POINT ( 'NONE',  ( 11.85464502991613000, 4.777092958867322100, 0.1000000000000000100 ) ) ;
#10845 = DIRECTION ( 'NONE',  ( -0.0000000000000000000, -0.0000000000000000000, -1.000000000000000000 ) ) ;
#10846 = CARTESIAN_POINT ( 'NONE',  ( 10.72751402443781500, -6.804576440327217300, -0.0000000000000000000 ) ) ;
#10847 = LINE ( 'NONE', #2881, #10942 ) ;
#10848 = CARTESIAN_POINT ( 'NONE',  ( 32.49999999999998600, 18.50000000000000000, 7.099999999999999600 ) ) ;
#10849 = CARTESIAN_POINT ( 'NONE',  ( 10.10735961069363900, -6.600787396916888200, -1.355252715606880500E-017 ) ) ;
#10850 = ORIENTED_EDGE ( 'NONE', *, *, #584, .F. ) ;
#10851 = EDGE_CURVE ( 'NONE', #10738, #4264, #4717, .T. ) ;
#10852 = VERTEX_POINT ( 'NONE', #4009 ) ;
#10853 = LINE ( 'NONE', #8357, #10722 ) ;
#10854 = VECTOR ( 'NONE', #126, 1000.000000000000000 ) ;
#10855 = FACE_OUTER_BOUND ( 'NONE', #5240, .T. ) ;
#10856 = CARTESIAN_POINT ( 'NONE',  ( 10.69735246632516600, -9.070373652905216100, -0.0000000000000000000 ) ) ;
#10857 = CARTESIAN_POINT ( 'NONE',  ( 11.29770537152015700, -6.334723521361961000, 0.1000000000000000100 ) ) ;
#10858 = CARTESIAN_POINT ( 'NONE',  ( 11.16964892905184900, -6.605146702102684800, -0.0000000000000000000 ) ) ;
#10859 = ORIENTED_EDGE ( 'NONE', *, *, #8228, .F. ) ;
#10860 = ORIENTED_EDGE ( 'NONE', *, *, #7005, .T. ) ;
#10861 = DIRECTION ( 'NONE',  ( -0.7808688094430306100, 0.6246950475544239500, 0.0000000000000000000 ) ) ;
#10862 = AXIS2_PLACEMENT_3D ( 'NONE', #6985, #4330, #4309 ) ;
#10863 = LINE ( 'NONE', #7134, #10536 ) ;
#10864 = AXIS2_PLACEMENT_3D ( 'NONE', #4580, #5672, #5479 ) ;
#10865 = FACE_OUTER_BOUND ( 'NONE', #4253, .T. ) ;
#10866 = LINE ( 'NONE', #1353, #10952 ) ;
#10867 = CARTESIAN_POINT ( 'NONE',  ( 11.59376925382767500, -7.700840419935838500, 0.1000000000000000100 ) ) ;
#10868 = B_SPLINE_CURVE_WITH_KNOTS ( 'NONE', 3,
 ( #4762, #7797, #6357, #1995, #10441, #6323, #7672, #5520, #9767, #9802, #10350, #9466, #8916, #5399, #6287, #7236, #8754, #1294, #4291 ),
 .UNSPECIFIED., .F., .F.,
 ( 4, 1, 1, 1, 1, 1, 1, 1, 1, 1, 1, 1, 1, 1, 1, 1, 4 ),
 ( 0.0000000000000000000, 0.07040442122010348600, 0.1381362712234066900, 0.2031209660154515200, 0.2665340818940437600, 0.3282707026529158600, 0.3888228852164341600, 0.4487118881875525900, 0.5088683109582582400, 0.5688848052987203200, 0.6278509740250124400, 0.6876090160606188600, 0.7474501397412317600, 0.8081787861584510700, 0.8703840964116184000, 0.9338062517213755500, 1.000000000000000000 ),
 .UNSPECIFIED. ) ;
#10869 = EDGE_LOOP ( 'NONE', ( #6471, #2395, #10979, #6311 ) ) ;
#10870 = ORIENTED_EDGE ( 'NONE', *, *, #6215, .T. ) ;
#10871 = PLANE ( 'NONE',  #3722 ) ;
#10872 = DIRECTION ( 'NONE',  ( 9.637352644315582500E-015, 1.000000000000000000, 0.0000000000000000000 ) ) ;
#10873 = ORIENTED_EDGE ( 'NONE', *, *, #9161, .T. ) ;
#10874 = SHAPE_DEFINITION_REPRESENTATION ( #11178, #9173 ) ;
#10875 = CARTESIAN_POINT ( 'NONE',  ( 10.37666654140763400, -1.812548574343024100, 4.065758146820641600E-017 ) ) ;
#10876 = VERTEX_POINT ( 'NONE', #4895 ) ;
#10877 = CARTESIAN_POINT ( 'NONE',  ( 11.31867504756417400, -1.307453288838196400, -0.0000000000000000000 ) ) ;
#10878 = ORIENTED_EDGE ( 'NONE', *, *, #5405, .F. ) ;
#10879 = PLANE ( 'NONE',  #2365 ) ;
#10880 = CARTESIAN_POINT ( 'NONE',  ( 10.61584717590559600, -8.282658601754020500, -0.0000000000000000000 ) ) ;
#10881 = AXIS2_PLACEMENT_3D ( 'NONE', #10054, #2488, #2987 ) ;
#10882 = ORIENTED_EDGE ( 'NONE', *, *, #1999, .F. ) ;
#10883 = CARTESIAN_POINT ( 'NONE',  ( 11.01361903091841100, -1.048839814039492300, 0.1000000000000000100 ) ) ;
#10884 = CARTESIAN_POINT ( 'NONE',  ( 9.864267016961004900, -7.223525817118083800, 0.1000000000000000100 ) ) ;
#10885 = VERTEX_POINT ( 'NONE', #3191 ) ;
#10886 = CARTESIAN_POINT ( 'NONE',  ( 10.92883418889261000, -8.448892367987785000, 0.1000000000000000100 ) ) ;
#10887 = VECTOR ( 'NONE', #8287, 1000.000000000000000 ) ;
#10888 = DIRECTION ( 'NONE',  ( 0.0000000000000000000, 0.0000000000000000000, 1.000000000000000000 ) ) ;
#10889 = FACE_OUTER_BOUND ( 'NONE', #6352, .T. ) ;
#10890 = CARTESIAN_POINT ( 'NONE',  ( 47.10000000000000100, -25.50000000000000000, 8.099999999999999600 ) ) ;
#10891 = CARTESIAN_POINT ( 'NONE',  ( 13.01877120494743200, -9.157317253416650300, -23.17665792529315300 ) ) ;
#10892 = ORIENTED_EDGE ( 'NONE', *, *, #6064, .F. ) ;
#10893 = CARTESIAN_POINT ( 'NONE',  ( 10.87533232739400400, -1.964802242913837400, 0.1000000000000000100 ) ) ;
#10894 = ADVANCED_FACE ( 'NONE', ( #5489, #2130 ), #4088, .F. ) ;
#10895 = LINE ( 'NONE', #3153, #10564 ) ;
#10896 = CARTESIAN_POINT ( 'NONE',  ( 10.63730304622717400, -1.501379269336391200, -0.0000000000000000000 ) ) ;
#10897 = EDGE_CURVE ( 'NONE', #2120, #1013, #510, .T. ) ;
#10898 = ORIENTED_EDGE ( 'NONE', *, *, #3385, .T. ) ;
#10899 = LINE ( 'NONE', #10468, #7740 ) ;
#10900 = DIRECTION ( 'NONE',  ( -1.000000000000000000, 5.723576928965327800E-016, 0.0000000000000000000 ) ) ;
#10901 = CARTESIAN_POINT ( 'NONE',  ( 10.20281737794221600, -6.372832496060768300, 0.1000000000000000100 ) ) ;
#10902 = VERTEX_POINT ( 'NONE', #421 ) ;
#10903 = DIRECTION ( 'NONE',  ( 1.000000000000000000, 0.0000000000000000000, 0.0000000000000000000 ) ) ;
#10904 = EDGE_CURVE ( 'NONE', #4865, #155, #6441, .T. ) ;
#10905 = ORIENTED_EDGE ( 'NONE', *, *, #5447, .F. ) ;
#10906 = EDGE_CURVE ( 'NONE', #11614, #4329, #3238, .T. ) ;
#10907 = ORIENTED_EDGE ( 'NONE', *, *, #4504, .T. ) ;
#10908 = VECTOR ( 'NONE', #2390, 1000.000000000000000 ) ;
#10909 = CARTESIAN_POINT ( 'NONE',  ( 10.21430906056028800, -1.902941915604362800, 0.1000000000000000100 ) ) ;
#10910 = VERTEX_POINT ( 'NONE', #3233 ) ;
#10911 = CARTESIAN_POINT ( 'NONE',  ( 11.12759916371445400, -6.402221333619956500, 2.710505431213761100E-017 ) ) ;
#10912 = EDGE_LOOP ( 'NONE', ( #9202, #4891, #9646, #2713 ) ) ;
#10913 = PLANE ( 'NONE',  #1092 ) ;
#10914 = CARTESIAN_POINT ( 'NONE',  ( 36.99999999999999300, 19.50000000000000000, 8.099999999999999600 ) ) ;
#10915 = CARTESIAN_POINT ( 'NONE',  ( 10.43013289019131100, -2.672268991364406900, 0.1000000000000000100 ) ) ;
#10916 = CARTESIAN_POINT ( 'NONE',  ( 11.60838477929381100, -7.866061627699521000, 0.1000000000000000100 ) ) ;
#10917 = CARTESIAN_POINT ( 'NONE',  ( 10.91982676297612400, -6.862055615117483000, -0.0000000000000000000 ) ) ;
#10918 = FACE_OUTER_BOUND ( 'NONE', #2832, .T. ) ;
#10919 = VERTEX_POINT ( 'NONE', #3280 ) ;
#10920 = VECTOR ( 'NONE', #2833, 1000.000000000000000 ) ;
#10921 = CARTESIAN_POINT ( 'NONE',  ( 10.52802503634494400, -8.591771818040378200, -0.0000000000000000000 ) ) ;
#10922 = LINE ( 'NONE', #8389, #7785 ) ;
#10923 = CARTESIAN_POINT ( 'NONE',  ( 11.67688613694455700, -7.757009251104669500, 0.1000000000000000100 ) ) ;
#10924 = ORIENTED_EDGE ( 'NONE', *, *, #3386, .T. ) ;
#10925 = CARTESIAN_POINT ( 'NONE',  ( 10.61584717590559600, -8.282658601754020500, -0.0000000000000000000 ) ) ;
#10926 = EDGE_CURVE ( 'NONE', #5581, #4807, #6649, .T. ) ;
#10927 = CARTESIAN_POINT ( 'NONE',  ( 9.939830873042081900, -1.163150025674422900, 1.355252715606880500E-017 ) ) ;
#10928 = CARTESIAN_POINT ( 'NONE',  ( 11.38597704603546700, -8.755061199156616100, 0.1000000000000000100 ) ) ;
#10929 = AXIS2_PLACEMENT_3D ( 'NONE', #655, #857, #845 ) ;
#10930 = ORIENTED_EDGE ( 'NONE', *, *, #8637, .F. ) ;
#10931 = ORIENTED_EDGE ( 'NONE', *, *, #2648, .T. ) ;
#10932 = LINE ( 'NONE', #9376, #5256 ) ;
#10933 = DIRECTION ( 'NONE',  ( 1.000000000000000000, 0.0000000000000000000, 0.0000000000000000000 ) ) ;
#10934 = DIRECTION ( 'NONE',  ( -0.8483939559819240200, -0.5293653704704729400, 0.0000000000000000000 ) ) ;
#10935 = EDGE_LOOP ( 'NONE', ( #1176, #2118, #6411, #5154 ) ) ;
#10936 = CARTESIAN_POINT ( 'NONE',  ( 35.49999999999999300, 0.9999999999999983300, 0.0000000000000000000 ) ) ;
#10937 = VERTEX_POINT ( 'NONE', #11291 ) ;
#10938 = CARTESIAN_POINT ( 'NONE',  ( 11.36519782525624600, -7.846294965390384000, 0.0000000000000000000 ) ) ;
#10939 = CARTESIAN_POINT ( 'NONE',  ( 9.830446198983192800, -6.606434884466914100, 0.1000000000000000100 ) ) ;
#10940 = EDGE_CURVE ( 'NONE', #4321, #8352, #9853, .T. ) ;
#10941 = VECTOR ( 'NONE', #9002, 1000.000000000000000 ) ;
#10942 = VECTOR ( 'NONE', #9134, 1000.000000000000000 ) ;
#10943 = B_SPLINE_CURVE_WITH_KNOTS ( 'NONE', 3,
 ( #8058, #8784, #8087, #8017, #7979, #7902, #7864, #7153, #7115, #7082, #7046, #7009, #6279, #6246, #6205, #6133, #5380, #5346, #5313 ),
 .UNSPECIFIED., .F., .F.,
 ( 4, 1, 1, 1, 1, 1, 1, 1, 1, 1, 1, 1, 1, 1, 1, 1, 4 ),
 ( 0.0000000000000000000, 0.07137457145977087200, 0.1392474491060188800, 0.2046060820978509200, 0.2676027319561075600, 0.3284481328511196200, 0.3884471317984230000, 0.4479821916005573600, 0.5073694247918964000, 0.5666246472759952600, 0.6257394543435818000, 0.6847378962314342200, 0.7444980218687281500, 0.8052316892840698500, 0.8680314205330778000, 0.9327956038188086600, 1.000000000000000000 ),
 .UNSPECIFIED. ) ;
#10944 = AXIS2_PLACEMENT_3D ( 'NONE', #3982, #8385, #6792 ) ;
#10945 = EDGE_LOOP ( 'NONE', ( #1472, #1275, #9968, #1710 ) ) ;
#10946 = DIRECTION ( 'NONE',  ( -1.000000000000000000, 0.0000000000000000000, 0.0000000000000000000 ) ) ;
#10947 = CARTESIAN_POINT ( 'NONE',  ( 44.21421443129808900, 6.363108264701245400, -17.91005284086394400 ) ) ;
#10948 = EDGE_LOOP ( 'NONE', ( #7131, #5939, #6027, #2995 ) ) ;
#10949 = DIRECTION ( 'NONE',  ( 0.6853646990049909700, -0.7281999926928027800, 0.0000000000000000000 ) ) ;
#10950 = CARTESIAN_POINT ( 'NONE',  ( 9.931898717924076100, -1.643343006382751200, 0.1000000000000000100 ) ) ;
#10951 = VECTOR ( 'NONE', #5237, 1000.000000000000000 ) ;
#10952 = VECTOR ( 'NONE', #8578, 1000.000000000000100 ) ;
#10953 = CARTESIAN_POINT ( 'NONE',  ( 7.999999999999998200, -21.00000000000000000, 8.099999999999999600 ) ) ;
#10954 = CARTESIAN_POINT ( 'NONE',  ( 10.79820474939269700, -6.717705361854220800, 0.0000000000000000000 ) ) ;
#10955 = CARTESIAN_POINT ( 'NONE',  ( 0.7879379035845669500, 7.849539771895425000, 5.000000000000000000 ) ) ;
#10956 = DIRECTION ( 'NONE',  ( 0.0000000000000000000, 0.0000000000000000000, -1.000000000000000000 ) ) ;
#10957 = DIRECTION ( 'NONE',  ( 0.0000000000000000000, -1.000000000000000000, 0.0000000000000000000 ) ) ;
#10958 = ORIENTED_EDGE ( 'NONE', *, *, #9940, .T. ) ;
#10959 = CARTESIAN_POINT ( 'NONE',  ( 42.49999999999999300, -6.712520664578059700, -17.91005284086394400 ) ) ;
#10960 = EDGE_LOOP ( 'NONE', ( #8608, #2632, #6602, #7546 ) ) ;
#10961 = DIRECTION ( 'NONE',  ( -1.000000000000000000, 0.0000000000000000000, 0.0000000000000000000 ) ) ;
#10962 = LINE ( 'NONE', #9368, #10951 ) ;
#10963 = CARTESIAN_POINT ( 'NONE',  ( 11.38549503158680500, -1.625095840428774800, 0.1000000000000000100 ) ) ;
#10964 = LINE ( 'NONE', #352, #2480 ) ;
#10965 = CARTESIAN_POINT ( 'NONE',  ( 10.21932831780222300, -7.180945155181614600, 0.1000000000000000100 ) ) ;
#10966 = CARTESIAN_POINT ( 'NONE',  ( 11.24580568859154400, -8.374006383303498800, 0.1000000000000000100 ) ) ;
#10967 = ORIENTED_EDGE ( 'NONE', *, *, #3260, .T. ) ;
#10968 = CARTESIAN_POINT ( 'NONE',  ( 11.19177743552396700, -8.622657427429908600, 0.1000000000000000100 ) ) ;
#10969 = CARTESIAN_POINT ( 'NONE',  ( 10.03831244620241100, -7.357142955774571100, 0.1000000000000000100 ) ) ;
#10970 = CARTESIAN_POINT ( 'NONE',  ( 11.36519782525624600, -6.329411848507266600, 0.1000000000000000100 ) ) ;
#10971 = EDGE_LOOP ( 'NONE', ( #2657, #7162, #11439, #10388 ) ) ;
#10972 = VECTOR ( 'NONE', #2083, 1000.000000000000000 ) ;
#10973 = CARTESIAN_POINT ( 'NONE',  ( 10.20773029278871400, -7.181359900455318800, 0.0000000000000000000 ) ) ;
#10974 = VECTOR ( 'NONE', #11040, 1000.000000000000000 ) ;
#10975 = EDGE_CURVE ( 'NONE', #2991, #6571, #9329, .T. ) ;
#10976 = EDGE_CURVE ( 'NONE', #1267, #539, #330, .T. ) ;
#10977 = CARTESIAN_POINT ( 'NONE',  ( 10.41269814671322900, -9.118174679102752500, 0.0000000000000000000 ) ) ;
#10978 = DIRECTION ( 'NONE',  ( 0.0000000000000000000, -0.0000000000000000000, -1.000000000000000000 ) ) ;
#10979 = ORIENTED_EDGE ( 'NONE', *, *, #8980, .F. ) ;
#10980 = B_SPLINE_SURFACE_WITH_KNOTS ( 'NONE', 3, 1, ( 
 ( #4511, #8997 ),
 ( #5442, #11656 ),
 ( #6340, #903 ),
 ( #7238, #1838 ),
 ( #8149, #2779 ),
 ( #9029, #3688 ),
 ( #9927, #4583 ),
 ( #10809, #5483 ),
 ( #11691, #6376 ),
 ( #940, #7280 ),
 ( #1873, #8186 ),
 ( #2819, #9074 ),
 ( #3727, #9964 ),
 ( #4623, #10849 ),
 ( #5521, #38 ),
 ( #6418, #981 ),
 ( #7313, #1919 ),
 ( #8222, #2863 ),
 ( #9114, #3762 ) ),
 .UNSPECIFIED., .F., .F., .F.,
 ( 4, 1, 1, 1, 1, 1, 1, 1, 1, 1, 1, 1, 1, 1, 1, 1, 4 ),
 ( 2, 2 ),
 ( 0.0000000000000000000, 0.06449554760388176400, 0.1260758752336771400, 0.1865616218797896400, 0.2456405728377752400, 0.3034057950882228000, 0.3616592510682221100, 0.4194731082736434800, 0.4784201700534475000, 0.5379366408189075700, 0.5969936307014942500, 0.6574400463226632900, 0.7192656450759815600, 0.7841488779789057600, 0.8521207861077928500, 0.9236510176338959000, 1.000000000000000000 ),
 ( 0.0000000000000000000, 1.000000000000000000 ),
 .UNSPECIFIED. ) ;
#10981 = EDGE_LOOP ( 'NONE', ( #9456, #1620, #3615, #7802, #2287, #4808, #5918, #5865, #895, #9768 ) ) ;
#10982 = CARTESIAN_POINT ( 'NONE',  ( 10.67443223348732500, -1.808863863768080900, 6.776263578034402700E-017 ) ) ;
#10983 = DIRECTION ( 'NONE',  ( -0.5293653704704729400, 0.8483939559819240200, 0.0000000000000000000 ) ) ;
#10984 = CARTESIAN_POINT ( 'NONE',  ( 42.50000000000000000, 16.50000000000000000, 8.099999999999999600 ) ) ;
#10985 = VECTOR ( 'NONE', #10410, 1000.000000000000000 ) ;
#10986 = VECTOR ( 'NONE', #6396, 1000.000000000000000 ) ;
#10987 = CARTESIAN_POINT ( 'NONE',  ( 6.849614011047664900, -7.999999999999996400, -8.184981199232471000 ) ) ;
#10988 = CARTESIAN_POINT ( 'NONE',  ( 10.21430906056028800, -1.902941915604362800, 0.1000000000000000100 ) ) ;
#10989 = ORIENTED_EDGE ( 'NONE', *, *, #172, .F. ) ;
#10990 = CC_DESIGN_SECURITY_CLASSIFICATION ( #8042, ( #5034 ) ) ;
#10991 = ORIENTED_EDGE ( 'NONE', *, *, #2075, .T. ) ;
#10992 = EDGE_CURVE ( 'NONE', #7310, #11147, #8278, .T. ) ;
#10993 = EDGE_CURVE ( 'NONE', #4788, #2800, #5185, .T. ) ;
#10994 = CARTESIAN_POINT ( 'NONE',  ( 11.15143678916189000, -1.824716620429863700, 0.1000000000000000100 ) ) ;
#10995 = CARTESIAN_POINT ( 'NONE',  ( 35.49999999999999300, 21.00000000000000000, 7.099999999999999600 ) ) ;
#10996 = CARTESIAN_POINT ( 'NONE',  ( 9.900272551422780500, -2.000032446018821000, 0.1000000000000000100 ) ) ;
#10997 = FACE_OUTER_BOUND ( 'NONE', #6211, .T. ) ;
#10998 = FACE_OUTER_BOUND ( 'NONE', #1329, .T. ) ;
#10999 = LINE ( 'NONE', #10644, #5708 ) ;
#11000 = EDGE_CURVE ( 'NONE', #7396, #8508, #3758, .T. ) ;
#11001 = CARTESIAN_POINT ( 'NONE',  ( 9.772569256858172800, -7.000513302254057100, 5.421010862427522200E-017 ) ) ;
#11002 = DIRECTION ( 'NONE',  ( -0.0000000000000000000, -0.0000000000000000000, -1.000000000000000000 ) ) ;
#11003 = ORIENTED_EDGE ( 'NONE', *, *, #10558, .F. ) ;
#11004 = CARTESIAN_POINT ( 'NONE',  ( 10.46025129589395100, -1.978795567053953000, 0.1000000000000000100 ) ) ;
#11005 = ORIENTED_EDGE ( 'NONE', *, *, #1290, .T. ) ;
#11006 = CARTESIAN_POINT ( 'NONE',  ( 9.814466079894138800, -1.308515943749781100, 1.355252715606880500E-017 ) ) ;
#11007 = FACE_OUTER_BOUND ( 'NONE', #9556, .T. ) ;
#11008 = ADVANCED_FACE ( 'NONE', ( #7414 ), #2446, .T. ) ;
#11009 = CARTESIAN_POINT ( 'NONE',  ( 36.49999999999999300, 19.00000000000000000, 5.399999999999999500 ) ) ;
#11010 = VECTOR ( 'NONE', #901, 1000.000000000000000 ) ;
#11011 = DIRECTION ( 'NONE',  ( -1.000000000000000000, 2.891205793294681200E-014, 0.0000000000000000000 ) ) ;
#11012 = CARTESIAN_POINT ( 'NONE',  ( 10.81777029730337400, -6.985869480539777900, 0.1000000000000000100 ) ) ;
#11013 = DIRECTION ( 'NONE',  ( 1.000000000000000000, 0.0000000000000000000, 0.0000000000000000000 ) ) ;
#11014 = B_SPLINE_CURVE_WITH_KNOTS ( 'NONE', 3,
 ( #11028, #2996, #7494, #2116, #8402, #3033, #9295, #3942, #10179, #4831, #11066, #5737, #273, #6631, #1219, #7535, #2161, #8443, #3077 ),
 .UNSPECIFIED., .F., .F.,
 ( 4, 1, 1, 1, 1, 1, 1, 1, 1, 1, 1, 1, 1, 1, 1, 1, 4 ),
 ( 0.0000000000000000000, 0.07040442122010348600, 0.1381362712234066900, 0.2031209660154515200, 0.2665340818940437600, 0.3282707026529158600, 0.3888228852164341600, 0.4487118881875525900, 0.5088683109582582400, 0.5688848052987203200, 0.6278509740250124400, 0.6876090160606188600, 0.7474501397412317600, 0.8081787861584510700, 0.8703840964116184000, 0.9338062517213755500, 1.000000000000000000 ),
 .UNSPECIFIED. ) ;
#11015 = ORIENTED_EDGE ( 'NONE', *, *, #9291, .T. ) ;
#11016 = CARTESIAN_POINT ( 'NONE',  ( 10.44516382629000800, -9.155332069897779600, 0.1000000000000000100 ) ) ;
#11017 = ORIENTED_EDGE ( 'NONE', *, *, #8706, .F. ) ;
#11018 = CARTESIAN_POINT ( 'NONE',  ( 11.44502575710740400, -7.837523778986839500, 0.0000000000000000000 ) ) ;
#11019 = AXIS2_PLACEMENT_3D ( 'NONE', #2168, #1304, #1184 ) ;
#11020 = DIRECTION ( 'NONE',  ( 0.0000000000000000000, -0.0000000000000000000, -1.000000000000000000 ) ) ;
#11021 = EDGE_LOOP ( 'NONE', ( #143, #11451 ) ) ;
#11022 = CARTESIAN_POINT ( 'NONE',  ( 39.99999999999999300, 19.50000000000000000, 2.700000000000000200 ) ) ;
#11023 = CARTESIAN_POINT ( 'NONE',  ( 8.000000000000007100, -9.157317253416650300, 8.099999999999999600 ) ) ;
#11024 = LINE ( 'NONE', #2248, #3732 ) ;
#11025 = ORIENTED_EDGE ( 'NONE', *, *, #9984, .F. ) ;
#11026 = ORIENTED_EDGE ( 'NONE', *, *, #8572, .T. ) ;
#11027 = CARTESIAN_POINT ( 'NONE',  ( 32.49999999999998600, -1.000000000000004400, 1.500000000000000000 ) ) ;
#11028 = CARTESIAN_POINT ( 'NONE',  ( 10.52980821486663600, -1.876489770585186600, 0.1000000000000000100 ) ) ;
#11029 = ORIENTED_EDGE ( 'NONE', *, *, #596, .F. ) ;
#11030 = CARTESIAN_POINT ( 'NONE',  ( 11.33924300420896500, -1.350986723971554100, 0.0000000000000000000 ) ) ;
#11031 = ORIENTED_EDGE ( 'NONE', *, *, #7743, .T. ) ;
#11032 = AXIS2_PLACEMENT_3D ( 'NONE', #6678, #1257, #7576 ) ;
#11033 = CARTESIAN_POINT ( 'NONE',  ( 9.785977046035466000, -9.238502757598176600, 0.1000000000000000100 ) ) ;
#11034 = CARTESIAN_POINT ( 'NONE',  ( 26.64242326782791200, -7.800000000000076200, 3.099999999999999600 ) ) ;
#11035 = CARTESIAN_POINT ( 'NONE',  ( 11.17815742494021700, -1.767933412804489000, 0.1000000000000000100 ) ) ;
#11036 = CARTESIAN_POINT ( 'NONE',  ( 44.16534356974573000, 6.147510258116105000, -17.91005284086394400 ) ) ;
#11037 = ORIENTED_EDGE ( 'NONE', *, *, #6737, .T. ) ;
#11038 = CARTESIAN_POINT ( 'NONE',  ( 11.85464502991615600, 6.907092958867320200, 0.0000000000000000000 ) ) ;
#11039 = EDGE_CURVE ( 'NONE', #2533, #3336, #3419, .T. ) ;
#11040 = DIRECTION ( 'NONE',  ( -1.000000000000000000, -0.0000000000000000000, -0.0000000000000000000 ) ) ;
#11041 = CARTESIAN_POINT ( 'NONE',  ( 9.927991316637136500, -7.288612186484355600, 0.1000000000000000100 ) ) ;
#11042 = EDGE_LOOP ( 'NONE', ( #2418, #7427, #8053, #6116 ) ) ;
#11043 = CARTESIAN_POINT ( 'NONE',  ( 47.50000000000000000, -25.09999999999999800, 0.0000000000000000000 ) ) ;
#11044 = VERTEX_POINT ( 'NONE', #10495 ) ;
#11045 = CARTESIAN_POINT ( 'NONE',  ( 36.49999999999999300, 10.49999999999999600, 0.0000000000000000000 ) ) ;
#11046 = ORIENTED_EDGE ( 'NONE', *, *, #7117, .F. ) ;
#11047 = LINE ( 'NONE', #4970, #9843 ) ;
#11048 = DIRECTION ( 'NONE',  ( 0.0000000000000000000, 0.0000000000000000000, 1.000000000000000000 ) ) ;
#11049 = EDGE_CURVE ( 'NONE', #651, #2758, #2628, .T. ) ;
#11050 = EDGE_CURVE ( 'NONE', #11458, #4832, #4296, .T. ) ;
#11051 = CARTESIAN_POINT ( 'NONE',  ( 10.38208601914130500, -7.134129448341821200, 0.0000000000000000000 ) ) ;
#11052 = CARTESIAN_POINT ( 'NONE',  ( 36.89354909927017400, -15.78326063698208900, 0.0000000000000000000 ) ) ;
#11053 = DIRECTION ( 'NONE',  ( 0.0000000000000000000, 0.0000000000000000000, 1.000000000000000000 ) ) ;
#11054 = ORIENTED_EDGE ( 'NONE', *, *, #5800, .F. ) ;
#11055 = CARTESIAN_POINT ( 'NONE',  ( 13.01877120494743200, 9.157317253416650300, -23.17665792529315300 ) ) ;
#11056 = CIRCLE ( 'NONE', #6697, 0.5000000000000004400 ) ;
#11057 = CARTESIAN_POINT ( 'NONE',  ( 11.33366125398997100, -1.887132519910252700, 0.0000000000000000000 ) ) ;
#11058 = ORIENTED_EDGE ( 'NONE', *, *, #1394, .T. ) ;
#11059 = CARTESIAN_POINT ( 'NONE',  ( 10.74863938369780300, -6.778762497857916200, 0.0000000000000000000 ) ) ;
#11060 = LINE ( 'NONE', #1615, #8061 ) ;
#11061 = VERTEX_POINT ( 'NONE', #1529 ) ;
#11062 = AXIS2_PLACEMENT_3D ( 'NONE', #11408, #9674, #4328 ) ;
#11063 = DIRECTION ( 'NONE',  ( 0.0000000000000000000, -1.000000000000000000, 0.0000000000000000000 ) ) ;
#11064 = EDGE_CURVE ( 'NONE', #7454, #551, #10479, .T. ) ;
#11065 = EDGE_CURVE ( 'NONE', #7948, #10804, #4837, .T. ) ;
#11066 = CARTESIAN_POINT ( 'NONE',  ( 10.69597624096103900, -2.116050974627483600, 0.1000000000000000100 ) ) ;
#11067 = LINE ( 'NONE', #5700, #6942 ) ;
#11068 = CARTESIAN_POINT ( 'NONE',  ( 10.78964502991612500, 3.817092958867332800, 0.0000000000000000000 ) ) ;
#11069 = ORIENTED_EDGE ( 'NONE', *, *, #3137, .F. ) ;
#11070 = VECTOR ( 'NONE', #7868, 1000.000000000000000 ) ;
#11071 = ADVANCED_FACE ( 'NONE', ( #4047 ), #1567, .T. ) ;
#11072 = ADVANCED_FACE ( 'NONE', ( #865 ), #5227, .T. ) ;
#11073 = EDGE_LOOP ( 'NONE', ( #736, #4398, #9772, #7271 ) ) ;
#11074 = EDGE_CURVE ( 'NONE', #658, #10902, #11466, .T. ) ;
#11075 = CARTESIAN_POINT ( 'NONE',  ( 11.00011386538594000, -1.287539040833048700, 0.1000000000000000100 ) ) ;
#11076 = EDGE_LOOP ( 'NONE', ( #7065, #5900, #5808, #6199, #11238, #8907, #3726, #1039, #10528, #5996 ) ) ;
#11077 = CARTESIAN_POINT ( 'NONE',  ( 11.36519782525624600, -4.319346913442329200, 0.1000000000000000100 ) ) ;
#11078 = CARTESIAN_POINT ( 'NONE',  ( 10.76555718252051200, -6.757922293632256000, 0.1000000000000000100 ) ) ;
#11079 = CARTESIAN_POINT ( 'NONE',  ( 30.49999999999998600, 2.000000000000000000, 8.099999999999999600 ) ) ;
#11080 = CARTESIAN_POINT ( 'NONE',  ( 10.16424853299016300, -7.388129544413502000, 5.421010862427522200E-017 ) ) ;
#11081 = VECTOR ( 'NONE', #8218, 1000.000000000000000 ) ;
#11082 = CARTESIAN_POINT ( 'NONE',  ( 10.53317072245659400, -1.888355819827900900, 0.0000000000000000000 ) ) ;
#11083 = DIRECTION ( 'NONE',  ( 1.000000000000000000, 0.0000000000000000000, 0.0000000000000000000 ) ) ;
#11084 = VERTEX_POINT ( 'NONE', #7923 ) ;
#11085 = ORIENTED_EDGE ( 'NONE', *, *, #9273, .T. ) ;
#11086 = ORIENTED_EDGE ( 'NONE', *, *, #11520, .F. ) ;
#11087 = EDGE_CURVE ( 'NONE', #10310, #6324, #8424, .T. ) ;
#11088 = DIRECTION ( 'NONE',  ( -0.0000000000000000000, -0.0000000000000000000, -1.000000000000000000 ) ) ;
#11089 = CARTESIAN_POINT ( 'NONE',  ( 13.52221523408026000, 7.800000000000077100, 3.099999999999999600 ) ) ;
#11090 = VERTEX_POINT ( 'NONE', #7884 ) ;
#11091 = FACE_OUTER_BOUND ( 'NONE', #10960, .T. ) ;
#11092 = DIRECTION ( 'NONE',  ( -0.0000000000000000000, -0.0000000000000000000, -1.000000000000000000 ) ) ;
#11093 = CARTESIAN_POINT ( 'NONE',  ( 9.765197825256244400, -2.672268991364406900, 0.1000000000000000100 ) ) ;
#11094 = EDGE_LOOP ( 'NONE', ( #10398, #8972, #4288, #7722, #422, #9170, #6046, #1250 ) ) ;
#11095 = DIRECTION ( 'NONE',  ( 1.000000000000000000, 0.0000000000000000000, 0.0000000000000000000 ) ) ;
#11096 = ORIENTED_EDGE ( 'NONE', *, *, #6751, .T. ) ;
#11097 = ORIENTED_EDGE ( 'NONE', *, *, #3137, .T. ) ;
#11098 = AXIS2_PLACEMENT_3D ( 'NONE', #6981, #6881, #669 ) ;
#11099 = DIRECTION ( 'NONE',  ( -9.637352644315580900E-015, -1.000000000000000000, 0.0000000000000000000 ) ) ;
#11100 = VECTOR ( 'NONE', #5502, 1000.000000000000000 ) ;
#11101 = CARTESIAN_POINT ( 'NONE',  ( 11.13662639668481600, -7.950191069286487000, 0.1000000000000000100 ) ) ;
#11102 = CARTESIAN_POINT ( 'NONE',  ( 10.75994389374292700, -7.051569947597982900, 0.1000000000000000100 ) ) ;
#11103 = CARTESIAN_POINT ( 'NONE',  ( 8.000000000000000000, 3.500000000000000000, 3.250000000000000400 ) ) ;
#11104 = VERTEX_POINT ( 'NONE', #10591 ) ;
#11105 = VERTEX_POINT ( 'NONE', #11478 ) ;
#11106 = DIRECTION ( 'NONE',  ( 0.0000000000000000000, 0.0000000000000000000, 1.000000000000000000 ) ) ;
#11107 = LINE ( 'NONE', #9258, #10941 ) ;
#11108 = CARTESIAN_POINT ( 'NONE',  ( 11.36519782525624600, -4.085256004351419900, 0.1000000000000000100 ) ) ;
#11109 = CARTESIAN_POINT ( 'NONE',  ( 32.49999999999998600, -9.250000000000001800, 5.099999999999999600 ) ) ;
#11110 = CARTESIAN_POINT ( 'NONE',  ( 10.86649652655494700, -6.204736523831940100, 0.1000000000000000100 ) ) ;
#11111 = CARTESIAN_POINT ( 'NONE',  ( 9.774806897976574800, -1.801764838866037900, 0.1000000000000000100 ) ) ;
#11112 = CARTESIAN_POINT ( 'NONE',  ( 10.11711889244475400, -6.386919336376856800, 0.1000000000000000100 ) ) ;
#11113 = CARTESIAN_POINT ( 'NONE',  ( 10.23110691616533600, -1.051489770585186400, -0.0000000000000000000 ) ) ;
#11114 = ORIENTED_EDGE ( 'NONE', *, *, #7963, .F. ) ;
#11115 = CARTESIAN_POINT ( 'NONE',  ( 10.64578102572302300, -2.078148592824445600, 0.1000000000000000100 ) ) ;
#11116 = EDGE_LOOP ( 'NONE', ( #4698, #5868, #3034, #8267 ) ) ;
#11117 = EDGE_CURVE ( 'NONE', #2772, #633, #1559, .T. ) ;
#11118 = CYLINDRICAL_SURFACE ( 'NONE', #5497, 1.000000000000000900 ) ;
#11119 = LINE ( 'NONE', #7450, #10672 ) ;
#11120 = DIRECTION ( 'NONE',  ( 0.0000000000000000000, 0.0000000000000000000, 1.000000000000000000 ) ) ;
#11121 = DIRECTION ( 'NONE',  ( 0.0000000000000000000, 0.0000000000000000000, 1.000000000000000000 ) ) ;
#11122 = CARTESIAN_POINT ( 'NONE',  ( 32.49999999999998600, -2.000000000000000000, 5.099999999999999600 ) ) ;
#11123 = CARTESIAN_POINT ( 'NONE',  ( 9.751358906376328400, -1.494743858017588200, -0.0000000000000000000 ) ) ;
#11124 = CARTESIAN_POINT ( 'NONE',  ( 6.849614011047666700, -2.500000000000002200, 5.000000000000000000 ) ) ;
#11125 = ADVANCED_FACE ( 'NONE', ( #9996 ), #9711, .T. ) ;
#11126 = VERTEX_POINT ( 'NONE', #9748 ) ;
#11127 = ADVANCED_FACE ( 'NONE', ( #4727 ), #3189, .T. ) ;
#11128 = CARTESIAN_POINT ( 'NONE',  ( 11.36519782525624600, -7.950191069286487000, 0.0000000000000000000 ) ) ;
#11129 = VERTEX_POINT ( 'NONE', #10631 ) ;
#11130 = CARTESIAN_POINT ( 'NONE',  ( 7.999999999999998200, -21.00000000000000000, 8.099999999999999600 ) ) ;
#11131 = AXIS2_PLACEMENT_3D ( 'NONE', #5196, #1577, #7899 ) ;
#11132 = LINE ( 'NONE', #10827, #11100 ) ;
#11133 = DIRECTION ( 'NONE',  ( -0.0000000000000000000, -0.0000000000000000000, -1.000000000000000000 ) ) ;
#11134 = EDGE_CURVE ( 'NONE', #10852, #9801, #630, .T. ) ;
#11135 = ORIENTED_EDGE ( 'NONE', *, *, #4965, .F. ) ;
#11136 = EDGE_CURVE ( 'NONE', #1098, #2509, #4791, .T. ) ;
#11137 = VECTOR ( 'NONE', #3929, 1000.000000000000000 ) ;
#11138 = EDGE_LOOP ( 'NONE', ( #3413, #5232, #6187, #10278 ) ) ;
#11139 = EDGE_CURVE ( 'NONE', #658, #2260, #9299, .T. ) ;
#11140 = CARTESIAN_POINT ( 'NONE',  ( 10.74863938369780300, -6.778762497857916200, -1.355252715606880500E-017 ) ) ;
#11141 = CARTESIAN_POINT ( 'NONE',  ( 10.84571730577572500, -1.217723536818952500, -0.0000000000000000000 ) ) ;
#11142 = ORIENTED_EDGE ( 'NONE', *, *, #5544, .F. ) ;
#11143 = CARTESIAN_POINT ( 'NONE',  ( 26.64242326782791200, -7.800000000000076200, 33.81103081370217500 ) ) ;
#11144 = VECTOR ( 'NONE', #8130, 1000.000000000000000 ) ;
#11145 = LINE ( 'NONE', #1855, #5225 ) ;
#11146 = VECTOR ( 'NONE', #8614, 1000.000000000000000 ) ;
#11147 = VERTEX_POINT ( 'NONE', #2745 ) ;
#11148 = CARTESIAN_POINT ( 'NONE',  ( 10.86649652655494700, -6.204736523831940100, 0.1000000000000000100 ) ) ;
#11149 = CARTESIAN_POINT ( 'NONE',  ( 36.49999999999999300, 21.00000000000000000, 1.000000000000000000 ) ) ;
#11150 = DIRECTION ( 'NONE',  ( 0.0000000000000000000, 1.000000000000000000, -0.0000000000000000000 ) ) ;
#11151 = ORIENTED_EDGE ( 'NONE', *, *, #4641, .T. ) ;
#11152 = DIRECTION ( 'NONE',  ( -1.000000000000000000, 0.0000000000000000000, -0.0000000000000000000 ) ) ;
#11153 = CARTESIAN_POINT ( 'NONE',  ( 11.20201174275349500, -8.647404678476347000, 6.776263578034402700E-017 ) ) ;
#11154 = CARTESIAN_POINT ( 'NONE',  ( 35.49999999999999300, 14.49999999999999500, 1.500000000000000000 ) ) ;
#11155 = ADVANCED_FACE ( 'NONE', ( #3797 ), #10980, .T. ) ;
#11156 = EDGE_LOOP ( 'NONE', ( #6454, #8124, #4276, #5358 ) ) ;
#11157 = EDGE_CURVE ( 'NONE', #3915, #3847, #7036, .T. ) ;
#11158 = EDGE_CURVE ( 'NONE', #8522, #2164, #5099, .T. ) ;
#11159 = CARTESIAN_POINT ( 'NONE',  ( 9.881757585852009000, -6.530682228580125100, 4.065758146820641600E-017 ) ) ;
#11160 = LINE ( 'NONE', #931, #8397 ) ;
#11161 = LINE ( 'NONE', #9842, #2155 ) ;
#11162 = CARTESIAN_POINT ( 'NONE',  ( 10.81244771914246000, -2.163299304939740900, 0.0000000000000000000 ) ) ;
#11163 = ORIENTED_EDGE ( 'NONE', *, *, #8823, .T. ) ;
#11164 = ORIENTED_EDGE ( 'NONE', *, *, #9512, .T. ) ;
#11165 = CARTESIAN_POINT ( 'NONE',  ( 38.50000000000000000, -16.99999999999999600, 8.099999999999999600 ) ) ;
#11166 = APPLICATION_CONTEXT ( 'configuration controlled 3d designs of mechanical parts and assemblies' ) ;
#11167 = ORIENTED_EDGE ( 'NONE', *, *, #1927, .T. ) ;
#11168 = CARTESIAN_POINT ( 'NONE',  ( 11.23265458722353400, -1.191948934254002800, 0.1000000000000000100 ) ) ;
#11169 = CARTESIAN_POINT ( 'NONE',  ( 9.961422437199551900, -7.028259347992901400, 0.1000000000000000100 ) ) ;
#11170 = EDGE_CURVE ( 'NONE', #9615, #738, #5174, .T. ) ;
#11171 = LINE ( 'NONE', #485, #6310 ) ;
#11172 = VERTEX_POINT ( 'NONE', #10886 ) ;
#11173 = CARTESIAN_POINT ( 'NONE',  ( 11.66018310452988500, -7.796659700489530400, 0.0000000000000000000 ) ) ;
#11174 = CARTESIAN_POINT ( 'NONE',  ( 9.950412144257555300, -7.002199758047646000, -0.0000000000000000000 ) ) ;
#11175 = ORIENTED_EDGE ( 'NONE', *, *, #7359, .F. ) ;
#11176 = AXIS2_PLACEMENT_3D ( 'NONE', #6858, #6033, #5952 ) ;
#11177 = CARTESIAN_POINT ( 'NONE',  ( 10.20281737794221600, -6.372832496060768300, -0.0000000000000000000 ) ) ;
#11178 = PRODUCT_DEFINITION_SHAPE ( 'NONE', 'NONE',  #1988 ) ;
#11179 = EDGE_LOOP ( 'NONE', ( #756, #8761, #1149, #6788 ) ) ;
#11180 = LINE ( 'NONE', #5056, #4035 ) ;
#11181 = CARTESIAN_POINT ( 'NONE',  ( 9.765197825256244400, -4.293048212143627800, 0.1000000000000000100 ) ) ;
#11182 = CARTESIAN_POINT ( 'NONE',  ( 11.00720079857645000, -6.756418227581371600, 0.1000000000000000100 ) ) ;
#11183 = CARTESIAN_POINT ( 'NONE',  ( 10.41000302006144000, -8.512853406948824600, 0.1000000000000000100 ) ) ;
#11184 = CARTESIAN_POINT ( 'NONE',  ( 11.13603619996276900, -8.293095877952808300, -0.0000000000000000000 ) ) ;
#11185 = CARTESIAN_POINT ( 'NONE',  ( 9.975255200428167200, -7.052713421218983900, 0.0000000000000000000 ) ) ;
#11186 = ORIENTED_EDGE ( 'NONE', *, *, #5789, .T. ) ;
#11187 = FACE_OUTER_BOUND ( 'NONE', #3836, .T. ) ;
#11188 = DIRECTION ( 'NONE',  ( -1.000000000000000000, 5.139921410301651800E-016, 0.0000000000000000000 ) ) ;
#11189 = ORIENTED_EDGE ( 'NONE', *, *, #8619, .T. ) ;
#11190 = ADVANCED_FACE ( 'NONE', ( #2992 ), #1998, .F. ) ;
#11191 = AXIS2_PLACEMENT_3D ( 'NONE', #5522, #4662, #10888 ) ;
#11192 = CARTESIAN_POINT ( 'NONE',  ( 10.07526276032118100, -5.124217043312459200, 0.1000000000000000100 ) ) ;
#11193 = DIRECTION ( 'NONE',  ( 1.000000000000000000, -0.0000000000000000000, -0.0000000000000000000 ) ) ;
#11194 = DIRECTION ( 'NONE',  ( -1.000000000000000000, 0.0000000000000000000, 0.0000000000000000000 ) ) ;
#11195 = EDGE_CURVE ( 'NONE', #7496, #9909, #3906, .T. ) ;
#11196 = ORIENTED_EDGE ( 'NONE', *, *, #9806, .T. ) ;
#11197 = ORIENTED_EDGE ( 'NONE', *, *, #3769, .T. ) ;
#11198 = LINE ( 'NONE', #1117, #1517 ) ;
#11199 = CARTESIAN_POINT ( 'NONE',  ( 9.766320448828675900, -6.837288006533988500, 0.1000000000000000100 ) ) ;
#11200 = VECTOR ( 'NONE', #3198, 1000.000000000000000 ) ;
#11201 = DIRECTION ( 'NONE',  ( 0.0000000000000000000, 0.0000000000000000000, -1.000000000000000000 ) ) ;
#11202 = DIRECTION ( 'NONE',  ( 0.7071067811865481300, 0.7071067811865470200, 0.0000000000000000000 ) ) ;
#11203 = VERTEX_POINT ( 'NONE', #6529 ) ;
#11204 = CARTESIAN_POINT ( 'NONE',  ( 9.972990033048454000, -9.238502757598176600, 0.1000000000000000100 ) ) ;
#11205 = CARTESIAN_POINT ( 'NONE',  ( 10.78964502991612500, 3.817092958867332800, 0.1000000000000000100 ) ) ;
#11206 = APPROVAL_STATUS ( 'not_yet_approved' ) ;
#11207 = EDGE_CURVE ( 'NONE', #6571, #2595, #6526, .T. ) ;
#11208 = FACE_OUTER_BOUND ( 'NONE', #8498, .T. ) ;
#11209 = EDGE_CURVE ( 'NONE', #10697, #5102, #10589, .T. ) ;
#11210 = CARTESIAN_POINT ( 'NONE',  ( 10.86005832474096000, -1.222770533802067100, 0.1000000000000000100 ) ) ;
#11211 = ORIENTED_EDGE ( 'NONE', *, *, #10558, .T. ) ;
#11212 = LINE ( 'NONE', #880, #11144 ) ;
#11213 = CARTESIAN_POINT ( 'NONE',  ( 10.87709696185287500, -9.299676437121430400, 0.1000000000000000100 ) ) ;
#11214 = CYLINDRICAL_SURFACE ( 'NONE', #7165, 0.5000000000000004400 ) ;
#11215 = CARTESIAN_POINT ( 'NONE',  ( 32.49999999999998600, 14.00000000000000000, 7.099999999999999600 ) ) ;
#11216 = CARTESIAN_POINT ( 'NONE',  ( 11.35634736537537900, -1.396925119314498700, -0.0000000000000000000 ) ) ;
#11217 = CARTESIAN_POINT ( 'NONE',  ( 4.708604252787294400, -12.01524776792332200, 7.413944776376546000 ) ) ;
#11218 = EDGE_LOOP ( 'NONE', ( #8857, #7201, #3778, #4687 ) ) ;
#11219 = CIRCLE ( 'NONE', #6636, 1.499999999999996200 ) ;
#11220 = DIRECTION ( 'NONE',  ( 0.0000000000000000000, 1.000000000000000000, 0.0000000000000000000 ) ) ;
#11221 = CARTESIAN_POINT ( 'NONE',  ( 11.36519782525624600, -7.721619640715059200, 0.1000000000000000100 ) ) ;
#11222 = DIRECTION ( 'NONE',  ( 0.0000000000000000000, 0.0000000000000000000, 1.000000000000000000 ) ) ;
#11223 = CARTESIAN_POINT ( 'NONE',  ( 42.50000000000000700, -22.00000000000000000, 8.099999999999999600 ) ) ;
#11224 = EDGE_CURVE ( 'NONE', #9643, #10300, #8753, .T. ) ;
#11225 = ORIENTED_EDGE ( 'NONE', *, *, #6584, .T. ) ;
#11226 = EDGE_CURVE ( 'NONE', #10383, #7286, #10649, .T. ) ;
#11227 = PLANE ( 'NONE',  #3035 ) ;
#11228 = CIRCLE ( 'NONE', #7913, 1.499999999999996200 ) ;
#11229 = LINE ( 'NONE', #6523, #10134 ) ;
#11230 = EDGE_CURVE ( 'NONE', #463, #9662, #1248, .T. ) ;
#11231 = CARTESIAN_POINT ( 'NONE',  ( 10.56390709630774400, -8.975464938259804600, 0.0000000000000000000 ) ) ;
#11232 = DIRECTION ( 'NONE',  ( -0.0000000000000000000, -0.0000000000000000000, 1.000000000000000000 ) ) ;
#11233 = CARTESIAN_POINT ( 'NONE',  ( 35.49999999999999300, 14.49999999999999500, 1.500000000000000000 ) ) ;
#11234 = CARTESIAN_POINT ( 'NONE',  ( 11.11400417241086600, -1.874156422486831000, 0.1000000000000000100 ) ) ;
#11235 = CARTESIAN_POINT ( 'NONE',  ( 7.048445366811452400, -14.50132895157399400, 5.000000000000000000 ) ) ;
#11236 = ORIENTED_EDGE ( 'NONE', *, *, #1809, .T. ) ;
#11237 = EDGE_CURVE ( 'NONE', #4952, #758, #6024, .T. ) ;
#11238 = ORIENTED_EDGE ( 'NONE', *, *, #10033, .T. ) ;
#11239 = CARTESIAN_POINT ( 'NONE',  ( 10.52802503634494400, -8.591771818040378200, 4.065758146820641600E-017 ) ) ;
#11240 = DIRECTION ( 'NONE',  ( -1.000000000000000000, 0.0000000000000000000, 0.0000000000000000000 ) ) ;
#11241 = VERTEX_POINT ( 'NONE', #8374 ) ;
#11242 = CARTESIAN_POINT ( 'NONE',  ( 11.38549503158680500, -1.625095840428774800, 0.0000000000000000000 ) ) ;
#11243 = FACE_OUTER_BOUND ( 'NONE', #4016, .T. ) ;
#11244 = AXIS2_PLACEMENT_3D ( 'NONE', #5905, #7166, #7275 ) ;
#11245 = CARTESIAN_POINT ( 'NONE',  ( 10.02546167509024700, -6.419391538398688400, -0.0000000000000000000 ) ) ;
#11246 = ORIENTED_EDGE ( 'NONE', *, *, #3148, .T. ) ;
#11247 = CARTESIAN_POINT ( 'NONE',  ( 0.0000000000000000000, 5.249999999999999100, 3.250000000000000400 ) ) ;
#11248 = CARTESIAN_POINT ( 'NONE',  ( 10.30964502991613200, 4.057092958867338300, 0.1000000000000000100 ) ) ;
#11249 = CARTESIAN_POINT ( 'NONE',  ( 10.92818796919389100, -1.249551405908360300, -0.0000000000000000000 ) ) ;
#11250 = ADVANCED_FACE ( 'NONE', ( #8050 ), #3916, .F. ) ;
#11251 = ORIENTED_EDGE ( 'NONE', *, *, #11230, .T. ) ;
#11252 = ADVANCED_FACE ( 'NONE', ( #4548 ), #6565, .T. ) ;
#11253 = CARTESIAN_POINT ( 'NONE',  ( 10.51198695906923500, -8.629415935035190400, 0.1000000000000000100 ) ) ;
#11254 = VECTOR ( 'NONE', #10319, 1000.000000000000000 ) ;
#11255 = VECTOR ( 'NONE', #5552, 1000.000000000000000 ) ;
#11256 = PLANE ( 'NONE',  #6182 ) ;
#11257 = ORIENTED_EDGE ( 'NONE', *, *, #1286, .F. ) ;
#11258 = ORIENTED_EDGE ( 'NONE', *, *, #1977, .F. ) ;
#11259 = AXIS2_PLACEMENT_3D ( 'NONE', #2437, #8693, #3345 ) ;
#11260 = CARTESIAN_POINT ( 'NONE',  ( 9.744777480428494300, -1.619038867107050600, 0.1000000000000000100 ) ) ;
#11261 = CARTESIAN_POINT ( 'NONE',  ( 39.49999999999999300, 19.00000000000000000, 5.399999999999999500 ) ) ;
#11262 = CARTESIAN_POINT ( 'NONE',  ( 10.78964502991612500, 4.057092958867333000, 0.0000000000000000000 ) ) ;
#11263 = CARTESIAN_POINT ( 'NONE',  ( 10.67948353954195900, -6.204736523831940100, -0.0000000000000000000 ) ) ;
#11264 = EDGE_LOOP ( 'NONE', ( #2788, #8650, #4197, #4796 ) ) ;
#11265 = DIRECTION ( 'NONE',  ( 0.0000000000000000000, 0.0000000000000000000, -1.000000000000000000 ) ) ;
#11266 = FACE_OUTER_BOUND ( 'NONE', #5537, .T. ) ;
#11267 = DIRECTION ( 'NONE',  ( -0.0000000000000000000, -0.0000000000000000000, -1.000000000000000000 ) ) ;
#11268 = DIRECTION ( 'NONE',  ( -0.0000000000000000000, -0.0000000000000000000, -1.000000000000000000 ) ) ;
#11269 = ORIENTED_EDGE ( 'NONE', *, *, #4654, .F. ) ;
#11270 = CARTESIAN_POINT ( 'NONE',  ( 10.63792509798351900, -1.487853406948823000, 0.1000000000000000100 ) ) ;
#11271 = PLANE ( 'NONE',  #11544 ) ;
#11272 = DIRECTION ( 'NONE',  ( 0.0000000000000000000, 0.0000000000000000000, 1.000000000000000000 ) ) ;
#11273 = ORIENTED_EDGE ( 'NONE', *, *, #2689, .T. ) ;
#11274 = CARTESIAN_POINT ( 'NONE',  ( 10.04849386964205800, -2.091631334705640600, 0.1000000000000000100 ) ) ;
#11275 = EDGE_LOOP ( 'NONE', ( #11552, #3897, #872, #10785 ) ) ;
#11276 = FACE_OUTER_BOUND ( 'NONE', #10014, .T. ) ;
#11277 = CARTESIAN_POINT ( 'NONE',  ( 10.97914287228286900, -6.519180162154624400, 2.710505431213761100E-017 ) ) ;
#11278 = CARTESIAN_POINT ( 'NONE',  ( 33.50000000000000000, -22.00000000000000000, 8.099999999999999600 ) ) ;
#11279 = EDGE_CURVE ( 'NONE', #7340, #7332, #260, .T. ) ;
#11280 = DIRECTION ( 'NONE',  ( 1.000000000000000000, -1.430894232241332000E-016, 0.0000000000000000000 ) ) ;
#11281 = ORIENTED_EDGE ( 'NONE', *, *, #5328, .T. ) ;
#11282 = CARTESIAN_POINT ( 'NONE',  ( 10.30545756551598500, -8.811554705650124200, 0.0000000000000000000 ) ) ;
#11283 = VERTEX_POINT ( 'NONE', #241 ) ;
#11284 = LINE ( 'NONE', #5525, #3808 ) ;
#11285 = ORIENTED_EDGE ( 'NONE', *, *, #11435, .F. ) ;
#11286 = DIRECTION ( 'NONE',  ( -0.0000000000000000000, -0.0000000000000000000, -1.000000000000000000 ) ) ;
#11287 = COORDINATED_UNIVERSAL_TIME_OFFSET ( 3, 0, .AHEAD. ) ;
#11288 = CARTESIAN_POINT ( 'NONE',  ( 11.56089962333025900, -7.764116619334483700, -0.0000000000000000000 ) ) ;
#11289 = PLANE ( 'NONE',  #5578 ) ;
#11290 = ORIENTED_EDGE ( 'NONE', *, *, #1038, .T. ) ;
#11291 = CARTESIAN_POINT ( 'NONE',  ( 39.49999999999999300, -19.99999999999999600, 8.099999999999999600 ) ) ;
#11292 = ORIENTED_EDGE ( 'NONE', *, *, #1459, .F. ) ;
#11293 = CARTESIAN_POINT ( 'NONE',  ( 10.01813221893928900, -1.841594130515209300, 0.1000000000000000100 ) ) ;
#11294 = AXIS2_PLACEMENT_3D ( 'NONE', #3701, #9939, #4601 ) ;
#11295 = CARTESIAN_POINT ( 'NONE',  ( 10.54490062933192700, -8.949118945362698700, -0.0000000000000000000 ) ) ;
#11296 = EDGE_CURVE ( 'NONE', #7952, #6322, #6049, .T. ) ;
#11297 = EDGE_CURVE ( 'NONE', #8075, #3744, #783, .T. ) ;
#11298 = FACE_OUTER_BOUND ( 'NONE', #9119, .T. ) ;
#11299 = LINE ( 'NONE', #7854, #7559 ) ;
#11300 = EDGE_LOOP ( 'NONE', ( #3368, #6276, #527, #11399 ) ) ;
#11301 = CARTESIAN_POINT ( 'NONE',  ( 9.934474856783900500, -2.029672769022406300, 0.1000000000000000100 ) ) ;
#11302 = EDGE_CURVE ( 'NONE', #11203, #4181, #10262, .T. ) ;
#11303 = VERTEX_POINT ( 'NONE', #3045 ) ;
#11305 = DIRECTION ( 'NONE',  ( 0.6853646990049907500, -0.7281999926928031100, 0.0000000000000000000 ) ) ;
#11304 = CARTESIAN_POINT ( 'NONE',  ( 13.64169637919543400, -8.000000000000076400, 8.099999999999999600 ) ) ;
#11306 = CARTESIAN_POINT ( 'NONE',  ( 6.849614011047666700, -2.500000000000000400, -8.184981199232471000 ) ) ;
#11307 = ORIENTED_EDGE ( 'NONE', *, *, #6584, .F. ) ;
#11308 = CARTESIAN_POINT ( 'NONE',  ( 11.36947134593730400, -1.445314082423945200, 0.0000000000000000000 ) ) ;
#11309 = ADVANCED_FACE ( 'NONE', ( #3358 ), #7163, .T. ) ;
#11310 = LINE ( 'NONE', #1852, #10986 ) ;
#11311 = ORIENTED_EDGE ( 'NONE', *, *, #7434, .T. ) ;
#11312 = ADVANCED_FACE ( 'NONE', ( #4180 ), #8574, .F. ) ;
#11313 = CARTESIAN_POINT ( 'NONE',  ( 10.65771521366497000, -9.281544258370672700, 0.0000000000000000000 ) ) ;
#11314 = CARTESIAN_POINT ( 'NONE',  ( 11.36519782525624600, -4.085256004351419900, 0.1000000000000000100 ) ) ;
#11315 = DIRECTION ( 'NONE',  ( 1.000000000000000000, 0.0000000000000000000, 0.0000000000000000000 ) ) ;
#11316 = CARTESIAN_POINT ( 'NONE',  ( 0.0000000000000000000, 3.500000000000000400, 8.099999999999999600 ) ) ;
#11317 = ORIENTED_EDGE ( 'NONE', *, *, #7825, .T. ) ;
#11318 = CARTESIAN_POINT ( 'NONE',  ( 12.89929005983225700, 8.957317253416649200, 3.099999999999999600 ) ) ;
#11319 = CARTESIAN_POINT ( 'NONE',  ( 10.84673216212965500, -6.660382172173386000, 0.1000000000000000100 ) ) ;
#11320 = EDGE_CURVE ( 'NONE', #5300, #1500, #5287, .T. ) ;
#11321 = DIRECTION ( 'NONE',  ( 0.0000000000000000000, -0.0000000000000000000, 1.000000000000000000 ) ) ;
#11322 = AXIS2_PLACEMENT_3D ( 'NONE', #4303, #4799, #7401 ) ;
#11323 = ORIENTED_EDGE ( 'NONE', *, *, #8088, .F. ) ;
#11324 = DIRECTION ( 'NONE',  ( 1.982541115402065400E-016, 1.000000000000000000, 0.0000000000000000000 ) ) ;
#11325 = CARTESIAN_POINT ( 'NONE',  ( 11.17839326037311700, -2.086715523635018300, -0.0000000000000000000 ) ) ;
#11326 = ORIENTED_EDGE ( 'NONE', *, *, #4298, .T. ) ;
#11327 = LINE ( 'NONE', #9808, #7378 ) ;
#11328 = CARTESIAN_POINT ( 'NONE',  ( 10.96482085408998200, -1.960322567238136600, 0.1000000000000000100 ) ) ;
#11329 = PLANE ( 'NONE',  #4737 ) ;
#11330 = CARTESIAN_POINT ( 'NONE',  ( 44.13491204469567500, -4.137030143936652100, 8.099999999999999600 ) ) ;
#11331 = CARTESIAN_POINT ( 'NONE',  ( 11.85464502991613700, 5.017092958867322300, 0.1000000000000000100 ) ) ;
#11332 = ORIENTED_EDGE ( 'NONE', *, *, #278, .T. ) ;
#11333 = FACE_OUTER_BOUND ( 'NONE', #11632, .T. ) ;
#11334 = CARTESIAN_POINT ( 'NONE',  ( 8.200000000000008200, -8.067198198482652000, 3.099999999999999600 ) ) ;
#11335 = AXIS2_PLACEMENT_3D ( 'NONE', #3142, #6335, #1752 ) ;
#11336 = CARTESIAN_POINT ( 'NONE',  ( 40.50000000000000000, 17.50000000000000000, 1.000000000000000000 ) ) ;
#11337 = ORIENTED_EDGE ( 'NONE', *, *, #9679, .T. ) ;
#11338 = FACE_OUTER_BOUND ( 'NONE', #9506, .T. ) ;
#11339 = ORIENTED_EDGE ( 'NONE', *, *, #9750, .F. ) ;
#11340 = EDGE_CURVE ( 'NONE', #3062, #678, #5277, .T. ) ;
#11341 = ORIENTED_EDGE ( 'NONE', *, *, #4592, .F. ) ;
#11342 = CARTESIAN_POINT ( 'NONE',  ( 10.84673216212965500, -6.660382172173386000, 0.1000000000000000100 ) ) ;
#11343 = CARTESIAN_POINT ( 'NONE',  ( 9.935205647881327100, -1.673320720840531200, 1.355252715606880500E-017 ) ) ;
#11344 = DIRECTION ( 'NONE',  ( 0.0000000000000000000, -1.000000000000000000, 0.0000000000000000000 ) ) ;
#11345 = CARTESIAN_POINT ( 'NONE',  ( 8.000000000000007100, 9.157317253416650300, 3.099999999999998800 ) ) ;
#11346 = DIRECTION ( 'NONE',  ( -0.0000000000000000000, -0.0000000000000000000, 1.000000000000000000 ) ) ;
#11347 = FACE_OUTER_BOUND ( 'NONE', #10981, .T. ) ;
#11348 = CARTESIAN_POINT ( 'NONE',  ( 11.37937776417028400, -1.496062441735595000, -0.0000000000000000000 ) ) ;
#11349 = ORIENTED_EDGE ( 'NONE', *, *, #11230, .F. ) ;
#11350 = LINE ( 'NONE', #6264, #8514 ) ;
#11351 = LINE ( 'NONE', #4595, #6447 ) ;
#11352 = CARTESIAN_POINT ( 'NONE',  ( 10.40950110825961200, -1.763005817202572900, -0.0000000000000000000 ) ) ;
#11353 = CARTESIAN_POINT ( 'NONE',  ( 11.09772162576865600, -6.662307073027924400, 0.1000000000000000100 ) ) ;
#11354 = ORIENTED_EDGE ( 'NONE', *, *, #5944, .T. ) ;
#11355 = CARTESIAN_POINT ( 'NONE',  ( 10.84571730577572500, -1.217723536818952500, 0.1000000000000000100 ) ) ;
#11356 = CARTESIAN_POINT ( 'NONE',  ( 10.15054865221738600, -7.176654213671236300, 0.0000000000000000000 ) ) ;
#11357 = EDGE_CURVE ( 'NONE', #9587, #2517, #10058, .T. ) ;
#11358 = CARTESIAN_POINT ( 'NONE',  ( 35.49999999999999300, -22.00000000000000000, 7.099999999999999600 ) ) ;
#11359 = VECTOR ( 'NONE', #9973, 1000.000000000000000 ) ;
#11360 = ORIENTED_EDGE ( 'NONE', *, *, #8089, .T. ) ;
#11361 = VECTOR ( 'NONE', #932, 1000.000000000000000 ) ;
#11362 = CARTESIAN_POINT ( 'NONE',  ( 44.18251492603761200, -4.349954654103710200, 0.0000000000000000000 ) ) ;
#11363 = ORIENTED_EDGE ( 'NONE', *, *, #10363, .T. ) ;
#11364 = VERTEX_POINT ( 'NONE', #9508 ) ;
#11365 = AXIS2_PLACEMENT_3D ( 'NONE', #8170, #2803, #9052 ) ;
#11366 = EDGE_CURVE ( 'NONE', #9791, #7467, #1920, .T. ) ;
#11367 = EDGE_CURVE ( 'NONE', #10885, #9487, #3032, .T. ) ;
#11368 = DIRECTION ( 'NONE',  ( -1.204669080539452000E-014, -1.000000000000000000, 0.0000000000000000000 ) ) ;
#11369 = CARTESIAN_POINT ( 'NONE',  ( 43.50000000000000000, 9.150045345896282700, 0.0000000000000000000 ) ) ;
#11370 = LINE ( 'NONE', #9577, #10280 ) ;
#11371 = ADVANCED_FACE ( 'NONE', ( #4093 ), #4158, .T. ) ;
#11372 = LINE ( 'NONE', #5761, #7123 ) ;
#11373 = CARTESIAN_POINT ( 'NONE',  ( 11.38480316786730900, -1.549314747194137800, 0.0000000000000000000 ) ) ;
#11374 = VERTEX_POINT ( 'NONE', #8654 ) ;
#11375 = ORIENTED_EDGE ( 'NONE', *, *, #4214, .F. ) ;
#11376 = PLANE ( 'NONE',  #3272 ) ;
#11377 = B_SPLINE_CURVE_WITH_KNOTS ( 'NONE', 3,
 ( #1389, #11402, #3123, #1011, #1273, #4593, #8141, #560, #5178, #3036, #5994, #1990, #7866, #10965, #9148 ),
 .UNSPECIFIED., .F., .F.,
 ( 4, 1, 1, 1, 1, 1, 1, 1, 1, 1, 1, 1, 4 ),
 ( 0.0000000000000000000, 0.1439336920162156400, 0.2844931007466453000, 0.4212208197796242200, 0.5550616576505015300, 0.6194043248097695900, 0.6803199411136122700, 0.7387909889420604100, 0.7939329671564634400, 0.8474489269148678400, 0.8993488663162153600, 0.9499485740147198800, 1.000000000000000000 ),
 .UNSPECIFIED. ) ;
#11378 = ORIENTED_EDGE ( 'NONE', *, *, #11157, .F. ) ;
#11379 = CIRCLE ( 'NONE', #4096, 1.499999999999996200 ) ;
#11380 = PLANE ( 'NONE',  #2531 ) ;
#11381 = DIRECTION ( 'NONE',  ( -1.103914939257969300E-014, -1.000000000000000000, 0.0000000000000000000 ) ) ;
#11382 = EDGE_CURVE ( 'NONE', #3930, #6890, #7331, .T. ) ;
#11383 = CARTESIAN_POINT ( 'NONE',  ( 9.745482001720654700, -1.654127461886333500, 0.0000000000000000000 ) ) ;
#11384 = ORIENTED_EDGE ( 'NONE', *, *, #1832, .F. ) ;
#11385 = DIRECTION ( 'NONE',  ( 0.8944271909999160800, -0.4472135954999574800, 0.0000000000000000000 ) ) ;
#11386 = EDGE_CURVE ( 'NONE', #2164, #202, #3348, .T. ) ;
#11387 = EDGE_LOOP ( 'NONE', ( #5893, #2370, #5228, #6271 ) ) ;
#11388 = DIRECTION ( 'NONE',  ( -1.000000000000000000, 9.637352644315593600E-015, 0.0000000000000000000 ) ) ;
#11389 = LINE ( 'NONE', #4999, #6578 ) ;
#11390 = CARTESIAN_POINT ( 'NONE',  ( 26.84242326782791100, -7.937784117174111900, 8.099999999999999600 ) ) ;
#11391 = LINE ( 'NONE', #1675, #11255 ) ;
#11392 = CARTESIAN_POINT ( 'NONE',  ( 9.932224053107447000, -6.915973039061565700, 0.1000000000000000100 ) ) ;
#11393 = CARTESIAN_POINT ( 'NONE',  ( 10.45061114560587100, -1.578659864111118200, 0.1000000000000000100 ) ) ;
#11394 = DIRECTION ( 'NONE',  ( -1.000000000000000000, -0.0000000000000000000, -0.0000000000000000000 ) ) ;
#11395 = PLANE ( 'NONE',  #1737 ) ;
#11396 = ORIENTED_EDGE ( 'NONE', *, *, #11501, .F. ) ;
#11397 = CARTESIAN_POINT ( 'NONE',  ( 37.00000000000000700, -16.38697369497305400, 0.0000000000000000000 ) ) ;
#11398 = ORIENTED_EDGE ( 'NONE', *, *, #959, .T. ) ;
#11399 = ORIENTED_EDGE ( 'NONE', *, *, #10940, .T. ) ;
#11400 = AXIS2_PLACEMENT_3D ( 'NONE', #8861, #11549, #11516 ) ;
#11401 = VECTOR ( 'NONE', #2379, 1000.000000000000000 ) ;
#11402 = CARTESIAN_POINT ( 'NONE',  ( 10.72751402443781500, -6.804576440327217300, 0.1000000000000000100 ) ) ;
#11403 = AXIS2_PLACEMENT_3D ( 'NONE', #1232, #677, #2003 ) ;
#11404 = CARTESIAN_POINT ( 'NONE',  ( 9.931662423628798900, -1.600071577772536100, -0.0000000000000000000 ) ) ;
#11405 = DIRECTION ( 'NONE',  ( 0.6853646990049905300, 0.7281999926928033300, -0.0000000000000000000 ) ) ;
#11406 = CARTESIAN_POINT ( 'NONE',  ( 9.991218381499042100, -7.075870389947028500, 0.0000000000000000000 ) ) ;
#11407 = VERTEX_POINT ( 'NONE', #6004 ) ;
#11408 = CARTESIAN_POINT ( 'NONE',  ( 11.36519782525624600, -3.711230030325446600, 0.1000000000000000100 ) ) ;
#11409 = ORIENTED_EDGE ( 'NONE', *, *, #2923, .T. ) ;
#11410 = CARTESIAN_POINT ( 'NONE',  ( 13.52221523408026000, -7.800000000000077100, 8.099999999999999600 ) ) ;
#11411 = LINE ( 'NONE', #10083, #11254 ) ;
#11412 = ORIENTED_EDGE ( 'NONE', *, *, #11450, .F. ) ;
#11413 = AXIS2_PLACEMENT_3D ( 'NONE', #8202, #9095, #3743 ) ;
#11414 = CARTESIAN_POINT ( 'NONE',  ( 10.45124726252410400, -7.088146330104644100, -1.355252715606880500E-017 ) ) ;
#11415 = CARTESIAN_POINT ( 'NONE',  ( 45.00000000000000000, -6.849954654103714600, 4.500000000000000000 ) ) ;
#11416 = ORIENTED_EDGE ( 'NONE', *, *, #11065, .F. ) ;
#11417 = FACE_OUTER_BOUND ( 'NONE', #4577, .T. ) ;
#11418 = CARTESIAN_POINT ( 'NONE',  ( 10.09034235784051200, -2.102950133746817500, -0.0000000000000000000 ) ) ;
#11419 = EDGE_CURVE ( 'NONE', #5581, #3790, #846, .T. ) ;
#11420 = ORIENTED_EDGE ( 'NONE', *, *, #7434, .F. ) ;
#11421 = CARTESIAN_POINT ( 'NONE',  ( 11.38462243564715900, -8.813968444038074800, 0.1000000000000000100 ) ) ;
#11422 = LINE ( 'NONE', #5951, #11401 ) ;
#11423 = ADVANCED_FACE ( 'NONE', ( #10448 ), #1479, .T. ) ;
#11424 = CARTESIAN_POINT ( 'NONE',  ( 10.00000000000000000, -14.49804735160446600, 6.099999999999999600 ) ) ;
#11425 = CARTESIAN_POINT ( 'NONE',  ( 11.21895774781361700, -8.793988858821785800, 0.1000000000000000100 ) ) ;
#11426 = VERTEX_POINT ( 'NONE', #4202 ) ;
#11427 = CARTESIAN_POINT ( 'NONE',  ( 10.61714587720429700, -3.503437822533238300, -0.0000000000000000000 ) ) ;
#11428 = ORIENTED_EDGE ( 'NONE', *, *, #8705, .T. ) ;
#11429 = DIRECTION ( 'NONE',  ( 0.0000000000000000000, -0.0000000000000000000, 1.000000000000000000 ) ) ;
#11430 = CARTESIAN_POINT ( 'NONE',  ( 35.49999999999999300, -8.250000000000000000, 5.099999999999999600 ) ) ;
#11431 = FACE_OUTER_BOUND ( 'NONE', #19, .T. ) ;
#11432 = CARTESIAN_POINT ( 'NONE',  ( 11.36519782525624600, -4.085256004351419900, -0.0000000000000000000 ) ) ;
#11433 = EDGE_CURVE ( 'NONE', #303, #9529, #8785, .T. ) ;
#11434 = FACE_OUTER_BOUND ( 'NONE', #5605, .T. ) ;
#11435 = EDGE_CURVE ( 'NONE', #7965, #3346, #6662, .T. ) ;
#11436 = EDGE_CURVE ( 'NONE', #8899, #8365, #2107, .T. ) ;
#11437 = FACE_OUTER_BOUND ( 'NONE', #2590, .T. ) ;
#11438 = CARTESIAN_POINT ( 'NONE',  ( 43.68251492603761200, -4.349954654103710200, -17.91005284086394400 ) ) ;
#11439 = ORIENTED_EDGE ( 'NONE', *, *, #3593, .T. ) ;
#11440 = ORIENTED_EDGE ( 'NONE', *, *, #110, .T. ) ;
#11441 = ADVANCED_FACE ( 'NONE', ( #4154 ), #3376, .F. ) ;
#11442 = CARTESIAN_POINT ( 'NONE',  ( 11.22708518053002500, 18.50000000000000000, 3.099999999999999600 ) ) ;
#11443 = ORIENTED_EDGE ( 'NONE', *, *, #3172, .F. ) ;
#11444 = LINE ( 'NONE', #5922, #10712 ) ;
#11445 = FACE_OUTER_BOUND ( 'NONE', #5874, .T. ) ;
#11446 = CARTESIAN_POINT ( 'NONE',  ( 36.49999999999999300, -6.381966011250110400, 8.099999999999999600 ) ) ;
#11447 = VERTEX_POINT ( 'NONE', #10478 ) ;
#11448 = ADVANCED_FACE ( 'NONE', ( #835 ), #4138, .F. ) ;
#11449 = EDGE_CURVE ( 'NONE', #5179, #151, #7244, .T. ) ;
#11450 = EDGE_CURVE ( 'NONE', #2072, #5516, #6427, .T. ) ;
#11451 = ORIENTED_EDGE ( 'NONE', *, *, #6096, .T. ) ;
#11452 = VECTOR ( 'NONE', #5948, 1000.000000000000100 ) ;
#11453 = LINE ( 'NONE', #7920, #11359 ) ;
#11454 = CARTESIAN_POINT ( 'NONE',  ( 8.200000000000008200, -8.067198198482652000, 8.099999999999999600 ) ) ;
#11455 = EDGE_CURVE ( 'NONE', #8825, #2567, #6230, .T. ) ;
#11456 = DIRECTION ( 'NONE',  ( 0.0000000000000000000, 0.0000000000000000000, 1.000000000000000000 ) ) ;
#11457 = CARTESIAN_POINT ( 'NONE',  ( 11.85464502991610800, 2.257092958867323000, 0.1000000000000000100 ) ) ;
#11458 = VERTEX_POINT ( 'NONE', #3415 ) ;
#11459 = LINE ( 'NONE', #6569, #9782 ) ;
#11460 = DIRECTION ( 'NONE',  ( 0.0000000000000000000, 0.0000000000000000000, -1.000000000000000000 ) ) ;
#11461 = ORIENTED_EDGE ( 'NONE', *, *, #2956, .T. ) ;
#11462 = CARTESIAN_POINT ( 'NONE',  ( 11.36776484507881300, -1.783098794327751000, 0.0000000000000000000 ) ) ;
#11463 = LINE ( 'NONE', #10674, #8198 ) ;
#11464 = CARTESIAN_POINT ( 'NONE',  ( 11.19875475997191200, -1.621821820648690100, -0.0000000000000000000 ) ) ;
#11465 = ORIENTED_EDGE ( 'NONE', *, *, #9816, .T. ) ;
#11466 = LINE ( 'NONE', #2557, #9804 ) ;
#11467 = CARTESIAN_POINT ( 'NONE',  ( 36.49999999999999300, 21.00000000000000000, 1.000000000000000000 ) ) ;
#11468 = AXIS2_PLACEMENT_3D ( 'NONE', #2814, #3016, #1408 ) ;
#11469 = CARTESIAN_POINT ( 'NONE',  ( 47.50000000000000000, -3.849954654103709700, 8.099999999999999600 ) ) ;
#11470 = VERTEX_POINT ( 'NONE', #11430 ) ;
#11471 = CARTESIAN_POINT ( 'NONE',  ( 10.79095564767769000, -1.941397152430561300, 0.1000000000000000100 ) ) ;
#11472 = CARTESIAN_POINT ( 'NONE',  ( 32.49999999999998600, 14.00000000000000000, 5.099999999999999600 ) ) ;
#11473 = VERTEX_POINT ( 'NONE', #656 ) ;
#11474 = CIRCLE ( 'NONE', #3645, 12.00000000000001100 ) ;
#11475 = CARTESIAN_POINT ( 'NONE',  ( 10.09034235784051200, -2.102950133746817500, 0.1000000000000000100 ) ) ;
#11476 = ORIENTED_EDGE ( 'NONE', *, *, #2764, .F. ) ;
#11477 = ADVANCED_FACE ( 'NONE', ( #9341 ), #6986, .T. ) ;
#11478 = CARTESIAN_POINT ( 'NONE',  ( 39.49999999999999300, 14.49999999999999800, 5.399999999999999500 ) ) ;
#11479 = ORIENTED_EDGE ( 'NONE', *, *, #11039, .F. ) ;
#11480 = CARTESIAN_POINT ( 'NONE',  ( 11.38597704603546700, -1.604087173182589000, 0.0000000000000000000 ) ) ;
#11481 = AXIS2_PLACEMENT_3D ( 'NONE', #2781, #3692, #9930 ) ;
#11482 = CARTESIAN_POINT ( 'NONE',  ( 10.06116182695809000, -1.330345042605007600, 1.355252715606880500E-017 ) ) ;
#11483 = CARTESIAN_POINT ( 'NONE',  ( 10.63730304622717400, -1.501379269336391200, 0.1000000000000000100 ) ) ;
#11484 = ORIENTED_EDGE ( 'NONE', *, *, #1272, .T. ) ;
#11485 = ORIENTED_EDGE ( 'NONE', *, *, #2622, .T. ) ;
#11486 = FACE_OUTER_BOUND ( 'NONE', #7782, .T. ) ;
#11487 = VECTOR ( 'NONE', #9447, 1000.000000000000000 ) ;
#11488 = CARTESIAN_POINT ( 'NONE',  ( 32.49999999999998600, -1.000000000000004400, 1.500000000000000000 ) ) ;
#11489 = CARTESIAN_POINT ( 'NONE',  ( 10.96371081405765200, -8.455495007469211900, 0.1000000000000000100 ) ) ;
#11490 = VERTEX_POINT ( 'NONE', #6109 ) ;
#11491 = DIRECTION ( 'NONE',  ( 0.0000000000000000000, 0.0000000000000000000, -1.000000000000000000 ) ) ;
#11492 = CARTESIAN_POINT ( 'NONE',  ( 10.00000000000000200, 17.63735574933683000, 5.000000000000000000 ) ) ;
#11493 = VERTEX_POINT ( 'NONE', #8792 ) ;
#11494 = CARTESIAN_POINT ( 'NONE',  ( 10.33662825879521700, -1.852190755017378200, -0.0000000000000000000 ) ) ;
#11495 = ORIENTED_EDGE ( 'NONE', *, *, #9774, .T. ) ;
#11496 = VECTOR ( 'NONE', #9539, 1000.000000000000000 ) ;
#11497 = CARTESIAN_POINT ( 'NONE',  ( 11.16474235180804800, -8.576763565546826800, 0.0000000000000000000 ) ) ;
#11498 = CARTESIAN_POINT ( 'NONE',  ( 11.21258307535878800, -8.343021732289221500, 0.1000000000000000100 ) ) ;
#11499 = ORIENTED_EDGE ( 'NONE', *, *, #3691, .F. ) ;
#11500 = CARTESIAN_POINT ( 'NONE',  ( 11.29387220321510200, -9.069641538246418800, 0.1000000000000000100 ) ) ;
#11501 = EDGE_CURVE ( 'NONE', #5193, #9413, #7840, .T. ) ;
#11502 = EDGE_LOOP ( 'NONE', ( #5596, #9145, #4477, #929 ) ) ;
#11503 = EDGE_LOOP ( 'NONE', ( #9433, #7906, #1692, #11495 ) ) ;
#11504 = CARTESIAN_POINT ( 'NONE',  ( 11.36519782525624600, -7.721619640715059200, 0.1000000000000000100 ) ) ;
#11505 = CARTESIAN_POINT ( 'NONE',  ( 31.74569858724563800, -18.50000000000000000, 0.0000000000000000000 ) ) ;
#11506 = DIRECTION ( 'NONE',  ( -0.0000000000000000000, -0.0000000000000000000, 1.000000000000000000 ) ) ;
#11507 = VECTOR ( 'NONE', #7431, 1000.000000000000000 ) ;
#11508 = AXIS2_PLACEMENT_3D ( 'NONE', #261, #7563, #2191 ) ;
#11509 = VERTEX_POINT ( 'NONE', #5215 ) ;
#11510 = CARTESIAN_POINT ( 'NONE',  ( 10.80352464916892600, -9.091984863855239900, 0.0000000000000000000 ) ) ;
#11511 = ORIENTED_EDGE ( 'NONE', *, *, #10709, .F. ) ;
#11512 = EDGE_CURVE ( 'NONE', #7505, #2266, #1097, .T. ) ;
#11513 = EDGE_CURVE ( 'NONE', #7612, #3543, #8355, .T. ) ;
#11514 = CARTESIAN_POINT ( 'NONE',  ( 42.49999999999999300, -17.49999999999999600, -0.0000000000000000000 ) ) ;
#11515 = DIRECTION ( 'NONE',  ( 0.0000000000000000000, 0.0000000000000000000, -1.000000000000000000 ) ) ;
#11516 = DIRECTION ( 'NONE',  ( 0.0000000000000000000, 0.0000000000000000000, 1.000000000000000000 ) ) ;
#11517 = CARTESIAN_POINT ( 'NONE',  ( 10.82925883723644500, -9.092687489869115700, 1.355252715606880500E-017 ) ) ;
#11518 = ORIENTED_EDGE ( 'NONE', *, *, #761, .T. ) ;
#11519 = VECTOR ( 'NONE', #8728, 1000.000000000000000 ) ;
#11520 = EDGE_CURVE ( 'NONE', #251, #4076, #3954, .T. ) ;
#11521 = CARTESIAN_POINT ( 'NONE',  ( 36.49999999999999300, 21.00000000000000000, 1.000000000000000000 ) ) ;
#11522 = ORIENTED_EDGE ( 'NONE', *, *, #6676, .T. ) ;
#11523 = ORIENTED_EDGE ( 'NONE', *, *, #3818, .T. ) ;
#11524 = CARTESIAN_POINT ( 'NONE',  ( 10.00022291696406500, -1.822482391473189800, 1.355252715606880500E-017 ) ) ;
#11525 = CARTESIAN_POINT ( 'NONE',  ( 11.21550088231292900, -8.700463751114330800, 0.1000000000000000100 ) ) ;
#11526 = FACE_OUTER_BOUND ( 'NONE', #4424, .T. ) ;
#11527 = VECTOR ( 'NONE', #8098, 1000.000000000000000 ) ;
#11528 = CARTESIAN_POINT ( 'NONE',  ( 9.785977046035466000, -8.439476783572201800, -0.0000000000000000000 ) ) ;
#11529 = CARTESIAN_POINT ( 'NONE',  ( 11.38558017021820700, -1.585569194130629400, -0.0000000000000000000 ) ) ;
#11530 = PLANE ( 'NONE',  #3625 ) ;
#11531 = EDGE_CURVE ( 'NONE', #10804, #11509, #8892, .T. ) ;
#11532 = ORIENTED_EDGE ( 'NONE', *, *, #4446, .T. ) ;
#11533 = ADVANCED_FACE ( 'NONE', ( #8371 ), #9970, .T. ) ;
#11534 = CARTESIAN_POINT ( 'NONE',  ( 11.19823421212330000, -1.669549086370103700, 0.1000000000000000100 ) ) ;
#11535 = ORIENTED_EDGE ( 'NONE', *, *, #1150, .F. ) ;
#11536 = FACE_OUTER_BOUND ( 'NONE', #2435, .T. ) ;
#11537 = LINE ( 'NONE', #8160, #699 ) ;
#11538 = DIRECTION ( 'NONE',  ( -0.0000000000000000000, -0.0000000000000000000, -1.000000000000000000 ) ) ;
#11539 = DIRECTION ( 'NONE',  ( -0.0000000000000000000, -0.0000000000000000000, -1.000000000000000000 ) ) ;
#11540 = ORIENTED_EDGE ( 'NONE', *, *, #96, .F. ) ;
#11541 = ADVANCED_FACE ( 'NONE', ( #5109 ), #3773, .F. ) ;
#11542 = ORIENTED_EDGE ( 'NONE', *, *, #1513, .F. ) ;
#11543 = CARTESIAN_POINT ( 'NONE',  ( 10.95462629122925200, -9.080857939908689500, 1.355252715606880500E-017 ) ) ;
#11544 = AXIS2_PLACEMENT_3D ( 'NONE', #10284, #11388, #10532 ) ;
#11545 = VECTOR ( 'NONE', #4634, 1000.000000000000000 ) ;
#11546 = CARTESIAN_POINT ( 'NONE',  ( 10.74863938369780300, -6.778762497857916200, 0.1000000000000000100 ) ) ;
#11547 = LINE ( 'NONE', #8641, #11496 ) ;
#11548 = CARTESIAN_POINT ( 'NONE',  ( 10.91982676297612400, -6.862055615117483000, 0.1000000000000000100 ) ) ;
#11549 = DIRECTION ( 'NONE',  ( 0.0000000000000000000, 1.000000000000000000, -0.0000000000000000000 ) ) ;
#11550 = CARTESIAN_POINT ( 'NONE',  ( 10.61041933797685400, -9.021729995706083500, 0.1000000000000000100 ) ) ;
#11551 = ORIENTED_EDGE ( 'NONE', *, *, #801, .T. ) ;
#11552 = ORIENTED_EDGE ( 'NONE', *, *, #7897, .T. ) ;
#11553 = CARTESIAN_POINT ( 'NONE',  ( 28.54301664136392000, 7.937784117174111900, 3.099999999999999600 ) ) ;
#11554 = VECTOR ( 'NONE', #5363, 1000.000000000000000 ) ;
#11555 = LINE ( 'NONE', #10031, #10334 ) ;
#11556 = VECTOR ( 'NONE', #9302, 1000.000000000000000 ) ;
#11557 = ORIENTED_EDGE ( 'NONE', *, *, #3995, .F. ) ;
#11558 = CARTESIAN_POINT ( 'NONE',  ( 35.49999999999999300, 14.00000000000000000, 5.099999999999999600 ) ) ;
#11559 = DIRECTION ( 'NONE',  ( 0.0000000000000000000, -1.000000000000000000, 0.0000000000000000000 ) ) ;
#11560 = ORIENTED_EDGE ( 'NONE', *, *, #2866, .F. ) ;
#11561 = CARTESIAN_POINT ( 'NONE',  ( 10.40172520494188100, -8.524760729471921600, 0.1000000000000000100 ) ) ;
#11562 = VERTEX_POINT ( 'NONE', #5565 ) ;
#11563 = DIRECTION ( 'NONE',  ( -0.6246950475544239500, -0.7808688094430306100, 0.0000000000000000000 ) ) ;
#11564 = FACE_OUTER_BOUND ( 'NONE', #8561, .T. ) ;
#11565 = ORIENTED_EDGE ( 'NONE', *, *, #4168, .F. ) ;
#11566 = CARTESIAN_POINT ( 'NONE',  ( 11.13415613842491700, -1.850621218922992000, 1.355252715606880500E-017 ) ) ;
#11567 = ORIENTED_EDGE ( 'NONE', *, *, #8796, .F. ) ;
#11568 = DIRECTION ( 'NONE',  ( 1.000000000000000000, 0.0000000000000000000, 0.0000000000000000000 ) ) ;
#11569 = EDGE_LOOP ( 'NONE', ( #754, #2317, #5738, #4100 ) ) ;
#11570 = DIRECTION ( 'NONE',  ( -0.0000000000000000000, -0.0000000000000000000, -1.000000000000000000 ) ) ;
#11571 = ORIENTED_EDGE ( 'NONE', *, *, #1617, .T. ) ;
#11572 = EDGE_CURVE ( 'NONE', #4702, #2072, #5022, .T. ) ;
#11573 = EDGE_CURVE ( 'NONE', #11090, #8359, #1492, .T. ) ;
#11574 = LINE ( 'NONE', #2742, #5898 ) ;
#11575 = FACE_OUTER_BOUND ( 'NONE', #1734, .T. ) ;
#11576 = ORIENTED_EDGE ( 'NONE', *, *, #7196, .T. ) ;
#11577 = CARTESIAN_POINT ( 'NONE',  ( 10.22420429901560900, -1.265361847411820000, 0.1000000000000000100 ) ) ;
#11578 = CARTESIAN_POINT ( 'NONE',  ( 9.744777480428494300, -1.619038867107050600, 1.355252715606880500E-017 ) ) ;
#11579 = CARTESIAN_POINT ( 'NONE',  ( 11.08765441163744600, -9.243002007859063300, 0.1000000000000000100 ) ) ;
#11580 = DIRECTION ( 'NONE',  ( 1.000000000000000000, 0.0000000000000000000, 0.0000000000000000000 ) ) ;
#11581 = VERTEX_POINT ( 'NONE', #1966 ) ;
#11582 = CARTESIAN_POINT ( 'NONE',  ( 10.50532278659042400, -8.860398486771204700, 1.355252715606880500E-017 ) ) ;
#11583 = VECTOR ( 'NONE', #10213, 1000.000000000000000 ) ;
#11584 = PRODUCT_RELATED_PRODUCT_CATEGORY ( 'detail', '', ( #8900 ) ) ;
#11585 = EDGE_CURVE ( 'NONE', #3289, #11104, #1668, .T. ) ;
#11586 = EDGE_CURVE ( 'NONE', #1551, #1352, #757, .T. ) ;
#11587 = CARTESIAN_POINT ( 'NONE',  ( 8.200000000000008200, -8.957317253416649200, 8.099999999999999600 ) ) ;
#11588 = EDGE_LOOP ( 'NONE', ( #8244, #1717, #1330, #7107, #71, #4429, #11211, #10958, #7610, #4674 ) ) ;
#11589 = FACE_OUTER_BOUND ( 'NONE', #3090, .T. ) ;
#11590 = ORIENTED_EDGE ( 'NONE', *, *, #9601, .T. ) ;
#11591 = DIRECTION ( 'NONE',  ( 0.0000000000000000000, 1.000000000000000000, 0.0000000000000000000 ) ) ;
#11592 = EDGE_CURVE ( 'NONE', #11609, #3662, #2457, .T. ) ;
#11593 = CARTESIAN_POINT ( 'NONE',  ( 11.19834230949736500, -1.597907304730930700, 0.1000000000000000100 ) ) ;
#11594 = ADVANCED_FACE ( 'NONE', ( #5122 ), #128, .T. ) ;
#11595 = DIRECTION ( 'NONE',  ( 0.6853646990049906400, 0.7281999926928031100, -0.0000000000000000000 ) ) ;
#11596 = CARTESIAN_POINT ( 'NONE',  ( 10.31150244604416600, -8.734662525848776200, 0.0000000000000000000 ) ) ;
#11597 = DIRECTION ( 'NONE',  ( -1.000000000000000000, 9.773090005503107500E-015, 0.0000000000000000000 ) ) ;
#11598 = VERTEX_POINT ( 'NONE', #9237 ) ;
#11599 = VECTOR ( 'NONE', #1454, 1000.000000000000000 ) ;
#11600 = FACE_OUTER_BOUND ( 'NONE', #11138, .T. ) ;
#11601 = CARTESIAN_POINT ( 'NONE',  ( 40.50000000000000000, 17.50000000000000000, 0.0000000000000000000 ) ) ;
#11602 = CARTESIAN_POINT ( 'NONE',  ( 10.96482085408998200, -1.960322567238136600, 0.1000000000000000100 ) ) ;
#11603 = ORIENTED_EDGE ( 'NONE', *, *, #8416, .T. ) ;
#11604 = CARTESIAN_POINT ( 'NONE',  ( 10.17915886421728500, -2.111230030325446500, 0.1000000000000000100 ) ) ;
#11605 = CARTESIAN_POINT ( 'NONE',  ( 8.000000000000007100, 5.249999999999999100, 3.250000000000000400 ) ) ;
#11606 = DIRECTION ( 'NONE',  ( -0.0000000000000000000, 0.0000000000000000000, 1.000000000000000000 ) ) ;
#11607 = AXIS2_PLACEMENT_3D ( 'NONE', #2152, #2796, #2267 ) ;
#11608 = ORIENTED_EDGE ( 'NONE', *, *, #10337, .T. ) ;
#11609 = VERTEX_POINT ( 'NONE', #6574 ) ;
#11610 = VECTOR ( 'NONE', #4994, 1000.000000000000000 ) ;
#11611 = DIRECTION ( 'NONE',  ( 0.4739549207089753800, -0.8805491088722701100, 0.0000000000000000000 ) ) ;
#11612 = FACE_OUTER_BOUND ( 'NONE', #9892, .T. ) ;
#11613 = CARTESIAN_POINT ( 'NONE',  ( 39.49999999999999300, -19.99999999999999600, -2.236067977499790700 ) ) ;
#11614 = VERTEX_POINT ( 'NONE', #1156 ) ;
#11615 = CARTESIAN_POINT ( 'NONE',  ( 11.51094475781900300, -7.810274207493979900, 0.1000000000000000100 ) ) ;
#11616 = DIRECTION ( 'NONE',  ( -0.0000000000000000000, 0.0000000000000000000, 1.000000000000000000 ) ) ;
#11617 = DIRECTION ( 'NONE',  ( -0.0000000000000000000, 0.0000000000000000000, 1.000000000000000000 ) ) ;
#11618 = VECTOR ( 'NONE', #5661, 1000.000000000000000 ) ;
#11619 = ORIENTED_EDGE ( 'NONE', *, *, #7565, .F. ) ;
#11620 = LINE ( 'NONE', #2358, #11599 ) ;
#11621 = CARTESIAN_POINT ( 'NONE',  ( 42.50000000000000000, 17.50000000000000000, 8.099999999999996100 ) ) ;
#11622 = EDGE_LOOP ( 'NONE', ( #386, #1138, #1499, #883 ) ) ;
#11623 = ORIENTED_EDGE ( 'NONE', *, *, #8089, .F. ) ;
#11624 = CARTESIAN_POINT ( 'NONE',  ( 10.29164695151249200, -1.881058643757281200, -0.0000000000000000000 ) ) ;
#11625 = EDGE_CURVE ( 'NONE', #474, #3112, #10039, .T. ) ;
#11626 = VERTEX_POINT ( 'NONE', #11009 ) ;
#11627 = LINE ( 'NONE', #1306, #6687 ) ;
#11628 = CARTESIAN_POINT ( 'NONE',  ( 11.13659185970748500, -8.976929930007887700, 0.0000000000000000000 ) ) ;
#11629 = ORIENTED_EDGE ( 'NONE', *, *, #731, .F. ) ;
#11630 = CARTESIAN_POINT ( 'NONE',  ( 10.45091211097053100, -1.566100160195576000, 0.1000000000000000100 ) ) ;
#11631 = ORIENTED_EDGE ( 'NONE', *, *, #4572, .F. ) ;
#11632 = EDGE_LOOP ( 'NONE', ( #5505, #10021, #7211, #7922 ) ) ;
#11633 = EDGE_CURVE ( 'NONE', #9926, #6044, #8006, .T. ) ;
#11634 = EDGE_CURVE ( 'NONE', #509, #7306, #9072, .T. ) ;
#11635 = DIRECTION ( 'NONE',  ( -0.0000000000000000000, -0.0000000000000000000, -1.000000000000000000 ) ) ;
#11636 = CARTESIAN_POINT ( 'NONE',  ( 11.36519782525624600, -5.332009251104667100, 0.1000000000000000100 ) ) ;
#11637 = LINE ( 'NONE', #9489, #7536 ) ;
#11638 = CARTESIAN_POINT ( 'NONE',  ( 9.244645029916121400, 3.107092958867349700, 0.1000000000000000100 ) ) ;
#11639 = CARTESIAN_POINT ( 'NONE',  ( 11.35404076470146800, -6.329789043543558900, -0.0000000000000000000 ) ) ;
#11640 = DIRECTION ( 'NONE',  ( -0.1071913287473974500, 0.9942384115700656500, 0.0000000000000000000 ) ) ;
#11641 = CARTESIAN_POINT ( 'NONE',  ( 11.06864022137370500, -6.690108630667228200, 0.0000000000000000000 ) ) ;
#11642 = VERTEX_POINT ( 'NONE', #9270 ) ;
#11643 = PLANE ( 'NONE',  #7459 ) ;
#11644 = VERTEX_POINT ( 'NONE', #4811 ) ;
#11645 = ADVANCED_FACE ( 'NONE', ( #1449 ), #250, .F. ) ;
#11646 = VERTEX_POINT ( 'NONE', #2094 ) ;
#11647 = LINE ( 'NONE', #1867, #11556 ) ;
#11648 = CARTESIAN_POINT ( 'NONE',  ( 10.74863938369780300, -6.778762497857916200, 0.1000000000000000100 ) ) ;
#11649 = EDGE_CURVE ( 'NONE', #4955, #9920, #2652, .T. ) ;
#11650 = EDGE_CURVE ( 'NONE', #360, #8459, #7255, .T. ) ;
#11651 = CARTESIAN_POINT ( 'NONE',  ( 10.90643159149001400, -1.965775484870901000, 0.1000000000000000100 ) ) ;
#11652 = CARTESIAN_POINT ( 'NONE',  ( 10.95840463148747400, -1.027868825257370900, 0.1000000000000000100 ) ) ;
#11653 = CARTESIAN_POINT ( 'NONE',  ( 11.36519782525624600, -4.319346913442329200, -0.0000000000000000000 ) ) ;
#11654 = CARTESIAN_POINT ( 'NONE',  ( 30.97797361286377100, 17.49999999999999600, 8.099999999999999600 ) ) ;
#11655 = ORIENTED_EDGE ( 'NONE', *, *, #8409, .T. ) ;
#11656 = CARTESIAN_POINT ( 'NONE',  ( 9.931698551446613600, -6.874316107263000600, -1.355252715606880500E-017 ) ) ;
#11657 = ORIENTED_EDGE ( 'NONE', *, *, #9036, .T. ) ;
#11658 = EDGE_CURVE ( 'NONE', #11303, #7090, #2004, .T. ) ;
#11659 = ORIENTED_EDGE ( 'NONE', *, *, #8855, .T. ) ;
#11660 = CARTESIAN_POINT ( 'NONE',  ( 11.38549503158680500, -1.625095840428774800, -0.0000000000000000000 ) ) ;
#11661 = CIRCLE ( 'NONE', #2454, 0.5000000000000004400 ) ;
#11662 = ORIENTED_EDGE ( 'NONE', *, *, #8620, .F. ) ;
#11663 = CARTESIAN_POINT ( 'NONE',  ( 35.49999999999999300, -1.000000000000005100, -0.0000000000000000000 ) ) ;
#11664 = CARTESIAN_POINT ( 'NONE',  ( 11.49999999999999600, -14.49804735160446600, 6.099999999999999600 ) ) ;
#11665 = DIRECTION ( 'NONE',  ( 1.204669080539440800E-014, 1.000000000000000000, -0.0000000000000000000 ) ) ;
#11666 = VERTEX_POINT ( 'NONE', #2184 ) ;
#11667 = CIRCLE ( 'NONE', #625, 3.000000000000002700 ) ;
#11668 = CARTESIAN_POINT ( 'NONE',  ( 10.98681196333559700, -9.280806750865705700, 0.1000000000000000100 ) ) ;
#11669 = VECTOR ( 'NONE', #1912, 1000.000000000000000 ) ;
#11670 = EDGE_CURVE ( 'NONE', #3964, #8959, #7528, .T. ) ;
#11671 = AXIS2_PLACEMENT_3D ( 'NONE', #2200, #6525, #10504 ) ;
#11672 = DIRECTION ( 'NONE',  ( 0.1856810120438580900, -0.9826100761575614600, 0.0000000000000000000 ) ) ;
#11673 = ADVANCED_FACE ( 'NONE', ( #6253 ), #8461, .T. ) ;
#11674 = ORIENTED_EDGE ( 'NONE', *, *, #2489, .F. ) ;
#11675 = DIRECTION ( 'NONE',  ( 0.7071067811865482400, 0.7071067811865469100, 0.0000000000000000000 ) ) ;
#11676 = ORIENTED_EDGE ( 'NONE', *, *, #4134, .T. ) ;
#11677 = LINE ( 'NONE', #13, #10920 ) ;
#11678 = CARTESIAN_POINT ( 'NONE',  ( 11.06864022137370500, -6.690108630667228200, 0.1000000000000000100 ) ) ;
#11679 = FACE_OUTER_BOUND ( 'NONE', #8013, .T. ) ;
#11680 = CARTESIAN_POINT ( 'NONE',  ( 9.940746422724490800, -1.701846680925409800, 0.0000000000000000000 ) ) ;
#11681 = EDGE_LOOP ( 'NONE', ( #2066, #11659, #10525, #3213 ) ) ;
#11682 = AXIS2_PLACEMENT_3D ( 'NONE', #6040, #511, #9340 ) ;
#11683 = CARTESIAN_POINT ( 'NONE',  ( 9.751358906376328400, -1.494743858017588200, 0.1000000000000000100 ) ) ;
#11684 = AXIS2_PLACEMENT_3D ( 'NONE', #5288, #6401, #6410 ) ;
#11685 = EDGE_LOOP ( 'NONE', ( #1608, #8895, #4584, #7618 ) ) ;
#11686 = DIRECTION ( 'NONE',  ( -1.000000000000000000, 0.0000000000000000000, -0.0000000000000000000 ) ) ;
#11687 = VECTOR ( 'NONE', #9294, 1000.000000000000000 ) ;
#11688 = LINE ( 'NONE', #1476, #11583 ) ;
#11689 = CARTESIAN_POINT ( 'NONE',  ( 9.994772397750320900, -1.394020901121252100, 0.0000000000000000000 ) ) ;
#11690 = LINE ( 'NONE', #9910, #4033 ) ;
#11691 = CARTESIAN_POINT ( 'NONE',  ( 9.991334143927110400, -6.690100193155561000, 0.1000000000000000100 ) ) ;
#11692 = CARTESIAN_POINT ( 'NONE',  ( 33.83851648071344400, 21.00000000000000000, 7.099999999999999600 ) ) ;
ENDSEC;
END-ISO-10303-21;
