ISO-10303-21;
HEADER;
FILE_DESCRIPTION (( 'STEP AP214' ),
    '1' );
FILE_NAME ('ORM-41F-3_Интерф. реле ORM 3. 1NO+1NC. 24В DC.STEP',
    '2018-10-12T09:34:58',
    ( '' ),
    ( '' ),
    'SwSTEP 2.0',
    'SolidWorks 2014',
    '' );
FILE_SCHEMA (( 'AUTOMOTIVE_DESIGN' ));
ENDSEC;

DATA;
#1 = AXIS2_PLACEMENT_3D ( 'NONE', #1534, #2416, #645 ) ;
#2 = LINE ( 'NONE', #1484, #3767 ) ;
#3 = CARTESIAN_POINT ( 'NONE',  ( 64.42215165449863400, -34.59414100327968100, 6.000000000000000000 ) ) ;
#4 = VECTOR ( 'NONE', #377, 1000.000000000000000 ) ;
#5 = VECTOR ( 'NONE', #2788, 1000.000000000000000 ) ;
#6 = CARTESIAN_POINT ( 'NONE',  ( 25.24999999999999300, 0.0000000000000000000, 2.999999999999999600 ) ) ;
#7 = ADVANCED_FACE ( 'NONE', ( #3619 ), #458, .F. ) ;
#8 = CARTESIAN_POINT ( 'NONE',  ( 60.00000000000002100, -69.26616137173527900, 0.0000000000000000000 ) ) ;
#9 = EDGE_LOOP ( 'NONE', ( #3174, #1405, #2570, #1423, #3588, #130, #1333, #1225 ) ) ;
#10 = CARTESIAN_POINT ( 'NONE',  ( 73.86184427528454000, -54.27206436410775600, 0.0000000000000000000 ) ) ;
#11 = VECTOR ( 'NONE', #2300, 1000.000000000000000 ) ;
#12 = EDGE_CURVE ( 'NONE', #1472, #412, #3167, .T. ) ;
#13 = ORIENTED_EDGE ( 'NONE', *, *, #1388, .F. ) ;
#14 = LINE ( 'NONE', #1181, #2988 ) ;
#15 = CARTESIAN_POINT ( 'NONE',  ( 57.01581247123585400, 2.782820751511359000, 6.000000000000000000 ) ) ;
#16 = EDGE_LOOP ( 'NONE', ( #1309, #258, #3687, #2361 ) ) ;
#17 = EDGE_CURVE ( 'NONE', #933, #3170, #2825, .T. ) ;
#18 = DIRECTION ( 'NONE',  ( 0.5961776388591684100, 0.8028525536636892400, -0.0000000000000000000 ) ) ;
#19 = EDGE_LOOP ( 'NONE', ( #623, #3151, #3324, #2201 ) ) ;
#20 = EDGE_CURVE ( 'NONE', #1102, #359, #3516, .T. ) ;
#21 = CARTESIAN_POINT ( 'NONE',  ( 67.18299133945524200, -20.32108983957449800, 4.700000000000002000 ) ) ;
#22 = ORIENTED_EDGE ( 'NONE', *, *, #190, .F. ) ;
#23 = CARTESIAN_POINT ( 'NONE',  ( 16.53686970807533300, 22.26965120687477300, 0.0000000000000000000 ) ) ;
#24 = VERTEX_POINT ( 'NONE', #2671 ) ;
#25 = CARTESIAN_POINT ( 'NONE',  ( -17.04887120161430400, -46.84138865362521600, 0.0000000000000000000 ) ) ;
#26 = EDGE_LOOP ( 'NONE', ( #447, #1913, #624, #3413, #2199, #91, #261, #2999 ) ) ;
#27 = ORIENTED_EDGE ( 'NONE', *, *, #3626, .T. ) ;
#28 = ORIENTED_EDGE ( 'NONE', *, *, #415, .F. ) ;
#29 = ADVANCED_FACE ( 'NONE', ( #367 ), #2287, .T. ) ;
#30 = DIRECTION ( 'NONE',  ( -0.0000000000000000000, -0.0000000000000000000, 1.000000000000000000 ) ) ;
#31 = ORIENTED_EDGE ( 'NONE', *, *, #787, .F. ) ;
#32 = ORIENTED_EDGE ( 'NONE', *, *, #47, .T. ) ;
#33 = DIRECTION ( 'NONE',  ( 0.8028525536636890200, 0.5961776388591687500, 0.0000000000000000000 ) ) ;
#34 = DIRECTION ( 'NONE',  ( 0.0000000000000000000, 1.000000000000000000, 0.0000000000000000000 ) ) ;
#35 = LINE ( 'NONE', #1407, #1531 ) ;
#36 = CARTESIAN_POINT ( 'NONE',  ( 29.49999999999999600, -15.49999999999999800, 0.4999999999999982800 ) ) ;
#37 = CARTESIAN_POINT ( 'NONE',  ( 26.71363219080890900, -68.52206200559173500, 0.0000000000000000000 ) ) ;
#38 = ORIENTED_EDGE ( 'NONE', *, *, #1285, .T. ) ;
#39 = CARTESIAN_POINT ( 'NONE',  ( 55.49999999999999300, -15.49999999999999800, 0.4999999999999982800 ) ) ;
#40 = DIRECTION ( 'NONE',  ( -1.000000000000000000, 0.0000000000000000000, -0.0000000000000000000 ) ) ;
#41 = CIRCLE ( 'NONE', #1224, 1.000000000000000000 ) ;
#42 = EDGE_CURVE ( 'NONE', #2558, #1646, #1250, .T. ) ;
#43 = DIRECTION ( 'NONE',  ( -0.8167217636858432600, -0.5770316808649985600, 0.0000000000000000000 ) ) ;
#44 = LINE ( 'NONE', #1241, #3103 ) ;
#45 = CARTESIAN_POINT ( 'NONE',  ( 75.24419881934160500, -35.70311814900907200, 1.299999999999998500 ) ) ;
#46 = CARTESIAN_POINT ( 'NONE',  ( 74.88790470526153300, -57.09114222646545800, 0.0000000000000000000 ) ) ;
#47 = EDGE_CURVE ( 'NONE', #1374, #1394, #2636, .T. ) ;
#48 = ADVANCED_FACE ( 'NONE', ( #3428 ), #1455, .F. ) ;
#49 = DIRECTION ( 'NONE',  ( 0.9372351266352609800, -0.3486980318283807200, 0.0000000000000000000 ) ) ;
#50 = CARTESIAN_POINT ( 'NONE',  ( 90.79777676194861200, -59.61390274573722100, 3.000000000000000000 ) ) ;
#51 = VECTOR ( 'NONE', #2532, 1000.000000000000000 ) ;
#52 = DIRECTION ( 'NONE',  ( 1.000000000000000000, 0.0000000000000000000, 0.0000000000000000000 ) ) ;
#53 = AXIS2_PLACEMENT_3D ( 'NONE', #387, #683, #2760 ) ;
#54 = VECTOR ( 'NONE', #3236, 999.9999999999998900 ) ;
#55 = DIRECTION ( 'NONE',  ( 0.5961776388591733000, 0.8028525536636855800, 0.0000000000000000000 ) ) ;
#56 = EDGE_LOOP ( 'NONE', ( #1877, #673, #3348, #1183 ) ) ;
#57 = VECTOR ( 'NONE', #2406, 1000.000000000000000 ) ;
#58 = DIRECTION ( 'NONE',  ( -1.000000000000000000, -0.0000000000000000000, -0.0000000000000000000 ) ) ;
#59 = CARTESIAN_POINT ( 'NONE',  ( 67.39999999999999100, -15.49999999999998900, 4.700000000000002000 ) ) ;
#60 = VERTEX_POINT ( 'NONE', #1945 ) ;
#61 = VECTOR ( 'NONE', #2481, 1000.000000000000000 ) ;
#62 = CARTESIAN_POINT ( 'NONE',  ( 14.02991912043472000, -18.89362441551876200, 0.0000000000000000000 ) ) ;
#63 = ORIENTED_EDGE ( 'NONE', *, *, #2324, .T. ) ;
#64 = VECTOR ( 'NONE', #2571, 1000.000000000000000 ) ;
#65 = EDGE_CURVE ( 'NONE', #470, #1262, #2538, .T. ) ;
#66 = ORIENTED_EDGE ( 'NONE', *, *, #370, .F. ) ;
#67 = DIRECTION ( 'NONE',  ( 1.000000000000000000, -4.083685181052831900E-015, 0.0000000000000000000 ) ) ;
#68 = ORIENTED_EDGE ( 'NONE', *, *, #1784, .T. ) ;
#69 = EDGE_CURVE ( 'NONE', #1646, #3179, #3332, .T. ) ;
#70 = CARTESIAN_POINT ( 'NONE',  ( 1.458002945024871300E-013, -35.70311814900911400, 0.0000000000000000000 ) ) ;
#71 =( NAMED_UNIT ( * ) SI_UNIT ( $, .STERADIAN. ) SOLID_ANGLE_UNIT ( ) );
#72 = ORIENTED_EDGE ( 'NONE', *, *, #609, .F. ) ;
#73 = EDGE_LOOP ( 'NONE', ( #2422, #2016, #1566, #3825 ) ) ;
#74 = CARTESIAN_POINT ( 'NONE',  ( 25.24999999999999300, 1.700000000000000200, 2.999999999999999600 ) ) ;
#75 = EDGE_LOOP ( 'NONE', ( #2154, #3533, #3131, #3648 ) ) ;
#76 = CARTESIAN_POINT ( 'NONE',  ( 57.01581247123585400, 2.782820751511359000, 0.0000000000000000000 ) ) ;
#77 = AXIS2_PLACEMENT_3D ( 'NONE', #1401, #509, #2581 ) ;
#78 = ORIENTED_EDGE ( 'NONE', *, *, #2892, .T. ) ;
#79 = ORIENTED_EDGE ( 'NONE', *, *, #1305, .F. ) ;
#80 = VERTEX_POINT ( 'NONE', #1515 ) ;
#81 = VECTOR ( 'NONE', #3212, 1000.000000000000000 ) ;
#82 = CARTESIAN_POINT ( 'NONE',  ( 71.33397751295206000, -18.42127043040993700, 3.000000000000000000 ) ) ;
#83 = CARTESIAN_POINT ( 'NONE',  ( 25.24999999999999300, 1.700000000000000200, 3.500000000000000400 ) ) ;
#84 = VECTOR ( 'NONE', #428, 1000.000000000000000 ) ;
#85 = ORIENTED_EDGE ( 'NONE', *, *, #929, .T. ) ;
#86 = APPLICATION_PROTOCOL_DEFINITION ( 'draft international standard', 'automotive_design', 1998, #1859 ) ;
#87 = DIRECTION ( 'NONE',  ( 1.000000000000000000, 0.0000000000000000000, 0.0000000000000000000 ) ) ;
#88 = CARTESIAN_POINT ( 'NONE',  ( 56.59999999999999400, 2.575788160835400700, 6.000000000000000000 ) ) ;
#89 = VECTOR ( 'NONE', #3106, 1000.000000000000000 ) ;
#90 = LINE ( 'NONE', #3602, #3240 ) ;
#91 = ORIENTED_EDGE ( 'NONE', *, *, #1209, .T. ) ;
#92 = DIRECTION ( 'NONE',  ( 0.5961776388591683000, 0.8028525536636891300, -0.0000000000000000000 ) ) ;
#93 = CARTESIAN_POINT ( 'NONE',  ( 16.43229810510806000, -17.10967962491976400, 4.700000000000002000 ) ) ;
#94 = VECTOR ( 'NONE', #3785, 1000.000000000000000 ) ;
#95 = CARTESIAN_POINT ( 'NONE',  ( 16.43229810510806000, -17.10967962491976400, 1.300000000000001800 ) ) ;
#96 = EDGE_CURVE ( 'NONE', #3682, #772, #1848, .T. ) ;
#97 = CARTESIAN_POINT ( 'NONE',  ( 70.71554257557546900, -22.94427145055485400, 3.000000000000000000 ) ) ;
#98 = LINE ( 'NONE', #2934, #1766 ) ;
#99 = EDGE_CURVE ( 'NONE', #3441, #2954, #273, .T. ) ;
#100 = LINE ( 'NONE', #656, #1583 ) ;
#101 = DIRECTION ( 'NONE',  ( -0.0000000000000000000, -0.0000000000000000000, 1.000000000000000000 ) ) ;
#102 = AXIS2_PLACEMENT_3D ( 'NONE', #97, #1867, #765 ) ;
#103 = DIRECTION ( 'NONE',  ( -0.9396926207859077600, -0.3420201433256705400, 0.0000000000000000000 ) ) ;
#104 = EDGE_LOOP ( 'NONE', ( #253, #1546, #1142, #72 ) ) ;
#105 = LINE ( 'NONE', #2489, #5 ) ;
#106 = CARTESIAN_POINT ( 'NONE',  ( 88.41306620651192800, -62.82531296039196900, 3.000000000000000000 ) ) ;
#107 = VERTEX_POINT ( 'NONE', #3181 ) ;
#108 = DIRECTION ( 'NONE',  ( 1.000000000000000000, -0.0000000000000000000, -0.0000000000000000000 ) ) ;
#109 = LINE ( 'NONE', #800, #3162 ) ;
#110 = CARTESIAN_POINT ( 'NONE',  ( 28.71363219080890900, 0.0000000000000000000, 0.0000000000000000000 ) ) ;
#111 = EDGE_LOOP ( 'NONE', ( #2599, #3002, #3411, #244 ) ) ;
#112 = VECTOR ( 'NONE', #2327, 1000.000000000000000 ) ;
#113 = CARTESIAN_POINT ( 'NONE',  ( 67.40000000000000600, -15.49999999999999600, 0.0000000000000000000 ) ) ;
#114 = CARTESIAN_POINT ( 'NONE',  ( 0.0000000000000000000, -15.49999999999999800, 6.000000000000000000 ) ) ;
#115 = VERTEX_POINT ( 'NONE', #2302 ) ;
#116 = DIRECTION ( 'NONE',  ( -0.5961776388591733000, 0.8028525536636855800, -0.0000000000000000000 ) ) ;
#117 = DIRECTION ( 'NONE',  ( 0.1345590888233554600, -0.9909055714925758500, 0.0000000000000000000 ) ) ;
#118 = VERTEX_POINT ( 'NONE', #3621 ) ;
#119 = DIRECTION ( 'NONE',  ( -0.0000000000000000000, -0.0000000000000000000, 1.000000000000000000 ) ) ;
#120 = ORIENTED_EDGE ( 'NONE', *, *, #1950, .T. ) ;
#121 = EDGE_CURVE ( 'NONE', #2002, #2140, #879, .T. ) ;
#122 = CARTESIAN_POINT ( 'NONE',  ( 20.55178791552434300, -37.41321886563740400, 6.000000000000000000 ) ) ;
#123 = VERTEX_POINT ( 'NONE', #3681 ) ;
#124 = ORIENTED_EDGE ( 'NONE', *, *, #1803, .F. ) ;
#125 = EDGE_CURVE ( 'NONE', #1413, #3502, #3239, .T. ) ;
#126 = EDGE_LOOP ( 'NONE', ( #3649, #2461, #302, #721 ) ) ;
#127 = CARTESIAN_POINT ( 'NONE',  ( 82.71281307549975300, -58.59245172449184500, 1.300000000000000700 ) ) ;
#128 = CARTESIAN_POINT ( 'NONE',  ( 7.440258605082899400, -43.14738959956393000, 3.000000000000000000 ) ) ;
#129 = EDGE_LOOP ( 'NONE', ( #1450, #1053, #3043, #661 ) ) ;
#130 = ORIENTED_EDGE ( 'NONE', *, *, #3054, .T. ) ;
#131 = CARTESIAN_POINT ( 'NONE',  ( 53.39999999999999900, 3.775106511576874300, 6.000000000000000000 ) ) ;
#132 = FACE_OUTER_BOUND ( 'NONE', #1828, .T. ) ;
#133 = DIRECTION ( 'NONE',  ( -0.8028525536636911300, 0.5961776388591658600, 8.031127203596350300E-017 ) ) ;
#134 = CARTESIAN_POINT ( 'NONE',  ( 29.93243482324632200, -80.45278946648635100, 0.0000000000000000000 ) ) ;
#135 = DIRECTION ( 'NONE',  ( 0.0000000000000000000, -1.000000000000000000, 0.0000000000000000000 ) ) ;
#136 = DIRECTION ( 'NONE',  ( 0.2814915317474716000, -0.9595637120871455300, 0.0000000000000000000 ) ) ;
#137 = EDGE_LOOP ( 'NONE', ( #3209, #2816, #3135, #1552 ) ) ;
#138 = LINE ( 'NONE', #935, #1438 ) ;
#139 = CARTESIAN_POINT ( 'NONE',  ( 65.00000000000000000, 0.0000000000000000000, 0.0000000000000000000 ) ) ;
#140 = DIRECTION ( 'NONE',  ( 1.000000000000000000, 0.0000000000000000000, 0.0000000000000000000 ) ) ;
#141 = FACE_OUTER_BOUND ( 'NONE', #56, .T. ) ;
#142 = EDGE_CURVE ( 'NONE', #1729, #215, #3146, .T. ) ;
#143 = CARTESIAN_POINT ( 'NONE',  ( 3.713632190808907400, -71.29999999999999700, 0.0000000000000000000 ) ) ;
#144 = VECTOR ( 'NONE', #1922, 1000.000000000000000 ) ;
#145 = DIRECTION ( 'NONE',  ( 0.9396926207859075400, 0.3420201433256709900, 0.0000000000000000000 ) ) ;
#146 = CARTESIAN_POINT ( 'NONE',  ( 45.76784886926868300, 16.65813467480816700, 0.0000000000000000000 ) ) ;
#147 = EDGE_CURVE ( 'NONE', #1567, #60, #1575, .T. ) ;
#148 = FACE_OUTER_BOUND ( 'NONE', #3304, .T. ) ;
#149 = CARTESIAN_POINT ( 'NONE',  ( 70.71554257557546900, -22.94427145055485400, 3.000000000000000000 ) ) ;
#150 = AXIS2_PLACEMENT_3D ( 'NONE', #3000, #2089, #1219 ) ;
#151 = ORIENTED_EDGE ( 'NONE', *, *, #688, .F. ) ;
#152 = LINE ( 'NONE', #23, #2510 ) ;
#153 = VERTEX_POINT ( 'NONE', #1590 ) ;
#154 = LINE ( 'NONE', #1013, #61 ) ;
#155 = CARTESIAN_POINT ( 'NONE',  ( -9.620274269322656800, -26.43148632392415100, 0.0000000000000000000 ) ) ;
#156 =( GEOMETRIC_REPRESENTATION_CONTEXT ( 3 ) GLOBAL_UNCERTAINTY_ASSIGNED_CONTEXT ( ( #2468 ) ) GLOBAL_UNIT_ASSIGNED_CONTEXT ( ( #2129, #363, #2429 ) ) REPRESENTATION_CONTEXT ( 'NONE', 'WORKASPACE' ) );
#157 = VERTEX_POINT ( 'NONE', #1378 ) ;
#158 = VECTOR ( 'NONE', #3121, 1000.000000000000000 ) ;
#159 = CARTESIAN_POINT ( 'NONE',  ( 65.00000000000000000, 0.0000000000000000000, 0.0000000000000000000 ) ) ;
#160 = DIRECTION ( 'NONE',  ( 0.8028525536636896800, 0.5961776388591677500, 0.0000000000000000000 ) ) ;
#161 = ORIENTED_EDGE ( 'NONE', *, *, #3318, .F. ) ;
#162 = DIRECTION ( 'NONE',  ( 0.0000000000000000000, -1.000000000000000000, -0.0000000000000000000 ) ) ;
#163 = CARTESIAN_POINT ( 'NONE',  ( 8.713632190808905200, -71.29999999999999700, -1.734723475976807100E-015 ) ) ;
#164 = ORIENTED_EDGE ( 'NONE', *, *, #736, .F. ) ;
#165 = ORIENTED_EDGE ( 'NONE', *, *, #1211, .T. ) ;
#166 = VERTEX_POINT ( 'NONE', #2909 ) ;
#167 = EDGE_CURVE ( 'NONE', #80, #1123, #781, .T. ) ;
#168 = ORIENTED_EDGE ( 'NONE', *, *, #2029, .T. ) ;
#169 = ORIENTED_EDGE ( 'NONE', *, *, #2979, .F. ) ;
#170 = DIRECTION ( 'NONE',  ( -0.9396926207859078700, 0.3420201433256701000, 0.0000000000000000000 ) ) ;
#171 = ORIENTED_EDGE ( 'NONE', *, *, #3396, .T. ) ;
#172 = VECTOR ( 'NONE', #3006, 1000.000000000000200 ) ;
#173 = EDGE_CURVE ( 'NONE', #1886, #1242, #2263, .T. ) ;
#174 = CARTESIAN_POINT ( 'NONE',  ( 3.713632190808907400, 0.0000000000000000000, 6.000000000000000000 ) ) ;
#175 = VECTOR ( 'NONE', #3738, 1000.000000000000000 ) ;
#176 = DIRECTION ( 'NONE',  ( -0.0000000000000000000, 1.000000000000000000, -0.0000000000000000000 ) ) ;
#177 = VECTOR ( 'NONE', #145, 1000.000000000000100 ) ;
#178 = CARTESIAN_POINT ( 'NONE',  ( 25.24999999999999300, 1.699999999999999300, 4.500000000000000900 ) ) ;
#179 = DIRECTION ( 'NONE',  ( 1.000000000000000000, 0.0000000000000000000, 6.447810984205220800E-017 ) ) ;
#180 = CIRCLE ( 'NONE', #2607, 2.200000000000002000 ) ;
#181 = CARTESIAN_POINT ( 'NONE',  ( 29.49999999999999600, -15.49999999999999800, 0.4999999999999982800 ) ) ;
#182 = ORIENTED_EDGE ( 'NONE', *, *, #3074, .T. ) ;
#183 = LINE ( 'NONE', #495, #3243 ) ;
#184 = ADVANCED_FACE ( 'NONE', ( #974, #3759 ), #324, .T. ) ;
#185 = CARTESIAN_POINT ( 'NONE',  ( 62.53447868232326100, -44.18196863425016800, 0.0000000000000000000 ) ) ;
#186 = DIRECTION ( 'NONE',  ( -0.0000000000000000000, -0.0000000000000000000, 1.000000000000000000 ) ) ;
#187 = VECTOR ( 'NONE', #281, 1000.000000000000000 ) ;
#188 = PLANE ( 'NONE',  #2635 ) ;
#189 = LINE ( 'NONE', #1838, #1670 ) ;
#190 = EDGE_CURVE ( 'NONE', #1420, #3609, #1389, .T. ) ;
#191 = CARTESIAN_POINT ( 'NONE',  ( 84.88051497039170100, -60.20213134941160100, 4.700000000000001100 ) ) ;
#192 = ORIENTED_EDGE ( 'NONE', *, *, #614, .T. ) ;
#193 = VECTOR ( 'NONE', #408, 1000.000000000000000 ) ;
#194 = DIRECTION ( 'NONE',  ( 0.9396926207859075400, -0.3420201433256709300, 0.0000000000000000000 ) ) ;
#195 = EDGE_CURVE ( 'NONE', #1646, #917, #685, .T. ) ;
#196 = ORIENTED_EDGE ( 'NONE', *, *, #768, .F. ) ;
#197 = VECTOR ( 'NONE', #3169, 1000.000000000000000 ) ;
#198 = DIRECTION ( 'NONE',  ( 1.020425574104003300E-016, -1.000000000000000000, 0.0000000000000000000 ) ) ;
#199 = DIRECTION ( 'NONE',  ( 0.0000000000000000000, 0.0000000000000000000, -1.000000000000000000 ) ) ;
#200 = VERTEX_POINT ( 'NONE', #2560 ) ;
#201 = LINE ( 'NONE', #1750, #2384 ) ;
#202 = DIRECTION ( 'NONE',  ( 0.5770316808649986800, -0.8167217636858432600, 0.0000000000000000000 ) ) ;
#203 = PLANE ( 'NONE',  #3039 ) ;
#204 = EDGE_LOOP ( 'NONE', ( #1529, #622, #620, #2108 ) ) ;
#205 = ADVANCED_FACE ( 'NONE', ( #2071, #2865 ), #446, .F. ) ;
#206 = ORIENTED_EDGE ( 'NONE', *, *, #2230, .T. ) ;
#207 = CARTESIAN_POINT ( 'NONE',  ( 13.14051173609508900, -38.91452836366386200, 1.299999999999998700 ) ) ;
#208 = ORIENTED_EDGE ( 'NONE', *, *, #417, .T. ) ;
#209 = CARTESIAN_POINT ( 'NONE',  ( 85.09752363093645000, -43.01994350415368000, 0.0000000000000000000 ) ) ;
#210 = ORIENTED_EDGE ( 'NONE', *, *, #2432, .F. ) ;
#211 = EDGE_LOOP ( 'NONE', ( #2335, #2868, #1479, #351 ) ) ;
#212 = EDGE_CURVE ( 'NONE', #3184, #1558, #594, .T. ) ;
#213 = ORIENTED_EDGE ( 'NONE', *, *, #3601, .F. ) ;
#214 = DIRECTION ( 'NONE',  ( 0.5961776388591729600, 0.8028525536636859100, 0.0000000000000000000 ) ) ;
#215 = VERTEX_POINT ( 'NONE', #1812 ) ;
#216 = ORIENTED_EDGE ( 'NONE', *, *, #2471, .F. ) ;
#217 = CARTESIAN_POINT ( 'NONE',  ( 29.49999999999999300, 1.040949779275250100E-015, 5.500000000000000000 ) ) ;
#218 = EDGE_CURVE ( 'NONE', #2639, #3598, #2775, .T. ) ;
#219 = EDGE_CURVE ( 'NONE', #1725, #1262, #3567, .T. ) ;
#220 = DIRECTION ( 'NONE',  ( -0.8028525536636890200, -0.5961776388591687500, 0.0000000000000000000 ) ) ;
#221 = FACE_OUTER_BOUND ( 'NONE', #2058, .T. ) ;
#222 = AXIS2_PLACEMENT_3D ( 'NONE', #1600, #2633, #1884 ) ;
#223 = VECTOR ( 'NONE', #729, 1000.000000000000000 ) ;
#224 = ADVANCED_FACE ( 'NONE', ( #1290, #1202 ), #778, .F. ) ;
#225 = DIRECTION ( 'NONE',  ( 0.8028525536636911300, -0.5961776388591658600, -0.0000000000000000000 ) ) ;
#226 = CARTESIAN_POINT ( 'NONE',  ( 45.76784886926868300, 16.65813467480816700, 6.000000000000000000 ) ) ;
#227 = ORIENTED_EDGE ( 'NONE', *, *, #2471, .T. ) ;
#228 = CARTESIAN_POINT ( 'NONE',  ( 3.713632190808906500, -59.79999999999999000, -1.734723475976807100E-015 ) ) ;
#229 = AXIS2_PLACEMENT_3D ( 'NONE', #1162, #1463, #3529 ) ;
#230 = LINE ( 'NONE', #2363, #1708 ) ;
#231 = DIRECTION ( 'NONE',  ( -0.5961776388591733000, 0.8028525536636855800, -0.0000000000000000000 ) ) ;
#232 = VECTOR ( 'NONE', #3011, 1000.000000000000000 ) ;
#233 = CARTESIAN_POINT ( 'NONE',  ( 26.71363219080890900, -71.29999999999999700, 6.000000000000000000 ) ) ;
#234 = LINE ( 'NONE', #3101, #1715 ) ;
#235 = CARTESIAN_POINT ( 'NONE',  ( 5.713632190808906100, -68.73101329783214900, 5.500000000000000000 ) ) ;
#236 = DIRECTION ( 'NONE',  ( 0.5961776388591684100, 0.8028525536636892400, 0.0000000000000000000 ) ) ;
#237 = FACE_OUTER_BOUND ( 'NONE', #126, .T. ) ;
#238 = DIRECTION ( 'NONE',  ( -0.0000000000000000000, -0.0000000000000000000, 1.000000000000000000 ) ) ;
#239 = EDGE_CURVE ( 'NONE', #3636, #2529, #3469, .T. ) ;
#240 = ORIENTED_EDGE ( 'NONE', *, *, #2753, .F. ) ;
#241 = FACE_OUTER_BOUND ( 'NONE', #3841, .T. ) ;
#242 = DIRECTION ( 'NONE',  ( 0.0000000000000000000, 0.0000000000000000000, 1.000000000000000000 ) ) ;
#243 = ADVANCED_FACE ( 'NONE', ( #409 ), #604, .T. ) ;
#244 = ORIENTED_EDGE ( 'NONE', *, *, #485, .T. ) ;
#245 = CARTESIAN_POINT ( 'NONE',  ( 90.17934182457204900, -64.13690376588213800, 3.000000000000000400 ) ) ;
#246 = EDGE_CURVE ( 'NONE', #488, #2344, #1108, .T. ) ;
#247 = VECTOR ( 'NONE', #1282, 1000.000000000000000 ) ;
#248 = CARTESIAN_POINT ( 'NONE',  ( 73.86184427528454000, -54.27206436410775600, 6.000000000000000000 ) ) ;
#249 = EDGE_LOOP ( 'NONE', ( #3740, #1926, #2286, #3241, #2625, #946 ) ) ;
#250 = LINE ( 'NONE', #1914, #3310 ) ;
#251 = CARTESIAN_POINT ( 'NONE',  ( 7.440258605082899400, -43.14738959956393000, 3.000000000000000000 ) ) ;
#252 = DIRECTION ( 'NONE',  ( -0.5961776388591718500, -0.8028525536636866900, 0.0000000000000000000 ) ) ;
#253 = ORIENTED_EDGE ( 'NONE', *, *, #3495, .F. ) ;
#254 = DIRECTION ( 'NONE',  ( -0.5961776388591733000, 0.8028525536636855800, -0.0000000000000000000 ) ) ;
#255 = ORIENTED_EDGE ( 'NONE', *, *, #1364, .T. ) ;
#256 = ORIENTED_EDGE ( 'NONE', *, *, #3096, .F. ) ;
#257 = CARTESIAN_POINT ( 'NONE',  ( 29.49999999999999300, 1.040949779275250100E-015, 5.500000000000000000 ) ) ;
#258 = ORIENTED_EDGE ( 'NONE', *, *, #391, .F. ) ;
#259 = ORIENTED_EDGE ( 'NONE', *, *, #539, .T. ) ;
#260 = VERTEX_POINT ( 'NONE', #3330 ) ;
#261 = ORIENTED_EDGE ( 'NONE', *, *, #3116, .F. ) ;
#262 = ADVANCED_FACE ( 'NONE', ( #321 ), #3662, .T. ) ;
#263 = CARTESIAN_POINT ( 'NONE',  ( -19.14571612737140400, -51.46010599793475400, 0.0000000000000000000 ) ) ;
#264 = DIRECTION ( 'NONE',  ( -0.5770316808649985600, -0.8167217636858433700, 0.0000000000000000000 ) ) ;
#265 = DIRECTION ( 'NONE',  ( -0.0000000000000000000, -0.0000000000000000000, 1.000000000000000000 ) ) ;
#266 = FACE_OUTER_BOUND ( 'NONE', #249, .T. ) ;
#267 = EDGE_CURVE ( 'NONE', #2658, #858, #1802, .T. ) ;
#268 = VECTOR ( 'NONE', #793, 1000.000000000000000 ) ;
#269 = CARTESIAN_POINT ( 'NONE',  ( 53.39999999999999900, 3.775106511576874300, 6.000000000000000000 ) ) ;
#270 = EDGE_CURVE ( 'NONE', #215, #1036, #2688, .T. ) ;
#271 = DIRECTION ( 'NONE',  ( 0.8028525536636859100, -0.5961776388591728500, 0.0000000000000000000 ) ) ;
#272 = CARTESIAN_POINT ( 'NONE',  ( 3.713632190808906900, -66.29999999999999700, 5.500000000000000000 ) ) ;
#273 = LINE ( 'NONE', #3186, #2451 ) ;
#274 = FACE_OUTER_BOUND ( 'NONE', #3782, .T. ) ;
#275 = AXIS2_PLACEMENT_3D ( 'NONE', #3801, #2010, #242 ) ;
#276 = AXIS2_PLACEMENT_3D ( 'NONE', #2470, #1003, #3072 ) ;
#277 = VERTEX_POINT ( 'NONE', #2192 ) ;
#278 = CARTESIAN_POINT ( 'NONE',  ( 0.0000000000000000000, -67.79999999999999700, 6.000000000000000000 ) ) ;
#279 = VECTOR ( 'NONE', #3451, 1000.000000000000000 ) ;
#280 = CARTESIAN_POINT ( 'NONE',  ( 15.00000000000000400, -32.20000000000000300, 0.0000000000000000000 ) ) ;
#281 = DIRECTION ( 'NONE',  ( -0.5961776388591733000, 0.8028525536636855800, -0.0000000000000000000 ) ) ;
#282 = LINE ( 'NONE', #1437, #981 ) ;
#283 = CARTESIAN_POINT ( 'NONE',  ( 56.59999999999999400, 2.575788160835400700, 0.0000000000000000000 ) ) ;
#284 = CARTESIAN_POINT ( 'NONE',  ( 78.55974139491709700, -43.14738959956391500, 3.000000000000000000 ) ) ;
#285 = ADVANCED_FACE ( 'NONE', ( #2490 ), #1372, .F. ) ;
#286 = CARTESIAN_POINT ( 'NONE',  ( -16.02281077163731000, -44.02231079126747200, 6.000000000000000000 ) ) ;
#287 = TOROIDAL_SURFACE ( 'NONE', #2105, 0.5000000000000006700, 1.000000000000000000 ) ;
#288 = DIRECTION ( 'NONE',  ( 0.9396926207859075400, 0.3420201433256709900, 0.0000000000000000000 ) ) ;
#289 = ORIENTED_EDGE ( 'NONE', *, *, #3366, .F. ) ;
#290 = LINE ( 'NONE', #114, #193 ) ;
#291 = DIRECTION ( 'NONE',  ( 0.0000000000000000000, 0.0000000000000000000, -1.000000000000000000 ) ) ;
#292 = EDGE_LOOP ( 'NONE', ( #3568, #581, #2521, #3818 ) ) ;
#293 = MANIFOLD_SOLID_BREP ( 'Бобышка-Вытянуть5', #711 ) ;
#294 = FACE_OUTER_BOUND ( 'NONE', #3697, .T. ) ;
#295 = EDGE_CURVE ( 'NONE', #1969, #3259, #3018, .T. ) ;
#296 = PLANE ( 'NONE',  #1024 ) ;
#297 = EDGE_CURVE ( 'NONE', #2014, #3796, #1704, .T. ) ;
#298 = ORIENTED_EDGE ( 'NONE', *, *, #641, .F. ) ;
#299 = LINE ( 'NONE', #3793, #3355 ) ;
#300 = DIRECTION ( 'NONE',  ( -0.0000000000000000000, -0.0000000000000000000, 1.000000000000000000 ) ) ;
#301 = VERTEX_POINT ( 'NONE', #1759 ) ;
#302 = ORIENTED_EDGE ( 'NONE', *, *, #2572, .T. ) ;
#303 = ADVANCED_FACE ( 'NONE', ( #3707 ), #1340, .F. ) ;
#304 = CARTESIAN_POINT ( 'NONE',  ( 15.85332481159480800, -35.70311814900905700, 0.0000000000000000000 ) ) ;
#305 = ORIENTED_EDGE ( 'NONE', *, *, #1444, .F. ) ;
#306 = DIRECTION ( 'NONE',  ( -0.0000000000000000000, -1.000000000000000000, -0.0000000000000000000 ) ) ;
#307 = PLANE ( 'NONE',  #2814 ) ;
#308 = ORIENTED_EDGE ( 'NONE', *, *, #3446, .T. ) ;
#309 = ORIENTED_EDGE ( 'NONE', *, *, #813, .F. ) ;
#310 = DIRECTION ( 'NONE',  ( 0.0000000000000000000, 0.0000000000000000000, -1.000000000000000000 ) ) ;
#311 = VERTEX_POINT ( 'NONE', #3421 ) ;
#312 = DIRECTION ( 'NONE',  ( -0.0000000000000000000, -0.0000000000000000000, 1.000000000000000000 ) ) ;
#313 = VECTOR ( 'NONE', #380, 1000.000000000000000 ) ;
#314 = DIRECTION ( 'NONE',  ( -0.0000000000000000000, 1.000000000000000000, -0.0000000000000000000 ) ) ;
#315 = ORIENTED_EDGE ( 'NONE', *, *, #1654, .F. ) ;
#316 = ORIENTED_EDGE ( 'NONE', *, *, #1495, .F. ) ;
#317 = VECTOR ( 'NONE', #585, 1000.000000000000000 ) ;
#318 = DIRECTION ( 'NONE',  ( -1.000000000000000000, 0.0000000000000000000, 0.0000000000000000000 ) ) ;
#319 = CARTESIAN_POINT ( 'NONE',  ( 53.50000000000000000, 0.0000000000000000000, 0.0000000000000000000 ) ) ;
#320 = EDGE_CURVE ( 'NONE', #1650, #2294, #2907, .T. ) ;
#321 = FACE_OUTER_BOUND ( 'NONE', #3126, .T. ) ;
#322 = DIRECTION ( 'NONE',  ( 0.2814915317474716000, -0.9595637120871455300, -0.0000000000000000000 ) ) ;
#323 = EDGE_CURVE ( 'NONE', #1790, #3317, #2120, .T. ) ;
#324 = PLANE ( 'NONE',  #2550 ) ;
#325 = ORIENTED_EDGE ( 'NONE', *, *, #2432, .T. ) ;
#326 = ADVANCED_FACE ( 'NONE', ( #1014 ), #3342, .F. ) ;
#327 = LINE ( 'NONE', #1171, #1112 ) ;
#328 = DIRECTION ( 'NONE',  ( 0.3420201433256704900, 0.9396926207859077600, 0.0000000000000000000 ) ) ;
#329 = CARTESIAN_POINT ( 'NONE',  ( -8.594213839345641800, -23.61240846156644900, 0.0000000000000000000 ) ) ;
#330 = AXIS2_PLACEMENT_3D ( 'NONE', #1430, #839, #2910 ) ;
#331 = LINE ( 'NONE', #938, #232 ) ;
#332 = CARTESIAN_POINT ( 'NONE',  ( 25.24999999999999300, 1.700000000000000200, 2.499999999999998700 ) ) ;
#333 = VECTOR ( 'NONE', #1616, 1000.000000000000100 ) ;
#334 = VECTOR ( 'NONE', #2939, 1000.000000000000000 ) ;
#335 = ORIENTED_EDGE ( 'NONE', *, *, #3148, .F. ) ;
#336 = VECTOR ( 'NONE', #2063, 1000.000000000000200 ) ;
#337 = CARTESIAN_POINT ( 'NONE',  ( -9.620274269322656800, -26.43148632392415100, 0.0000000000000000000 ) ) ;
#338 = EDGE_CURVE ( 'NONE', #1239, #3227, #2024, .T. ) ;
#339 = ORIENTED_EDGE ( 'NONE', *, *, #246, .F. ) ;
#340 = LINE ( 'NONE', #1001, #2514 ) ;
#341 = ADVANCED_FACE ( 'NONE', ( #545 ), #762, .T. ) ;
#342 = CARTESIAN_POINT ( 'NONE',  ( 21.57784834550135900, -34.59414100327968800, 0.0000000000000000000 ) ) ;
#343 = EDGE_LOOP ( 'NONE', ( #3836, #2647, #2053, #920 ) ) ;
#344 = EDGE_CURVE ( 'NONE', #3835, #2345, #2731, .T. ) ;
#345 = DIRECTION ( 'NONE',  ( -0.1843276598161816300, -0.9828648502346037900, 0.0000000000000000000 ) ) ;
#346 = DIRECTION ( 'NONE',  ( -0.5961776388591733000, 0.8028525536636855800, -0.0000000000000000000 ) ) ;
#347 = CIRCLE ( 'NONE', #519, 2.199999999999992200 ) ;
#348 = PLANE ( 'NONE',  #358 ) ;
#349 = PLANE ( 'NONE',  #1 ) ;
#350 = DIRECTION ( 'NONE',  ( -0.8028525536636878000, 0.5961776388591703000, 0.0000000000000000000 ) ) ;
#351 = ORIENTED_EDGE ( 'NONE', *, *, #2629, .T. ) ;
#352 = AXIS2_PLACEMENT_3D ( 'NONE', #106, #2175, #403 ) ;
#353 = AXIS2_PLACEMENT_3D ( 'NONE', #263, #2833, #2500 ) ;
#354 = ORIENTED_EDGE ( 'NONE', *, *, #2403, .F. ) ;
#355 = VERTEX_POINT ( 'NONE', #2746 ) ;
#356 = ORIENTED_EDGE ( 'NONE', *, *, #1948, .T. ) ;
#357 = DIRECTION ( 'NONE',  ( 0.0000000000000000000, 1.000000000000000000, -0.0000000000000000000 ) ) ;
#358 = AXIS2_PLACEMENT_3D ( 'NONE', #630, #2414, #644 ) ;
#359 = VERTEX_POINT ( 'NONE', #2339 ) ;
#360 = ORIENTED_EDGE ( 'NONE', *, *, #895, .F. ) ;
#361 = CARTESIAN_POINT ( 'NONE',  ( 8.499999999999989300, -22.99999999999999600, 6.000000000000000000 ) ) ;
#362 = ORIENTED_EDGE ( 'NONE', *, *, #3857, .F. ) ;
#363 =( NAMED_UNIT ( * ) PLANE_ANGLE_UNIT ( ) SI_UNIT ( $, .RADIAN. ) );
#364 = CIRCLE ( 'NONE', #544, 2.200000000000002000 ) ;
#365 = CARTESIAN_POINT ( 'NONE',  ( 13.51818180636442100, -24.25586225604504200, 3.000000000000000000 ) ) ;
#366 = LINE ( 'NONE', #2146, #1845 ) ;
#367 = FACE_OUTER_BOUND ( 'NONE', #429, .T. ) ;
#368 = CARTESIAN_POINT ( 'NONE',  ( 65.01528944456329400, -18.71141021465473400, 4.700000000000002000 ) ) ;
#369 = FACE_BOUND ( 'NONE', #1951, .T. ) ;
#370 = EDGE_CURVE ( 'NONE', #1177, #107, #455, .T. ) ;
#371 = ORIENTED_EDGE ( 'NONE', *, *, #96, .F. ) ;
#372 = CARTESIAN_POINT ( 'NONE',  ( 12.89974686898783000, -19.73286123590012400, 3.000000000000000000 ) ) ;
#373 = LINE ( 'NONE', #1082, #279 ) ;
#374 = DIRECTION ( 'NONE',  ( 0.0000000000000000000, 0.0000000000000000000, 1.000000000000000000 ) ) ;
#375 = CARTESIAN_POINT ( 'NONE',  ( 27.10896014749831600, -74.48125587014652600, 6.000000000000000000 ) ) ;
#376 = EDGE_CURVE ( 'NONE', #3858, #1239, #1938, .T. ) ;
#377 = DIRECTION ( 'NONE',  ( -0.5961776388591733000, 0.8028525536636855800, -0.0000000000000000000 ) ) ;
#378 = VECTOR ( 'NONE', #1111, 1000.000000000000000 ) ;
#379 = VECTOR ( 'NONE', #930, 1000.000000000000000 ) ;
#380 = DIRECTION ( 'NONE',  ( 1.000000000000000000, 0.0000000000000000000, 0.0000000000000000000 ) ) ;
#381 = ORIENTED_EDGE ( 'NONE', *, *, #2519, .T. ) ;
#382 = FACE_OUTER_BOUND ( 'NONE', #3709, .T. ) ;
#383 = PRODUCT_CONTEXT ( 'NONE', #3042, 'mechanical' ) ;
#384 = CARTESIAN_POINT ( 'NONE',  ( 88.41306620651192800, -62.82531296039196900, 3.000000000000000000 ) ) ;
#385 = ORIENTED_EDGE ( 'NONE', *, *, #809, .F. ) ;
#386 = VECTOR ( 'NONE', #759, 1000.000000000000100 ) ;
#387 = CARTESIAN_POINT ( 'NONE',  ( 77.03717410096055600, -54.42843822350424400, 0.0000000000000000000 ) ) ;
#388 = EDGE_LOOP ( 'NONE', ( #3696, #3302, #2241, #2940 ) ) ;
#389 = LINE ( 'NONE', #3482, #1872 ) ;
#390 = CARTESIAN_POINT ( 'NONE',  ( 78.72987052131279000, 9.790441031298954000, 0.0000000000000000000 ) ) ;
#391 = EDGE_CURVE ( 'NONE', #647, #3592, #366, .T. ) ;
#392 = EDGE_LOOP ( 'NONE', ( #2796, #1592, #2723, #3082, #182, #362, #3084, #2088 ) ) ;
#393 = DIRECTION ( 'NONE',  ( 0.8028525536636853500, 0.5961776388591736300, 8.031127203596346600E-017 ) ) ;
#394 = EDGE_LOOP ( 'NONE', ( #2542, #3509 ) ) ;
#395 = EDGE_CURVE ( 'NONE', #3592, #301, #2630, .T. ) ;
#396 = ORIENTED_EDGE ( 'NONE', *, *, #1444, .T. ) ;
#397 = DIRECTION ( 'NONE',  ( 0.8028525536636855800, -0.5961776388591733000, -0.0000000000000000000 ) ) ;
#398 = VERTEX_POINT ( 'NONE', #682 ) ;
#399 = AXIS2_PLACEMENT_3D ( 'NONE', #1544, #2431, #655 ) ;
#400 = EDGE_LOOP ( 'NONE', ( #1257, #3183 ) ) ;
#401 = ORIENTED_EDGE ( 'NONE', *, *, #3009, .T. ) ;
#402 = ORIENTED_EDGE ( 'NONE', *, *, #1858, .T. ) ;
#403 = DIRECTION ( 'NONE',  ( -0.8028525536636878000, 0.5961776388591703000, 0.0000000000000000000 ) ) ;
#404 = CARTESIAN_POINT ( 'NONE',  ( 72.85948826390490800, -38.91452836366384800, 4.699999999999998400 ) ) ;
#405 = VECTOR ( 'NONE', #2741, 1000.000000000000000 ) ;
#406 = ORIENTED_EDGE ( 'NONE', *, *, #1730, .F. ) ;
#407 = LINE ( 'NONE', #280, #317 ) ;
#408 = DIRECTION ( 'NONE',  ( 1.000000000000000000, 0.0000000000000000000, 0.0000000000000000000 ) ) ;
#409 = FACE_OUTER_BOUND ( 'NONE', #999, .T. ) ;
#410 = DIRECTION ( 'NONE',  ( -0.0000000000000000000, -0.0000000000000000000, 1.000000000000000000 ) ) ;
#411 = EDGE_CURVE ( 'NONE', #2843, #819, #1062, .T. ) ;
#412 = VERTEX_POINT ( 'NONE', #248 ) ;
#413 = CARTESIAN_POINT ( 'NONE',  ( 85.09752363093643600, -55.38104150983710400, 4.700000000000001100 ) ) ;
#414 = VECTOR ( 'NONE', #1792, 1000.000000000000000 ) ;
#415 = EDGE_CURVE ( 'NONE', #1141, #1804, #971, .T. ) ;
#416 = VECTOR ( 'NONE', #3574, 1000.000000000000000 ) ;
#417 = EDGE_CURVE ( 'NONE', #157, #2658, #3329, .T. ) ;
#418 = DIRECTION ( 'NONE',  ( -0.9595637120871455300, -0.2814915317474716000, 0.0000000000000000000 ) ) ;
#419 = PLANE ( 'NONE',  #3017 ) ;
#420 = VECTOR ( 'NONE', #2198, 1000.000000000000000 ) ;
#421 = CARTESIAN_POINT ( 'NONE',  ( 63.00000000000000000, 2.575788160835400700, 0.0000000000000000000 ) ) ;
#422 = VECTOR ( 'NONE', #2583, 1000.000000000000000 ) ;
#423 = CARTESIAN_POINT ( 'NONE',  ( 20.99999999999998900, 4.700541031679088300E-015, 6.000000000000000000 ) ) ;
#424 = DIRECTION ( 'NONE',  ( 1.000000000000000000, 0.0000000000000000000, 0.0000000000000000000 ) ) ;
#425 = ORIENTED_EDGE ( 'NONE', *, *, #1439, .F. ) ;
#426 = VECTOR ( 'NONE', #2338, 1000.000000000000000 ) ;
#427 = DIRECTION ( 'NONE',  ( 0.5961776388591733000, -0.8028525536636855800, -0.0000000000000000000 ) ) ;
#428 = DIRECTION ( 'NONE',  ( 0.0000000000000000000, 1.000000000000000000, -0.0000000000000000000 ) ) ;
#429 = EDGE_LOOP ( 'NONE', ( #2789, #1604, #2809, #1911 ) ) ;
#430 = CARTESIAN_POINT ( 'NONE',  ( 5.713632190808906100, -68.73101329783214900, 1.499999999999999600 ) ) ;
#431 = VECTOR ( 'NONE', #1801, 1000.000000000000000 ) ;
#432 = DIRECTION ( 'NONE',  ( 0.0000000000000000000, 0.0000000000000000000, 1.000000000000000000 ) ) ;
#433 = PLANE ( 'NONE',  #1978 ) ;
#434 = ORIENTED_EDGE ( 'NONE', *, *, #3780, .F. ) ;
#435 = LINE ( 'NONE', #134, #2610 ) ;
#436 = DIRECTION ( 'NONE',  ( 1.000000000000000000, 2.518126552157516400E-015, 0.0000000000000000000 ) ) ;
#437 = PRODUCT ( 'ORM-41F-3_Интерф. реле ORM 3. 1NO+1NC. 24В DC', 'ORM-41F-3_Интерф. реле ORM 3. 1NO+1NC. 24В DC', '', ( #383 ) ) ;
#438 = ORIENTED_EDGE ( 'NONE', *, *, #2591, .T. ) ;
#439 = EDGE_CURVE ( 'NONE', #1127, #2345, #1751, .T. ) ;
#440 = VERTEX_POINT ( 'NONE', #88 ) ;
#441 = ORIENTED_EDGE ( 'NONE', *, *, #2629, .F. ) ;
#442 = EDGE_CURVE ( 'NONE', #481, #3075, #876, .T. ) ;
#443 = DIRECTION ( 'NONE',  ( -0.8028525536636854600, 0.5961776388591734100, 0.0000000000000000000 ) ) ;
#444 = VERTEX_POINT ( 'NONE', #3589 ) ;
#445 = DIRECTION ( 'NONE',  ( -1.000000000000000000, 0.0000000000000000000, -0.0000000000000000000 ) ) ;
#446 = PLANE ( 'NONE',  #2958 ) ;
#447 = ORIENTED_EDGE ( 'NONE', *, *, #1526, .T. ) ;
#448 = ORIENTED_EDGE ( 'NONE', *, *, #195, .T. ) ;
#449 = ORIENTED_EDGE ( 'NONE', *, *, #1809, .T. ) ;
#450 = CARTESIAN_POINT ( 'NONE',  ( 0.0000000000000000000, -55.38104150983710400, 0.0000000000000000000 ) ) ;
#451 = AXIS2_PLACEMENT_3D ( 'NONE', #3058, #3660, #1875 ) ;
#452 = VECTOR ( 'NONE', #1916, 1000.000000000000000 ) ;
#453 = DIRECTION ( 'NONE',  ( 0.3420201433256704900, 0.9396926207859077600, 0.0000000000000000000 ) ) ;
#454 = AXIS2_PLACEMENT_3D ( 'NONE', #2911, #3210, #1443 ) ;
#455 = LINE ( 'NONE', #3731, #1155 ) ;
#456 = DIRECTION ( 'NONE',  ( -0.5961776388591687500, 0.8028525536636890200, 0.0000000000000000000 ) ) ;
#457 = CARTESIAN_POINT ( 'NONE',  ( 63.00000000000000000, 5.000000000000000000, 0.0000000000000000000 ) ) ;
#458 = CYLINDRICAL_SURFACE ( 'NONE', #1368, 2.200000000000002000 ) ;
#459 = FACE_OUTER_BOUND ( 'NONE', #514, .T. ) ;
#460 = PLANE ( 'NONE',  #1891 ) ;
#461 = VECTOR ( 'NONE', #1634, 999.9999999999998900 ) ;
#462 = EDGE_CURVE ( 'NONE', #1707, #1239, #3513, .T. ) ;
#463 = DIRECTION ( 'NONE',  ( -0.0000000000000000000, -0.0000000000000000000, 1.000000000000000000 ) ) ;
#464 = CIRCLE ( 'NONE', #3634, 2.199999999999993500 ) ;
#465 = EDGE_CURVE ( 'NONE', #277, #2014, #1656, .T. ) ;
#466 = VECTOR ( 'NONE', #2087, 1000.000000000000000 ) ;
#467 = DIRECTION ( 'NONE',  ( -0.8028525536636853500, -0.5961776388591736300, 0.0000000000000000000 ) ) ;
#468 = CARTESIAN_POINT ( 'NONE',  ( 54.59999999999999400, 6.599999999999999600, 0.0000000000000000000 ) ) ;
#469 = AXIS2_PLACEMENT_3D ( 'NONE', #1995, #231, #522 ) ;
#470 = VERTEX_POINT ( 'NONE', #1564 ) ;
#471 = LINE ( 'NONE', #375, #3534 ) ;
#472 = ORIENTED_EDGE ( 'NONE', *, *, #590, .T. ) ;
#473 = FACE_OUTER_BOUND ( 'NONE', #822, .T. ) ;
#474 = CARTESIAN_POINT ( 'NONE',  ( 18.81700866054475400, -20.32108983957450800, 4.700000000000002000 ) ) ;
#475 = ADVANCED_FACE ( 'NONE', ( #779 ), #973, .T. ) ;
#476 = ORIENTED_EDGE ( 'NONE', *, *, #1584, .T. ) ;
#477 = CIRCLE ( 'NONE', #3504, 2.199999999999990900 ) ;
#478 = EDGE_LOOP ( 'NONE', ( #1511, #2912, #633, #206 ) ) ;
#479 = PLANE ( 'NONE',  #621 ) ;
#480 = DIRECTION ( 'NONE',  ( -0.0000000000000000000, -0.0000000000000000000, 1.000000000000000000 ) ) ;
#481 = VERTEX_POINT ( 'NONE', #1348 ) ;
#482 = DIRECTION ( 'NONE',  ( 0.0000000000000000000, 0.0000000000000000000, 1.000000000000000000 ) ) ;
#483 = VERTEX_POINT ( 'NONE', #987 ) ;
#484 = ORIENTED_EDGE ( 'NONE', *, *, #1113, .F. ) ;
#485 = EDGE_CURVE ( 'NONE', #3598, #2377, #2354, .T. ) ;
#486 = EDGE_CURVE ( 'NONE', #2817, #2623, #3053, .T. ) ;
#487 = VERTEX_POINT ( 'NONE', #3668 ) ;
#488 = VERTEX_POINT ( 'NONE', #2659 ) ;
#489 = DIRECTION ( 'NONE',  ( -0.0000000000000000000, -0.0000000000000000000, 1.000000000000000000 ) ) ;
#490 = ORIENTED_EDGE ( 'NONE', *, *, #3054, .F. ) ;
#491 = DIRECTION ( 'NONE',  ( -0.3420201433256702700, -0.9396926207859078700, 0.0000000000000000000 ) ) ;
#492 = VECTOR ( 'NONE', #357, 1000.000000000000000 ) ;
#493 = AXIS2_PLACEMENT_3D ( 'NONE', #3843, #3462, #179 ) ;
#494 = ADVANCED_FACE ( 'NONE', ( #684 ), #2421, .T. ) ;
#495 = CARTESIAN_POINT ( 'NONE',  ( 72.85948826390490800, -38.91452836366384800, 4.699999999999998400 ) ) ;
#496 = VECTOR ( 'NONE', #880, 1000.000000000000000 ) ;
#497 = DIRECTION ( 'NONE',  ( -0.9396926207859079800, -0.3420201433256699300, 0.0000000000000000000 ) ) ;
#498 = AXIS2_PLACEMENT_3D ( 'NONE', #70, #3690, #1905 ) ;
#499 = VECTOR ( 'NONE', #2218, 1000.000000000000100 ) ;
#500 = DIRECTION ( 'NONE',  ( 0.0000000000000000000, -0.0000000000000000000, 1.000000000000000000 ) ) ;
#501 = ORIENTED_EDGE ( 'NONE', *, *, #1779, .T. ) ;
#502 = LINE ( 'NONE', #2319, #2779 ) ;
#503 = DIRECTION ( 'NONE',  ( -0.8028525536636885700, 0.5961776388591693000, 0.0000000000000000000 ) ) ;
#504 = DIRECTION ( 'NONE',  ( -0.8028525536636895700, -0.5961776388591679700, 0.0000000000000000000 ) ) ;
#505 = VECTOR ( 'NONE', #2073, 1000.000000000000000 ) ;
#506 = PLANE ( 'NONE',  #3834 ) ;
#507 = LINE ( 'NONE', #131, #1898 ) ;
#508 = EDGE_CURVE ( 'NONE', #1369, #1887, #1486, .T. ) ;
#509 = DIRECTION ( 'NONE',  ( 0.5961776388591717400, 0.8028525536636868000, 0.0000000000000000000 ) ) ;
#510 = ADVANCED_FACE ( 'NONE', ( #3757 ), #3760, .T. ) ;
#511 = CIRCLE ( 'NONE', #2986, 2.199999999999992200 ) ;
#512 = CARTESIAN_POINT ( 'NONE',  ( 62.58418752876414000, 2.782820751511359000, 0.0000000000000000000 ) ) ;
#513 = EDGE_CURVE ( 'NONE', #153, #823, #588, .T. ) ;
#514 = EDGE_LOOP ( 'NONE', ( #1332, #903, #2569, #1478 ) ) ;
#515 = VECTOR ( 'NONE', #3234, 1000.000000000000000 ) ;
#516 = DIRECTION ( 'NONE',  ( 0.3420201433256741500, -0.9396926207859063200, 0.0000000000000000000 ) ) ;
#517 = ORIENTED_EDGE ( 'NONE', *, *, #3803, .T. ) ;
#518 = VECTOR ( 'NONE', #314, 1000.000000000000000 ) ;
#519 = AXIS2_PLACEMENT_3D ( 'NONE', #2202, #427, #2497 ) ;
#520 = CARTESIAN_POINT ( 'NONE',  ( 20.99999999999998900, 0.0000000000000000000, 0.0000000000000000000 ) ) ;
#521 = PRODUCT_DEFINITION_CONTEXT ( 'detailed design', #2457, 'design' ) ;
#522 = DIRECTION ( 'NONE',  ( -0.8028525536636858000, -0.5961776388591729600, 0.0000000000000000000 ) ) ;
#523 = ORIENTED_EDGE ( 'NONE', *, *, #1542, .T. ) ;
#524 = LINE ( 'NONE', #2766, #2003 ) ;
#525 = ORIENTED_EDGE ( 'NONE', *, *, #837, .T. ) ;
#526 = DIRECTION ( 'NONE',  ( 0.0000000000000000000, 1.000000000000000000, 0.0000000000000000000 ) ) ;
#527 = DIRECTION ( 'NONE',  ( -1.000000000000000000, 0.0000000000000000000, 0.0000000000000000000 ) ) ;
#528 = ORIENTED_EDGE ( 'NONE', *, *, #1213, .T. ) ;
#529 = ADVANCED_FACE ( 'NONE', ( #3661 ), #479, .T. ) ;
#530 = CARTESIAN_POINT ( 'NONE',  ( -19.14571612737140400, -51.46010599793475400, 0.0000000000000000000 ) ) ;
#531 = VERTEX_POINT ( 'NONE', #1132 ) ;
#532 = EDGE_LOOP ( 'NONE', ( #2982, #309, #2205, #517 ) ) ;
#533 = EDGE_CURVE ( 'NONE', #24, #3033, #2864, .T. ) ;
#534 = ORIENTED_EDGE ( 'NONE', *, *, #3572, .T. ) ;
#535 = DIRECTION ( 'NONE',  ( -0.0000000000000000000, -0.0000000000000000000, 1.000000000000000000 ) ) ;
#536 = ORIENTED_EDGE ( 'NONE', *, *, #1066, .T. ) ;
#537 = EDGE_LOOP ( 'NONE', ( #2122, #2711, #3503, #3786 ) ) ;
#538 = CARTESIAN_POINT ( 'NONE',  ( 21.57784834550135900, -34.59414100327968800, 0.0000000000000000000 ) ) ;
#539 = EDGE_CURVE ( 'NONE', #1464, #3449, #2169, .T. ) ;
#540 = ORIENTED_EDGE ( 'NONE', *, *, #2230, .F. ) ;
#541 = VECTOR ( 'NONE', #1434, 1000.000000000000000 ) ;
#542 = CARTESIAN_POINT ( 'NONE',  ( 75.24419881934160500, -35.70311814900907200, 0.0000000000000000000 ) ) ;
#543 = AXIS2_PLACEMENT_3D ( 'NONE', #390, #986, #3061 ) ;
#544 = AXIS2_PLACEMENT_3D ( 'NONE', #3088, #2821, #2801 ) ;
#545 = FACE_OUTER_BOUND ( 'NONE', #3643, .T. ) ;
#546 = ORIENTED_EDGE ( 'NONE', *, *, #2754, .F. ) ;
#547 = ORIENTED_EDGE ( 'NONE', *, *, #96, .T. ) ;
#548 = VECTOR ( 'NONE', #3232, 1000.000000000000000 ) ;
#549 = CARTESIAN_POINT ( 'NONE',  ( 53.50000000000000000, 3.038697265529265700, 6.000000000000000000 ) ) ;
#550 = ADVANCED_FACE ( 'NONE', ( #3564 ), #296, .T. ) ;
#551 = VECTOR ( 'NONE', #3730, 1000.000000000000000 ) ;
#552 = DIRECTION ( 'NONE',  ( -0.0000000000000000000, -0.0000000000000000000, 1.000000000000000000 ) ) ;
#553 = VECTOR ( 'NONE', #1674, 1000.000000000000000 ) ;
#554 = PLANE ( 'NONE',  #353 ) ;
#555 = LINE ( 'NONE', #8, #1260 ) ;
#556 = CARTESIAN_POINT ( 'NONE',  ( 29.49999999999999300, -0.5000000000000000000, 0.4999999999999987200 ) ) ;
#557 = EDGE_CURVE ( 'NONE', #2326, #412, #1974, .T. ) ;
#558 = ORIENTED_EDGE ( 'NONE', *, *, #2591, .F. ) ;
#559 = VECTOR ( 'NONE', #3045, 1000.000000000000000 ) ;
#560 = DIRECTION ( 'NONE',  ( 0.9396926207859078700, -0.3420201433256702700, 0.0000000000000000000 ) ) ;
#561 = CARTESIAN_POINT ( 'NONE',  ( -15.78971433232480600, -29.11967591160758700, 0.0000000000000000000 ) ) ;
#562 = LINE ( 'NONE', #686, #1317 ) ;
#563 = ORIENTED_EDGE ( 'NONE', *, *, #3318, .T. ) ;
#564 = EDGE_CURVE ( 'NONE', #2524, #2764, #2069, .T. ) ;
#565 = LINE ( 'NONE', #2243, #3539 ) ;
#566 = VERTEX_POINT ( 'NONE', #3573 ) ;
#567 = LINE ( 'NONE', #3768, #666 ) ;
#568 = ADVANCED_FACE ( 'NONE', ( #2773 ), #1889, .F. ) ;
#569 = DIRECTION ( 'NONE',  ( -1.000000000000000000, 0.0000000000000000000, 0.0000000000000000000 ) ) ;
#570 = AXIS2_PLACEMENT_3D ( 'NONE', #228, #3194, #1426 ) ;
#571 = ORIENTED_EDGE ( 'NONE', *, *, #417, .F. ) ;
#572 = CARTESIAN_POINT ( 'NONE',  ( 16.53686970807533300, 22.26965120687477300, 6.000000000000000000 ) ) ;
#573 = ORIENTED_EDGE ( 'NONE', *, *, #3346, .F. ) ;
#574 = DIRECTION ( 'NONE',  ( -0.8028525536636885700, 0.5961776388591693000, 0.0000000000000000000 ) ) ;
#575 = CARTESIAN_POINT ( 'NONE',  ( 29.49999999999999300, 1.040949779275250100E-015, -1.734723475976807100E-015 ) ) ;
#576 = ORIENTED_EDGE ( 'NONE', *, *, #1858, .F. ) ;
#577 = ORIENTED_EDGE ( 'NONE', *, *, #814, .T. ) ;
#578 = ORIENTED_EDGE ( 'NONE', *, *, #2897, .T. ) ;
#579 = ORIENTED_EDGE ( 'NONE', *, *, #212, .F. ) ;
#580 = ORIENTED_EDGE ( 'NONE', *, *, #2948, .T. ) ;
#581 = ORIENTED_EDGE ( 'NONE', *, *, #2732, .F. ) ;
#582 = CARTESIAN_POINT ( 'NONE',  ( 67.18299133945524200, -20.32108983957449800, 1.300000000000001800 ) ) ;
#583 = VECTOR ( 'NONE', #1819, 1000.000000000000000 ) ;
#584 = EDGE_CURVE ( 'NONE', #1334, #566, #3466, .T. ) ;
#585 = DIRECTION ( 'NONE',  ( -0.0000000000000000000, -0.0000000000000000000, 1.000000000000000000 ) ) ;
#586 = CARTESIAN_POINT ( 'NONE',  ( 0.0000000000000000000, -71.29999999999999700, 0.0000000000000000000 ) ) ;
#587 = DIRECTION ( 'NONE',  ( 0.0000000000000000000, -1.000000000000000000, 0.0000000000000000000 ) ) ;
#588 = LINE ( 'NONE', #185, #2959 ) ;
#589 = DIRECTION ( 'NONE',  ( 1.000000000000000000, 0.0000000000000000000, 0.0000000000000000000 ) ) ;
#590 = EDGE_CURVE ( 'NONE', #3170, #3728, #407, .T. ) ;
#591 = ADVANCED_FACE ( 'NONE', ( #2578 ), #1021, .T. ) ;
#592 = CARTESIAN_POINT ( 'NONE',  ( 18.65430278522965300, -51.25227567808773400, 0.0000000000000000000 ) ) ;
#593 = DIRECTION ( 'NONE',  ( 1.000000000000000000, -0.0000000000000000000, 0.0000000000000000000 ) ) ;
#594 = LINE ( 'NONE', #2118, #2171 ) ;
#595 = AXIS2_PLACEMENT_3D ( 'NONE', #74, #2735, #2143 ) ;
#596 = ORIENTED_EDGE ( 'NONE', *, *, #3346, .T. ) ;
#597 = CARTESIAN_POINT ( 'NONE',  ( 18.81700866054475400, -20.32108983957450800, 4.700000000000002000 ) ) ;
#598 = VECTOR ( 'NONE', #2914, 1000.000000000000000 ) ;
#599 = CARTESIAN_POINT ( 'NONE',  ( 55.49999999999999300, 0.0000000000000000000, 5.500000000000000000 ) ) ;
#600 = CARTESIAN_POINT ( 'NONE',  ( 3.713632190808907400, -71.29999999999999700, 5.500000000000000000 ) ) ;
#601 = VECTOR ( 'NONE', #894, 1000.000000000000000 ) ;
#602 = DIRECTION ( 'NONE',  ( -0.5961776388591683000, -0.8028525536636891300, 0.0000000000000000000 ) ) ;
#603 = CARTESIAN_POINT ( 'NONE',  ( 65.00000000000000000, 0.0000000000000000000, 6.000000000000000000 ) ) ;
#604 = PLANE ( 'NONE',  #102 ) ;
#605 = CARTESIAN_POINT ( 'NONE',  ( 7.440258605082899400, -43.14738959956393000, 3.000000000000000000 ) ) ;
#606 = VECTOR ( 'NONE', #410, 1000.000000000000000 ) ;
#607 = DIRECTION ( 'NONE',  ( 0.0000000000000000000, 0.0000000000000000000, 1.000000000000000000 ) ) ;
#608 = VECTOR ( 'NONE', #3706, 1000.000000000000000 ) ;
#609 = EDGE_CURVE ( 'NONE', #2860, #1729, #2683, .T. ) ;
#610 = ADVANCED_FACE ( 'NONE', ( #221 ), #908, .F. ) ;
#611 = DIRECTION ( 'NONE',  ( 0.0000000000000000000, 0.0000000000000000000, 1.000000000000000000 ) ) ;
#612 = ORIENTED_EDGE ( 'NONE', *, *, #764, .F. ) ;
#613 = LINE ( 'NONE', #549, #3584 ) ;
#614 = EDGE_CURVE ( 'NONE', #2345, #984, #1106, .T. ) ;
#615 = EDGE_CURVE ( 'NONE', #1009, #2529, #1798, .T. ) ;
#616 = DIRECTION ( 'NONE',  ( 1.000000000000000000, -0.0000000000000000000, -0.0000000000000000000 ) ) ;
#617 = ORIENTED_EDGE ( 'NONE', *, *, #3173, .F. ) ;
#618 = VECTOR ( 'NONE', #2068, 1000.000000000000000 ) ;
#619 = CARTESIAN_POINT ( 'NONE',  ( 25.24999999999999300, 2.700000000000000200, 1.499999999999998900 ) ) ;
#620 = ORIENTED_EDGE ( 'NONE', *, *, #948, .F. ) ;
#621 = AXIS2_PLACEMENT_3D ( 'NONE', #2693, #2474, #865 ) ;
#622 = ORIENTED_EDGE ( 'NONE', *, *, #3149, .F. ) ;
#623 = ORIENTED_EDGE ( 'NONE', *, *, #1678, .T. ) ;
#624 = ORIENTED_EDGE ( 'NONE', *, *, #1806, .F. ) ;
#625 = DIRECTION ( 'NONE',  ( 0.0000000000000000000, 0.0000000000000000000, -1.000000000000000000 ) ) ;
#626 = CARTESIAN_POINT ( 'NONE',  ( 26.71363219080890900, -67.79999999999999700, 6.000000000000000000 ) ) ;
#627 = AXIS2_PLACEMENT_3D ( 'NONE', #1752, #2348, #569 ) ;
#628 = ORIENTED_EDGE ( 'NONE', *, *, #2297, .F. ) ;
#629 = DIRECTION ( 'NONE',  ( 0.0000000000000000000, 0.0000000000000000000, 1.000000000000000000 ) ) ;
#630 = CARTESIAN_POINT ( 'NONE',  ( 29.49999999999999600, -15.49999999999999800, 5.500000000000000000 ) ) ;
#631 = ORIENTED_EDGE ( 'NONE', *, *, #3300, .F. ) ;
#632 = ORIENTED_EDGE ( 'NONE', *, *, #1899, .F. ) ;
#633 = ORIENTED_EDGE ( 'NONE', *, *, #2702, .F. ) ;
#634 = ADVANCED_FACE ( 'NONE', ( #927 ), #2576, .F. ) ;
#635 = DIRECTION ( 'NONE',  ( 1.000000000000000000, 0.0000000000000000000, 0.0000000000000000000 ) ) ;
#636 = ORIENTED_EDGE ( 'NONE', *, *, #2621, .F. ) ;
#637 = ORIENTED_EDGE ( 'NONE', *, *, #2126, .T. ) ;
#638 = VECTOR ( 'NONE', #2005, 1000.000000000000000 ) ;
#639 = CARTESIAN_POINT ( 'NONE',  ( 69.56770189489194000, -17.10967962491975300, 1.300000000000001800 ) ) ;
#640 = DIRECTION ( 'NONE',  ( 0.8951782529499700000, 0.4457083075795645300, -0.0000000000000000000 ) ) ;
#641 = EDGE_CURVE ( 'NONE', #724, #2901, #3282, .T. ) ;
#642 = VECTOR ( 'NONE', #1588, 1000.000000000000000 ) ;
#643 = DIRECTION ( 'NONE',  ( -0.8028525536636858000, -0.5961776388591729600, 0.0000000000000000000 ) ) ;
#644 = DIRECTION ( 'NONE',  ( 0.0000000000000000000, -0.0000000000000000000, -1.000000000000000000 ) ) ;
#645 = DIRECTION ( 'NONE',  ( 0.0000000000000000000, -0.0000000000000000000, -1.000000000000000000 ) ) ;
#646 = EDGE_CURVE ( 'NONE', #2331, #1102, #3188, .T. ) ;
#647 = VERTEX_POINT ( 'NONE', #893 ) ;
#648 = LINE ( 'NONE', #3294, #2221 ) ;
#649 = DIRECTION ( 'NONE',  ( 0.0000000000000000000, 0.0000000000000000000, -1.000000000000000000 ) ) ;
#650 = FACE_OUTER_BOUND ( 'NONE', #3594, .T. ) ;
#651 = ADVANCED_FACE ( 'NONE', ( #132 ), #419, .F. ) ;
#652 = CARTESIAN_POINT ( 'NONE',  ( 53.39999999999999900, 3.775106511576874300, 0.0000000000000000000 ) ) ;
#653 = VECTOR ( 'NONE', #785, 1000.000000000000200 ) ;
#654 = VECTOR ( 'NONE', #300, 1000.000000000000000 ) ;
#655 = DIRECTION ( 'NONE',  ( 0.5961776388591733000, -0.8028525536636855800, 0.0000000000000000000 ) ) ;
#656 = CARTESIAN_POINT ( 'NONE',  ( 20.91194879438552300, -28.16142437643952300, 0.0000000000000000000 ) ) ;
#657 = ORIENTED_EDGE ( 'NONE', *, *, #411, .T. ) ;
#658 = VECTOR ( 'NONE', #3327, 1000.000000000000100 ) ;
#659 = EDGE_CURVE ( 'NONE', #647, #1651, #2399, .T. ) ;
#660 = LINE ( 'NONE', #1272, #3727 ) ;
#661 = ORIENTED_EDGE ( 'NONE', *, *, #3199, .T. ) ;
#662 = FACE_OUTER_BOUND ( 'NONE', #853, .T. ) ;
#663 = CARTESIAN_POINT ( 'NONE',  ( -9.620274269322656800, -26.43148632392415100, 6.000000000000000000 ) ) ;
#664 = ORIENTED_EDGE ( 'NONE', *, *, #2916, .T. ) ;
#665 = EDGE_CURVE ( 'NONE', #301, #3180, #35, .T. ) ;
#666 = VECTOR ( 'NONE', #1975, 999.9999999999998900 ) ;
#667 = CARTESIAN_POINT ( 'NONE',  ( 55.49999999999999300, -15.49999999999999800, -1.734723475976807100E-015 ) ) ;
#668 = ORIENTED_EDGE ( 'NONE', *, *, #344, .T. ) ;
#669 = PLANE ( 'NONE',  #3499 ) ;
#670 = ORIENTED_EDGE ( 'NONE', *, *, #462, .T. ) ;
#671 = AXIS2_PLACEMENT_3D ( 'NONE', #284, #2355, #574 ) ;
#672 = ORIENTED_EDGE ( 'NONE', *, *, #1996, .T. ) ;
#673 = ORIENTED_EDGE ( 'NONE', *, *, #2473, .T. ) ;
#674 = VERTEX_POINT ( 'NONE', #1701 ) ;
#675 = CARTESIAN_POINT ( 'NONE',  ( 53.50000000000000000, 0.0000000000000000000, 6.000000000000000000 ) ) ;
#676 = ORIENTED_EDGE ( 'NONE', *, *, #3754, .T. ) ;
#677 = VERTEX_POINT ( 'NONE', #1131 ) ;
#678 = VERTEX_POINT ( 'NONE', #3476 ) ;
#679 = APPLICATION_PROTOCOL_DEFINITION ( 'draft international standard', 'automotive_design', 1998, #2457 ) ;
#680 = VECTOR ( 'NONE', #1532, 1000.000000000000000 ) ;
#681 = DIRECTION ( 'NONE',  ( 0.9396926207859078700, -0.3420201433256702700, 0.0000000000000000000 ) ) ;
#682 = CARTESIAN_POINT ( 'NONE',  ( 79.58636780919108800, -55.38104150983710400, 0.0000000000000000000 ) ) ;
#683 = DIRECTION ( 'NONE',  ( -0.8167217636858461500, 0.5770316808649945700, 0.0000000000000000000 ) ) ;
#684 = FACE_OUTER_BOUND ( 'NONE', #2768, .T. ) ;
#685 = LINE ( 'NONE', #3426, #3663 ) ;
#686 = CARTESIAN_POINT ( 'NONE',  ( 28.16096649635272800, -10.24975357284022500, 0.0000000000000000000 ) ) ;
#687 = EDGE_CURVE ( 'NONE', #2345, #677, #3014, .T. ) ;
#688 = EDGE_CURVE ( 'NONE', #3678, #1324, #726, .T. ) ;
#689 = ORIENTED_EDGE ( 'NONE', *, *, #2376, .F. ) ;
#690 = FACE_OUTER_BOUND ( 'NONE', #26, .T. ) ;
#691 = CARTESIAN_POINT ( 'NONE',  ( 28.16096649635272800, -10.24975357284022500, 6.000000000000000000 ) ) ;
#692 = STYLED_ITEM ( 'NONE', ( #931 ), #293 ) ;
#693 = CARTESIAN_POINT ( 'NONE',  ( 77.03717410096055600, -54.42843822350424400, 6.000000000000000000 ) ) ;
#694 = CARTESIAN_POINT ( 'NONE',  ( 8.713632190808905200, -71.29999999999999700, 5.500000000000000000 ) ) ;
#695 = LINE ( 'NONE', #3545, #2269 ) ;
#696 = FACE_OUTER_BOUND ( 'NONE', #2661, .T. ) ;
#697 = CARTESIAN_POINT ( 'NONE',  ( -19.14571612737140400, -51.46010599793475400, 6.000000000000000000 ) ) ;
#698 = VECTOR ( 'NONE', #716, 1000.000000000000000 ) ;
#699 = CARTESIAN_POINT ( 'NONE',  ( 10.75580118065841400, -35.70311814900910000, 4.699999999999998400 ) ) ;
#700 = ORIENTED_EDGE ( 'NONE', *, *, #147, .F. ) ;
#701 = DIRECTION ( 'NONE',  ( 0.0000000000000000000, 1.000000000000000000, -0.0000000000000000000 ) ) ;
#702 = FACE_OUTER_BOUND ( 'NONE', #1930, .T. ) ;
#703 = CARTESIAN_POINT ( 'NONE',  ( 56.59999999999999400, 5.000000000000000000, 0.0000000000000000000 ) ) ;
#704 = ORIENTED_EDGE ( 'NONE', *, *, #219, .F. ) ;
#705 = LINE ( 'NONE', #2051, #804 ) ;
#706 = DIRECTION ( 'NONE',  ( -0.0000000000000000000, -0.0000000000000000000, 1.000000000000000000 ) ) ;
#707 = EDGE_CURVE ( 'NONE', #1790, #3179, #3799, .T. ) ;
#708 = VERTEX_POINT ( 'NONE', #1421 ) ;
#709 = CARTESIAN_POINT ( 'NONE',  ( 3.713632190808906500, -62.79999999999999700, 0.4999999999999982800 ) ) ;
#710 = ORIENTED_EDGE ( 'NONE', *, *, #1678, .F. ) ;
#711 = CLOSED_SHELL ( 'NONE', ( #2080, #1700, #2385, #303, #3156, #3215, #2852, #3770, #2866, #1736, #2417, #184, #2611, #2278, #610, #3313, #1662, #2102, #2026, #1778, #3197, #341, #1179, #1680, #3254, #475, #1217, #2698, #1498, #2551, #2651, #224, #1396, #1761, #1139, #2902, #651, #2401, #829, #770, #845, #205, #1105, #634, #2265, #3808, #3026, #913, #1717, #1984, #3827, #789, #3550, #2039, #2587, #3591, #1200, #48, #3755, #2968, #2301, #285, #806, #2362, #3569, #2989, #1081, #2921, #1480, #934, #871, #243, #2065, #1949, #3614, #262, #510, #1817, #2004, #3790, #1237, #1415, #1837, #1516, #568, #3485, #2317, #890, #1160, #3293, #1537, #3450, #3175, #3510, #326, #3235, #3527, #1799, #7, #2123, #1454, #3849, #3471, #29, #1433, #3140, #2942, #2568, #3278, #529, #954, #2340, #494, #2673, #1119, #2715, #2631, #1967, #591, #2882, #3015, #550, #1379 ) ) ;
#712 = EDGE_CURVE ( 'NONE', #3502, #3592, #2904, .T. ) ;
#713 = DIRECTION ( 'NONE',  ( 0.0000000000000000000, 0.0000000000000000000, 1.000000000000000000 ) ) ;
#714 = DIRECTION ( 'NONE',  ( 0.8028525536636858000, 0.5961776388591729600, 0.0000000000000000000 ) ) ;
#715 = ORIENTED_EDGE ( 'NONE', *, *, #665, .T. ) ;
#716 = DIRECTION ( 'NONE',  ( 1.000000000000000000, 0.0000000000000000000, 0.0000000000000000000 ) ) ;
#717 = DIRECTION ( 'NONE',  ( 0.0000000000000000000, 0.0000000000000000000, 1.000000000000000000 ) ) ;
#718 = AXIS2_PLACEMENT_3D ( 'NONE', #3816, #2027, #2325 ) ;
#719 = VERTEX_POINT ( 'NONE', #3528 ) ;
#720 = ORIENTED_EDGE ( 'NONE', *, *, #2272, .F. ) ;
#721 = ORIENTED_EDGE ( 'NONE', *, *, #1855, .F. ) ;
#722 = AXIS2_PLACEMENT_3D ( 'NONE', #1015, #3085, #1308 ) ;
#723 = ORIENTED_EDGE ( 'NONE', *, *, #3699, .F. ) ;
#724 = VERTEX_POINT ( 'NONE', #824 ) ;
#725 = ORIENTED_EDGE ( 'NONE', *, *, #1246, .F. ) ;
#726 = LINE ( 'NONE', #2602, #2304 ) ;
#727 = CARTESIAN_POINT ( 'NONE',  ( 86.67823443154665600, -71.29999999999999700, 6.000000000000000000 ) ) ;
#728 = DIRECTION ( 'NONE',  ( 0.3420201433256701000, -0.9396926207859078700, 0.0000000000000000000 ) ) ;
#729 = DIRECTION ( 'NONE',  ( -0.0000000000000000000, 0.0000000000000000000, -1.000000000000000000 ) ) ;
#730 = DIRECTION ( 'NONE',  ( -0.8028525536636878000, 0.5961776388591703000, 0.0000000000000000000 ) ) ;
#731 = DIRECTION ( 'NONE',  ( 1.000000000000000000, 0.0000000000000000000, 0.0000000000000000000 ) ) ;
#732 = EDGE_CURVE ( 'NONE', #1725, #355, #3703, .T. ) ;
#733 = ORIENTED_EDGE ( 'NONE', *, *, #1465, .T. ) ;
#734 = DIRECTION ( 'NONE',  ( -0.0000000000000000000, -0.0000000000000000000, 1.000000000000000000 ) ) ;
#735 = LINE ( 'NONE', #1201, #3807 ) ;
#736 = EDGE_CURVE ( 'NONE', #3179, #3651, #1431, .T. ) ;
#737 = FACE_OUTER_BOUND ( 'NONE', #3686, .T. ) ;
#738 = CARTESIAN_POINT ( 'NONE',  ( 63.00000000000000000, 5.000000000000000000, 0.0000000000000000000 ) ) ;
#739 = CARTESIAN_POINT ( 'NONE',  ( 3.713632190808906500, -62.79999999999999700, 0.4999999999999982800 ) ) ;
#740 = DIRECTION ( 'NONE',  ( -6.447810984205252900E-017, -4.787978453617710500E-017, 1.000000000000000000 ) ) ;
#741 = CYLINDRICAL_SURFACE ( 'NONE', #1842, 2.199999999999990900 ) ;
#742 = CARTESIAN_POINT ( 'NONE',  ( 5.000485530211658000, -66.29999999999999700, 1.499999999999999600 ) ) ;
#743 = AXIS2_PLACEMENT_3D ( 'NONE', #430, #418, #136 ) ;
#744 = CARTESIAN_POINT ( 'NONE',  ( 77.50000000000002800, -23.00000000000000000, 0.0000000000000000000 ) ) ;
#745 = LINE ( 'NONE', #2955, #3817 ) ;
#746 = CARTESIAN_POINT ( 'NONE',  ( 25.24999999999999300, 2.700000000000000200, 2.999999999999999600 ) ) ;
#747 = STYLED_ITEM ( 'NONE', ( #886 ), #1788 ) ;
#748 = VERTEX_POINT ( 'NONE', #1709 ) ;
#749 = DIRECTION ( 'NONE',  ( -0.5770316808649946800, -0.8167217636858461500, 0.0000000000000000000 ) ) ;
#750 = FACE_OUTER_BOUND ( 'NONE', #3320, .T. ) ;
#751 = PLANE ( 'NONE',  #2507 ) ;
#752 = DIRECTION ( 'NONE',  ( -0.1843276598161816300, -0.9828648502346037900, 0.0000000000000000000 ) ) ;
#753 = ORIENTED_EDGE ( 'NONE', *, *, #2473, .F. ) ;
#754 = VECTOR ( 'NONE', #133, 1000.000000000000000 ) ;
#755 = DIRECTION ( 'NONE',  ( -1.000000000000000000, 0.0000000000000000000, -0.0000000000000000000 ) ) ;
#756 = VERTEX_POINT ( 'NONE', #3809 ) ;
#757 = VECTOR ( 'NONE', #3434, 1000.000000000000000 ) ;
#758 = DIRECTION ( 'NONE',  ( -0.8028525536636854600, 0.5961776388591734100, 0.0000000000000000000 ) ) ;
#759 = DIRECTION ( 'NONE',  ( 0.1345590888233554600, -0.9909055714925758500, 0.0000000000000000000 ) ) ;
#760 = ORIENTED_EDGE ( 'NONE', *, *, #944, .F. ) ;
#761 = EDGE_CURVE ( 'NONE', #3562, #3636, #1337, .T. ) ;
#762 = PLANE ( 'NONE',  #2687 ) ;
#763 = ORIENTED_EDGE ( 'NONE', *, *, #3422, .T. ) ;
#764 = EDGE_CURVE ( 'NONE', #2012, #1386, #3613, .T. ) ;
#765 = DIRECTION ( 'NONE',  ( -0.8028525536636859100, 0.5961776388591729600, 0.0000000000000000000 ) ) ;
#766 = ORIENTED_EDGE ( 'NONE', *, *, #212, .T. ) ;
#767 = ORIENTED_EDGE ( 'NONE', *, *, #1724, .F. ) ;
#768 = EDGE_CURVE ( 'NONE', #2764, #877, #1244, .T. ) ;
#769 = ORIENTED_EDGE ( 'NONE', *, *, #1880, .T. ) ;
#770 = ADVANCED_FACE ( 'NONE', ( #2819 ), #2318, .F. ) ;
#771 = CARTESIAN_POINT ( 'NONE',  ( 6.413632190808908900, -55.38104150983711100, 0.0000000000000000000 ) ) ;
#772 = VERTEX_POINT ( 'NONE', #2333 ) ;
#773 = ORIENTED_EDGE ( 'NONE', *, *, #2101, .T. ) ;
#774 = ORIENTED_EDGE ( 'NONE', *, *, #167, .F. ) ;
#775 = DIRECTION ( 'NONE',  ( 1.000000000000000000, 0.0000000000000000000, 0.0000000000000000000 ) ) ;
#776 = FACE_OUTER_BOUND ( 'NONE', #3778, .T. ) ;
#777 = PLANE ( 'NONE',  #2528 ) ;
#778 = PLANE ( 'NONE',  #3553 ) ;
#779 = FACE_OUTER_BOUND ( 'NONE', #3392, .T. ) ;
#780 = CARTESIAN_POINT ( 'NONE',  ( 1.394564711120589200E-013, -55.38104150983730300, 0.0000000000000000000 ) ) ;
#781 = LINE ( 'NONE', #1962, #1488 ) ;
#782 = CARTESIAN_POINT ( 'NONE',  ( 20.98471055543668500, -18.71141021465474500, 1.300000000000002000 ) ) ;
#783 = PRODUCT_DEFINITION_CONTEXT ( 'detailed design', #1859, 'design' ) ;
#784 = ORIENTED_EDGE ( 'NONE', *, *, #2547, .T. ) ;
#785 = DIRECTION ( 'NONE',  ( 0.5770316808649953400, -0.8167217636858455900, 0.0000000000000000000 ) ) ;
#786 = LINE ( 'NONE', #226, #2268 ) ;
#787 = EDGE_CURVE ( 'NONE', #2726, #2388, #1934, .T. ) ;
#788 = CARTESIAN_POINT ( 'NONE',  ( 0.0000000000000000000, -15.49999999999999800, 0.0000000000000000000 ) ) ;
#789 = ADVANCED_FACE ( 'NONE', ( #1152 ), #554, .F. ) ;
#790 = LINE ( 'NONE', #3838, #187 ) ;
#791 = PLANE ( 'NONE',  #3710 ) ;
#792 = EDGE_CURVE ( 'NONE', #2193, #1149, #3419, .T. ) ;
#793 = DIRECTION ( 'NONE',  ( -0.0000000000000000000, -1.000000000000000000, -0.0000000000000000000 ) ) ;
#794 = FACE_OUTER_BOUND ( 'NONE', #910, .T. ) ;
#795 = CARTESIAN_POINT ( 'NONE',  ( 3.713632190808906500, -62.79999999999999700, 1.499999999999999600 ) ) ;
#796 = LINE ( 'NONE', #3692, #698 ) ;
#797 = CARTESIAN_POINT ( 'NONE',  ( 62.53447868232326100, -44.18196863425016800, 6.000000000000000000 ) ) ;
#798 = VERTEX_POINT ( 'NONE', #1632 ) ;
#799 = LINE ( 'NONE', #812, #11 ) ;
#800 = CARTESIAN_POINT ( 'NONE',  ( 63.00000000000000000, 5.000000000000000000, 0.0000000000000000000 ) ) ;
#801 = DIRECTION ( 'NONE',  ( 0.0000000000000000000, 1.000000000000000000, 0.0000000000000000000 ) ) ;
#802 = ORIENTED_EDGE ( 'NONE', *, *, #564, .F. ) ;
#803 = CARTESIAN_POINT ( 'NONE',  ( 12.13815572471545100, -54.27206436410774200, 0.0000000000000000000 ) ) ;
#804 = VECTOR ( 'NONE', #288, 1000.000000000000100 ) ;
#805 = ORIENTED_EDGE ( 'NONE', *, *, #2252, .T. ) ;
#806 = ADVANCED_FACE ( 'NONE', ( #2627 ), #2219, .F. ) ;
#807 = DIRECTION ( 'NONE',  ( 1.000000000000000000, 0.0000000000000000000, 0.0000000000000000000 ) ) ;
#808 = ORIENTED_EDGE ( 'NONE', *, *, #712, .F. ) ;
#809 = EDGE_CURVE ( 'NONE', #1958, #1464, #1843, .T. ) ;
#810 = CARTESIAN_POINT ( 'NONE',  ( 21.57784834550135900, -34.59414100327968800, 6.000000000000000000 ) ) ;
#811 = ORIENTED_EDGE ( 'NONE', *, *, #2682, .T. ) ;
#812 = CARTESIAN_POINT ( 'NONE',  ( 84.88051497039170100, -60.20213134941160100, 4.700000000000001100 ) ) ;
#813 = EDGE_CURVE ( 'NONE', #311, #1369, #364, .T. ) ;
#814 = EDGE_CURVE ( 'NONE', #984, #1640, #1060, .T. ) ;
#815 = PLANE ( 'NONE',  #3787 ) ;
#816 = ORIENTED_EDGE ( 'NONE', *, *, #3028, .F. ) ;
#817 = ORIENTED_EDGE ( 'NONE', *, *, #3096, .T. ) ;
#818 = DIRECTION ( 'NONE',  ( 0.8951782529499700000, -0.4457083075795645300, 0.0000000000000000000 ) ) ;
#819 = VERTEX_POINT ( 'NONE', #2513 ) ;
#820 = CARTESIAN_POINT ( 'NONE',  ( 14.02991912043472000, -18.89362441551876200, 6.000000000000000000 ) ) ;
#821 = AXIS2_PLACEMENT_3D ( 'NONE', #1033, #2680, #503 ) ;
#822 = EDGE_LOOP ( 'NONE', ( #1603, #1280, #3160, #2565 ) ) ;
#823 = VERTEX_POINT ( 'NONE', #2526 ) ;
#824 = CARTESIAN_POINT ( 'NONE',  ( 63.00000000000000000, 2.000000000000000000, 0.0000000000000000000 ) ) ;
#825 = PLANE ( 'NONE',  #2878 ) ;
#826 = VECTOR ( 'NONE', #2552, 1000.000000000000000 ) ;
#827 = DIRECTION ( 'NONE',  ( 0.5961776388591684100, 0.8028525536636892400, 0.0000000000000000000 ) ) ;
#828 = CARTESIAN_POINT ( 'NONE',  ( 75.02719015879687000, -40.52420798858359100, 4.699999999999998400 ) ) ;
#829 = ADVANCED_FACE ( 'NONE', ( #266 ), #3110, .F. ) ;
#830 = CARTESIAN_POINT ( 'NONE',  ( 3.289272431586118400, -41.24757019039933000, 3.000000000000000000 ) ) ;
#831 = DIRECTION ( 'NONE',  ( -0.0000000000000000000, -0.0000000000000000000, 1.000000000000000000 ) ) ;
#832 = ORIENTED_EDGE ( 'NONE', *, *, #1264, .F. ) ;
#833 = VECTOR ( 'NONE', #2081, 1000.000000000000000 ) ;
#834 = DIRECTION ( 'NONE',  ( 1.000000000000000000, -0.0000000000000000000, -0.0000000000000000000 ) ) ;
#835 = CIRCLE ( 'NONE', #2763, 2.199999999999992200 ) ;
#836 = FACE_OUTER_BOUND ( 'NONE', #2037, .T. ) ;
#837 = EDGE_CURVE ( 'NONE', #3033, #2056, #3326, .T. ) ;
#838 = DIRECTION ( 'NONE',  ( 0.0000000000000000000, 0.0000000000000000000, 1.000000000000000000 ) ) ;
#839 = DIRECTION ( 'NONE',  ( 0.0000000000000000000, -1.000000000000000000, -0.0000000000000000000 ) ) ;
#840 = LINE ( 'NONE', #286, #3109 ) ;
#841 = CARTESIAN_POINT ( 'NONE',  ( 29.49999999999999600, -15.49999999999999800, 5.500000000000000000 ) ) ;
#842 = EDGE_CURVE ( 'NONE', #1420, #1093, #1749, .T. ) ;
#843 = ORIENTED_EDGE ( 'NONE', *, *, #3595, .T. ) ;
#844 = VECTOR ( 'NONE', #2117, 1000.000000000000000 ) ;
#845 = ADVANCED_FACE ( 'NONE', ( #3230 ), #1299, .F. ) ;
#846 = CARTESIAN_POINT ( 'NONE',  ( 29.49999999999999300, -0.5000000000000000000, 0.4999999999999987200 ) ) ;
#847 = AXIS2_PLACEMENT_3D ( 'NONE', #1267, #3362, #1591 ) ;
#848 = ORIENTED_EDGE ( 'NONE', *, *, #142, .T. ) ;
#849 = LINE ( 'NONE', #3083, #2328 ) ;
#850 = AXIS2_PLACEMENT_3D ( 'NONE', #2924, #1458, #3522 ) ;
#851 = PLANE ( 'NONE',  #1373 ) ;
#852 = DIRECTION ( 'NONE',  ( 0.0000000000000000000, -1.000000000000000000, 0.0000000000000000000 ) ) ;
#853 = EDGE_LOOP ( 'NONE', ( #720, #354, #1038, #637 ) ) ;
#854 = LINE ( 'NONE', #3724, #1044 ) ;
#855 = CARTESIAN_POINT ( 'NONE',  ( 16.53686970807533300, 22.26965120687477300, 0.0000000000000000000 ) ) ;
#856 = ORIENTED_EDGE ( 'NONE', *, *, #2566, .T. ) ;
#857 = PLANE ( 'NONE',  #850 ) ;
#858 = VERTEX_POINT ( 'NONE', #727 ) ;
#859 = ORIENTED_EDGE ( 'NONE', *, *, #2873, .T. ) ;
#860 = DIRECTION ( 'NONE',  ( 0.0000000000000000000, 0.0000000000000000000, 1.000000000000000000 ) ) ;
#861 = ORIENTED_EDGE ( 'NONE', *, *, #1238, .F. ) ;
#862 = VERTEX_POINT ( 'NONE', #738 ) ;
#863 = EDGE_CURVE ( 'NONE', #862, #1425, #1653, .T. ) ;
#864 = ORIENTED_EDGE ( 'NONE', *, *, #2177, .T. ) ;
#865 = DIRECTION ( 'NONE',  ( 0.0000000000000000000, 0.0000000000000000000, 1.000000000000000000 ) ) ;
#866 = CARTESIAN_POINT ( 'NONE',  ( 67.40000000000000600, -15.49999999999999600, 1.300000000000001800 ) ) ;
#867 = ORIENTED_EDGE ( 'NONE', *, *, #3467, .F. ) ;
#868 = ORIENTED_EDGE ( 'NONE', *, *, #2121, .F. ) ;
#869 = EDGE_CURVE ( 'NONE', #3259, #1707, #873, .T. ) ;
#870 = ORIENTED_EDGE ( 'NONE', *, *, #2350, .T. ) ;
#871 = ADVANCED_FACE ( 'NONE', ( #2349 ), #3051, .F. ) ;
#872 = CARTESIAN_POINT ( 'NONE',  ( 62.00000000000002800, -71.29999999999999700, 0.0000000000000000000 ) ) ;
#873 = LINE ( 'NONE', #3076, #81 ) ;
#874 = DIRECTION ( 'NONE',  ( -0.1843276598161816300, 0.9828648502346037900, -0.0000000000000000000 ) ) ;
#875 = AXIS2_PLACEMENT_3D ( 'NONE', #828, #838, #2908 ) ;
#876 = LINE ( 'NONE', #3361, #84 ) ;
#877 = VERTEX_POINT ( 'NONE', #2899 ) ;
#878 = CARTESIAN_POINT ( 'NONE',  ( 57.01581247123585400, 2.782820751511359000, 0.0000000000000000000 ) ) ;
#879 = LINE ( 'NONE', #3245, #89 ) ;
#880 = DIRECTION ( 'NONE',  ( -0.9396926207859077600, -0.3420201433256705400, 0.0000000000000000000 ) ) ;
#881 = DIRECTION ( 'NONE',  ( 0.8028525536636859100, -0.5961776388591729600, 0.0000000000000000000 ) ) ;
#882 = VECTOR ( 'NONE', #3311, 1000.000000000000100 ) ;
#883 = DIRECTION ( 'NONE',  ( -0.0000000000000000000, -0.0000000000000000000, 1.000000000000000000 ) ) ;
#884 = CARTESIAN_POINT ( 'NONE',  ( 18.59999999999999400, -15.49999999999999800, 0.0000000000000000000 ) ) ;
#885 = ORIENTED_EDGE ( 'NONE', *, *, #2873, .F. ) ;
#886 = PRESENTATION_STYLE_ASSIGNMENT (( #1554 ) ) ;
#887 = VECTOR ( 'NONE', #3771, 1000.000000000000000 ) ;
#888 = DIRECTION ( 'NONE',  ( 0.0000000000000000000, 1.000000000000000000, 0.0000000000000000000 ) ) ;
#889 = LINE ( 'NONE', #572, #3064 ) ;
#890 = ADVANCED_FACE ( 'NONE', ( #776 ), #2589, .T. ) ;
#891 = FACE_OUTER_BOUND ( 'NONE', #1097, .T. ) ;
#892 = EDGE_CURVE ( 'NONE', #1098, #115, #2259, .T. ) ;
#893 = CARTESIAN_POINT ( 'NONE',  ( 5.713632190808906100, -68.73101329783214900, 1.499999999999999600 ) ) ;
#894 = DIRECTION ( 'NONE',  ( 1.000000000000000000, 0.0000000000000000000, 0.0000000000000000000 ) ) ;
#895 = EDGE_CURVE ( 'NONE', #1640, #2326, #1570, .T. ) ;
#896 = ORIENTED_EDGE ( 'NONE', *, *, #3073, .T. ) ;
#897 = CARTESIAN_POINT ( 'NONE',  ( 10.75580118065839300, -35.70311814900907200, 0.0000000000000000000 ) ) ;
#898 = VECTOR ( 'NONE', #3079, 1000.000000000000000 ) ;
#899 = DIRECTION ( 'NONE',  ( -0.5961776388591733000, 0.8028525536636855800, -0.0000000000000000000 ) ) ;
#900 = ORIENTED_EDGE ( 'NONE', *, *, #1342, .F. ) ;
#901 = AXIS2_PLACEMENT_3D ( 'NONE', #2508, #1075, #2650 ) ;
#902 = FACE_OUTER_BOUND ( 'NONE', #3761, .T. ) ;
#903 = ORIENTED_EDGE ( 'NONE', *, *, #1626, .T. ) ;
#904 = LINE ( 'NONE', #257, #1777 ) ;
#905 = DIRECTION ( 'NONE',  ( 0.8028525536636855800, 0.5961776388591733000, 0.0000000000000000000 ) ) ;
#906 = AXIS2_PLACEMENT_3D ( 'NONE', #139, #3705, #1918 ) ;
#907 = ORIENTED_EDGE ( 'NONE', *, *, #1286, .T. ) ;
#908 = PLANE ( 'NONE',  #2209 ) ;
#909 = CARTESIAN_POINT ( 'NONE',  ( 78.55974139491709700, -43.14738959956391500, 3.000000000000000000 ) ) ;
#910 = EDGE_LOOP ( 'NONE', ( #3750, #2614, #843, #2721 ) ) ;
#911 = CARTESIAN_POINT ( 'NONE',  ( 56.59999999999999400, 2.575788160835400700, 0.0000000000000000000 ) ) ;
#912 = DIRECTION ( 'NONE',  ( 0.5961776388591687500, -0.8028525536636890200, -0.0000000000000000000 ) ) ;
#913 = ADVANCED_FACE ( 'NONE', ( #3752 ), #3295, .T. ) ;
#914 = DIRECTION ( 'NONE',  ( 0.8028525536636895700, 0.5961776388591679700, 0.0000000000000000000 ) ) ;
#915 = ORIENTED_EDGE ( 'NONE', *, *, #3774, .F. ) ;
#916 = CARTESIAN_POINT ( 'NONE',  ( 8.713632190808905200, -62.79999999999999700, 1.499999999999999600 ) ) ;
#917 = VERTEX_POINT ( 'NONE', #626 ) ;
#918 = ORIENTED_EDGE ( 'NONE', *, *, #3699, .T. ) ;
#919 = ORIENTED_EDGE ( 'NONE', *, *, #270, .T. ) ;
#920 = ORIENTED_EDGE ( 'NONE', *, *, #2797, .T. ) ;
#921 = DIRECTION ( 'NONE',  ( -0.0000000000000000000, -0.0000000000000000000, 1.000000000000000000 ) ) ;
#922 = EDGE_CURVE ( 'NONE', #440, #3636, #2956, .T. ) ;
#923 = ORIENTED_EDGE ( 'NONE', *, *, #1066, .F. ) ;
#924 = ORIENTED_EDGE ( 'NONE', *, *, #813, .T. ) ;
#925 = DIRECTION ( 'NONE',  ( 0.9396926207859078700, 0.3420201433256702100, 0.0000000000000000000 ) ) ;
#926 = CARTESIAN_POINT ( 'NONE',  ( 28.71363219080890900, -69.26616137173527900, 6.000000000000000000 ) ) ;
#927 = FACE_OUTER_BOUND ( 'NONE', #1657, .T. ) ;
#928 = CARTESIAN_POINT ( 'NONE',  ( 15.85332481159480800, -35.70311814900905700, 6.000000000000000000 ) ) ;
#929 = EDGE_CURVE ( 'NONE', #1864, #2944, #2167, .T. ) ;
#930 = DIRECTION ( 'NONE',  ( -0.0000000000000000000, -1.000000000000000000, -0.0000000000000000000 ) ) ;
#931 = PRESENTATION_STYLE_ASSIGNMENT (( #1089 ) ) ;
#932 = AXIS2_PLACEMENT_3D ( 'NONE', #855, #2035, #271 ) ;
#933 = VERTEX_POINT ( 'NONE', #3307 ) ;
#934 = ADVANCED_FACE ( 'NONE', ( #2862 ), #1827, .T. ) ;
#935 = CARTESIAN_POINT ( 'NONE',  ( 75.02719015879687000, -40.52420798858359100, 1.299999999999998500 ) ) ;
#936 = CARTESIAN_POINT ( 'NONE',  ( 84.88051497039170100, -60.20213134941160100, 4.700000000000001100 ) ) ;
#937 = FACE_OUTER_BOUND ( 'NONE', #3078, .T. ) ;
#938 = CARTESIAN_POINT ( 'NONE',  ( -1.458002945024855400E-013, -35.70311814900876600, 0.0000000000000000000 ) ) ;
#939 = LINE ( 'NONE', #2718, #3292 ) ;
#940 = DIRECTION ( 'NONE',  ( -1.000000000000000000, 0.0000000000000000000, -0.0000000000000000000 ) ) ;
#941 = CARTESIAN_POINT ( 'NONE',  ( 20.99999999999998900, 4.700541031679088300E-015, 0.0000000000000000000 ) ) ;
#942 = CIRCLE ( 'NONE', #1050, 1.500000000000000900 ) ;
#943 = CYLINDRICAL_SURFACE ( 'NONE', #718, 2.200000000000002000 ) ;
#944 = EDGE_CURVE ( 'NONE', #123, #2663, #2067, .T. ) ;
#945 = CARTESIAN_POINT ( 'NONE',  ( 14.15215915263866700, 19.05824099222003900, 0.0000000000000000000 ) ) ;
#946 = ORIENTED_EDGE ( 'NONE', *, *, #167, .T. ) ;
#947 = LINE ( 'NONE', #603, #1628 ) ;
#948 = EDGE_CURVE ( 'NONE', #2995, #2294, #3657, .T. ) ;
#949 = DIRECTION ( 'NONE',  ( 0.5961776388591683000, 0.8028525536636891300, -0.0000000000000000000 ) ) ;
#950 = CARTESIAN_POINT ( 'NONE',  ( 20.99999999999999300, -15.49999999999999800, 6.000000000000000000 ) ) ;
#951 = CARTESIAN_POINT ( 'NONE',  ( 10.75580118065841400, -35.70311814900910000, 4.699999999999998400 ) ) ;
#952 = ORIENTED_EDGE ( 'NONE', *, *, #121, .T. ) ;
#953 = VECTOR ( 'NONE', #1294, 1000.000000000000000 ) ;
#954 = ADVANCED_FACE ( 'NONE', ( #1283 ), #1551, .T. ) ;
#955 = CARTESIAN_POINT ( 'NONE',  ( 55.49999999999999300, -0.5000000000000000000, 5.500000000000000000 ) ) ;
#956 = ORIENTED_EDGE ( 'NONE', *, *, #1996, .F. ) ;
#957 = LINE ( 'NONE', #2522, #1637 ) ;
#958 = DIRECTION ( 'NONE',  ( -0.8790825613855041100, 0.4766695398993954200, 0.0000000000000000000 ) ) ;
#959 = PRESENTATION_LAYER_ASSIGNMENT (  '', '', ( #747 ) ) ;
#960 = VERTEX_POINT ( 'NONE', #3027 ) ;
#961 = ORIENTED_EDGE ( 'NONE', *, *, #370, .T. ) ;
#962 = ORIENTED_EDGE ( 'NONE', *, *, #2946, .T. ) ;
#963 = ORIENTED_EDGE ( 'NONE', *, *, #1803, .T. ) ;
#964 = DIRECTION ( 'NONE',  ( -0.8028525536636861300, -0.5961776388591726300, 0.0000000000000000000 ) ) ;
#965 = ORIENTED_EDGE ( 'NONE', *, *, #485, .F. ) ;
#966 = ORIENTED_EDGE ( 'NONE', *, *, #3488, .T. ) ;
#967 = ORIENTED_EDGE ( 'NONE', *, *, #1972, .T. ) ;
#968 = VECTOR ( 'NONE', #3381, 1000.000000000000000 ) ;
#969 = EDGE_CURVE ( 'NONE', #772, #984, #2770, .T. ) ;
#970 = EDGE_CURVE ( 'NONE', #3223, #2056, #3561, .T. ) ;
#971 = CIRCLE ( 'NONE', #2477, 2.199999999999990900 ) ;
#972 = DIRECTION ( 'NONE',  ( 1.000000000000000000, 0.0000000000000000000, 0.0000000000000000000 ) ) ;
#973 = PLANE ( 'NONE',  #3279 ) ;
#974 = FACE_OUTER_BOUND ( 'NONE', #1042, .T. ) ;
#975 = VECTOR ( 'NONE', #2392, 1000.000000000000000 ) ;
#976 = DIRECTION ( 'NONE',  ( 0.8951782529499700000, 0.4457083075795645300, 0.0000000000000000000 ) ) ;
#977 = ORIENTED_EDGE ( 'NONE', *, *, #125, .F. ) ;
#978 = AXIS2_PLACEMENT_3D ( 'NONE', #1714, #2906, #1135 ) ;
#979 = VECTOR ( 'NONE', #1687, 1000.000000000000000 ) ;
#980 = DIRECTION ( 'NONE',  ( 0.8790825613855033400, 0.4766695398993967000, 0.0000000000000000000 ) ) ;
#981 = VECTOR ( 'NONE', #3205, 1000.000000000000000 ) ;
#982 = LINE ( 'NONE', #1247, #3343 ) ;
#983 = PLANE ( 'NONE',  #1398 ) ;
#984 = VERTEX_POINT ( 'NONE', #3333 ) ;
#985 = LINE ( 'NONE', #699, #2554 ) ;
#986 = DIRECTION ( 'NONE',  ( -0.5961776388591661900, 0.8028525536636909000, 0.0000000000000000000 ) ) ;
#987 = CARTESIAN_POINT ( 'NONE',  ( 8.588099285766453800, -37.31279777392885000, 1.299999999999998500 ) ) ;
#988 = EDGE_CURVE ( 'NONE', #1093, #2002, #2675, .T. ) ;
#989 = VERTEX_POINT ( 'NONE', #1562 ) ;
#990 = VECTOR ( 'NONE', #2264, 1000.000000000000000 ) ;
#991 = PLANE ( 'NONE',  #276 ) ;
#992 = ORIENTED_EDGE ( 'NONE', *, *, #3116, .T. ) ;
#993 = EDGE_CURVE ( 'NONE', #1394, #2525, #3463, .T. ) ;
#994 = LINE ( 'NONE', #2013, #3262 ) ;
#995 = ORIENTED_EDGE ( 'NONE', *, *, #2155, .T. ) ;
#996 = CARTESIAN_POINT ( 'NONE',  ( 15.28445742442452400, -22.94427145055486500, 3.000000000000000000 ) ) ;
#997 = ORIENTED_EDGE ( 'NONE', *, *, #3515, .F. ) ;
#998 = DIRECTION ( 'NONE',  ( 1.000000000000000000, -0.0000000000000000000, -0.0000000000000000000 ) ) ;
#999 = EDGE_LOOP ( 'NONE', ( #2435, #3046 ) ) ;
#1000 = AXIS2_PLACEMENT_3D ( 'NONE', #1571, #1861, #87 ) ;
#1001 = CARTESIAN_POINT ( 'NONE',  ( 77.41190071423353900, -37.31279777392883500, 4.699999999999998400 ) ) ;
#1002 = VERTEX_POINT ( 'NONE', #675 ) ;
#1003 = DIRECTION ( 'NONE',  ( -6.447810984205222100E-017, 4.787978453617742500E-017, -1.000000000000000000 ) ) ;
#1004 = ORIENTED_EDGE ( 'NONE', *, *, #173, .F. ) ;
#1005 = ORIENTED_EDGE ( 'NONE', *, *, #1626, .F. ) ;
#1006 = ORIENTED_EDGE ( 'NONE', *, *, #842, .T. ) ;
#1007 = DIRECTION ( 'NONE',  ( 0.0000000000000000000, 0.0000000000000000000, 1.000000000000000000 ) ) ;
#1008 = ORIENTED_EDGE ( 'NONE', *, *, #3074, .F. ) ;
#1009 = VERTEX_POINT ( 'NONE', #2151 ) ;
#1010 = CARTESIAN_POINT ( 'NONE',  ( 85.09752363093645000, -55.38104150983709000, 6.000000000000000000 ) ) ;
#1011 = VECTOR ( 'NONE', #3563, 1000.000000000000000 ) ;
#1012 = EDGE_CURVE ( 'NONE', #1019, #1232, #1100, .T. ) ;
#1013 = CARTESIAN_POINT ( 'NONE',  ( 8.588099285766453800, -37.31279777392885000, 4.699999999999998400 ) ) ;
#1014 = FACE_OUTER_BOUND ( 'NONE', #2465, .T. ) ;
#1015 = CARTESIAN_POINT ( 'NONE',  ( 1.394564711120589200E-013, -55.38104150983730300, 0.0000000000000000000 ) ) ;
#1016 = EDGE_CURVE ( 'NONE', #2344, #3651, #660, .T. ) ;
#1017 = EDGE_CURVE ( 'NONE', #1036, #3259, #2144, .T. ) ;
#1018 = DIRECTION ( 'NONE',  ( -0.5770316808649909000, -0.8167217636858485900, 0.0000000000000000000 ) ) ;
#1019 = VERTEX_POINT ( 'NONE', #82 ) ;
#1020 = LINE ( 'NONE', #878, #3290 ) ;
#1021 = PLANE ( 'NONE',  #1815 ) ;
#1022 = CARTESIAN_POINT ( 'NONE',  ( 18.59999999999999400, -15.49999999999999800, 1.300000000000002000 ) ) ;
#1023 = CARTESIAN_POINT ( 'NONE',  ( 29.49999999999999300, 0.0000000000000000000, 6.000000000000000000 ) ) ;
#1024 = AXIS2_PLACEMENT_3D ( 'NONE', #1300, #2787, #2366 ) ;
#1025 = CARTESIAN_POINT ( 'NONE',  ( 1.394564711120589200E-013, -55.38104150983730300, 6.000000000000000000 ) ) ;
#1026 = VECTOR ( 'NONE', #629, 1000.000000000000000 ) ;
#1027 = CARTESIAN_POINT ( 'NONE',  ( 85.09752363093645000, -43.01994350415368000, 6.000000000000000000 ) ) ;
#1028 = AXIS2_PLACEMENT_3D ( 'NONE', #1481, #2055, #291 ) ;
#1029 = CIRCLE ( 'NONE', #1639, 1.500000000000000700 ) ;
#1030 = PLANE ( 'NONE',  #1322 ) ;
#1031 = FACE_OUTER_BOUND ( 'NONE', #9, .T. ) ;
#1032 = DIRECTION ( 'NONE',  ( -0.8167217636858487000, 0.5770316808649910100, 0.0000000000000000000 ) ) ;
#1033 = CARTESIAN_POINT ( 'NONE',  ( 78.55974139491709700, -43.14738959956391500, 3.000000000000000000 ) ) ;
#1034 = CARTESIAN_POINT ( 'NONE',  ( 17.05073304248462700, -21.63268064506469200, 3.000000000000000400 ) ) ;
#1035 = CARTESIAN_POINT ( 'NONE',  ( 25.24999999999999300, 0.0000000000000000000, 1.499999999999998900 ) ) ;
#1036 = VERTEX_POINT ( 'NONE', #2168 ) ;
#1037 = LINE ( 'NONE', #3856, #336 ) ;
#1038 = ORIENTED_EDGE ( 'NONE', *, *, #2594, .T. ) ;
#1039 = LINE ( 'NONE', #3356, #247 ) ;
#1040 = DIRECTION ( 'NONE',  ( 0.0000000000000000000, 1.000000000000000000, 0.0000000000000000000 ) ) ;
#1041 = EDGE_CURVE ( 'NONE', #756, #2285, #3635, .T. ) ;
#1042 = EDGE_LOOP ( 'NONE', ( #631, #2792, #2398, #536, #434, #1470, #1144, #1512 ) ) ;
#1043 = PLANE ( 'NONE',  #1713 ) ;
#1044 = VECTOR ( 'NONE', #2536, 1000.000000000000000 ) ;
#1045 = DIRECTION ( 'NONE',  ( 0.5961776388591683000, 0.8028525536636891300, -0.0000000000000000000 ) ) ;
#1046 = EDGE_CURVE ( 'NONE', #3037, #1334, #562, .T. ) ;
#1047 = DIRECTION ( 'NONE',  ( -0.0000000000000000000, -0.0000000000000000000, 1.000000000000000000 ) ) ;
#1048 = ORIENTED_EDGE ( 'NONE', *, *, #3851, .F. ) ;
#1049 = CARTESIAN_POINT ( 'NONE',  ( 53.39999999999999900, 6.599999999999999600, 6.000000000000000000 ) ) ;
#1050 = AXIS2_PLACEMENT_3D ( 'NONE', #1349, #3418, #1638 ) ;
#1051 = ORIENTED_EDGE ( 'NONE', *, *, #3225, .F. ) ;
#1052 = ORIENTED_EDGE ( 'NONE', *, *, #988, .T. ) ;
#1053 = ORIENTED_EDGE ( 'NONE', *, *, #3547, .F. ) ;
#1054 = EDGE_LOOP ( 'NONE', ( #3080, #1436, #2208, #1782 ) ) ;
#1055 = DIRECTION ( 'NONE',  ( -0.0000000000000000000, -1.000000000000000000, -0.0000000000000000000 ) ) ;
#1056 = EDGE_LOOP ( 'NONE', ( #315, #1874, #3289, #1006 ) ) ;
#1057 = EDGE_LOOP ( 'NONE', ( #2472, #1852, #2018, #915, #3775, #2670, #1523, #2884, #1699, #3700 ) ) ;
#1058 = CARTESIAN_POINT ( 'NONE',  ( 26.71363219080890900, 0.0000000000000000000, 0.0000000000000000000 ) ) ;
#1059 = ORIENTED_EDGE ( 'NONE', *, *, #3272, .T. ) ;
#1060 = LINE ( 'NONE', #3097, #2533 ) ;
#1061 = CARTESIAN_POINT ( 'NONE',  ( 47.77894455776322500, 17.39011364368105500, 0.0000000000000000000 ) ) ;
#1062 = LINE ( 'NONE', #1548, #2535 ) ;
#1063 = EDGE_CURVE ( 'NONE', #3417, #724, #2930, .T. ) ;
#1064 = VECTOR ( 'NONE', #3526, 1000.000000000000000 ) ;
#1065 = LINE ( 'NONE', #21, #975 ) ;
#1066 = EDGE_CURVE ( 'NONE', #483, #2347, #524, .T. ) ;
#1067 = EDGE_LOOP ( 'NONE', ( #1745, #2061, #3540, #1491 ) ) ;
#1068 = VECTOR ( 'NONE', #1968, 1000.000000000000000 ) ;
#1069 = DIRECTION ( 'NONE',  ( -1.000000000000000000, -1.355252715606880000E-016, 0.0000000000000000000 ) ) ;
#1070 = CARTESIAN_POINT ( 'NONE',  ( 54.59999999999999400, 5.000000000000000000, 6.000000000000000000 ) ) ;
#1071 = VECTOR ( 'NONE', #535, 1000.000000000000000 ) ;
#1072 = CARTESIAN_POINT ( 'NONE',  ( 63.00000000000000000, 2.575788160835400700, 0.0000000000000000000 ) ) ;
#1073 = FACE_OUTER_BOUND ( 'NONE', #2064, .T. ) ;
#1074 = DIRECTION ( 'NONE',  ( 0.0000000000000000000, 1.000000000000000000, 0.0000000000000000000 ) ) ;
#1075 = DIRECTION ( 'NONE',  ( -1.000000000000000000, 0.0000000000000000000, 0.0000000000000000000 ) ) ;
#1076 = ORIENTED_EDGE ( 'NONE', *, *, #2352, .F. ) ;
#1077 = CIRCLE ( 'NONE', #1198, 2.199999999999992200 ) ;
#1078 = DIRECTION ( 'NONE',  ( 1.000000000000000000, 2.518126552157516400E-015, 0.0000000000000000000 ) ) ;
#1079 = ORIENTED_EDGE ( 'NONE', *, *, #1972, .F. ) ;
#1080 = CIRCLE ( 'NONE', #2329, 2.199999999999993500 ) ;
#1081 = ADVANCED_FACE ( 'NONE', ( #1227 ), #991, .F. ) ;
#1082 = CARTESIAN_POINT ( 'NONE',  ( 62.00000000000001400, -68.52206200559173500, 0.0000000000000000000 ) ) ;
#1083 = ORIENTED_EDGE ( 'NONE', *, *, #1902, .T. ) ;
#1084 = VECTOR ( 'NONE', #3201, 1000.000000000000100 ) ;
#1085 = CARTESIAN_POINT ( 'NONE',  ( 77.50000000000002800, -23.00000000000000000, 6.000000000000000000 ) ) ;
#1086 = CARTESIAN_POINT ( 'NONE',  ( 80.94445195035376600, -39.93597938490915300, 3.000000000000000000 ) ) ;
#1087 = ORIENTED_EDGE ( 'NONE', *, *, #1414, .F. ) ;
#1088 = EDGE_CURVE ( 'NONE', #488, #2475, #2097, .T. ) ;
#1089 = SURFACE_STYLE_USAGE ( .BOTH. , #2091 ) ;
#1090 = ORIENTED_EDGE ( 'NONE', *, *, #687, .F. ) ;
#1091 = EDGE_CURVE ( 'NONE', #3315, #3223, #3492, .T. ) ;
#1092 = DIRECTION ( 'NONE',  ( -6.447810984205254100E-017, 4.787978453617708000E-017, -1.000000000000000000 ) ) ;
#1093 = VERTEX_POINT ( 'NONE', #122 ) ;
#1094 = PRESENTATION_LAYER_ASSIGNMENT (  '', '', ( #692 ) ) ;
#1095 = CARTESIAN_POINT ( 'NONE',  ( 5.713632190808906100, -69.29999999999999700, 1.499999999999999600 ) ) ;
#1096 = ORIENTED_EDGE ( 'NONE', *, *, #1134, .T. ) ;
#1097 = EDGE_LOOP ( 'NONE', ( #2290, #1306, #919, #1327, #3486, #3092, #3506, #1129 ) ) ;
#1098 = VERTEX_POINT ( 'NONE', #2191 ) ;
#1099 = AXIS2_PLACEMENT_3D ( 'NONE', #3715, #1936, #160 ) ;
#1100 = CIRCLE ( 'NONE', #3328, 2.199999999999990900 ) ;
#1101 = UNCERTAINTY_MEASURE_WITH_UNIT (LENGTH_MEASURE( 1.000000000000000100E-005 ), #3627, 'distance_accuracy_value', 'NONE');
#1102 = VERTEX_POINT ( 'NONE', #709 ) ;
#1103 = ORIENTED_EDGE ( 'NONE', *, *, #2499, .F. ) ;
#1104 = CARTESIAN_POINT ( 'NONE',  ( 18.81700866054475400, -20.32108983957450800, 1.300000000000001800 ) ) ;
#1105 = ADVANCED_FACE ( 'NONE', ( #1130 ), #3674, .F. ) ;
#1106 = LINE ( 'NONE', #2903, #1011 ) ;
#1107 = CARTESIAN_POINT ( 'NONE',  ( 25.24999999999999300, 2.700000000000000200, 3.500000000000000400 ) ) ;
#1108 = LINE ( 'NONE', #3410, #1892 ) ;
#1109 = ORIENTED_EDGE ( 'NONE', *, *, #2203, .F. ) ;
#1110 = CARTESIAN_POINT ( 'NONE',  ( 3.713632190808906500, -62.79999999999999700, -1.734723475976807100E-015 ) ) ;
#1111 = DIRECTION ( 'NONE',  ( 0.0000000000000000000, 0.0000000000000000000, -1.000000000000000000 ) ) ;
#1112 = VECTOR ( 'NONE', #3242, 1000.000000000000000 ) ;
#1113 = EDGE_CURVE ( 'NONE', #3281, #989, #347, .T. ) ;
#1114 = CYLINDRICAL_SURFACE ( 'NONE', #2364, 2.199999999999982400 ) ;
#1115 = CARTESIAN_POINT ( 'NONE',  ( 53.39999999999999900, 6.599999999999999600, 0.0000000000000000000 ) ) ;
#1116 = CARTESIAN_POINT ( 'NONE',  ( 73.10025313101216700, -19.73286123590011300, 3.000000000000000000 ) ) ;
#1117 = EDGE_CURVE ( 'NONE', #2995, #1344, #435, .T. ) ;
#1118 = VECTOR ( 'NONE', #2808, 1000.000000000000000 ) ;
#1119 = ADVANCED_FACE ( 'NONE', ( #3405 ), #1030, .T. ) ;
#1120 = DIRECTION ( 'NONE',  ( 2.238352872228138200E-016, -1.000000000000000000, 0.0000000000000000000 ) ) ;
#1121 = AXIS2_PLACEMENT_3D ( 'NONE', #605, #2685, #914 ) ;
#1122 = VECTOR ( 'NONE', #1718, 1000.000000000000000 ) ;
#1123 = VERTEX_POINT ( 'NONE', #2485 ) ;
#1124 = LINE ( 'NONE', #2046, #3393 ) ;
#1125 = DIRECTION ( 'NONE',  ( 0.5961776388591718500, 0.8028525536636866900, -0.0000000000000000000 ) ) ;
#1126 = CARTESIAN_POINT ( 'NONE',  ( 75.24419881934157700, -35.70311814900908600, 4.699999999999998400 ) ) ;
#1127 = VERTEX_POINT ( 'NONE', #1620 ) ;
#1128 = LINE ( 'NONE', #1866, #1222 ) ;
#1129 = ORIENTED_EDGE ( 'NONE', *, *, #338, .F. ) ;
#1130 = FACE_OUTER_BOUND ( 'NONE', #2310, .T. ) ;
#1131 = CARTESIAN_POINT ( 'NONE',  ( 77.41190071423353900, -37.31279777392883500, 4.699999999999998400 ) ) ;
#1132 = CARTESIAN_POINT ( 'NONE',  ( 6.413632190808908900, -55.38104150983711100, 6.000000000000000000 ) ) ;
#1133 = DIRECTION ( 'NONE',  ( 0.0000000000000000000, 0.0000000000000000000, 1.000000000000000000 ) ) ;
#1134 = EDGE_CURVE ( 'NONE', #3609, #2609, #1826, .T. ) ;
#1135 = DIRECTION ( 'NONE',  ( -0.5961776388591729600, -0.8028525536636859100, 0.0000000000000000000 ) ) ;
#1136 = ORIENTED_EDGE ( 'NONE', *, *, #1088, .F. ) ;
#1137 = CARTESIAN_POINT ( 'NONE',  ( 77.41190071423353900, -37.31279777392883500, 1.299999999999998500 ) ) ;
#1138 = EDGE_CURVE ( 'NONE', #444, #3252, #250, .T. ) ;
#1139 = ADVANCED_FACE ( 'NONE', ( #2517 ), #1043, .F. ) ;
#1140 = CARTESIAN_POINT ( 'NONE',  ( 20.98471055543668500, -18.71141021465474500, 1.300000000000002000 ) ) ;
#1141 = VERTEX_POINT ( 'NONE', #2511 ) ;
#1142 = ORIENTED_EDGE ( 'NONE', *, *, #2916, .F. ) ;
#1143 = CARTESIAN_POINT ( 'NONE',  ( 75.02719015879687000, -40.52420798858359100, 4.699999999999998400 ) ) ;
#1144 = ORIENTED_EDGE ( 'NONE', *, *, #2974, .T. ) ;
#1145 = AXIS2_PLACEMENT_3D ( 'NONE', #2213, #1040, #3104 ) ;
#1146 = CARTESIAN_POINT ( 'NONE',  ( 10.97280984120312800, -40.52420798858360500, 4.699999999999998400 ) ) ;
#1147 = ORIENTED_EDGE ( 'NONE', *, *, #2257, .T. ) ;
#1148 = ORIENTED_EDGE ( 'NONE', *, *, #3823, .T. ) ;
#1149 = VERTEX_POINT ( 'NONE', #3409 ) ;
#1150 = CARTESIAN_POINT ( 'NONE',  ( 56.59999999999999400, 5.000000000000000000, 0.0000000000000000000 ) ) ;
#1151 = PLANE ( 'NONE',  #3685 ) ;
#1152 = FACE_OUTER_BOUND ( 'NONE', #1054, .T. ) ;
#1153 = CARTESIAN_POINT ( 'NONE',  ( 62.58418752876414000, 2.782820751511359000, 0.0000000000000000000 ) ) ;
#1154 = MECHANICAL_DESIGN_GEOMETRIC_PRESENTATION_REPRESENTATION (  '', ( #747 ), #1353 ) ;
#1155 = VECTOR ( 'NONE', #2486, 1000.000000000000000 ) ;
#1156 = CARTESIAN_POINT ( 'NONE',  ( 82.71281307549975300, -58.59245172449184500, 1.300000000000000700 ) ) ;
#1157 = CARTESIAN_POINT ( 'NONE',  ( 87.26522552582838400, -56.99072113475686100, 4.700000000000001100 ) ) ;
#1158 = VECTOR ( 'NONE', #2316, 1000.000000000000000 ) ;
#1159 = VECTOR ( 'NONE', #1496, 1000.000000000000000 ) ;
#1160 = ADVANCED_FACE ( 'NONE', ( #1731 ), #1629, .T. ) ;
#1161 = DIRECTION ( 'NONE',  ( -0.0000000000000000000, -1.000000000000000000, -0.0000000000000000000 ) ) ;
#1162 = CARTESIAN_POINT ( 'NONE',  ( 26.71363219080890900, 0.0000000000000000000, 0.0000000000000000000 ) ) ;
#1163 = LINE ( 'NONE', #3746, #2740 ) ;
#1164 = EDGE_CURVE ( 'NONE', #2558, #1650, #3214, .T. ) ;
#1165 = DIRECTION ( 'NONE',  ( -0.0000000000000000000, -0.0000000000000000000, 1.000000000000000000 ) ) ;
#1166 = LINE ( 'NONE', #3182, #378 ) ;
#1167 = EDGE_CURVE ( 'NONE', #444, #3316, #957, .T. ) ;
#1168 = LINE ( 'NONE', #1813, #1947 ) ;
#1169 = ORIENTED_EDGE ( 'NONE', *, *, #3073, .F. ) ;
#1170 = FACE_OUTER_BOUND ( 'NONE', #2188, .T. ) ;
#1171 = CARTESIAN_POINT ( 'NONE',  ( 82.71281307549975300, -58.59245172449184500, 4.700000000000001100 ) ) ;
#1172 = ORIENTED_EDGE ( 'NONE', *, *, #2572, .F. ) ;
#1173 = LINE ( 'NONE', #1655, #3442 ) ;
#1174 = CARTESIAN_POINT ( 'NONE',  ( 62.00000000000001400, -67.79999999999999700, 6.000000000000000000 ) ) ;
#1175 = DIRECTION ( 'NONE',  ( 0.0000000000000000000, -1.000000000000000000, 0.0000000000000000000 ) ) ;
#1176 = DIRECTION ( 'NONE',  ( 0.0000000000000000000, 0.0000000000000000000, -1.000000000000000000 ) ) ;
#1177 = VERTEX_POINT ( 'NONE', #1645 ) ;
#1178 = VECTOR ( 'NONE', #3805, 1000.000000000000000 ) ;
#1179 = ADVANCED_FACE ( 'NONE', ( #2428 ), #751, .T. ) ;
#1180 = DIRECTION ( 'NONE',  ( -0.8790825613855041100, 0.4766695398993954200, 0.0000000000000000000 ) ) ;
#1181 = CARTESIAN_POINT ( 'NONE',  ( 5.000485530211658000, -66.29999999999999700, 1.499999999999999600 ) ) ;
#1182 = ORIENTED_EDGE ( 'NONE', *, *, #147, .T. ) ;
#1183 = ORIENTED_EDGE ( 'NONE', *, *, #2074, .F. ) ;
#1184 = CARTESIAN_POINT ( 'NONE',  ( 54.59999999999999400, 5.000000000000000000, 0.0000000000000000000 ) ) ;
#1185 = ORIENTED_EDGE ( 'NONE', *, *, #2854, .F. ) ;
#1186 = EDGE_CURVE ( 'NONE', #80, #24, #854, .T. ) ;
#1187 = ORIENTED_EDGE ( 'NONE', *, *, #687, .T. ) ;
#1188 = DIRECTION ( 'NONE',  ( -0.8028525536636885700, 0.5961776388591693000, 0.0000000000000000000 ) ) ;
#1189 = DIRECTION ( 'NONE',  ( 0.8028525536636855800, -0.5961776388591733000, -0.0000000000000000000 ) ) ;
#1190 = CARTESIAN_POINT ( 'NONE',  ( 79.58636780919108800, -55.38104150983710400, 6.000000000000000000 ) ) ;
#1191 = ORIENTED_EDGE ( 'NONE', *, *, #99, .T. ) ;
#1192 = ORIENTED_EDGE ( 'NONE', *, *, #267, .T. ) ;
#1193 = EDGE_CURVE ( 'NONE', #2804, #2619, #3123, .T. ) ;
#1194 = EDGE_LOOP ( 'NONE', ( #2799, #689, #870, #2009 ) ) ;
#1195 = CARTESIAN_POINT ( 'NONE',  ( 87.26522552582838400, -56.99072113475686100, 4.700000000000001100 ) ) ;
#1196 = CARTESIAN_POINT ( 'NONE',  ( 55.49999999999999300, 0.0000000000000000000, -1.734723475976807100E-015 ) ) ;
#1197 = EDGE_LOOP ( 'NONE', ( #3452, #1770, #1375, #305 ) ) ;
#1198 = AXIS2_PLACEMENT_3D ( 'NONE', #996, #3066, #1288 ) ;
#1199 = VECTOR ( 'NONE', #2947, 1000.000000000000000 ) ;
#1200 = ADVANCED_FACE ( 'NONE', ( #2332 ), #1658, .F. ) ;
#1201 = CARTESIAN_POINT ( 'NONE',  ( 65.44821208447564200, -37.41321886563740400, 0.0000000000000000000 ) ) ;
#1202 = FACE_OUTER_BOUND ( 'NONE', #3501, .T. ) ;
#1203 = CARTESIAN_POINT ( 'NONE',  ( 74.88790470526153300, -57.09114222646545800, 6.000000000000000000 ) ) ;
#1204 = DIRECTION ( 'NONE',  ( 0.4766695398993968100, -0.8790825613855034500, 0.0000000000000000000 ) ) ;
#1205 = ORIENTED_EDGE ( 'NONE', *, *, #2849, .F. ) ;
#1206 = LINE ( 'NONE', #2334, #3475 ) ;
#1207 = DIRECTION ( 'NONE',  ( 0.8028525536636866900, -0.5961776388591716300, -0.0000000000000000000 ) ) ;
#1208 = VECTOR ( 'NONE', #322, 999.9999999999998900 ) ;
#1209 = EDGE_CURVE ( 'NONE', #2014, #3041, #3826, .T. ) ;
#1210 = VECTOR ( 'NONE', #717, 1000.000000000000000 ) ;
#1211 = EDGE_CURVE ( 'NONE', #398, #2426, #3038, .T. ) ;
#1212 = CARTESIAN_POINT ( 'NONE',  ( 7.440258605082899400, -43.14738959956393000, 3.000000000000000000 ) ) ;
#1213 = EDGE_CURVE ( 'NONE', #3315, #3033, #2246, .T. ) ;
#1214 = CARTESIAN_POINT ( 'NONE',  ( 90.79777676194861200, -59.61390274573722100, 3.000000000000000000 ) ) ;
#1215 = FACE_OUTER_BOUND ( 'NONE', #2163, .T. ) ;
#1216 = CARTESIAN_POINT ( 'NONE',  ( 20.99999999999998900, 0.0000000000000000000, 0.0000000000000000000 ) ) ;
#1217 = ADVANCED_FACE ( 'NONE', ( #2149 ), #1382, .T. ) ;
#1218 = ORIENTED_EDGE ( 'NONE', *, *, #3774, .T. ) ;
#1219 = DIRECTION ( 'NONE',  ( -0.8028525536636911300, 0.5961776388591658600, 0.0000000000000000000 ) ) ;
#1220 = LINE ( 'NONE', #3824, #1994 ) ;
#1221 = ORIENTED_EDGE ( 'NONE', *, *, #2797, .F. ) ;
#1222 = VECTOR ( 'NONE', #92, 1000.000000000000100 ) ;
#1223 = DIRECTION ( 'NONE',  ( -0.8028525536636911300, 0.5961776388591658600, 8.031127203596350300E-017 ) ) ;
#1224 = AXIS2_PLACEMENT_3D ( 'NONE', #332, #2402, #625 ) ;
#1225 = ORIENTED_EDGE ( 'NONE', *, *, #1992, .F. ) ;
#1226 = CARTESIAN_POINT ( 'NONE',  ( 63.00000000000000000, 2.000000000000000000, 0.0000000000000000000 ) ) ;
#1227 = FACE_OUTER_BOUND ( 'NONE', #111, .T. ) ;
#1228 = VERTEX_POINT ( 'NONE', #3758 ) ;
#1229 = CARTESIAN_POINT ( 'NONE',  ( 25.24999999999999300, 0.0000000000000000000, 4.500000000000000900 ) ) ;
#1230 = DIRECTION ( 'NONE',  ( -1.000000000000000000, -2.238352872228138200E-016, 0.0000000000000000000 ) ) ;
#1231 = CARTESIAN_POINT ( 'NONE',  ( 0.0000000000000000000, -71.29999999999999700, 0.0000000000000000000 ) ) ;
#1232 = VERTEX_POINT ( 'NONE', #2266 ) ;
#1233 = ORIENTED_EDGE ( 'NONE', *, *, #297, .F. ) ;
#1234 = ORIENTED_EDGE ( 'NONE', *, *, #1492, .T. ) ;
#1235 = ORIENTED_EDGE ( 'NONE', *, *, #1016, .T. ) ;
#1236 = ORIENTED_EDGE ( 'NONE', *, *, #395, .F. ) ;
#1237 = ADVANCED_FACE ( 'NONE', ( #1367 ), #791, .F. ) ;
#1238 = EDGE_CURVE ( 'NONE', #412, #3795, #567, .T. ) ;
#1239 = VERTEX_POINT ( 'NONE', #3460 ) ;
#1240 = EDGE_LOOP ( 'NONE', ( #356, #710, #885, #1059 ) ) ;
#1241 = CARTESIAN_POINT ( 'NONE',  ( 29.93243482324632200, -80.45278946648635100, 6.000000000000000000 ) ) ;
#1242 = VERTEX_POINT ( 'NONE', #1684 ) ;
#1243 = CARTESIAN_POINT ( 'NONE',  ( 3.738290217806155900, 5.034230826645637300, 6.000000000000000000 ) ) ;
#1244 = LINE ( 'NONE', #2632, #3512 ) ;
#1245 = CARTESIAN_POINT ( 'NONE',  ( -16.02281077163731000, -44.02231079126747200, 0.0000000000000000000 ) ) ;
#1246 = EDGE_CURVE ( 'NONE', #1820, #488, #2049, .T. ) ;
#1247 = CARTESIAN_POINT ( 'NONE',  ( -5.169516904405405500, -3.652376073764693300, 6.000000000000000000 ) ) ;
#1248 = VECTOR ( 'NONE', #2225, 1000.000000000000000 ) ;
#1249 = AXIS2_PLACEMENT_3D ( 'NONE', #703, #3081, #1302 ) ;
#1250 = LINE ( 'NONE', #3344, #1939 ) ;
#1251 = AXIS2_PLACEMENT_3D ( 'NONE', #1143, #3238, #1474 ) ;
#1252 = FACE_OUTER_BOUND ( 'NONE', #2622, .T. ) ;
#1253 = DIRECTION ( 'NONE',  ( 0.8028525536636866900, -0.5961776388591718500, 0.0000000000000000000 ) ) ;
#1254 = VECTOR ( 'NONE', #1943, 1000.000000000000000 ) ;
#1255 = FILL_AREA_STYLE ('',( #1831 ) ) ;
#1256 = CARTESIAN_POINT ( 'NONE',  ( 75.02719015879687000, -40.52420798858359100, 4.699999999999998400 ) ) ;
#1257 = ORIENTED_EDGE ( 'NONE', *, *, #1756, .F. ) ;
#1258 = DIRECTION ( 'NONE',  ( -1.289562196841047900E-016, 9.575956907235480100E-017, -1.000000000000000000 ) ) ;
#1259 = VECTOR ( 'NONE', #3166, 1000.000000000000000 ) ;
#1260 = VECTOR ( 'NONE', #312, 1000.000000000000000 ) ;
#1261 = EDGE_CURVE ( 'NONE', #3037, #1789, #2938, .T. ) ;
#1262 = VERTEX_POINT ( 'NONE', #1107 ) ;
#1263 = LINE ( 'NONE', #2160, #1952 ) ;
#1264 = EDGE_CURVE ( 'NONE', #2193, #2347, #3541, .T. ) ;
#1265 = EDGE_LOOP ( 'NONE', ( #547, #2898, #3266, #3157 ) ) ;
#1266 = LINE ( 'NONE', #3119, #3637 ) ;
#1267 = CARTESIAN_POINT ( 'NONE',  ( 28.16096649635272800, -10.24975357284022500, 0.0000000000000000000 ) ) ;
#1268 = EDGE_LOOP ( 'NONE', ( #923, #2387, #733, #3089 ) ) ;
#1269 = VECTOR ( 'NONE', #489, 1000.000000000000000 ) ;
#1270 = DIRECTION ( 'NONE',  ( 0.3420201433256741500, -0.9396926207859063200, 0.0000000000000000000 ) ) ;
#1271 = ORIENTED_EDGE ( 'NONE', *, *, #2048, .F. ) ;
#1272 = CARTESIAN_POINT ( 'NONE',  ( 35.94668027364903700, -66.29351599629060800, 6.000000000000000000 ) ) ;
#1273 = VERTEX_POINT ( 'NONE', #1987 ) ;
#1274 = ORIENTED_EDGE ( 'NONE', *, *, #2095, .T. ) ;
#1275 = DIRECTION ( 'NONE',  ( -0.8028525536636866900, 0.5961776388591718500, 0.0000000000000000000 ) ) ;
#1276 = CARTESIAN_POINT ( 'NONE',  ( -19.67221232304237300, -13.89884566301896400, 0.0000000000000000000 ) ) ;
#1277 = ORIENTED_EDGE ( 'NONE', *, *, #3470, .F. ) ;
#1278 = CARTESIAN_POINT ( 'NONE',  ( 93.51115582174527700, -61.62878818618026600, 6.000000000000000000 ) ) ;
#1279 = ORIENTED_EDGE ( 'NONE', *, *, #1164, .F. ) ;
#1280 = ORIENTED_EDGE ( 'NONE', *, *, #2800, .T. ) ;
#1281 = ORIENTED_EDGE ( 'NONE', *, *, #12, .T. ) ;
#1282 = DIRECTION ( 'NONE',  ( -0.0000000000000000000, 1.000000000000000000, -0.0000000000000000000 ) ) ;
#1283 = FACE_OUTER_BOUND ( 'NONE', #3645, .T. ) ;
#1284 = DIRECTION ( 'NONE',  ( -0.3420201433256701600, -0.9396926207859078700, 0.0000000000000000000 ) ) ;
#1285 = EDGE_CURVE ( 'NONE', #1334, #260, #2847, .T. ) ;
#1286 = EDGE_CURVE ( 'NONE', #1232, #1019, #477, .T. ) ;
#1287 = VECTOR ( 'NONE', #2351, 1000.000000000000000 ) ;
#1288 = DIRECTION ( 'NONE',  ( 0.8028525536636858000, 0.5961776388591729600, 0.0000000000000000000 ) ) ;
#1289 = MECHANICAL_DESIGN_GEOMETRIC_PRESENTATION_REPRESENTATION (  '', ( #692 ), #1501 ) ;
#1290 = FACE_BOUND ( 'NONE', #400, .T. ) ;
#1291 = PLANE ( 'NONE',  #847 ) ;
#1292 = ORIENTED_EDGE ( 'NONE', *, *, #3052, .T. ) ;
#1293 = ORIENTED_EDGE ( 'NONE', *, *, #2272, .T. ) ;
#1294 = DIRECTION ( 'NONE',  ( -0.0000000000000000000, -0.0000000000000000000, 1.000000000000000000 ) ) ;
#1295 = AXIS2_PLACEMENT_3D ( 'NONE', #2223, #740, #2822 ) ;
#1296 = LINE ( 'NONE', #846, #598 ) ;
#1297 = DIRECTION ( 'NONE',  ( -0.0000000000000000000, 1.000000000000000000, -0.0000000000000000000 ) ) ;
#1298 = LINE ( 'NONE', #3271, #416 ) ;
#1299 = PLANE ( 'NONE',  #1735 ) ;
#1300 = CARTESIAN_POINT ( 'NONE',  ( 63.00000000000000000, 5.000000000000000000, 0.0000000000000000000 ) ) ;
#1301 = LINE ( 'NONE', #2185, #606 ) ;
#1302 = DIRECTION ( 'NONE',  ( -0.1843276598161816000, 0.9828648502346037900, 0.0000000000000000000 ) ) ;
#1303 = VECTOR ( 'NONE', #1635, 1000.000000000000000 ) ;
#1304 = CARTESIAN_POINT ( 'NONE',  ( 0.0000000000000000000, 0.0000000000000000000, 0.0000000000000000000 ) ) ;
#1305 = EDGE_CURVE ( 'NONE', #1425, #3417, #1959, .T. ) ;
#1306 = ORIENTED_EDGE ( 'NONE', *, *, #3599, .T. ) ;
#1307 = VECTOR ( 'NONE', #3221, 1000.000000000000000 ) ;
#1308 = DIRECTION ( 'NONE',  ( 1.000000000000000000, 2.518126552157516400E-015, 0.0000000000000000000 ) ) ;
#1309 = ORIENTED_EDGE ( 'NONE', *, *, #712, .T. ) ;
#1310 = EDGE_LOOP ( 'NONE', ( #1187, #2052, #1109, #2672 ) ) ;
#1311 = EDGE_CURVE ( 'NONE', #1149, #2042, #389, .T. ) ;
#1312 = VECTOR ( 'NONE', #1500, 1000.000000000000000 ) ;
#1313 = DIRECTION ( 'NONE',  ( 0.5961776388591729600, 0.8028525536636858000, 0.0000000000000000000 ) ) ;
#1314 = CARTESIAN_POINT ( 'NONE',  ( 9.206534223143005800, -41.83579879407376700, 3.000000000000000400 ) ) ;
#1315 = CARTESIAN_POINT ( 'NONE',  ( 29.49999999999999600, -15.49999999999999800, 0.4999999999999982800 ) ) ;
#1316 = ORIENTED_EDGE ( 'NONE', *, *, #1134, .F. ) ;
#1317 = VECTOR ( 'NONE', #1284, 999.9999999999998900 ) ;
#1318 = CARTESIAN_POINT ( 'NONE',  ( 3.738290217806155900, 5.034230826645637300, 0.0000000000000000000 ) ) ;
#1319 = ORIENTED_EDGE ( 'NONE', *, *, #3756, .F. ) ;
#1320 = AXIS2_PLACEMENT_3D ( 'NONE', #2341, #1763, #3845 ) ;
#1321 = CARTESIAN_POINT ( 'NONE',  ( 5.713632190808906100, -69.29999999999999700, 1.499999999999999600 ) ) ;
#1322 = AXIS2_PLACEMENT_3D ( 'NONE', #1900, #3095, #1326 ) ;
#1323 = DIRECTION ( 'NONE',  ( 0.0000000000000000000, 0.0000000000000000000, 1.000000000000000000 ) ) ;
#1324 = VERTEX_POINT ( 'NONE', #2305 ) ;
#1325 = DIRECTION ( 'NONE',  ( 0.0000000000000000000, -0.0000000000000000000, 1.000000000000000000 ) ) ;
#1326 = DIRECTION ( 'NONE',  ( 0.0000000000000000000, -0.0000000000000000000, 1.000000000000000000 ) ) ;
#1327 = ORIENTED_EDGE ( 'NONE', *, *, #1017, .T. ) ;
#1328 = EDGE_LOOP ( 'NONE', ( #3611, #1691, #700, #3459 ) ) ;
#1329 = EDGE_LOOP ( 'NONE', ( #3749, #1004, #3164, #2714 ) ) ;
#1330 = CARTESIAN_POINT ( 'NONE',  ( 54.59999999999999400, 6.599999999999999600, 0.0000000000000000000 ) ) ;
#1331 = PLANE ( 'NONE',  #906 ) ;
#1332 = ORIENTED_EDGE ( 'NONE', *, *, #1393, .F. ) ;
#1333 = ORIENTED_EDGE ( 'NONE', *, *, #2832, .F. ) ;
#1334 = VERTEX_POINT ( 'NONE', #2000 ) ;
#1335 = ORIENTED_EDGE ( 'NONE', *, *, #3803, .F. ) ;
#1336 = CARTESIAN_POINT ( 'NONE',  ( 25.24999999999999300, 2.700000000000000200, 4.500000000000000900 ) ) ;
#1337 = LINE ( 'NONE', #3514, #2021 ) ;
#1338 = EDGE_CURVE ( 'NONE', #1651, #301, #299, .T. ) ;
#1339 = CARTESIAN_POINT ( 'NONE',  ( 3.713632190808906500, -59.79999999999999000, -1.734723475976807100E-015 ) ) ;
#1340 = CYLINDRICAL_SURFACE ( 'NONE', #2078, 2.199999999999987300 ) ;
#1341 = DIRECTION ( 'NONE',  ( 0.3420201433256741000, -0.9396926207859063200, 0.0000000000000000000 ) ) ;
#1342 = EDGE_CURVE ( 'NONE', #1380, #3441, #2657, .T. ) ;
#1343 = CARTESIAN_POINT ( 'NONE',  ( 13.14051173609508900, -38.91452836366386200, 4.699999999999998400 ) ) ;
#1344 = VERTEX_POINT ( 'NONE', #2598 ) ;
#1345 = VECTOR ( 'NONE', #2060, 1000.000000000000000 ) ;
#1346 = CARTESIAN_POINT ( 'NONE',  ( 3.713632190808907400, 0.0000000000000000000, 0.0000000000000000000 ) ) ;
#1347 = AXIS2_PLACEMENT_3D ( 'NONE', #2235, #2207, #2113 ) ;
#1348 = CARTESIAN_POINT ( 'NONE',  ( 62.00000000000001400, -68.52206200559173500, 6.000000000000000000 ) ) ;
#1349 = CARTESIAN_POINT ( 'NONE',  ( 25.24999999999999300, 1.699999999999999300, 2.999999999999999600 ) ) ;
#1350 = VECTOR ( 'NONE', #1047, 1000.000000000000000 ) ;
#1351 = PRODUCT_DEFINITION_SHAPE ( 'NONE', 'NONE',  #2742 ) ;
#1352 = DIRECTION ( 'NONE',  ( 0.5961776388591718500, 0.8028525536636866900, -0.0000000000000000000 ) ) ;
#1353 =( GEOMETRIC_REPRESENTATION_CONTEXT ( 3 ) GLOBAL_UNCERTAINTY_ASSIGNED_CONTEXT ( ( #1101 ) ) GLOBAL_UNIT_ASSIGNED_CONTEXT ( ( #3627, #1846, #71 ) ) REPRESENTATION_CONTEXT ( 'NONE', 'WORKASPACE' ) );
#1354 = FACE_OUTER_BOUND ( 'NONE', #3255, .T. ) ;
#1355 = VECTOR ( 'NONE', #899, 1000.000000000000000 ) ;
#1356 = CARTESIAN_POINT ( 'NONE',  ( 28.71363219080890900, -70.21552952853909300, 0.0000000000000000000 ) ) ;
#1357 = ORIENTED_EDGE ( 'NONE', *, *, #2754, .T. ) ;
#1358 = LINE ( 'NONE', #1256, #658 ) ;
#1359 = CARTESIAN_POINT ( 'NONE',  ( -19.67221232304237300, -13.89884566301896400, 6.000000000000000000 ) ) ;
#1360 = VECTOR ( 'NONE', #393, 1000.000000000000000 ) ;
#1361 = ORIENTED_EDGE ( 'NONE', *, *, #1519, .F. ) ;
#1362 = LINE ( 'NONE', #1339, #2844 ) ;
#1363 = DIRECTION ( 'NONE',  ( 0.4766695398993953700, 0.8790825613855042200, 0.0000000000000000000 ) ) ;
#1364 = EDGE_CURVE ( 'NONE', #3598, #3315, #2559, .T. ) ;
#1365 = EDGE_CURVE ( 'NONE', #1141, #1232, #994, .T. ) ;
#1366 = ORIENTED_EDGE ( 'NONE', *, *, #3244, .F. ) ;
#1367 = FACE_OUTER_BOUND ( 'NONE', #129, .T. ) ;
#1368 = AXIS2_PLACEMENT_3D ( 'NONE', #2017, #3025, #730 ) ;
#1369 = VERTEX_POINT ( 'NONE', #245 ) ;
#1370 = DIRECTION ( 'NONE',  ( 0.0000000000000000000, 1.000000000000000000, 0.0000000000000000000 ) ) ;
#1371 = VERTEX_POINT ( 'NONE', #2613 ) ;
#1372 = PLANE ( 'NONE',  #901 ) ;
#1373 = AXIS2_PLACEMENT_3D ( 'NONE', #1153, #1449, #3517 ) ;
#1374 = VERTEX_POINT ( 'NONE', #841 ) ;
#1375 = ORIENTED_EDGE ( 'NONE', *, *, #2400, .F. ) ;
#1376 = ORIENTED_EDGE ( 'NONE', *, *, #736, .T. ) ;
#1377 = DIRECTION ( 'NONE',  ( 0.0000000000000000000, 0.0000000000000000000, -1.000000000000000000 ) ) ;
#1378 = CARTESIAN_POINT ( 'NONE',  ( 93.51115582174527700, -61.62878818618026600, 0.0000000000000000000 ) ) ;
#1379 = ADVANCED_FACE ( 'NONE', ( #2466 ), #1720, .T. ) ;
#1380 = VERTEX_POINT ( 'NONE', #542 ) ;
#1381 = ORIENTED_EDGE ( 'NONE', *, *, #2495, .F. ) ;
#1382 = PLANE ( 'NONE',  #3306 ) ;
#1383 = ORIENTED_EDGE ( 'NONE', *, *, #2383, .T. ) ;
#1384 = VECTOR ( 'NONE', #958, 1000.000000000000000 ) ;
#1385 = VECTOR ( 'NONE', #3745, 1000.000000000000000 ) ;
#1386 = VERTEX_POINT ( 'NONE', #2028 ) ;
#1387 = CARTESIAN_POINT ( 'NONE',  ( 18.65430278522965300, -51.25227567808773400, 0.0000000000000000000 ) ) ;
#1388 = EDGE_CURVE ( 'NONE', #3317, #3651, #1685, .T. ) ;
#1389 = LINE ( 'NONE', #337, #2962 ) ;
#1390 = DIRECTION ( 'NONE',  ( -0.8028525536636909000, 0.5961776388591663000, 0.0000000000000000000 ) ) ;
#1391 = ORIENTED_EDGE ( 'NONE', *, *, #863, .T. ) ;
#1392 = CARTESIAN_POINT ( 'NONE',  ( 8.713632190808905200, -71.29999999999999700, 5.500000000000000000 ) ) ;
#1393 = EDGE_CURVE ( 'NONE', #2440, #2248, #904, .T. ) ;
#1394 = VERTEX_POINT ( 'NONE', #2628 ) ;
#1395 = FACE_OUTER_BOUND ( 'NONE', #1475, .T. ) ;
#1396 = ADVANCED_FACE ( 'NONE', ( #3165 ), #857, .F. ) ;
#1397 = CARTESIAN_POINT ( 'NONE',  ( 69.56770189489194000, -17.10967962491975300, 4.700000000000002000 ) ) ;
#1398 = AXIS2_PLACEMENT_3D ( 'NONE', #384, #3055, #1275 ) ;
#1399 = FACE_OUTER_BOUND ( 'NONE', #1734, .T. ) ;
#1400 = FACE_OUTER_BOUND ( 'NONE', #1929, .T. ) ;
#1401 = CARTESIAN_POINT ( 'NONE',  ( 1.353579662369455800, 1.822820611990873900, 0.0000000000000000000 ) ) ;
#1402 = PLANE ( 'NONE',  #3177 ) ;
#1403 = LINE ( 'NONE', #742, #1303 ) ;
#1404 = CARTESIAN_POINT ( 'NONE',  ( -17.04887120161430400, -46.84138865362521600, 0.0000000000000000000 ) ) ;
#1405 = ORIENTED_EDGE ( 'NONE', *, *, #3720, .F. ) ;
#1406 = VECTOR ( 'NONE', #1125, 1000.000000000000000 ) ;
#1407 = CARTESIAN_POINT ( 'NONE',  ( 8.713632190808905200, -69.29999999999999700, 5.500000000000000000 ) ) ;
#1408 = EDGE_CURVE ( 'NONE', #1780, #2663, #201, .T. ) ;
#1409 = ORIENTED_EDGE ( 'NONE', *, *, #1809, .F. ) ;
#1410 = VECTOR ( 'NONE', #3566, 1000.000000000000000 ) ;
#1411 = CARTESIAN_POINT ( 'NONE',  ( 18.81700866054475400, -20.32108983957450800, 1.300000000000001800 ) ) ;
#1412 = DIRECTION ( 'NONE',  ( 1.000000000000000000, -0.0000000000000000000, -0.0000000000000000000 ) ) ;
#1413 = VERTEX_POINT ( 'NONE', #272 ) ;
#1414 = EDGE_CURVE ( 'NONE', #3562, #1009, #3077, .T. ) ;
#1415 = ADVANCED_FACE ( 'NONE', ( #1594 ), #2641, .F. ) ;
#1416 = EDGE_LOOP ( 'NONE', ( #2707, #2299, #2725, #3404 ) ) ;
#1417 = EDGE_CURVE ( 'NONE', #60, #960, #705, .T. ) ;
#1418 = DIRECTION ( 'NONE',  ( 0.5961776388591733000, -0.8028525536636855800, -0.0000000000000000000 ) ) ;
#1419 = DIRECTION ( 'NONE',  ( -0.8028525536636854600, 0.5961776388591734100, 0.0000000000000000000 ) ) ;
#1420 = VERTEX_POINT ( 'NONE', #1764 ) ;
#1421 = CARTESIAN_POINT ( 'NONE',  ( 8.713632190808905200, -69.29999999999999700, 1.499999999999999600 ) ) ;
#1422 = CARTESIAN_POINT ( 'NONE',  ( 78.55974139491709700, -43.14738959956391500, 3.000000000000000000 ) ) ;
#1423 = ORIENTED_EDGE ( 'NONE', *, *, #2177, .F. ) ;
#1424 = EDGE_LOOP ( 'NONE', ( #1051, #2295, #3552, #381 ) ) ;
#1425 = VERTEX_POINT ( 'NONE', #3847 ) ;
#1426 = DIRECTION ( 'NONE',  ( 0.0000000000000000000, -0.0000000000000000000, 1.000000000000000000 ) ) ;
#1427 = AXIS2_PLACEMENT_3D ( 'NONE', #597, #905, #2972 ) ;
#1428 = ORIENTED_EDGE ( 'NONE', *, *, #3704, .T. ) ;
#1429 = EDGE_LOOP ( 'NONE', ( #579, #3640, #1391, #3554 ) ) ;
#1430 = CARTESIAN_POINT ( 'NONE',  ( 5.000485530211658000, -66.29999999999999700, 1.499999999999999600 ) ) ;
#1431 = LINE ( 'NONE', #1462, #541 ) ;
#1432 = VECTOR ( 'NONE', #424, 1000.000000000000000 ) ;
#1433 = ADVANCED_FACE ( 'NONE', ( #3781 ), #3538, .T. ) ;
#1434 = DIRECTION ( 'NONE',  ( 0.0000000000000000000, -1.000000000000000000, 0.0000000000000000000 ) ) ;
#1435 = CARTESIAN_POINT ( 'NONE',  ( 5.000485530211658000, -66.29999999999999700, 5.500000000000000000 ) ) ;
#1436 = ORIENTED_EDGE ( 'NONE', *, *, #707, .F. ) ;
#1437 = CARTESIAN_POINT ( 'NONE',  ( 87.26522552582838400, -56.99072113475686100, 4.700000000000001100 ) ) ;
#1438 = VECTOR ( 'NONE', #1223, 1000.000000000000000 ) ;
#1439 = EDGE_CURVE ( 'NONE', #2993, #1228, #14, .T. ) ;
#1440 = CARTESIAN_POINT ( 'NONE',  ( 86.64679058845182200, -61.51372215490179200, 3.000000000000000000 ) ) ;
#1441 = DIRECTION ( 'NONE',  ( 2.238352872228138200E-016, -1.000000000000000000, 0.0000000000000000000 ) ) ;
#1442 = VECTOR ( 'NONE', #3100, 1000.000000000000000 ) ;
#1443 = DIRECTION ( 'NONE',  ( 0.0000000000000000000, 0.0000000000000000000, 1.000000000000000000 ) ) ;
#1444 = EDGE_CURVE ( 'NONE', #1149, #1886, #2194, .T. ) ;
#1445 = VECTOR ( 'NONE', #3751, 1000.000000000000000 ) ;
#1446 = CARTESIAN_POINT ( 'NONE',  ( 25.24999999999999300, 1.699999999999999300, 2.999999999999999600 ) ) ;
#1447 = CARTESIAN_POINT ( 'NONE',  ( 84.88051497039170100, -60.20213134941160100, 4.700000000000001100 ) ) ;
#1448 = VECTOR ( 'NONE', #3263, 1000.000000000000000 ) ;
#1449 = DIRECTION ( 'NONE',  ( -0.4457083075795645300, -0.8951782529499700000, 0.0000000000000000000 ) ) ;
#1450 = ORIENTED_EDGE ( 'NONE', *, *, #1610, .T. ) ;
#1451 = LINE ( 'NONE', #1245, #2323 ) ;
#1452 = CARTESIAN_POINT ( 'NONE',  ( 92.56405238000873200, -60.92549355122740500, 3.000000000000000400 ) ) ;
#1453 = CARTESIAN_POINT ( 'NONE',  ( 67.18299133945524200, -20.32108983957449800, 1.300000000000001800 ) ) ;
#1454 = ADVANCED_FACE ( 'NONE', ( #1508 ), #2372, .F. ) ;
#1455 = PLANE ( 'NONE',  #1955 ) ;
#1456 = DIRECTION ( 'NONE',  ( -0.0000000000000000000, 0.0000000000000000000, -1.000000000000000000 ) ) ;
#1457 = ORIENTED_EDGE ( 'NONE', *, *, #3800, .T. ) ;
#1458 = DIRECTION ( 'NONE',  ( -4.083685181052831900E-015, -1.000000000000000000, 0.0000000000000000000 ) ) ;
#1459 = VECTOR ( 'NONE', #1897, 1000.000000000000000 ) ;
#1460 = ORIENTED_EDGE ( 'NONE', *, *, #442, .F. ) ;
#1461 = VECTOR ( 'NONE', #1078, 1000.000000000000000 ) ;
#1462 = CARTESIAN_POINT ( 'NONE',  ( 28.71363219080890900, 0.0000000000000000000, 6.000000000000000000 ) ) ;
#1463 = DIRECTION ( 'NONE',  ( 1.000000000000000000, 0.0000000000000000000, 0.0000000000000000000 ) ) ;
#1464 = VERTEX_POINT ( 'NONE', #1196 ) ;
#1465 = EDGE_CURVE ( 'NONE', #1273, #2193, #3683, .T. ) ;
#1466 = ORIENTED_EDGE ( 'NONE', *, *, #3395, .F. ) ;
#1467 = CARTESIAN_POINT ( 'NONE',  ( 29.49999999999999600, -15.49999999999999800, -1.734723475976807100E-015 ) ) ;
#1468 = EDGE_LOOP ( 'NONE', ( #2159, #1698, #210, #2382 ) ) ;
#1469 = DIRECTION ( 'NONE',  ( -0.0000000000000000000, -0.0000000000000000000, -1.000000000000000000 ) ) ;
#1470 = ORIENTED_EDGE ( 'NONE', *, *, #2621, .T. ) ;
#1471 = EDGE_CURVE ( 'NONE', #2525, #3449, #2093, .T. ) ;
#1472 = VERTEX_POINT ( 'NONE', #10 ) ;
#1473 = ORIENTED_EDGE ( 'NONE', *, *, #2849, .T. ) ;
#1474 = DIRECTION ( 'NONE',  ( 0.5961776388591683000, 0.8028525536636891300, 0.0000000000000000000 ) ) ;
#1475 = EDGE_LOOP ( 'NONE', ( #1234, #3397, #3008, #1839, #2516, #3448, #963 ) ) ;
#1476 = AXIS2_PLACEMENT_3D ( 'NONE', #3842, #1176, #3248 ) ;
#1477 = EDGE_LOOP ( 'NONE', ( #2479, #2106, #1221, #32 ) ) ;
#1478 = ORIENTED_EDGE ( 'NONE', *, *, #3094, .F. ) ;
#1479 = ORIENTED_EDGE ( 'NONE', *, *, #3495, .T. ) ;
#1480 = ADVANCED_FACE ( 'NONE', ( #3590 ), #1787, .F. ) ;
#1481 = CARTESIAN_POINT ( 'NONE',  ( 8.713632190808905200, -62.79999999999999700, 5.500000000000000000 ) ) ;
#1482 = VECTOR ( 'NONE', #67, 1000.000000000000000 ) ;
#1483 = CARTESIAN_POINT ( 'NONE',  ( 29.49999999999999600, -15.49999999999999800, 5.500000000000000000 ) ) ;
#1484 = CARTESIAN_POINT ( 'NONE',  ( 55.49999999999999300, -15.49999999999999800, 0.4999999999999982800 ) ) ;
#1485 = CARTESIAN_POINT ( 'NONE',  ( 0.0000000000000000000, 0.0000000000000000000, 6.000000000000000000 ) ) ;
#1486 = LINE ( 'NONE', #1904, #3848 ) ;
#1487 = CARTESIAN_POINT ( 'NONE',  ( 78.28511156832199400, -52.66212673123886400, 0.0000000000000000000 ) ) ;
#1488 = VECTOR ( 'NONE', #2548, 1000.000000000000000 ) ;
#1489 = EDGE_LOOP ( 'NONE', ( #2761, #289, #1473, #2666 ) ) ;
#1490 = LINE ( 'NONE', #2603, #3667 ) ;
#1491 = ORIENTED_EDGE ( 'NONE', *, *, #2072, .T. ) ;
#1492 = EDGE_CURVE ( 'NONE', #708, #3351, #2793, .T. ) ;
#1493 = DIRECTION ( 'NONE',  ( 2.238352872228138200E-016, -1.000000000000000000, 0.0000000000000000000 ) ) ;
#1494 = VECTOR ( 'NONE', #2044, 1000.000000000000200 ) ;
#1495 = EDGE_CURVE ( 'NONE', #1380, #3835, #2001, .T. ) ;
#1496 = DIRECTION ( 'NONE',  ( -0.0000000000000000000, -0.0000000000000000000, -1.000000000000000000 ) ) ;
#1497 = PLANE ( 'NONE',  #2655 ) ;
#1498 = ADVANCED_FACE ( 'NONE', ( #2709 ), #3581, .T. ) ;
#1499 = VECTOR ( 'NONE', #3644, 1000.000000000000000 ) ;
#1500 = DIRECTION ( 'NONE',  ( 0.8028525536636909000, 0.5961776388591661900, 8.031127203596350300E-017 ) ) ;
#1501 =( GEOMETRIC_REPRESENTATION_CONTEXT ( 3 ) GLOBAL_UNCERTAINTY_ASSIGNED_CONTEXT ( ( #3161 ) ) GLOBAL_UNIT_ASSIGNED_CONTEXT ( ( #2232, #2436, #1643 ) ) REPRESENTATION_CONTEXT ( 'NONE', 'WORKASPACE' ) );
#1502 = FACE_OUTER_BOUND ( 'NONE', #19, .T. ) ;
#1503 = ORIENTED_EDGE ( 'NONE', *, *, #1681, .T. ) ;
#1504 = CIRCLE ( 'NONE', #275, 0.5000000000000008900 ) ;
#1505 = CARTESIAN_POINT ( 'NONE',  ( 11.11209529473844500, -57.09114222646546500, 0.0000000000000000000 ) ) ;
#1506 = CARTESIAN_POINT ( 'NONE',  ( -0.0000000000000000000, -55.38104150983710400, 6.000000000000000000 ) ) ;
#1507 = ORIENTED_EDGE ( 'NONE', *, *, #344, .F. ) ;
#1508 = FACE_OUTER_BOUND ( 'NONE', #392, .T. ) ;
#1509 = CARTESIAN_POINT ( 'NONE',  ( 80.32601701297720400, -44.45898040505407800, 3.000000000000000400 ) ) ;
#1510 = CARTESIAN_POINT ( 'NONE',  ( 75.24419881934160500, -35.70311814900907200, 0.0000000000000000000 ) ) ;
#1511 = ORIENTED_EDGE ( 'NONE', *, *, #1586, .T. ) ;
#1512 = ORIENTED_EDGE ( 'NONE', *, *, #2273, .F. ) ;
#1513 = FILL_AREA_STYLE_COLOUR ( '', #3285 ) ;
#1514 = ORIENTED_EDGE ( 'NONE', *, *, #3704, .F. ) ;
#1515 = CARTESIAN_POINT ( 'NONE',  ( 65.00000000000000000, -15.49999999999999800, 0.0000000000000000000 ) ) ;
#1516 = ADVANCED_FACE ( 'NONE', ( #1912 ), #2983, .T. ) ;
#1517 = CARTESIAN_POINT ( 'NONE',  ( 54.59999999999999400, 5.000000000000000000, 0.0000000000000000000 ) ) ;
#1518 = EDGE_LOOP ( 'NONE', ( #3412, #3130, #3821, #1840 ) ) ;
#1519 = EDGE_CURVE ( 'NONE', #2524, #1371, #1128, .T. ) ;
#1520 = DIRECTION ( 'NONE',  ( 0.0000000000000000000, 0.0000000000000000000, 1.000000000000000000 ) ) ;
#1521 = PLANE ( 'NONE',  #2555 ) ;
#1522 = DIRECTION ( 'NONE',  ( -0.8028525536636878000, 0.5961776388591703000, 0.0000000000000000000 ) ) ;
#1523 = ORIENTED_EDGE ( 'NONE', *, *, #1492, .F. ) ;
#1524 = EDGE_LOOP ( 'NONE', ( #1361, #3228, #2767, #2656 ) ) ;
#1525 = PLANE ( 'NONE',  #3059 ) ;
#1526 = EDGE_CURVE ( 'NONE', #2248, #1394, #2885, .T. ) ;
#1527 = ORIENTED_EDGE ( 'NONE', *, *, #1563, .F. ) ;
#1528 = DIRECTION ( 'NONE',  ( 0.0000000000000000000, -0.0000000000000000000, 1.000000000000000000 ) ) ;
#1529 = ORIENTED_EDGE ( 'NONE', *, *, #442, .T. ) ;
#1530 = ORIENTED_EDGE ( 'NONE', *, *, #3034, .T. ) ;
#1531 = VECTOR ( 'NONE', #834, 1000.000000000000000 ) ;
#1532 = DIRECTION ( 'NONE',  ( -0.5770316808649946800, -0.8167217636858461500, 0.0000000000000000000 ) ) ;
#1533 = PLANE ( 'NONE',  #2961 ) ;
#1534 = CARTESIAN_POINT ( 'NONE',  ( 0.0000000000000000000, -67.79999999999999700, 0.0000000000000000000 ) ) ;
#1535 = DIRECTION ( 'NONE',  ( 0.5961776388591729600, 0.8028525536636859100, -0.0000000000000000000 ) ) ;
#1536 = VERTEX_POINT ( 'NONE', #2459 ) ;
#1537 = ADVANCED_FACE ( 'NONE', ( #3487 ), #3647, .T. ) ;
#1538 = VECTOR ( 'NONE', #3283, 1000.000000000000100 ) ;
#1539 = VECTOR ( 'NONE', #432, 1000.000000000000000 ) ;
#1540 = EDGE_CURVE ( 'NONE', #1369, #311, #1824, .T. ) ;
#1541 = FACE_OUTER_BOUND ( 'NONE', #343, .T. ) ;
#1542 = EDGE_CURVE ( 'NONE', #1820, #3180, #1039, .T. ) ;
#1543 = LINE ( 'NONE', #561, #3024 ) ;
#1544 = CARTESIAN_POINT ( 'NONE',  ( 20.98471055543668500, -18.71141021465474500, 4.700000000000002000 ) ) ;
#1545 = AXIS2_PLACEMENT_3D ( 'NONE', #155, #453, #2520 ) ;
#1546 = ORIENTED_EDGE ( 'NONE', *, *, #1779, .F. ) ;
#1547 = FACE_OUTER_BOUND ( 'NONE', #2164, .T. ) ;
#1548 = CARTESIAN_POINT ( 'NONE',  ( 8.713632190808905200, -62.79999999999999700, -1.734723475976807100E-015 ) ) ;
#1549 = ORIENTED_EDGE ( 'NONE', *, *, #557, .F. ) ;
#1550 = VECTOR ( 'NONE', #2506, 1000.000000000000000 ) ;
#1551 = PLANE ( 'NONE',  #3525 ) ;
#1552 = ORIENTED_EDGE ( 'NONE', *, *, #1012, .T. ) ;
#1553 = VECTOR ( 'NONE', #2841, 1000.000000000000000 ) ;
#1554 = SURFACE_STYLE_USAGE ( .BOTH. , #3325 ) ;
#1555 = CARTESIAN_POINT ( 'NONE',  ( 5.713632190808906100, -69.29999999999999700, 5.500000000000000000 ) ) ;
#1556 = ORIENTED_EDGE ( 'NONE', *, *, #1414, .T. ) ;
#1557 = CARTESIAN_POINT ( 'NONE',  ( 65.00000000000000000, 5.000000000000000000, 6.000000000000000000 ) ) ;
#1558 = VERTEX_POINT ( 'NONE', #1582 ) ;
#1559 = ORIENTED_EDGE ( 'NONE', *, *, #2708, .F. ) ;
#1560 = ORIENTED_EDGE ( 'NONE', *, *, #2519, .F. ) ;
#1561 = EDGE_LOOP ( 'NONE', ( #2062, #2393, #1507, #316, #3091, #2990 ) ) ;
#1562 = CARTESIAN_POINT ( 'NONE',  ( 13.51818180636442100, -24.25586225604504200, 3.000000000000000000 ) ) ;
#1563 = EDGE_CURVE ( 'NONE', #677, #1876, #340, .T. ) ;
#1564 = CARTESIAN_POINT ( 'NONE',  ( 25.24999999999999300, 2.700000000000000200, 2.499999999999998700 ) ) ;
#1565 = EDGE_CURVE ( 'NONE', #3364, #2344, #2605, .T. ) ;
#1566 = ORIENTED_EDGE ( 'NONE', *, *, #2871, .T. ) ;
#1567 = VERTEX_POINT ( 'NONE', #1890 ) ;
#1568 = ORIENTED_EDGE ( 'NONE', *, *, #970, .T. ) ;
#1569 = APPLICATION_PROTOCOL_DEFINITION ( 'draft international standard', 'automotive_design', 1998, #3338 ) ;
#1570 = LINE ( 'NONE', #693, #680 ) ;
#1571 = CARTESIAN_POINT ( 'NONE',  ( 0.0000000000000000000, 0.0000000000000000000, 6.000000000000000000 ) ) ;
#1572 = AXIS2_PLACEMENT_3D ( 'NONE', #2214, #2197, #1325 ) ;
#1573 = VECTOR ( 'NONE', #1441, 1000.000000000000000 ) ;
#1574 = CARTESIAN_POINT ( 'NONE',  ( 29.49999999999999300, 1.040949779275250100E-015, 6.000000000000000000 ) ) ;
#1575 = LINE ( 'NONE', #2678, #3852 ) ;
#1576 = DIRECTION ( 'NONE',  ( 0.5961776388591729600, 0.8028525536636858000, 0.0000000000000000000 ) ) ;
#1577 = LINE ( 'NONE', #1243, #882 ) ;
#1578 = EDGE_LOOP ( 'NONE', ( #802, #1694, #580, #196 ) ) ;
#1579 = FACE_OUTER_BOUND ( 'NONE', #1791, .T. ) ;
#1580 = PLANE ( 'NONE',  #451 ) ;
#1581 = VECTOR ( 'NONE', #3531, 1000.000000000000000 ) ;
#1582 = CARTESIAN_POINT ( 'NONE',  ( 62.58418752876414000, 2.782820751511359000, 6.000000000000000000 ) ) ;
#1583 = VECTOR ( 'NONE', #3631, 1000.000000000000000 ) ;
#1584 = EDGE_CURVE ( 'NONE', #3765, #440, #3211, .T. ) ;
#1585 = VECTOR ( 'NONE', #2195, 1000.000000000000000 ) ;
#1586 = EDGE_CURVE ( 'NONE', #2839, #2553, #3305, .T. ) ;
#1587 = ORIENTED_EDGE ( 'NONE', *, *, #3028, .T. ) ;
#1588 = DIRECTION ( 'NONE',  ( 1.000000000000000000, 0.0000000000000000000, 0.0000000000000000000 ) ) ;
#1589 = LINE ( 'NONE', #3185, #2043 ) ;
#1590 = CARTESIAN_POINT ( 'NONE',  ( 77.50000000000002800, -23.00000000000000000, 0.0000000000000000000 ) ) ;
#1591 = DIRECTION ( 'NONE',  ( -0.3420201433256701000, -0.9396926207859078700, 0.0000000000000000000 ) ) ;
#1592 = ORIENTED_EDGE ( 'NONE', *, *, #539, .F. ) ;
#1593 = ORIENTED_EDGE ( 'NONE', *, *, #2023, .T. ) ;
#1594 = FACE_OUTER_BOUND ( 'NONE', #1067, .T. ) ;
#1595 = CARTESIAN_POINT ( 'NONE',  ( 56.59999999999999400, 1.999999999999999100, 6.000000000000000000 ) ) ;
#1596 = ORIENTED_EDGE ( 'NONE', *, *, #1495, .T. ) ;
#1597 = CARTESIAN_POINT ( 'NONE',  ( 65.01528944456329400, -18.71141021465473400, 4.700000000000002000 ) ) ;
#1598 = ORIENTED_EDGE ( 'NONE', *, *, #1902, .F. ) ;
#1599 = DIRECTION ( 'NONE',  ( -0.0000000000000000000, -0.0000000000000000000, 1.000000000000000000 ) ) ;
#1600 = CARTESIAN_POINT ( 'NONE',  ( 71.84784084736129700, 19.05824099222005300, 0.0000000000000000000 ) ) ;
#1601 = ORIENTED_EDGE ( 'NONE', *, *, #3830, .F. ) ;
#1602 = DIRECTION ( 'NONE',  ( 0.5961776388591729600, 0.8028525536636859100, -0.0000000000000000000 ) ) ;
#1603 = ORIENTED_EDGE ( 'NONE', *, *, #2828, .T. ) ;
#1604 = ORIENTED_EDGE ( 'NONE', *, *, #1209, .F. ) ;
#1605 = EDGE_CURVE ( 'NONE', #1242, #483, #154, .T. ) ;
#1606 = ORIENTED_EDGE ( 'NONE', *, *, #3366, .T. ) ;
#1607 = ORIENTED_EDGE ( 'NONE', *, *, #707, .T. ) ;
#1608 = ORIENTED_EDGE ( 'NONE', *, *, #20, .T. ) ;
#1609 = EDGE_CURVE ( 'NONE', #708, #3180, #849, .T. ) ;
#1610 = EDGE_CURVE ( 'NONE', #1876, #3835, #1633, .T. ) ;
#1611 = VECTOR ( 'NONE', #2802, 1000.000000000000000 ) ;
#1612 = CARTESIAN_POINT ( 'NONE',  ( 91.41922738029927600, -64.58967151868849000, 0.0000000000000000000 ) ) ;
#1613 = PLANE ( 'NONE',  #498 ) ;
#1614 = CARTESIAN_POINT ( 'NONE',  ( 47.77894455776322500, 17.39011364368105500, 0.0000000000000000000 ) ) ;
#1615 = AXIS2_PLACEMENT_3D ( 'NONE', #2646, #2845, #1188 ) ;
#1616 = DIRECTION ( 'NONE',  ( 0.8028525536636866900, -0.5961776388591717400, 0.0000000000000000000 ) ) ;
#1617 = ORIENTED_EDGE ( 'NONE', *, *, #3009, .F. ) ;
#1618 = CARTESIAN_POINT ( 'NONE',  ( 30.17206218484699000, -10.98173254171323300, 6.000000000000000000 ) ) ;
#1619 = LINE ( 'NONE', #319, #3099 ) ;
#1620 = CARTESIAN_POINT ( 'NONE',  ( 72.85948826390490800, -38.91452836366384800, 4.699999999999998400 ) ) ;
#1621 = CYLINDRICAL_SURFACE ( 'NONE', #3357, 2.199999999999992200 ) ;
#1622 = VECTOR ( 'NONE', #2518, 1000.000000000000000 ) ;
#1623 = PLANE ( 'NONE',  #2389 ) ;
#1624 = DIRECTION ( 'NONE',  ( -0.9396926207859077600, 0.3420201433256706000, 0.0000000000000000000 ) ) ;
#1625 = LINE ( 'NONE', #872, #334 ) ;
#1626 = EDGE_CURVE ( 'NONE', #2440, #2012, #3118, .T. ) ;
#1627 = EDGE_LOOP ( 'NONE', ( #2298, #2196, #3369, #704 ) ) ;
#1628 = VECTOR ( 'NONE', #616, 1000.000000000000000 ) ;
#1629 = PLANE ( 'NONE',  #2109 ) ;
#1630 = ORIENTED_EDGE ( 'NONE', *, *, #69, .F. ) ;
#1631 = EDGE_CURVE ( 'NONE', #3408, #3858, #3822, .T. ) ;
#1632 = CARTESIAN_POINT ( 'NONE',  ( 11.13347125092772700, -21.04445204139030100, 3.000000000000000000 ) ) ;
#1633 = LINE ( 'NONE', #3684, #754 ) ;
#1634 = DIRECTION ( 'NONE',  ( 0.3420201433256701600, -0.9396926207859078700, 0.0000000000000000000 ) ) ;
#1635 = DIRECTION ( 'NONE',  ( -0.0000000000000000000, -0.0000000000000000000, 1.000000000000000000 ) ) ;
#1636 = ORIENTED_EDGE ( 'NONE', *, *, #218, .F. ) ;
#1637 = VECTOR ( 'NONE', #3712, 1000.000000000000000 ) ;
#1638 = DIRECTION ( 'NONE',  ( 0.0000000000000000000, 0.0000000000000000000, 1.000000000000000000 ) ) ;
#1639 = AXIS2_PLACEMENT_3D ( 'NONE', #1946, #176, #2249 ) ;
#1640 = VERTEX_POINT ( 'NONE', #1027 ) ;
#1641 = CARTESIAN_POINT ( 'NONE',  ( -15.78971433232480600, -29.11967591160758700, 0.0000000000000000000 ) ) ;
#1642 = ORIENTED_EDGE ( 'NONE', *, *, #3802, .F. ) ;
#1643 =( NAMED_UNIT ( * ) SI_UNIT ( $, .STERADIAN. ) SOLID_ANGLE_UNIT ( ) );
#1644 = ORIENTED_EDGE ( 'NONE', *, *, #3547, .T. ) ;
#1645 = CARTESIAN_POINT ( 'NONE',  ( 54.59999999999999400, 6.599999999999999600, 0.0000000000000000000 ) ) ;
#1646 = VERTEX_POINT ( 'NONE', #2493 ) ;
#1647 = ORIENTED_EDGE ( 'NONE', *, *, #2791, .T. ) ;
#1648 = ORIENTED_EDGE ( 'NONE', *, *, #3094, .T. ) ;
#1649 = ORIENTED_EDGE ( 'NONE', *, *, #1041, .F. ) ;
#1650 = VERTEX_POINT ( 'NONE', #3390 ) ;
#1651 = VERTEX_POINT ( 'NONE', #1321 ) ;
#1652 = PLANE ( 'NONE',  #2240 ) ;
#1653 = LINE ( 'NONE', #457, #3139 ) ;
#1654 = EDGE_CURVE ( 'NONE', #2944, #1093, #2932, .T. ) ;
#1655 = CARTESIAN_POINT ( 'NONE',  ( 7.714888431678005500, -52.66212673123886400, 0.0000000000000000000 ) ) ;
#1656 = LINE ( 'NONE', #3373, #1573 ) ;
#1657 = EDGE_LOOP ( 'NONE', ( #1274, #1559, #867, #168 ) ) ;
#1658 = PLANE ( 'NONE',  #2905 ) ;
#1659 = EDGE_CURVE ( 'NONE', #118, #3108, #3729, .T. ) ;
#1660 = VECTOR ( 'NONE', #116, 1000.000000000000000 ) ;
#1661 = FACE_OUTER_BOUND ( 'NONE', #1477, .T. ) ;
#1662 = ADVANCED_FACE ( 'NONE', ( #662 ), #2812, .F. ) ;
#1663 = CARTESIAN_POINT ( 'NONE',  ( 55.49999999999999300, -15.49999999999999800, -1.734723475976807100E-015 ) ) ;
#1664 = AXIS2_PLACEMENT_3D ( 'NONE', #6, #2075, #310 ) ;
#1665 = VERTEX_POINT ( 'NONE', #3698 ) ;
#1666 = SURFACE_STYLE_FILL_AREA ( #1255 ) ;
#1667 = LINE ( 'NONE', #1990, #94 ) ;
#1668 = FACE_OUTER_BOUND ( 'NONE', #1518, .T. ) ;
#1669 = CARTESIAN_POINT ( 'NONE',  ( -16.02281077163731000, -44.02231079126747200, 0.0000000000000000000 ) ) ;
#1670 = VECTOR ( 'NONE', #2132, 1000.000000000000000 ) ;
#1671 = CARTESIAN_POINT ( 'NONE',  ( 3.713632190808907400, -71.29999999999999700, 0.4999999999999982800 ) ) ;
#1672 = ORIENTED_EDGE ( 'NONE', *, *, #195, .F. ) ;
#1673 = LINE ( 'NONE', #127, #1585 ) ;
#1674 = DIRECTION ( 'NONE',  ( 0.0000000000000000000, -1.000000000000000000, 0.0000000000000000000 ) ) ;
#1675 = EDGE_LOOP ( 'NONE', ( #2112, #1649, #63, #3267 ) ) ;
#1676 = LINE ( 'NONE', #1104, #197 ) ;
#1677 = DIRECTION ( 'NONE',  ( 0.9396926207859075400, 0.3420201433256709300, 0.0000000000000000000 ) ) ;
#1678 = EDGE_CURVE ( 'NONE', #3252, #2561, #1362, .T. ) ;
#1679 = CARTESIAN_POINT ( 'NONE',  ( 3.738290217806155900, 5.034230826645637300, 0.0000000000000000000 ) ) ;
#1680 = ADVANCED_FACE ( 'NONE', ( #2242 ), #1927, .T. ) ;
#1681 = EDGE_CURVE ( 'NONE', #3788, #3732, #1266, .T. ) ;
#1682 = DIRECTION ( 'NONE',  ( 0.0000000000000000000, 0.0000000000000000000, 1.000000000000000000 ) ) ;
#1683 = ORIENTED_EDGE ( 'NONE', *, *, #1046, .T. ) ;
#1684 = CARTESIAN_POINT ( 'NONE',  ( 8.588099285766453800, -37.31279777392885000, 4.699999999999998400 ) ) ;
#1685 = LINE ( 'NONE', #1733, #112 ) ;
#1686 = ORIENTED_EDGE ( 'NONE', *, *, #584, .F. ) ;
#1687 = DIRECTION ( 'NONE',  ( -1.000000000000000000, -0.0000000000000000000, -0.0000000000000000000 ) ) ;
#1688 = ORIENTED_EDGE ( 'NONE', *, *, #2702, .T. ) ;
#1689 = ORIENTED_EDGE ( 'NONE', *, *, #1526, .F. ) ;
#1690 = CARTESIAN_POINT ( 'NONE',  ( 67.18299133945524200, -20.32108983957449800, 4.700000000000002000 ) ) ;
#1691 = ORIENTED_EDGE ( 'NONE', *, *, #3655, .F. ) ;
#1692 = DIRECTION ( 'NONE',  ( 0.0000000000000000000, 0.0000000000000000000, 1.000000000000000000 ) ) ;
#1693 = DIRECTION ( 'NONE',  ( 0.5770316808649953400, -0.8167217636858455900, 0.0000000000000000000 ) ) ;
#1694 = ORIENTED_EDGE ( 'NONE', *, *, #1519, .T. ) ;
#1695 = EDGE_LOOP ( 'NONE', ( #3007, #2886, #2762, #534 ) ) ;
#1696 = DIRECTION ( 'NONE',  ( -0.5961776388591687500, 0.8028525536636890200, -0.0000000000000000000 ) ) ;
#1697 = ORIENTED_EDGE ( 'NONE', *, *, #2306, .T. ) ;
#1698 = ORIENTED_EDGE ( 'NONE', *, *, #2450, .F. ) ;
#1699 = ORIENTED_EDGE ( 'NONE', *, *, #1542, .F. ) ;
#1700 = ADVANCED_FACE ( 'NONE', ( #473 ), #1956, .T. ) ;
#1701 = CARTESIAN_POINT ( 'NONE',  ( 71.00000000000001400, -32.20000000000000300, 6.000000000000000000 ) ) ;
#1702 = VECTOR ( 'NONE', #3784, 1000.000000000000000 ) ;
#1703 = EDGE_CURVE ( 'NONE', #2056, #3654, #565, .T. ) ;
#1704 = LINE ( 'NONE', #1315, #642 ) ;
#1705 = CARTESIAN_POINT ( 'NONE',  ( 8.713632190808905200, -62.79999999999999700, 0.4999999999999982800 ) ) ;
#1706 = EDGE_CURVE ( 'NONE', #748, #2275, #2751, .T. ) ;
#1707 = VERTEX_POINT ( 'NONE', #2534 ) ;
#1708 = VECTOR ( 'NONE', #3559, 1000.000000000000000 ) ;
#1709 = CARTESIAN_POINT ( 'NONE',  ( 53.39999999999999900, 3.775106511576874300, 0.0000000000000000000 ) ) ;
#1710 = CARTESIAN_POINT ( 'NONE',  ( 54.59999999999999400, 6.599999999999999600, 6.000000000000000000 ) ) ;
#1711 = AXIS2_PLACEMENT_3D ( 'NONE', #50, #2119, #350 ) ;
#1712 = FACE_OUTER_BOUND ( 'NONE', #2394, .T. ) ;
#1713 = AXIS2_PLACEMENT_3D ( 'NONE', #146, #3107, #1341 ) ;
#1714 = CARTESIAN_POINT ( 'NONE',  ( 65.01528944456329400, -18.71141021465473400, 4.700000000000002000 ) ) ;
#1715 = VECTOR ( 'NONE', #731, 1000.000000000000000 ) ;
#1716 = DIRECTION ( 'NONE',  ( 0.8790825613855033400, 0.4766695398993967000, 0.0000000000000000000 ) ) ;
#1717 = ADVANCED_FACE ( 'NONE', ( #2654 ), #3133, .F. ) ;
#1718 = DIRECTION ( 'NONE',  ( 0.0000000000000000000, -1.000000000000000000, 0.0000000000000000000 ) ) ;
#1719 = VECTOR ( 'NONE', #1456, 1000.000000000000000 ) ;
#1720 = PLANE ( 'NONE',  #454 ) ;
#1721 = ORIENTED_EDGE ( 'NONE', *, *, #3122, .T. ) ;
#1722 = CIRCLE ( 'NONE', #2054, 2.199999999999988200 ) ;
#1723 = PLANE ( 'NONE',  #3284 ) ;
#1724 = EDGE_CURVE ( 'NONE', #1536, #1747, #1173, .T. ) ;
#1725 = VERTEX_POINT ( 'NONE', #178 ) ;
#1726 = VECTOR ( 'NONE', #706, 1000.000000000000000 ) ;
#1727 = DIRECTION ( 'NONE',  ( -0.3420201433256701600, -0.9396926207859078700, 0.0000000000000000000 ) ) ;
#1728 = DIRECTION ( 'NONE',  ( -1.000000000000000000, 0.0000000000000000000, 0.0000000000000000000 ) ) ;
#1729 = VERTEX_POINT ( 'NONE', #474 ) ;
#1730 = EDGE_CURVE ( 'NONE', #1386, #3858, #3352, .T. ) ;
#1731 = FACE_OUTER_BOUND ( 'NONE', #1329, .T. ) ;
#1732 = DIRECTION ( 'NONE',  ( 0.0000000000000000000, 0.0000000000000000000, 1.000000000000000000 ) ) ;
#1733 = CARTESIAN_POINT ( 'NONE',  ( 28.71363219080890900, -70.21552952853909300, 0.0000000000000000000 ) ) ;
#1734 = EDGE_LOOP ( 'NONE', ( #2527, #2098, #784, #967 ) ) ;
#1735 = AXIS2_PLACEMENT_3D ( 'NONE', #1612, #1032, #1018 ) ;
#1736 = ADVANCED_FACE ( 'NONE', ( #294 ), #777, .T. ) ;
#1737 = DIRECTION ( 'NONE',  ( -0.0000000000000000000, 0.0000000000000000000, 1.000000000000000000 ) ) ;
#1738 = DIRECTION ( 'NONE',  ( 0.0000000000000000000, 0.0000000000000000000, 1.000000000000000000 ) ) ;
#1739 = ORIENTED_EDGE ( 'NONE', *, *, #486, .T. ) ;
#1740 = ORIENTED_EDGE ( 'NONE', *, *, #1879, .T. ) ;
#1741 = ORIENTED_EDGE ( 'NONE', *, *, #3626, .F. ) ;
#1742 = CARTESIAN_POINT ( 'NONE',  ( 29.93243482324632200, -80.45278946648635100, 0.0000000000000000000 ) ) ;
#1743 = AXIS2_PLACEMENT_3D ( 'NONE', #3032, #2744, #972 ) ;
#1744 = ORIENTED_EDGE ( 'NONE', *, *, #1471, .F. ) ;
#1745 = ORIENTED_EDGE ( 'NONE', *, *, #1563, .T. ) ;
#1746 = CARTESIAN_POINT ( 'NONE',  ( 10.97280984120312800, -40.52420798858360500, 4.699999999999998400 ) ) ;
#1747 = VERTEX_POINT ( 'NONE', #3753 ) ;
#1748 = CARTESIAN_POINT ( 'NONE',  ( 14.02991912043472000, -18.89362441551876200, 0.0000000000000000000 ) ) ;
#1749 = LINE ( 'NONE', #1903, #2445 ) ;
#1750 = CARTESIAN_POINT ( 'NONE',  ( 60.00000000000002100, 0.0000000000000000000, 6.000000000000000000 ) ) ;
#1751 = LINE ( 'NONE', #404, #2448 ) ;
#1752 = CARTESIAN_POINT ( 'NONE',  ( 0.0000000000000000000, 0.0000000000000000000, 1.499999999999999600 ) ) ;
#1753 = VECTOR ( 'NONE', #49, 1000.000000000000000 ) ;
#1754 = EDGE_CURVE ( 'NONE', #115, #2390, #1775, .T. ) ;
#1755 = VECTOR ( 'NONE', #34, 1000.000000000000000 ) ;
#1756 = EDGE_CURVE ( 'NONE', #877, #1371, #1080, .T. ) ;
#1757 = CARTESIAN_POINT ( 'NONE',  ( 87.26522552582838400, -56.99072113475686100, 1.300000000000000300 ) ) ;
#1758 = DIRECTION ( 'NONE',  ( -1.000000000000000000, -0.0000000000000000000, -0.0000000000000000000 ) ) ;
#1759 = CARTESIAN_POINT ( 'NONE',  ( 5.713632190808906100, -69.29999999999999700, 5.500000000000000000 ) ) ;
#1760 = ORIENTED_EDGE ( 'NONE', *, *, #17, .F. ) ;
#1761 = ADVANCED_FACE ( 'NONE', ( #1869 ), #3147, .F. ) ;
#1762 = VECTOR ( 'NONE', #198, 1000.000000000000000 ) ;
#1763 = DIRECTION ( 'NONE',  ( -0.0000000000000000000, 0.0000000000000000000, 1.000000000000000000 ) ) ;
#1764 = CARTESIAN_POINT ( 'NONE',  ( 20.55178791552434300, -37.41321886563740400, 0.0000000000000000000 ) ) ;
#1765 = AXIS2_PLACEMENT_3D ( 'NONE', #2963, #526, #1682 ) ;
#1766 = VECTOR ( 'NONE', #1165, 1000.000000000000000 ) ;
#1767 = AXIS2_PLACEMENT_3D ( 'NONE', #1742, #3218, #2336 ) ;
#1768 = LINE ( 'NONE', #1231, #3250 ) ;
#1769 = DIRECTION ( 'NONE',  ( 0.0000000000000000000, 1.000000000000000000, 0.0000000000000000000 ) ) ;
#1770 = ORIENTED_EDGE ( 'NONE', *, *, #1465, .F. ) ;
#1771 = VECTOR ( 'NONE', #397, 1000.000000000000000 ) ;
#1772 = CARTESIAN_POINT ( 'NONE',  ( 53.50000000000000000, 0.0000000000000000000, 0.0000000000000000000 ) ) ;
#1773 = ORIENTED_EDGE ( 'NONE', *, *, #895, .T. ) ;
#1774 = CARTESIAN_POINT ( 'NONE',  ( 10.97280984120312800, -40.52420798858360500, 4.699999999999998400 ) ) ;
#1775 = LINE ( 'NONE', #191, #990 ) ;
#1776 = ORIENTED_EDGE ( 'NONE', *, *, #3780, .T. ) ;
#1777 = VECTOR ( 'NONE', #552, 1000.000000000000000 ) ;
#1778 = ADVANCED_FACE ( 'NONE', ( #2464 ), #3766, .T. ) ;
#1779 = EDGE_CURVE ( 'NONE', #2945, #3376, #1676, .T. ) ;
#1780 = VERTEX_POINT ( 'NONE', #2870 ) ;
#1781 = CARTESIAN_POINT ( 'NONE',  ( 69.56770189489194000, -17.10967962491975300, 4.700000000000002000 ) ) ;
#1782 = ORIENTED_EDGE ( 'NONE', *, *, #42, .T. ) ;
#1783 = CARTESIAN_POINT ( 'NONE',  ( 84.88051497039170100, -60.20213134941160100, 1.300000000000000300 ) ) ;
#1784 = EDGE_CURVE ( 'NONE', #862, #3184, #109, .T. ) ;
#1785 = CARTESIAN_POINT ( 'NONE',  ( 8.713632190808905200, -62.79999999999999700, -1.734723475976807100E-015 ) ) ;
#1786 = ORIENTED_EDGE ( 'NONE', *, *, #1164, .T. ) ;
#1787 = PLANE ( 'NONE',  #3202 ) ;
#1788 = ADVANCED_BREP_SHAPE_REPRESENTATION ( 'ORM-41F-3_LэЄхЁЇ. Ёхых ORM 3. 1NO+1NC. 24T DC', ( #293, #1940 ), #156 ) ;
#1789 = VERTEX_POINT ( 'NONE', #1982 ) ;
#1790 = VERTEX_POINT ( 'NONE', #3777 ) ;
#1791 = EDGE_LOOP ( 'NONE', ( #3145, #3464 ) ) ;
#1792 = DIRECTION ( 'NONE',  ( -0.0000000000000000000, -0.0000000000000000000, 1.000000000000000000 ) ) ;
#1793 = ORIENTED_EDGE ( 'NONE', *, *, #2200, .T. ) ;
#1794 = ORIENTED_EDGE ( 'NONE', *, *, #3300, .T. ) ;
#1795 = ORIENTED_EDGE ( 'NONE', *, *, #1754, .T. ) ;
#1796 = CARTESIAN_POINT ( 'NONE',  ( 63.00000000000000000, 5.000000000000000000, 6.000000000000000000 ) ) ;
#1797 = DIRECTION ( 'NONE',  ( 0.8951782529499700000, -0.4457083075795645300, 0.0000000000000000000 ) ) ;
#1798 = LINE ( 'NONE', #1150, #1702 ) ;
#1799 = ADVANCED_FACE ( 'NONE', ( #902 ), #2284, .T. ) ;
#1800 = CARTESIAN_POINT ( 'NONE',  ( 55.49999999999999300, -15.49999999999999800, 6.000000000000000000 ) ) ;
#1801 = DIRECTION ( 'NONE',  ( -0.0000000000000000000, -0.0000000000000000000, 1.000000000000000000 ) ) ;
#1802 = LINE ( 'NONE', #2953, #3374 ) ;
#1803 = EDGE_CURVE ( 'NONE', #1651, #708, #1589, .T. ) ;
#1804 = VERTEX_POINT ( 'NONE', #2881 ) ;
#1805 = FACE_OUTER_BOUND ( 'NONE', #1057, .T. ) ;
#1806 = EDGE_CURVE ( 'NONE', #166, #1374, #3256, .T. ) ;
#1807 = DIRECTION ( 'NONE',  ( -0.5961776388591687500, 0.8028525536636890200, 0.0000000000000000000 ) ) ;
#1808 = LINE ( 'NONE', #1226, #1026 ) ;
#1809 = EDGE_CURVE ( 'NONE', #115, #3788, #799, .T. ) ;
#1810 = DIRECTION ( 'NONE',  ( -0.9396926207859077600, -0.3420201433256704900, 0.0000000000000000000 ) ) ;
#1811 = DIRECTION ( 'NONE',  ( 0.8028525536636855800, 0.5961776388591733000, 0.0000000000000000000 ) ) ;
#1812 = CARTESIAN_POINT ( 'NONE',  ( 16.43229810510806000, -17.10967962491976400, 4.700000000000002000 ) ) ;
#1813 = CARTESIAN_POINT ( 'NONE',  ( 8.713632190808905200, -71.29999999999999700, 0.4999999999999982800 ) ) ;
#1814 = VECTOR ( 'NONE', #436, 1000.000000000000000 ) ;
#1815 = AXIS2_PLACEMENT_3D ( 'NONE', #3141, #2222, #1069 ) ;
#1816 = LINE ( 'NONE', #3511, #2597 ) ;
#1817 = ADVANCED_FACE ( 'NONE', ( #702 ), #2984, .F. ) ;
#1818 = CARTESIAN_POINT ( 'NONE',  ( 71.00000000000001400, -32.20000000000000300, 0.0000000000000000000 ) ) ;
#1819 = DIRECTION ( 'NONE',  ( -0.0000000000000000000, -0.0000000000000000000, 1.000000000000000000 ) ) ;
#1820 = VERTEX_POINT ( 'NONE', #2893 ) ;
#1821 = LINE ( 'NONE', #2100, #57 ) ;
#1822 = DIRECTION ( 'NONE',  ( -1.000000000000000000, 0.0000000000000000000, 0.0000000000000000000 ) ) ;
#1823 = EDGE_LOOP ( 'NONE', ( #1376, #13, #2677, #1607 ) ) ;
#1824 = CIRCLE ( 'NONE', #352, 2.200000000000002000 ) ;
#1825 = ORIENTED_EDGE ( 'NONE', *, *, #3857, .T. ) ;
#1826 = LINE ( 'NONE', #3394, #2712 ) ;
#1827 = PLANE ( 'NONE',  #3128 ) ;
#1828 = EDGE_LOOP ( 'NONE', ( #2096, #1514, #3605, #3171 ) ) ;
#1829 = EDGE_CURVE ( 'NONE', #1262, #470, #1504, .T. ) ;
#1830 = CARTESIAN_POINT ( 'NONE',  ( 54.59999999999999400, 5.000000000000000000, 6.000000000000000000 ) ) ;
#1831 = FILL_AREA_STYLE_COLOUR ( '', #3057 ) ;
#1832 = ORIENTED_EDGE ( 'NONE', *, *, #3675, .F. ) ;
#1833 = ORIENTED_EDGE ( 'NONE', *, *, #2234, .T. ) ;
#1834 = DIRECTION ( 'NONE',  ( 0.0000000000000000000, -1.000000000000000000, 0.0000000000000000000 ) ) ;
#1835 = EDGE_CURVE ( 'NONE', #3364, #3317, #3776, .T. ) ;
#1836 = ORIENTED_EDGE ( 'NONE', *, *, #3244, .T. ) ;
#1837 = ADVANCED_FACE ( 'NONE', ( #2378 ), #2608, .F. ) ;
#1838 = CARTESIAN_POINT ( 'NONE',  ( 8.713632190808905200, -62.79999999999999700, 0.4999999999999982800 ) ) ;
#1839 = ORIENTED_EDGE ( 'NONE', *, *, #1439, .T. ) ;
#1840 = ORIENTED_EDGE ( 'NONE', *, *, #2732, .T. ) ;
#1841 = ORIENTED_EDGE ( 'NONE', *, *, #3297, .T. ) ;
#1842 = AXIS2_PLACEMENT_3D ( 'NONE', #2239, #2836, #758 ) ;
#1843 = LINE ( 'NONE', #159, #452 ) ;
#1844 = DIRECTION ( 'NONE',  ( 0.1345590888233554600, -0.9909055714925758500, 0.0000000000000000000 ) ) ;
#1845 = VECTOR ( 'NONE', #3659, 1000.000000000000000 ) ;
#1846 =( NAMED_UNIT ( * ) PLANE_ANGLE_UNIT ( ) SI_UNIT ( $, .RADIAN. ) );
#1847 = DIRECTION ( 'NONE',  ( 0.9396926207859078700, 0.3420201433256701600, 0.0000000000000000000 ) ) ;
#1848 = LINE ( 'NONE', #3367, #177 ) ;
#1849 = VECTOR ( 'NONE', #883, 1000.000000000000000 ) ;
#1850 = CARTESIAN_POINT ( 'NONE',  ( 20.98471055543668500, -18.71141021465474500, 4.700000000000002000 ) ) ;
#1851 = EDGE_LOOP ( 'NONE', ( #1103, #31 ) ) ;
#1852 = ORIENTED_EDGE ( 'NONE', *, *, #3272, .F. ) ;
#1853 = CARTESIAN_POINT ( 'NONE',  ( 0.0000000000000000000, -67.79999999999999700, 0.0000000000000000000 ) ) ;
#1854 = LINE ( 'NONE', #2260, #1068 ) ;
#1855 = EDGE_CURVE ( 'NONE', #311, #3226, #2277, .T. ) ;
#1856 = CARTESIAN_POINT ( 'NONE',  ( 29.49999999999999600, -15.49999999999999800, 6.000000000000000000 ) ) ;
#1857 = FACE_OUTER_BOUND ( 'NONE', #3691, .T. ) ;
#1858 = EDGE_CURVE ( 'NONE', #2817, #862, #3680, .T. ) ;
#1859 = APPLICATION_CONTEXT ( 'automotive_design' ) ;
#1860 = FACE_BOUND ( 'NONE', #2703, .T. ) ;
#1861 = DIRECTION ( 'NONE',  ( -0.0000000000000000000, 0.0000000000000000000, 1.000000000000000000 ) ) ;
#1862 = CARTESIAN_POINT ( 'NONE',  ( 62.58418752876414000, 2.782820751511359000, 0.0000000000000000000 ) ) ;
#1863 = AXIS2_PLACEMENT_3D ( 'NONE', #2369, #589, #2664 ) ;
#1864 = VERTEX_POINT ( 'NONE', #538 ) ;
#1865 = LINE ( 'NONE', #1873, #2749 ) ;
#1866 = CARTESIAN_POINT ( 'NONE',  ( 80.32601701297720400, -44.45898040505407800, 3.000000000000000400 ) ) ;
#1867 = DIRECTION ( 'NONE',  ( 0.5961776388591729600, 0.8028525536636859100, 0.0000000000000000000 ) ) ;
#1868 = ORIENTED_EDGE ( 'NONE', *, *, #1261, .T. ) ;
#1869 = FACE_OUTER_BOUND ( 'NONE', #1265, .T. ) ;
#1870 = DIRECTION ( 'NONE',  ( -0.5961776388591687500, 0.8028525536636890200, -0.0000000000000000000 ) ) ;
#1871 = ORIENTED_EDGE ( 'NONE', *, *, #1342, .T. ) ;
#1872 = VECTOR ( 'NONE', #2289, 1000.000000000000000 ) ;
#1873 = CARTESIAN_POINT ( 'NONE',  ( 86.67823443154665600, -71.29999999999999700, 0.0000000000000000000 ) ) ;
#1874 = ORIENTED_EDGE ( 'NONE', *, *, #929, .F. ) ;
#1875 = DIRECTION ( 'NONE',  ( 0.0000000000000000000, 0.0000000000000000000, -1.000000000000000000 ) ) ;
#1876 = VERTEX_POINT ( 'NONE', #1137 ) ;
#1877 = ORIENTED_EDGE ( 'NONE', *, *, #2152, .T. ) ;
#1878 = DIRECTION ( 'NONE',  ( 0.0000000000000000000, -1.000000000000000000, 0.0000000000000000000 ) ) ;
#1879 = EDGE_CURVE ( 'NONE', #2258, #1002, #613, .T. ) ;
#1880 = EDGE_CURVE ( 'NONE', #566, #531, #2880, .T. ) ;
#1881 = VERTEX_POINT ( 'NONE', #2624 ) ;
#1882 = VERTEX_POINT ( 'NONE', #1156 ) ;
#1883 = ORIENTED_EDGE ( 'NONE', *, *, #2594, .F. ) ;
#1884 = DIRECTION ( 'NONE',  ( 0.8028525536636853500, 0.5961776388591736300, 0.0000000000000000000 ) ) ;
#1885 = VECTOR ( 'NONE', #3638, 1000.000000000000000 ) ;
#1886 = VERTEX_POINT ( 'NONE', #1746 ) ;
#1887 = VERTEX_POINT ( 'NONE', #1452 ) ;
#1888 = PLANE ( 'NONE',  #1249 ) ;
#1889 = CYLINDRICAL_SURFACE ( 'NONE', #1615, 2.199999999999982400 ) ;
#1890 = CARTESIAN_POINT ( 'NONE',  ( 64.42215165449863400, -34.59414100327968100, 0.0000000000000000000 ) ) ;
#1891 = AXIS2_PLACEMENT_3D ( 'NONE', #1346, #755, #2834 ) ;
#1892 = VECTOR ( 'NONE', #52, 1000.000000000000000 ) ;
#1893 = ORIENTED_EDGE ( 'NONE', *, *, #3347, .T. ) ;
#1894 = FACE_OUTER_BOUND ( 'NONE', #2574, .T. ) ;
#1895 = CARTESIAN_POINT ( 'NONE',  ( 63.00000000000000000, 2.575788160835400700, 6.000000000000000000 ) ) ;
#1896 = LINE ( 'NONE', #2992, #3477 ) ;
#1897 = DIRECTION ( 'NONE',  ( 2.238352872228138200E-016, -1.000000000000000000, 0.0000000000000000000 ) ) ;
#1898 = VECTOR ( 'NONE', #117, 1000.000000000000100 ) ;
#1899 = EDGE_CURVE ( 'NONE', #748, #1907, #2790, .T. ) ;
#1900 = CARTESIAN_POINT ( 'NONE',  ( 54.59999999999999400, 5.000000000000000000, 0.0000000000000000000 ) ) ;
#1901 = VECTOR ( 'NONE', #3200, 1000.000000000000000 ) ;
#1902 = EDGE_CURVE ( 'NONE', #3170, #1864, #1220, .T. ) ;
#1903 = CARTESIAN_POINT ( 'NONE',  ( 20.55178791552434300, -37.41321886563740400, 0.0000000000000000000 ) ) ;
#1904 = CARTESIAN_POINT ( 'NONE',  ( 90.17934182457204900, -64.13690376588213800, 3.000000000000000400 ) ) ;
#1905 = DIRECTION ( 'NONE',  ( -1.000000000000000000, -4.083685181052837400E-015, 0.0000000000000000000 ) ) ;
#1906 = CARTESIAN_POINT ( 'NONE',  ( 53.50000000000000000, 3.038697265529265700, 6.000000000000000000 ) ) ;
#1907 = VERTEX_POINT ( 'NONE', #269 ) ;
#1908 = CIRCLE ( 'NONE', #671, 2.199999999999982400 ) ;
#1909 = CARTESIAN_POINT ( 'NONE',  ( 0.9024763690635463400, -43.01994350415367300, 0.0000000000000000000 ) ) ;
#1910 = AXIS2_PLACEMENT_3D ( 'NONE', #2998, #3291, #1528 ) ;
#1911 = ORIENTED_EDGE ( 'NONE', *, *, #3725, .T. ) ;
#1912 = FACE_OUTER_BOUND ( 'NONE', #3543, .T. ) ;
#1913 = ORIENTED_EDGE ( 'NONE', *, *, #47, .F. ) ;
#1914 = CARTESIAN_POINT ( 'NONE',  ( 3.713632190808907400, 0.0000000000000000000, 0.0000000000000000000 ) ) ;
#1915 = VECTOR ( 'NONE', #2776, 1000.000000000000000 ) ;
#1916 = DIRECTION ( 'NONE',  ( 1.000000000000000000, -0.0000000000000000000, -0.0000000000000000000 ) ) ;
#1917 = DIRECTION ( 'NONE',  ( 0.0000000000000000000, -0.0000000000000000000, 1.000000000000000000 ) ) ;
#1918 = DIRECTION ( 'NONE',  ( 0.0000000000000000000, -0.0000000000000000000, -1.000000000000000000 ) ) ;
#1919 = ORIENTED_EDGE ( 'NONE', *, *, #3347, .F. ) ;
#1920 = CARTESIAN_POINT ( 'NONE',  ( 3.713632190808907400, 0.0000000000000000000, 0.0000000000000000000 ) ) ;
#1921 = DIRECTION ( 'NONE',  ( 0.0000000000000000000, 0.0000000000000000000, 1.000000000000000000 ) ) ;
#1922 = DIRECTION ( 'NONE',  ( -0.0000000000000000000, -1.000000000000000000, -0.0000000000000000000 ) ) ;
#1923 = ORIENTED_EDGE ( 'NONE', *, *, #732, .F. ) ;
#1924 = ORIENTED_EDGE ( 'NONE', *, *, #2095, .F. ) ;
#1925 = EDGE_CURVE ( 'NONE', #1273, #483, #3484, .T. ) ;
#1926 = ORIENTED_EDGE ( 'NONE', *, *, #1703, .F. ) ;
#1927 = PLANE ( 'NONE',  #1545 ) ;
#1928 = CARTESIAN_POINT ( 'NONE',  ( 10.97280984120312800, -40.52420798858360500, 4.699999999999998400 ) ) ;
#1929 = EDGE_LOOP ( 'NONE', ( #2255, #3363, #1683, #2818 ) ) ;
#1930 = EDGE_LOOP ( 'NONE', ( #753, #3416, #2950, #1366 ) ) ;
#1931 = CARTESIAN_POINT ( 'NONE',  ( 10.97280984120312800, -40.52420798858360500, 4.699999999999998400 ) ) ;
#1932 = EDGE_CURVE ( 'NONE', #2764, #2524, #1908, .T. ) ;
#1933 = ORIENTED_EDGE ( 'NONE', *, *, #3148, .T. ) ;
#1934 = CIRCLE ( 'NONE', #3402, 2.199999999999987300 ) ;
#1935 = CARTESIAN_POINT ( 'NONE',  ( 67.39999999999999100, -15.49999999999998900, 4.700000000000002000 ) ) ;
#1936 = DIRECTION ( 'NONE',  ( 0.5961776388591687500, -0.8028525536636890200, -0.0000000000000000000 ) ) ;
#1937 = AXIS2_PLACEMENT_3D ( 'NONE', #746, #1055, #2228 ) ;
#1938 = LINE ( 'NONE', #2025, #3424 ) ;
#1939 = VECTOR ( 'NONE', #2184, 1000.000000000000000 ) ;
#1940 = AXIS2_PLACEMENT_3D ( 'NONE', #2719, #374, #2444 ) ;
#1941 = LINE ( 'NONE', #897, #1849 ) ;
#1942 = VECTOR ( 'NONE', #1370, 1000.000000000000000 ) ;
#1943 = DIRECTION ( 'NONE',  ( 0.0000000000000000000, -1.000000000000000000, 0.0000000000000000000 ) ) ;
#1944 = VECTOR ( 'NONE', #238, 1000.000000000000000 ) ;
#1945 = CARTESIAN_POINT ( 'NONE',  ( 65.44821208447564200, -37.41321886563740400, 0.0000000000000000000 ) ) ;
#1946 = CARTESIAN_POINT ( 'NONE',  ( 25.24999999999999300, 0.0000000000000000000, 2.999999999999999600 ) ) ;
#1947 = VECTOR ( 'NONE', #635, 1000.000000000000000 ) ;
#1948 = EDGE_CURVE ( 'NONE', #2475, #2561, #1124, .T. ) ;
#1949 = ADVANCED_FACE ( 'NONE', ( #2704 ), #2952, .T. ) ;
#1950 = EDGE_CURVE ( 'NONE', #3788, #1882, #1037, .T. ) ;
#1951 = EDGE_LOOP ( 'NONE', ( #1079, #1185 ) ) ;
#1952 = VECTOR ( 'NONE', #681, 1000.000000000000000 ) ;
#1953 = DIRECTION ( 'NONE',  ( -1.000000000000000000, 0.0000000000000000000, -0.0000000000000000000 ) ) ;
#1954 = ORIENTED_EDGE ( 'NONE', *, *, #121, .F. ) ;
#1955 = AXIS2_PLACEMENT_3D ( 'NONE', #2374, #1921, #318 ) ;
#1956 = CYLINDRICAL_SURFACE ( 'NONE', #1937, 1.500000000000000700 ) ;
#1957 = CARTESIAN_POINT ( 'NONE',  ( 56.59999999999999400, 5.000000000000000000, 6.000000000000000000 ) ) ;
#1958 = VERTEX_POINT ( 'NONE', #1772 ) ;
#1959 = LINE ( 'NONE', #512, #3447 ) ;
#1960 = EDGE_LOOP ( 'NONE', ( #864, #1642, #2174, #1568 ) ) ;
#1961 = ORIENTED_EDGE ( 'NONE', *, *, #2200, .F. ) ;
#1962 = CARTESIAN_POINT ( 'NONE',  ( 65.00000000000000000, -15.49999999999999800, 0.0000000000000000000 ) ) ;
#1963 = EDGE_LOOP ( 'NONE', ( #2734, #2253, #1556, #2076 ) ) ;
#1964 = DIRECTION ( 'NONE',  ( -0.3420201433256709900, -0.9396926207859076500, 0.0000000000000000000 ) ) ;
#1965 = ORIENTED_EDGE ( 'NONE', *, *, #2041, .T. ) ;
#1966 = ORIENTED_EDGE ( 'NONE', *, *, #239, .T. ) ;
#1967 = ADVANCED_FACE ( 'NONE', ( #241 ), #3549, .T. ) ;
#1968 = DIRECTION ( 'NONE',  ( -0.9396926207859079800, -0.3420201433256699300, 0.0000000000000000000 ) ) ;
#1969 = VERTEX_POINT ( 'NONE', #884 ) ;
#1970 = VERTEX_POINT ( 'NONE', #2966 ) ;
#1971 = ORIENTED_EDGE ( 'NONE', *, *, #1138, .F. ) ;
#1972 = EDGE_CURVE ( 'NONE', #2280, #3837, #2601, .T. ) ;
#1973 = EDGE_LOOP ( 'NONE', ( #1335, #1172 ) ) ;
#1974 = LINE ( 'NONE', #2540, #496 ) ;
#1975 = DIRECTION ( 'NONE',  ( 0.3420201433256701600, -0.9396926207859078700, 0.0000000000000000000 ) ) ;
#1976 = EDGE_CURVE ( 'NONE', #2356, #2092, #1722, .T. ) ;
#1977 = VECTOR ( 'NONE', #199, 1000.000000000000000 ) ;
#1978 = AXIS2_PLACEMENT_3D ( 'NONE', #1614, #2503, #728 ) ;
#1979 = ORIENTED_EDGE ( 'NONE', *, *, #439, .F. ) ;
#1980 = DIRECTION ( 'NONE',  ( 0.8028525536636859100, -0.5961776388591729600, 0.0000000000000000000 ) ) ;
#1981 = FACE_OUTER_BOUND ( 'NONE', #1695, .T. ) ;
#1982 = CARTESIAN_POINT ( 'NONE',  ( 12.13815572471545100, -54.27206436410774200, 6.000000000000000000 ) ) ;
#1983 = CARTESIAN_POINT ( 'NONE',  ( 18.59999999999999400, -15.49999999999999800, 0.0000000000000000000 ) ) ;
#1984 = ADVANCED_FACE ( 'NONE', ( #3303 ), #1497, .T. ) ;
#1985 = CYLINDRICAL_SURFACE ( 'NONE', #2166, 1.500000000000000700 ) ;
#1986 = CARTESIAN_POINT ( 'NONE',  ( 13.14051173609508900, -38.91452836366386200, 4.699999999999998400 ) ) ;
#1987 = CARTESIAN_POINT ( 'NONE',  ( 10.97280984120312800, -40.52420798858360500, 1.299999999999998500 ) ) ;
#1988 = DIRECTION ( 'NONE',  ( 0.9396926207859078700, -0.3420201433256702700, 0.0000000000000000000 ) ) ;
#1989 = LINE ( 'NONE', #421, #1210 ) ;
#1990 = CARTESIAN_POINT ( 'NONE',  ( 27.10896014749831600, -74.48125587014652600, 0.0000000000000000000 ) ) ;
#1991 = FACE_OUTER_BOUND ( 'NONE', #2469, .T. ) ;
#1992 = EDGE_CURVE ( 'NONE', #24, #153, #152, .T. ) ;
#1993 = VERTEX_POINT ( 'NONE', #3577 ) ;
#1994 = VECTOR ( 'NONE', #560, 1000.000000000000000 ) ;
#1995 = CARTESIAN_POINT ( 'NONE',  ( 15.28445742442452400, -22.94427145055486500, 3.000000000000000000 ) ) ;
#1996 = EDGE_CURVE ( 'NONE', #1002, #3449, #947, .T. ) ;
#1997 = EDGE_CURVE ( 'NONE', #531, #3316, #3207, .T. ) ;
#1998 = CARTESIAN_POINT ( 'NONE',  ( 53.39999999999999900, 6.599999999999999600, 0.0000000000000000000 ) ) ;
#1999 = ORIENTED_EDGE ( 'NONE', *, *, #2595, .F. ) ;
#2000 = CARTESIAN_POINT ( 'NONE',  ( 11.11209529473844500, -57.09114222646546500, 0.0000000000000000000 ) ) ;
#2001 = LINE ( 'NONE', #1510, #431 ) ;
#2002 = VERTEX_POINT ( 'NONE', #928 ) ;
#2003 = VECTOR ( 'NONE', #2178, 1000.000000000000000 ) ;
#2004 = ADVANCED_FACE ( 'NONE', ( #3114 ), #1525, .T. ) ;
#2005 = DIRECTION ( 'NONE',  ( -0.0000000000000000000, -0.0000000000000000000, 1.000000000000000000 ) ) ;
#2006 = ORIENTED_EDGE ( 'NONE', *, *, #1631, .T. ) ;
#2007 = CARTESIAN_POINT ( 'NONE',  ( 0.9024763690635463400, -43.01994350415367300, 0.0000000000000000000 ) ) ;
#2008 = AXIS2_PLACEMENT_3D ( 'NONE', #3839, #1175, #3247 ) ;
#2009 = ORIENTED_EDGE ( 'NONE', *, *, #3650, .T. ) ;
#2010 = DIRECTION ( 'NONE',  ( 0.0000000000000000000, 1.000000000000000000, 0.0000000000000000000 ) ) ;
#2011 = ORIENTED_EDGE ( 'NONE', *, *, #1565, .T. ) ;
#2012 = VERTEX_POINT ( 'NONE', #1216 ) ;
#2013 = CARTESIAN_POINT ( 'NONE',  ( 72.48181819363557600, -24.25586225604503100, 3.000000000000000400 ) ) ;
#2014 = VERTEX_POINT ( 'NONE', #36 ) ;
#2015 = ORIENTED_EDGE ( 'NONE', *, *, #3427, .F. ) ;
#2016 = ORIENTED_EDGE ( 'NONE', *, *, #615, .F. ) ;
#2017 = CARTESIAN_POINT ( 'NONE',  ( 88.41306620651192800, -62.82531296039196900, 3.000000000000000000 ) ) ;
#2018 = ORIENTED_EDGE ( 'NONE', *, *, #411, .F. ) ;
#2019 = DIRECTION ( 'NONE',  ( -1.000000000000000000, 0.0000000000000000000, -0.0000000000000000000 ) ) ;
#2020 = DIRECTION ( 'NONE',  ( -0.8028525536636866900, 0.5961776388591718500, 0.0000000000000000000 ) ) ;
#2021 = VECTOR ( 'NONE', #2927, 1000.000000000000000 ) ;
#2022 = EDGE_LOOP ( 'NONE', ( #3806, #1560, #3001, #3406 ) ) ;
#2023 = EDGE_CURVE ( 'NONE', #3441, #1640, #1821, .T. ) ;
#2024 = LINE ( 'NONE', #820, #2824 ) ;
#2025 = CARTESIAN_POINT ( 'NONE',  ( -0.0000000000000000000, -15.49999999999999800, 6.000000000000000000 ) ) ;
#2026 = ADVANCED_FACE ( 'NONE', ( #750 ), #2706, .T. ) ;
#2027 = DIRECTION ( 'NONE',  ( 0.5961776388591718500, 0.8028525536636866900, -0.0000000000000000000 ) ) ;
#2028 = CARTESIAN_POINT ( 'NONE',  ( 20.99999999999999300, -15.49999999999999800, 0.0000000000000000000 ) ) ;
#2029 = EDGE_CURVE ( 'NONE', #678, #3795, #3819, .T. ) ;
#2030 = VECTOR ( 'NONE', #2876, 1000.000000000000000 ) ;
#2031 = LINE ( 'NONE', #283, #3620 ) ;
#2032 = LINE ( 'NONE', #771, #3431 ) ;
#2033 = PLANE ( 'NONE',  #1767 ) ;
#2034 = FACE_OUTER_BOUND ( 'NONE', #1240, .T. ) ;
#2035 = DIRECTION ( 'NONE',  ( -0.5961776388591728500, -0.8028525536636859100, 0.0000000000000000000 ) ) ;
#2036 = LINE ( 'NONE', #1195, #3530 ) ;
#2037 = EDGE_LOOP ( 'NONE', ( #28, #3098, #907, #2483 ) ) ;
#2038 = LINE ( 'NONE', #667, #559 ) ;
#2039 = ADVANCED_FACE ( 'NONE', ( #1547 ), #349, .T. ) ;
#2040 = PLANE ( 'NONE',  #627 ) ;
#2041 = EDGE_CURVE ( 'NONE', #1536, #3037, #1451, .T. ) ;
#2042 = VERTEX_POINT ( 'NONE', #951 ) ;
#2043 = VECTOR ( 'NONE', #1412, 1000.000000000000000 ) ;
#2044 = DIRECTION ( 'NONE',  ( -0.8028525536636866900, 0.5961776388591716300, 1.606225440719271500E-016 ) ) ;
#2045 = DIRECTION ( 'NONE',  ( 0.0000000000000000000, 0.0000000000000000000, 1.000000000000000000 ) ) ;
#2046 = CARTESIAN_POINT ( 'NONE',  ( 3.713632190808906500, -59.79999999999999000, 6.000000000000000000 ) ) ;
#2047 = ORIENTED_EDGE ( 'NONE', *, *, #1586, .F. ) ;
#2048 = EDGE_CURVE ( 'NONE', #1344, #719, #3030, .T. ) ;
#2049 = LINE ( 'NONE', #1392, #1269 ) ;
#2050 = DIRECTION ( 'NONE',  ( 0.9396926207859075400, -0.3420201433256709900, 0.0000000000000000000 ) ) ;
#2051 = CARTESIAN_POINT ( 'NONE',  ( 19.68036321520674300, -54.07135354044548600, 0.0000000000000000000 ) ) ;
#2052 = ORIENTED_EDGE ( 'NONE', *, *, #2072, .F. ) ;
#2053 = ORIENTED_EDGE ( 'NONE', *, *, #1806, .T. ) ;
#2054 = AXIS2_PLACEMENT_3D ( 'NONE', #2684, #912, #2978 ) ;
#2055 = DIRECTION ( 'NONE',  ( 1.000000000000000000, 0.0000000000000000000, 0.0000000000000000000 ) ) ;
#2056 = VERTEX_POINT ( 'NONE', #59 ) ;
#2057 = ORIENTED_EDGE ( 'NONE', *, *, #42, .F. ) ;
#2058 = EDGE_LOOP ( 'NONE', ( #1218, #817, #2011, #339, #725, #3415, #3308, #856 ) ) ;
#2059 = DIRECTION ( 'NONE',  ( -1.000000000000000000, -0.0000000000000000000, -0.0000000000000000000 ) ) ;
#2060 = DIRECTION ( 'NONE',  ( 1.239088197126289800E-016, -1.000000000000000000, -0.0000000000000000000 ) ) ;
#2061 = ORIENTED_EDGE ( 'NONE', *, *, #3199, .F. ) ;
#2062 = ORIENTED_EDGE ( 'NONE', *, *, #969, .T. ) ;
#2063 = DIRECTION ( 'NONE',  ( -0.8028525536636866900, 0.5961776388591716300, 1.606225440719271500E-016 ) ) ;
#2064 = EDGE_LOOP ( 'NONE', ( #3087, #1923, #2604, #2211 ) ) ;
#2065 = ADVANCED_FACE ( 'NONE', ( #2238 ), #2130, .T. ) ;
#2066 = DIRECTION ( 'NONE',  ( -0.9396926207859079800, -0.3420201433256699300, 0.0000000000000000000 ) ) ;
#2067 = LINE ( 'NONE', #2730, #1384 ) ;
#2068 = DIRECTION ( 'NONE',  ( -0.8028525536636909000, -0.5961776388591661900, 0.0000000000000000000 ) ) ;
#2069 = CIRCLE ( 'NONE', #821, 2.199999999999982400 ) ;
#2070 = DIRECTION ( 'NONE',  ( 0.0000000000000000000, 1.000000000000000000, 0.0000000000000000000 ) ) ;
#2071 = FACE_BOUND ( 'NONE', #1973, .T. ) ;
#2072 = EDGE_CURVE ( 'NONE', #200, #677, #1358, .T. ) ;
#2073 = DIRECTION ( 'NONE',  ( 1.020425574104003300E-016, -1.000000000000000000, -0.0000000000000000000 ) ) ;
#2074 = EDGE_CURVE ( 'NONE', #989, #798, #3723, .T. ) ;
#2075 = DIRECTION ( 'NONE',  ( -0.0000000000000000000, 1.000000000000000000, -0.0000000000000000000 ) ) ;
#2076 = ORIENTED_EDGE ( 'NONE', *, *, #615, .T. ) ;
#2077 = LINE ( 'NONE', #3811, #3571 ) ;
#2078 = AXIS2_PLACEMENT_3D ( 'NONE', #128, #3639, #3565 ) ;
#2079 = VECTOR ( 'NONE', #1493, 1000.000000000000000 ) ;
#2080 = ADVANCED_FACE ( 'NONE', ( #2141 ), #2840, .T. ) ;
#2081 = DIRECTION ( 'NONE',  ( -0.0000000000000000000, -0.0000000000000000000, 1.000000000000000000 ) ) ;
#2082 = LINE ( 'NONE', #1895, #420 ) ;
#2083 = DIRECTION ( 'NONE',  ( -0.5770316808649984500, -0.8167217636858433700, 0.0000000000000000000 ) ) ;
#2084 = PLANE ( 'NONE',  #3407 ) ;
#2085 = FACE_OUTER_BOUND ( 'NONE', #3261, .T. ) ;
#2086 = DIRECTION ( 'NONE',  ( 0.8028525536636859100, -0.5961776388591729600, 0.0000000000000000000 ) ) ;
#2087 = DIRECTION ( 'NONE',  ( -0.0000000000000000000, -0.0000000000000000000, 1.000000000000000000 ) ) ;
#2088 = ORIENTED_EDGE ( 'NONE', *, *, #3372, .T. ) ;
#2089 = DIRECTION ( 'NONE',  ( 0.5961776388591658600, 0.8028525536636911300, 0.0000000000000000000 ) ) ;
#2090 = VECTOR ( 'NONE', #1728, 1000.000000000000000 ) ;
#2091 = SURFACE_SIDE_STYLE ('',( #2580 ) ) ;
#2092 = VERTEX_POINT ( 'NONE', #2446 ) ;
#2093 = LINE ( 'NONE', #3264, #1410 ) ;
#2094 = CARTESIAN_POINT ( 'NONE',  ( 91.41922738029927600, -64.58967151868849000, 0.0000000000000000000 ) ) ;
#2095 = EDGE_CURVE ( 'NONE', #3795, #3791, #471, .T. ) ;
#2096 = ORIENTED_EDGE ( 'NONE', *, *, #2920, .T. ) ;
#2097 = LINE ( 'NONE', #3370, #2798 ) ;
#2098 = ORIENTED_EDGE ( 'NONE', *, *, #732, .T. ) ;
#2099 = CARTESIAN_POINT ( 'NONE',  ( 56.59999999999999400, 1.999999999999999100, 0.0000000000000000000 ) ) ;
#2100 = CARTESIAN_POINT ( 'NONE',  ( 85.09752363093645000, -43.01994350415368000, 0.0000000000000000000 ) ) ;
#2101 = EDGE_CURVE ( 'NONE', #3354, #1464, #2038, .T. ) ;
#2102 = ADVANCED_FACE ( 'NONE', ( #1170 ), #3339, .T. ) ;
#2103 = CARTESIAN_POINT ( 'NONE',  ( 3.713632190808906500, -59.79999999999999000, 6.000000000000000000 ) ) ;
#2104 = ORIENTED_EDGE ( 'NONE', *, *, #1659, .T. ) ;
#2105 = AXIS2_PLACEMENT_3D ( 'NONE', #2409, #2710, #3016 ) ;
#2106 = ORIENTED_EDGE ( 'NONE', *, *, #3372, .F. ) ;
#2107 = ORIENTED_EDGE ( 'NONE', *, *, #218, .T. ) ;
#2108 = ORIENTED_EDGE ( 'NONE', *, *, #3389, .T. ) ;
#2109 = AXIS2_PLACEMENT_3D ( 'NONE', #1931, #2231, #456 ) ;
#2110 = DIRECTION ( 'NONE',  ( -0.0000000000000000000, 0.0000000000000000000, 1.000000000000000000 ) ) ;
#2111 = ORIENTED_EDGE ( 'NONE', *, *, #1540, .T. ) ;
#2112 = ORIENTED_EDGE ( 'NONE', *, *, #3012, .F. ) ;
#2113 = DIRECTION ( 'NONE',  ( 0.0000000000000000000, -0.0000000000000000000, -1.000000000000000000 ) ) ;
#2114 = DIRECTION ( 'NONE',  ( 0.5770316808649985600, -0.8167217636858432600, 0.0000000000000000000 ) ) ;
#2115 = CARTESIAN_POINT ( 'NONE',  ( 55.49999999999999300, -0.5000000000000000000, 0.4999999999999987200 ) ) ;
#2116 = VECTOR ( 'NONE', #2291, 999.9999999999998900 ) ;
#2117 = DIRECTION ( 'NONE',  ( -0.0000000000000000000, -0.0000000000000000000, 1.000000000000000000 ) ) ;
#2118 = CARTESIAN_POINT ( 'NONE',  ( 63.00000000000000000, 5.000000000000000000, 6.000000000000000000 ) ) ;
#2119 = DIRECTION ( 'NONE',  ( 0.5961776388591718500, 0.8028525536636866900, 0.0000000000000000000 ) ) ;
#2120 = LINE ( 'NONE', #110, #3615 ) ;
#2121 = EDGE_CURVE ( 'NONE', #3728, #2944, #1263, .T. ) ;
#2122 = ORIENTED_EDGE ( 'NONE', *, *, #1016, .F. ) ;
#2123 = ADVANCED_FACE ( 'NONE', ( #382 ), #983, .T. ) ;
#2124 = DIRECTION ( 'NONE',  ( -0.8028525536636855800, 0.5961776388591733000, 0.0000000000000000000 ) ) ;
#2125 = VECTOR ( 'NONE', #30, 1000.000000000000000 ) ;
#2126 = EDGE_CURVE ( 'NONE', #1881, #858, #1865, .T. ) ;
#2127 = CARTESIAN_POINT ( 'NONE',  ( 89.03150114388850500, -58.30231194024704400, 3.000000000000000000 ) ) ;
#2128 = LINE ( 'NONE', #3111, #1350 ) ;
#2129 =( LENGTH_UNIT ( ) NAMED_UNIT ( * ) SI_UNIT ( .MILLI., .METRE. ) );
#2130 = PLANE ( 'NONE',  #399 ) ;
#2131 = VERTEX_POINT ( 'NONE', #3658 ) ;
#2132 = DIRECTION ( 'NONE',  ( 0.0000000000000000000, 1.000000000000000000, 0.0000000000000000000 ) ) ;
#2133 = AXIS2_PLACEMENT_3D ( 'NONE', #1641, #1363, #3432 ) ;
#2134 = LINE ( 'NONE', #797, #1259 ) ;
#2135 = AXIS2_PLACEMENT_3D ( 'NONE', #149, #2786, #443 ) ;
#2136 = DIRECTION ( 'NONE',  ( -0.8028525536636854600, 0.5961776388591734100, 0.0000000000000000000 ) ) ;
#2137 = LINE ( 'NONE', #1487, #1448 ) ;
#2138 = CARTESIAN_POINT ( 'NONE',  ( -1.458002945024855400E-013, -35.70311814900876600, 6.000000000000000000 ) ) ;
#2139 = PRODUCT_DEFINITION ( 'UNKNOWN', '', #3334, #521 ) ;
#2140 = VERTEX_POINT ( 'NONE', #2170 ) ;
#2141 = FACE_OUTER_BOUND ( 'NONE', #1627, .T. ) ;
#2142 = PLANE ( 'NONE',  #1295 ) ;
#2144 = LINE ( 'NONE', #95, #1360 ) ;
#2143 = DIRECTION ( 'NONE',  ( 0.0000000000000000000, 0.0000000000000000000, 1.000000000000000000 ) ) ;
#2145 = ORIENTED_EDGE ( 'NONE', *, *, #1631, .F. ) ;
#2146 = CARTESIAN_POINT ( 'NONE',  ( 5.713632190808906100, -68.73101329783214900, 1.499999999999999600 ) ) ;
#2147 = VECTOR ( 'NONE', #2794, 999.9999999999998900 ) ;
#2148 = ORIENTED_EDGE ( 'NONE', *, *, #969, .F. ) ;
#2149 = FACE_OUTER_BOUND ( 'NONE', #2717, .T. ) ;
#2150 = ORIENTED_EDGE ( 'NONE', *, *, #2234, .F. ) ;
#2151 = CARTESIAN_POINT ( 'NONE',  ( 56.59999999999999400, 5.000000000000000000, 0.0000000000000000000 ) ) ;
#2152 = EDGE_CURVE ( 'NONE', #989, #3281, #1077, .T. ) ;
#2153 = DIRECTION ( 'NONE',  ( 0.0000000000000000000, 0.0000000000000000000, 1.000000000000000000 ) ) ;
#2154 = ORIENTED_EDGE ( 'NONE', *, *, #988, .F. ) ;
#2155 = EDGE_CURVE ( 'NONE', #1789, #566, #3438, .T. ) ;
#2156 = ORIENTED_EDGE ( 'NONE', *, *, #3650, .F. ) ;
#2157 = APPLICATION_PROTOCOL_DEFINITION ( 'draft international standard', 'automotive_design', 1998, #3042 ) ;
#2158 = ORIENTED_EDGE ( 'NONE', *, *, #17, .T. ) ;
#2159 = ORIENTED_EDGE ( 'NONE', *, *, #944, .T. ) ;
#2160 = CARTESIAN_POINT ( 'NONE',  ( -8.594213839345641800, -23.61240846156644900, 6.000000000000000000 ) ) ;
#2161 = ORIENTED_EDGE ( 'NONE', *, *, #1017, .F. ) ;
#2162 = PLANE ( 'NONE',  #53 ) ;
#2163 = EDGE_LOOP ( 'NONE', ( #2531, #628, #425, #27 ) ) ;
#2164 = EDGE_LOOP ( 'NONE', ( #3556, #816, #2987, #2575 ) ) ;
#2165 = ORIENTED_EDGE ( 'NONE', *, *, #267, .F. ) ;
#2166 = AXIS2_PLACEMENT_3D ( 'NONE', #2379, #306, #2964 ) ;
#2167 = LINE ( 'NONE', #342, #583 ) ;
#2168 = CARTESIAN_POINT ( 'NONE',  ( 16.43229810510806000, -17.10967962491976400, 1.300000000000001800 ) ) ;
#2169 = LINE ( 'NONE', #599, #1385 ) ;
#2170 = CARTESIAN_POINT ( 'NONE',  ( 10.75580118065839300, -35.70311814900907200, 6.000000000000000000 ) ) ;
#2171 = VECTOR ( 'NONE', #752, 1000.000000000000100 ) ;
#2172 = CARTESIAN_POINT ( 'NONE',  ( 26.08289971752134300, -71.66217800778882500, 0.0000000000000000000 ) ) ;
#2173 = ORIENTED_EDGE ( 'NONE', *, *, #3225, .T. ) ;
#2174 = ORIENTED_EDGE ( 'NONE', *, *, #3122, .F. ) ;
#2175 = DIRECTION ( 'NONE',  ( 0.5961776388591718500, 0.8028525536636866900, 0.0000000000000000000 ) ) ;
#2176 = LINE ( 'NONE', #530, #2969 ) ;
#2177 = EDGE_CURVE ( 'NONE', #2056, #3136, #2648, .T. ) ;
#2178 = DIRECTION ( 'NONE',  ( 0.8028525536636909000, 0.5961776388591661900, 8.031127203596350300E-017 ) ) ;
#2179 = VECTOR ( 'NONE', #1189, 1000.000000000000000 ) ;
#2180 = EDGE_CURVE ( 'NONE', #1123, #3654, #290, .T. ) ;
#2181 = CARTESIAN_POINT ( 'NONE',  ( 0.0000000000000000000, -71.29999999999999700, 6.000000000000000000 ) ) ;
#2182 = LINE ( 'NONE', #2172, #2271 ) ;
#2183 = CARTESIAN_POINT ( 'NONE',  ( 75.02719015879687000, -40.52420798858359100, 4.699999999999998400 ) ) ;
#2184 = DIRECTION ( 'NONE',  ( -0.0000000000000000000, -0.0000000000000000000, 1.000000000000000000 ) ) ;
#2185 = CARTESIAN_POINT ( 'NONE',  ( 82.71281307549975300, -58.59245172449184500, 4.700000000000001100 ) ) ;
#2186 = LINE ( 'NONE', #3401, #608 ) ;
#2187 = DIRECTION ( 'NONE',  ( 0.0000000000000000000, 1.000000000000000000, 0.0000000000000000000 ) ) ;
#2188 = EDGE_LOOP ( 'NONE', ( #1744, #3213, #1689, #1648, #2006, #2967, #3138, #438, #2509, #2895, #1052, #952, #3610, #78, #3120, #995, #769, #3124, #3665, #3050, #1136, #3206, #1235, #164, #1630, #448, #3840, #1460, #2173, #3744, #760, #1293, #2165, #1048, #3112, #1924, #861, #1549, #360, #3748, #2148, #371, #1277, #1466, #2778, #490, #2434, #2237, #1833, #766, #1457, #2530, #2858, #476, #2496, #1966, #2851, #1893, #3461, #2337, #3722, #1740, #672 ) ) ;
#2189 = CARTESIAN_POINT ( 'NONE',  ( 5.000485530211658000, -66.29999999999999700, 5.500000000000000000 ) ) ;
#2190 = VECTOR ( 'NONE', #1716, 1000.000000000000100 ) ;
#2191 = CARTESIAN_POINT ( 'NONE',  ( 82.71281307549975300, -58.59245172449184500, 4.700000000000001100 ) ) ;
#2192 = CARTESIAN_POINT ( 'NONE',  ( 29.49999999999999300, -0.5000000000000000000, 0.4999999999999987200 ) ) ;
#2193 = VERTEX_POINT ( 'NONE', #3669 ) ;
#2194 = LINE ( 'NONE', #1774, #618 ) ;
#2195 = DIRECTION ( 'NONE',  ( 0.5961776388591718500, 0.8028525536636866900, -0.0000000000000000000 ) ) ;
#2196 = ORIENTED_EDGE ( 'NONE', *, *, #3672, .T. ) ;
#2197 = DIRECTION ( 'NONE',  ( 0.0000000000000000000, 1.000000000000000000, 0.0000000000000000000 ) ) ;
#2198 = DIRECTION ( 'NONE',  ( 0.0000000000000000000, -1.000000000000000000, 0.0000000000000000000 ) ) ;
#2199 = ORIENTED_EDGE ( 'NONE', *, *, #465, .T. ) ;
#2200 = EDGE_CURVE ( 'NONE', #2347, #2042, #985, .T. ) ;
#2201 = ORIENTED_EDGE ( 'NONE', *, *, #1138, .T. ) ;
#2202 = CARTESIAN_POINT ( 'NONE',  ( 15.28445742442452400, -22.94427145055486500, 3.000000000000000000 ) ) ;
#2203 = EDGE_CURVE ( 'NONE', #1127, #200, #3253, .T. ) ;
#2204 = EDGE_CURVE ( 'NONE', #1804, #1019, #2462, .T. ) ;
#2205 = ORIENTED_EDGE ( 'NONE', *, *, #1855, .T. ) ;
#2206 = EDGE_LOOP ( 'NONE', ( #2463, #2859, #918, #2281 ) ) ;
#2207 = DIRECTION ( 'NONE',  ( 0.0000000000000000000, -1.000000000000000000, 0.0000000000000000000 ) ) ;
#2208 = ORIENTED_EDGE ( 'NONE', *, *, #3488, .F. ) ;
#2209 = AXIS2_PLACEMENT_3D ( 'NONE', #2181, #3216, #1917 ) ;
#2210 = EDGE_LOOP ( 'NONE', ( #1773, #1381, #2478, #1593 ) ) ;
#2211 = ORIENTED_EDGE ( 'NONE', *, *, #65, .F. ) ;
#2212 = VECTOR ( 'NONE', #225, 1000.000000000000000 ) ;
#2213 = CARTESIAN_POINT ( 'NONE',  ( 0.0000000000000000000, -71.29999999999999700, 6.000000000000000000 ) ) ;
#2214 = CARTESIAN_POINT ( 'NONE',  ( 29.49999999999999600, -15.49999999999999800, 0.4999999999999982800 ) ) ;
#2215 = VECTOR ( 'NONE', #3612, 1000.000000000000000 ) ;
#2216 = ORIENTED_EDGE ( 'NONE', *, *, #376, .F. ) ;
#2217 = DIRECTION ( 'NONE',  ( -1.000000000000000000, -4.083685181052837400E-015, 0.0000000000000000000 ) ) ;
#2218 = DIRECTION ( 'NONE',  ( -0.1843276598161816300, 0.9828648502346037900, -0.0000000000000000000 ) ) ;
#2219 = PLANE ( 'NONE',  #743 ) ;
#2220 = ORIENTED_EDGE ( 'NONE', *, *, #2499, .T. ) ;
#2221 = VECTOR ( 'NONE', #3596, 1000.000000000000000 ) ;
#2222 = DIRECTION ( 'NONE',  ( -1.355252715606880000E-016, 1.000000000000000000, 0.0000000000000000000 ) ) ;
#2223 = CARTESIAN_POINT ( 'NONE',  ( 10.97280984120312800, -40.52420798858360500, 1.299999999999998500 ) ) ;
#2224 = CARTESIAN_POINT ( 'NONE',  ( 15.00000000000000400, -32.20000000000000300, 6.000000000000000000 ) ) ;
#2225 = DIRECTION ( 'NONE',  ( -0.0000000000000000000, -0.0000000000000000000, 1.000000000000000000 ) ) ;
#2226 = CARTESIAN_POINT ( 'NONE',  ( 55.49999999999999300, -15.49999999999999800, 5.500000000000000000 ) ) ;
#2227 = CIRCLE ( 'NONE', #1099, 2.199999999999988200 ) ;
#2228 = DIRECTION ( 'NONE',  ( 0.0000000000000000000, 0.0000000000000000000, -1.000000000000000000 ) ) ;
#2229 = LINE ( 'NONE', #1359, #653 ) ;
#2230 = EDGE_CURVE ( 'NONE', #1882, #2839, #1673, .T. ) ;
#2231 = DIRECTION ( 'NONE',  ( 0.8028525536636890200, 0.5961776388591687500, 0.0000000000000000000 ) ) ;
#2232 =( LENGTH_UNIT ( ) NAMED_UNIT ( * ) SI_UNIT ( .MILLI., .METRE. ) );
#2233 = LINE ( 'NONE', #3860, #654 ) ;
#2234 = EDGE_CURVE ( 'NONE', #2623, #3184, #105, .T. ) ;
#2235 = CARTESIAN_POINT ( 'NONE',  ( 0.0000000000000000000, -15.49999999999999800, 0.0000000000000000000 ) ) ;
#2236 = CARTESIAN_POINT ( 'NONE',  ( 65.01528944456329400, -18.71141021465473400, 1.300000000000002000 ) ) ;
#2237 = ORIENTED_EDGE ( 'NONE', *, *, #2897, .F. ) ;
#2238 = FACE_OUTER_BOUND ( 'NONE', #211, .T. ) ;
#2239 = CARTESIAN_POINT ( 'NONE',  ( 70.71554257557546900, -22.94427145055485400, 3.000000000000000000 ) ) ;
#2240 = AXIS2_PLACEMENT_3D ( 'NONE', #3129, #2543, #775 ) ;
#2241 = ORIENTED_EDGE ( 'NONE', *, *, #2679, .F. ) ;
#2242 = FACE_OUTER_BOUND ( 'NONE', #75, .T. ) ;
#2243 = CARTESIAN_POINT ( 'NONE',  ( 67.40000000000000600, -15.49999999999999600, 0.0000000000000000000 ) ) ;
#2244 = EDGE_LOOP ( 'NONE', ( #1530, #1147, #1825, #3172 ) ) ;
#2245 = DIRECTION ( 'NONE',  ( -0.3420201433256701000, -0.9396926207859078700, 0.0000000000000000000 ) ) ;
#2246 = LINE ( 'NONE', #3150, #3733 ) ;
#2247 = ORIENTED_EDGE ( 'NONE', *, *, #1238, .T. ) ;
#2248 = VERTEX_POINT ( 'NONE', #1023 ) ;
#2249 = DIRECTION ( 'NONE',  ( 0.0000000000000000000, 0.0000000000000000000, -1.000000000000000000 ) ) ;
#2250 = ORIENTED_EDGE ( 'NONE', *, *, #1835, .F. ) ;
#2251 = ORIENTED_EDGE ( 'NONE', *, *, #1311, .F. ) ;
#2252 = EDGE_CURVE ( 'NONE', #2726, #2092, #2373, .T. ) ;
#2253 = ORIENTED_EDGE ( 'NONE', *, *, #761, .F. ) ;
#2254 = ORIENTED_EDGE ( 'NONE', *, *, #2791, .F. ) ;
#2255 = ORIENTED_EDGE ( 'NONE', *, *, #2155, .F. ) ;
#2256 = CARTESIAN_POINT ( 'NONE',  ( 75.02719015879687000, -40.52420798858359100, 1.299999999999998500 ) ) ;
#2257 = EDGE_CURVE ( 'NONE', #166, #2619, #796, .T. ) ;
#2258 = VERTEX_POINT ( 'NONE', #1906 ) ;
#2259 = LINE ( 'NONE', #936, #172 ) ;
#2260 = CARTESIAN_POINT ( 'NONE',  ( 18.65430278522965300, -51.25227567808773400, 6.000000000000000000 ) ) ;
#2261 = VECTOR ( 'NONE', #1535, 1000.000000000000000 ) ;
#2262 = DIRECTION ( 'NONE',  ( -1.000000000000000000, 0.0000000000000000000, 0.0000000000000000000 ) ) ;
#2263 = LINE ( 'NONE', #1928, #3056 ) ;
#2264 = DIRECTION ( 'NONE',  ( 0.5961776388591718500, 0.8028525536636866900, -0.0000000000000000000 ) ) ;
#2265 = ADVANCED_FACE ( 'NONE', ( #2977 ), #433, .F. ) ;
#2266 = CARTESIAN_POINT ( 'NONE',  ( 74.86652874907225900, -21.04445204139028600, 3.000000000000000400 ) ) ;
#2267 = ORIENTED_EDGE ( 'NONE', *, *, #970, .F. ) ;
#2268 = VECTOR ( 'NONE', #516, 1000.000000000000200 ) ;
#2269 = VECTOR ( 'NONE', #2059, 1000.000000000000000 ) ;
#2270 = DIRECTION ( 'NONE',  ( -0.3420201433256699300, 0.9396926207859079800, 0.0000000000000000000 ) ) ;
#2271 = VECTOR ( 'NONE', #103, 1000.000000000000000 ) ;
#2272 = EDGE_CURVE ( 'NONE', #123, #858, #3068, .T. ) ;
#2273 = EDGE_CURVE ( 'NONE', #2140, #1993, #2186, .T. ) ;
#2274 = VECTOR ( 'NONE', #3385, 1000.000000000000000 ) ;
#2275 = VERTEX_POINT ( 'NONE', #2476 ) ;
#2276 = AXIS2_PLACEMENT_3D ( 'NONE', #2826, #1258, #3113 ) ;
#2277 = LINE ( 'NONE', #1440, #1406 ) ;
#2278 = ADVANCED_FACE ( 'NONE', ( #1502 ), #1623, .T. ) ;
#2279 = CARTESIAN_POINT ( 'NONE',  ( 55.49999999999999300, 0.0000000000000000000, 6.000000000000000000 ) ) ;
#2280 = VERTEX_POINT ( 'NONE', #1035 ) ;
#2281 = ORIENTED_EDGE ( 'NONE', *, *, #3297, .F. ) ;
#2282 = VECTOR ( 'NONE', #874, 1000.000000000000100 ) ;
#2283 = AXIS2_PLACEMENT_3D ( 'NONE', #2577, #3176, #504 ) ;
#2284 = PLANE ( 'NONE',  #77 ) ;
#2285 = VERTEX_POINT ( 'NONE', #1049 ) ;
#2286 = ORIENTED_EDGE ( 'NONE', *, *, #837, .F. ) ;
#2287 = PLANE ( 'NONE',  #1572 ) ;
#2288 = DIRECTION ( 'NONE',  ( 0.5961776388591687500, -0.8028525536636890200, 0.0000000000000000000 ) ) ;
#2289 = DIRECTION ( 'NONE',  ( -0.5961776388591687500, 0.8028525536636890200, -0.0000000000000000000 ) ) ;
#2290 = ORIENTED_EDGE ( 'NONE', *, *, #462, .F. ) ;
#2291 = DIRECTION ( 'NONE',  ( 0.2814915317474716000, -0.9595637120871455300, -0.0000000000000000000 ) ) ;
#2292 = PLANE ( 'NONE',  #2482 ) ;
#2293 = ORIENTED_EDGE ( 'NONE', *, *, #3395, .T. ) ;
#2294 = VERTEX_POINT ( 'NONE', #2823 ) ;
#2295 = ORIENTED_EDGE ( 'NONE', *, *, #3389, .F. ) ;
#2296 = CARTESIAN_POINT ( 'NONE',  ( 78.28511156832199400, -52.66212673123886400, 0.0000000000000000000 ) ) ;
#2297 = EDGE_CURVE ( 'NONE', #1228, #3502, #1403, .T. ) ;
#2298 = ORIENTED_EDGE ( 'NONE', *, *, #2828, .F. ) ;
#2299 = ORIENTED_EDGE ( 'NONE', *, *, #1338, .F. ) ;
#2300 = DIRECTION ( 'NONE',  ( 0.0000000000000000000, 0.0000000000000000000, -1.000000000000000000 ) ) ;
#2301 = ADVANCED_FACE ( 'NONE', ( #2085 ), #3717, .F. ) ;
#2302 = CARTESIAN_POINT ( 'NONE',  ( 84.88051497039170100, -60.20213134941160100, 4.700000000000001100 ) ) ;
#2303 = CARTESIAN_POINT ( 'NONE',  ( 10.75580118065839300, -35.70311814900907200, 1.299999999999998700 ) ) ;
#2304 = VECTOR ( 'NONE', #3797, 1000.000000000000000 ) ;
#2305 = CARTESIAN_POINT ( 'NONE',  ( 54.59999999999999400, 5.000000000000000000, 6.000000000000000000 ) ) ;
#2306 = EDGE_CURVE ( 'NONE', #2769, #1536, #3582, .T. ) ;
#2307 = CARTESIAN_POINT ( 'NONE',  ( 77.41190071423353900, -37.31279777392883500, 4.699999999999998400 ) ) ;
#2308 = DIRECTION ( 'NONE',  ( 0.5961776388591718500, 0.8028525536636866900, -0.0000000000000000000 ) ) ;
#2309 = DIRECTION ( 'NONE',  ( -0.8028525536636891300, 0.5961776388591683000, 0.0000000000000000000 ) ) ;
#2310 = EDGE_LOOP ( 'NONE', ( #2480, #2690, #2047, #2765, #2618, #3321 ) ) ;
#2311 = CARTESIAN_POINT ( 'NONE',  ( 3.713632190808906900, -66.29999999999999700, 1.499999999999999600 ) ) ;
#2312 = LINE ( 'NONE', #2094, #1538 ) ;
#2313 = CIRCLE ( 'NONE', #3763, 2.199999999999990900 ) ;
#2314 = DIRECTION ( 'NONE',  ( 0.5961776388591729600, 0.8028525536636859100, -0.0000000000000000000 ) ) ;
#2315 = VECTOR ( 'NONE', #3115, 1000.000000000000000 ) ;
#2316 = DIRECTION ( 'NONE',  ( -0.0000000000000000000, -0.0000000000000000000, 1.000000000000000000 ) ) ;
#2317 = ADVANCED_FACE ( 'NONE', ( #1991 ), #1402, .T. ) ;
#2318 = PLANE ( 'NONE',  #3608 ) ;
#2319 = CARTESIAN_POINT ( 'NONE',  ( 85.09752363093645000, -55.38104150983709000, 0.0000000000000000000 ) ) ;
#2320 = LINE ( 'NONE', #592, #2923 ) ;
#2321 = EDGE_CURVE ( 'NONE', #798, #1665, #511, .T. ) ;
#2322 = EDGE_LOOP ( 'NONE', ( #2150, #3474, #402, #68 ) ) ;
#2323 = VECTOR ( 'NONE', #3312, 1000.000000000000100 ) ;
#2324 = EDGE_CURVE ( 'NONE', #756, #748, #2785, .T. ) ;
#2325 = DIRECTION ( 'NONE',  ( -0.8028525536636878000, 0.5961776388591703000, 0.0000000000000000000 ) ) ;
#2326 = VERTEX_POINT ( 'NONE', #2883 ) ;
#2327 = DIRECTION ( 'NONE',  ( -0.0000000000000000000, -0.0000000000000000000, 1.000000000000000000 ) ) ;
#2328 = VECTOR ( 'NONE', #119, 1000.000000000000000 ) ;
#2329 = AXIS2_PLACEMENT_3D ( 'NONE', #1086, #3155, #1390 ) ;
#2330 = AXIS2_PLACEMENT_3D ( 'NONE', #1146, #3403, #3257 ) ;
#2331 = VERTEX_POINT ( 'NONE', #1705 ) ;
#2332 = FACE_OUTER_BOUND ( 'NONE', #3219, .T. ) ;
#2333 = CARTESIAN_POINT ( 'NONE',  ( 70.14667518840518300, -35.70311814900905000, 6.000000000000000000 ) ) ;
#2334 = CARTESIAN_POINT ( 'NONE',  ( 72.85948826390490800, -38.91452836366384800, 1.299999999999998700 ) ) ;
#2335 = ORIENTED_EDGE ( 'NONE', *, *, #869, .F. ) ;
#2336 = DIRECTION ( 'NONE',  ( -0.9372351266352605400, -0.3486980318283817200, 0.0000000000000000000 ) ) ;
#2337 = ORIENTED_EDGE ( 'NONE', *, *, #3012, .T. ) ;
#2338 = DIRECTION ( 'NONE',  ( 0.0000000000000000000, 0.0000000000000000000, 1.000000000000000000 ) ) ;
#2339 = CARTESIAN_POINT ( 'NONE',  ( 3.713632190808906500, -62.79999999999999700, 1.499999999999999600 ) ) ;
#2340 = ADVANCED_FACE ( 'NONE', ( #3481 ), #815, .T. ) ;
#2341 = CARTESIAN_POINT ( 'NONE',  ( 0.0000000000000000000, 0.0000000000000000000, 0.0000000000000000000 ) ) ;
#2342 = EDGE_LOOP ( 'NONE', ( #3049, #1169, #1617, #2652, #3265, #3044, #571, #546 ) ) ;
#2343 = ORIENTED_EDGE ( 'NONE', *, *, #1706, .F. ) ;
#2344 = VERTEX_POINT ( 'NONE', #233 ) ;
#2345 = VERTEX_POINT ( 'NONE', #1126 ) ;
#2346 = ORIENTED_EDGE ( 'NONE', *, *, #3630, .F. ) ;
#2347 = VERTEX_POINT ( 'NONE', #2303 ) ;
#2348 = DIRECTION ( 'NONE',  ( -0.0000000000000000000, 0.0000000000000000000, -1.000000000000000000 ) ) ;
#2349 = FACE_OUTER_BOUND ( 'NONE', #137, .T. ) ;
#2350 = EDGE_CURVE ( 'NONE', #2275, #1958, #2701, .T. ) ;
#2351 = DIRECTION ( 'NONE',  ( -0.0000000000000000000, -0.0000000000000000000, 1.000000000000000000 ) ) ;
#2352 = EDGE_CURVE ( 'NONE', #2042, #1242, #3677, .T. ) ;
#2353 = CARTESIAN_POINT ( 'NONE',  ( 72.85948826390490800, -38.91452836366384800, 1.299999999999998700 ) ) ;
#2354 = LINE ( 'NONE', #1453, #2261 ) ;
#2355 = DIRECTION ( 'NONE',  ( 0.5961776388591684100, 0.8028525536636892400, 0.0000000000000000000 ) ) ;
#2356 = VERTEX_POINT ( 'NONE', #830 ) ;
#2357 = CARTESIAN_POINT ( 'NONE',  ( 85.09752363093645000, -55.38104150983709000, 0.0000000000000000000 ) ) ;
#2358 = CARTESIAN_POINT ( 'NONE',  ( 0.0000000000000000000, -0.5000000000000000000, 0.0000000000000000000 ) ) ;
#2359 = VECTOR ( 'NONE', #108, 1000.000000000000000 ) ;
#2360 = LINE ( 'NONE', #2115, #3854 ) ;
#2361 = ORIENTED_EDGE ( 'NONE', *, *, #2297, .T. ) ;
#2362 = ADVANCED_FACE ( 'NONE', ( #1215 ), #2612, .F. ) ;
#2363 = CARTESIAN_POINT ( 'NONE',  ( 16.43229810510806000, -17.10967962491976400, 4.700000000000002000 ) ) ;
#2364 = AXIS2_PLACEMENT_3D ( 'NONE', #909, #18, #2681 ) ;
#2365 = VECTOR ( 'NONE', #807, 1000.000000000000000 ) ;
#2366 = DIRECTION ( 'NONE',  ( -0.1843276598161816000, -0.9828648502346037900, 0.0000000000000000000 ) ) ;
#2367 = LINE ( 'NONE', #556, #1581 ) ;
#2368 = PLANE ( 'NONE',  #2412 ) ;
#2369 = CARTESIAN_POINT ( 'NONE',  ( 56.59999999999999400, 1.999999999999999100, 0.0000000000000000000 ) ) ;
#2370 = CARTESIAN_POINT ( 'NONE',  ( 17.05073304248462700, -21.63268064506469200, 3.000000000000000400 ) ) ;
#2371 = LINE ( 'NONE', #2447, #1499 ) ;
#2372 = PLANE ( 'NONE',  #2805 ) ;
#2373 = LINE ( 'NONE', #1314, #2274 ) ;
#2374 = CARTESIAN_POINT ( 'NONE',  ( 0.0000000000000000000, 0.0000000000000000000, 0.4999999999999982800 ) ) ;
#2375 = CARTESIAN_POINT ( 'NONE',  ( 15.85332481159480800, -35.70311814900905700, 0.0000000000000000000 ) ) ;
#2376 = EDGE_CURVE ( 'NONE', #2275, #2258, #1816, .T. ) ;
#2377 = VERTEX_POINT ( 'NONE', #3208 ) ;
#2378 = FACE_OUTER_BOUND ( 'NONE', #1310, .T. ) ;
#2379 = CARTESIAN_POINT ( 'NONE',  ( 25.24999999999999300, 2.700000000000000200, 2.999999999999999600 ) ) ;
#2380 = DIRECTION ( 'NONE',  ( -0.8028525536636892400, 0.5961776388591684100, 0.0000000000000000000 ) ) ;
#2381 = CARTESIAN_POINT ( 'NONE',  ( 35.94668027364903700, -66.29351599629060800, 0.0000000000000000000 ) ) ;
#2382 = ORIENTED_EDGE ( 'NONE', *, *, #2403, .T. ) ;
#2383 = EDGE_CURVE ( 'NONE', #3376, #3259, #3388, .T. ) ;
#2384 = VECTOR ( 'NONE', #3224, 1000.000000000000000 ) ;
#2385 = ADVANCED_FACE ( 'NONE', ( #237 ), #943, .F. ) ;
#2386 = CARTESIAN_POINT ( 'NONE',  ( 67.18299133945524200, -20.32108983957449800, 4.700000000000002000 ) ) ;
#2387 = ORIENTED_EDGE ( 'NONE', *, *, #1925, .F. ) ;
#2388 = VERTEX_POINT ( 'NONE', #2922 ) ;
#2389 = AXIS2_PLACEMENT_3D ( 'NONE', #1920, #445, #2515 ) ;
#2390 = VERTEX_POINT ( 'NONE', #1157 ) ;
#2391 = CARTESIAN_POINT ( 'NONE',  ( 5.713632190808906100, -68.73101329783214900, 1.499999999999999600 ) ) ;
#2392 = DIRECTION ( 'NONE',  ( 0.5961776388591729600, 0.8028525536636859100, -0.0000000000000000000 ) ) ;
#2393 = ORIENTED_EDGE ( 'NONE', *, *, #614, .F. ) ;
#2394 = EDGE_LOOP ( 'NONE', ( #558, #2438, #2158, #472 ) ) ;
#2395 = ORIENTED_EDGE ( 'NONE', *, *, #792, .T. ) ;
#2396 = DIRECTION ( 'NONE',  ( -0.9396926207859077600, 0.3420201433256704900, 0.0000000000000000000 ) ) ;
#2397 = ORIENTED_EDGE ( 'NONE', *, *, #1976, .F. ) ;
#2398 = ORIENTED_EDGE ( 'NONE', *, *, #1605, .T. ) ;
#2399 = LINE ( 'NONE', #1095, #826 ) ;
#2400 = EDGE_CURVE ( 'NONE', #1886, #1273, #2505, .T. ) ;
#2401 = ADVANCED_FACE ( 'NONE', ( #3204, #1031 ), #3828, .F. ) ;
#2402 = DIRECTION ( 'NONE',  ( 1.000000000000000000, -0.0000000000000000000, 1.224646799147353200E-016 ) ) ;
#2403 = EDGE_CURVE ( 'NONE', #3359, #123, #1625, .T. ) ;
#2404 = CARTESIAN_POINT ( 'NONE',  ( 8.713632190808905200, -69.29999999999999700, 5.500000000000000000 ) ) ;
#2405 = EDGE_CURVE ( 'NONE', #1969, #933, #2415, .T. ) ;
#2406 = DIRECTION ( 'NONE',  ( -0.0000000000000000000, -0.0000000000000000000, 1.000000000000000000 ) ) ;
#2407 = ORIENTED_EDGE ( 'NONE', *, *, #465, .F. ) ;
#2408 = LINE ( 'NONE', #3570, #414 ) ;
#2409 = CARTESIAN_POINT ( 'NONE',  ( 25.24999999999999300, 1.700000000000000200, 2.999999999999999600 ) ) ;
#2410 = AXIS2_PLACEMENT_3D ( 'NONE', #2358, #888, #2957 ) ;
#2411 = FACE_OUTER_BOUND ( 'NONE', #2951, .T. ) ;
#2412 = AXIS2_PLACEMENT_3D ( 'NONE', #1485, #587, #2662 ) ;
#2413 = FACE_OUTER_BOUND ( 'NONE', #292, .T. ) ;
#2414 = DIRECTION ( 'NONE',  ( 0.0000000000000000000, -1.000000000000000000, 0.0000000000000000000 ) ) ;
#2415 = LINE ( 'NONE', #1748, #54 ) ;
#2416 = DIRECTION ( 'NONE',  ( 0.0000000000000000000, -1.000000000000000000, 0.0000000000000000000 ) ) ;
#2417 = ADVANCED_FACE ( 'NONE', ( #148 ), #3536, .F. ) ;
#2418 = DIRECTION ( 'NONE',  ( 1.000000000000000000, 0.0000000000000000000, 0.0000000000000000000 ) ) ;
#2419 = ORIENTED_EDGE ( 'NONE', *, *, #3599, .F. ) ;
#2420 = VECTOR ( 'NONE', #2996, 1000.000000000000000 ) ;
#2421 = PLANE ( 'NONE',  #3679 ) ;
#2422 = ORIENTED_EDGE ( 'NONE', *, *, #3220, .F. ) ;
#2423 = VECTOR ( 'NONE', #2187, 1000.000000000000000 ) ;
#2424 = CARTESIAN_POINT ( 'NONE',  ( 62.00000000000001400, 0.0000000000000000000, 0.0000000000000000000 ) ) ;
#2425 = EDGE_CURVE ( 'NONE', #1747, #1789, #840, .T. ) ;
#2426 = VERTEX_POINT ( 'NONE', #2357 ) ;
#2427 = DIRECTION ( 'NONE',  ( -0.9372351266352605400, -0.3486980318283817700, 0.0000000000000000000 ) ) ;
#2428 = FACE_OUTER_BOUND ( 'NONE', #1056, .T. ) ;
#2429 =( NAMED_UNIT ( * ) SI_UNIT ( $, .STERADIAN. ) SOLID_ANGLE_UNIT ( ) );
#2430 = ORIENTED_EDGE ( 'NONE', *, *, #2321, .T. ) ;
#2431 = DIRECTION ( 'NONE',  ( -0.8028525536636855800, -0.5961776388591733000, 0.0000000000000000000 ) ) ;
#2432 = EDGE_CURVE ( 'NONE', #3359, #719, #1543, .T. ) ;
#2433 = CARTESIAN_POINT ( 'NONE',  ( 10.75580118065839300, -35.70311814900907200, 0.0000000000000000000 ) ) ;
#2434 = ORIENTED_EDGE ( 'NONE', *, *, #2180, .F. ) ;
#2435 = ORIENTED_EDGE ( 'NONE', *, *, #3249, .T. ) ;
#2436 =( NAMED_UNIT ( * ) PLANE_ANGLE_UNIT ( ) SI_UNIT ( $, .RADIAN. ) );
#2437 = ORIENTED_EDGE ( 'NONE', *, *, #1584, .F. ) ;
#2438 = ORIENTED_EDGE ( 'NONE', *, *, #2777, .F. ) ;
#2439 = ORIENTED_EDGE ( 'NONE', *, *, #809, .T. ) ;
#2440 = VERTEX_POINT ( 'NONE', #575 ) ;
#2441 = ORIENTED_EDGE ( 'NONE', *, *, #2679, .T. ) ;
#2442 = DIRECTION ( 'NONE',  ( 0.5961776388591733000, -0.8028525536636855800, -0.0000000000000000000 ) ) ;
#2443 = ORIENTED_EDGE ( 'NONE', *, *, #1091, .F. ) ;
#2444 = DIRECTION ( 'NONE',  ( 1.000000000000000000, 0.0000000000000000000, 0.0000000000000000000 ) ) ;
#2445 = VECTOR ( 'NONE', #1599, 1000.000000000000000 ) ;
#2446 = CARTESIAN_POINT ( 'NONE',  ( 6.821823667706328600, -38.62438857941900500, 3.000000000000000400 ) ) ;
#2447 = CARTESIAN_POINT ( 'NONE',  ( 63.00000000000000000, 2.000000000000000000, 6.000000000000000000 ) ) ;
#2448 = VECTOR ( 'NONE', #1045, 1000.000000000000100 ) ;
#2449 = ORIENTED_EDGE ( 'NONE', *, *, #3823, .F. ) ;
#2450 = EDGE_CURVE ( 'NONE', #719, #2663, #745, .T. ) ;
#2451 = VECTOR ( 'NONE', #749, 1000.000000000000000 ) ;
#2452 = FACE_OUTER_BOUND ( 'NONE', #1823, .T. ) ;
#2453 = CARTESIAN_POINT ( 'NONE',  ( 18.59999999999999400, -15.49999999999999800, 0.0000000000000000000 ) ) ;
#2454 = EDGE_CURVE ( 'NONE', #2553, #2720, #2233, .T. ) ;
#2455 = ORIENTED_EDGE ( 'NONE', *, *, #1976, .T. ) ;
#2456 = FACE_OUTER_BOUND ( 'NONE', #2206, .T. ) ;
#2457 = APPLICATION_CONTEXT ( 'automotive_design' ) ;
#2458 = FACE_OUTER_BOUND ( 'NONE', #1424, .T. ) ;
#2459 = CARTESIAN_POINT ( 'NONE',  ( 7.714888431678005500, -52.66212673123886400, 0.0000000000000000000 ) ) ;
#2460 = LINE ( 'NONE', #1862, #3065 ) ;
#2461 = ORIENTED_EDGE ( 'NONE', *, *, #508, .T. ) ;
#2462 = LINE ( 'NONE', #2780, #3158 ) ;
#2463 = ORIENTED_EDGE ( 'NONE', *, *, #2252, .F. ) ;
#2464 = FACE_OUTER_BOUND ( 'NONE', #2941, .T. ) ;
#2465 = EDGE_LOOP ( 'NONE', ( #896, #540, #3269, #1503 ) ) ;
#2466 = FACE_OUTER_BOUND ( 'NONE', #2322, .T. ) ;
#2467 = CARTESIAN_POINT ( 'NONE',  ( 26.71363219080890900, -71.29999999999999700, 0.0000000000000000000 ) ) ;
#2468 = UNCERTAINTY_MEASURE_WITH_UNIT (LENGTH_MEASURE( 1.000000000000000100E-005 ), #2129, 'distance_accuracy_value', 'NONE');
#2469 = EDGE_LOOP ( 'NONE', ( #1961, #832, #2395, #3546 ) ) ;
#2470 = CARTESIAN_POINT ( 'NONE',  ( 67.18299133945524200, -20.32108983957449800, 1.300000000000001800 ) ) ;
#2471 = EDGE_CURVE ( 'NONE', #823, #1567, #2320, .T. ) ;
#2472 = ORIENTED_EDGE ( 'NONE', *, *, #1088, .T. ) ;
#2473 = EDGE_CURVE ( 'NONE', #3281, #1665, #3719, .T. ) ;
#2474 = DIRECTION ( 'NONE',  ( -1.000000000000000000, 0.0000000000000000000, 0.0000000000000000000 ) ) ;
#2475 = VERTEX_POINT ( 'NONE', #2665 ) ;
#2476 = CARTESIAN_POINT ( 'NONE',  ( 53.50000000000000000, 3.038697265529265700, 0.0000000000000000000 ) ) ;
#2477 = AXIS2_PLACEMENT_3D ( 'NONE', #3747, #3693, #2136 ) ;
#2478 = ORIENTED_EDGE ( 'NONE', *, *, #99, .F. ) ;
#2479 = ORIENTED_EDGE ( 'NONE', *, *, #993, .T. ) ;
#2480 = ORIENTED_EDGE ( 'NONE', *, *, #2774, .T. ) ;
#2481 = DIRECTION ( 'NONE',  ( -0.0000000000000000000, 0.0000000000000000000, -1.000000000000000000 ) ) ;
#2482 = AXIS2_PLACEMENT_3D ( 'NONE', #2588, #2888, #1120 ) ;
#2483 = ORIENTED_EDGE ( 'NONE', *, *, #2204, .F. ) ;
#2484 = ORIENTED_EDGE ( 'NONE', *, *, #2306, .F. ) ;
#2485 = CARTESIAN_POINT ( 'NONE',  ( 65.00000000000000000, -15.49999999999999800, 6.000000000000000000 ) ) ;
#2486 = DIRECTION ( 'NONE',  ( 0.0000000000000000000, 0.0000000000000000000, 1.000000000000000000 ) ) ;
#2487 = VECTOR ( 'NONE', #3382, 1000.000000000000000 ) ;
#2488 = CARTESIAN_POINT ( 'NONE',  ( 62.53447868232326100, -44.18196863425016800, 0.0000000000000000000 ) ) ;
#2489 = CARTESIAN_POINT ( 'NONE',  ( 65.00000000000000000, 5.000000000000000000, 6.000000000000000000 ) ) ;
#2490 = FACE_OUTER_BOUND ( 'NONE', #1416, .T. ) ;
#2491 = CARTESIAN_POINT ( 'NONE',  ( 76.79346577685700500, -41.83579879407375300, 3.000000000000000000 ) ) ;
#2492 = ORIENTED_EDGE ( 'NONE', *, *, #2871, .F. ) ;
#2493 = CARTESIAN_POINT ( 'NONE',  ( 26.71363219080890900, -68.52206200559173500, 6.000000000000000000 ) ) ;
#2494 = LINE ( 'NONE', #1184, #3379 ) ;
#2495 = EDGE_CURVE ( 'NONE', #2954, #2326, #2137, .T. ) ;
#2496 = ORIENTED_EDGE ( 'NONE', *, *, #922, .T. ) ;
#2497 = DIRECTION ( 'NONE',  ( 0.8028525536636858000, 0.5961776388591729600, 0.0000000000000000000 ) ) ;
#2498 = LINE ( 'NONE', #2501, #1539 ) ;
#2499 = EDGE_CURVE ( 'NONE', #2388, #2726, #3628, .T. ) ;
#2500 = DIRECTION ( 'NONE',  ( 0.9372351266352609800, -0.3486980318283807200, 0.0000000000000000000 ) ) ;
#2501 = CARTESIAN_POINT ( 'NONE',  ( 56.59999999999999400, 1.999999999999999100, 0.0000000000000000000 ) ) ;
#2502 = LINE ( 'NONE', #1336, #144 ) ;
#2503 = DIRECTION ( 'NONE',  ( -0.9396926207859078700, -0.3420201433256701000, 0.0000000000000000000 ) ) ;
#2504 = CARTESIAN_POINT ( 'NONE',  ( 8.499999999999989300, -22.99999999999999600, 0.0000000000000000000 ) ) ;
#2505 = LINE ( 'NONE', #2626, #1719 ) ;
#2506 = DIRECTION ( 'NONE',  ( -0.0000000000000000000, -0.0000000000000000000, 1.000000000000000000 ) ) ;
#2507 = AXIS2_PLACEMENT_3D ( 'NONE', #3425, #170, #2245 ) ;
#2508 = CARTESIAN_POINT ( 'NONE',  ( 5.713632190808906100, -69.29999999999999700, 1.499999999999999600 ) ) ;
#2509 = ORIENTED_EDGE ( 'NONE', *, *, #2121, .T. ) ;
#2510 = VECTOR ( 'NONE', #2086, 1000.000000000000000 ) ;
#2511 = CARTESIAN_POINT ( 'NONE',  ( 72.48181819363557600, -24.25586225604503100, 3.000000000000000400 ) ) ;
#2512 = ORIENTED_EDGE ( 'NONE', *, *, #2376, .T. ) ;
#2513 = CARTESIAN_POINT ( 'NONE',  ( 8.713632190808905200, -59.79999999999999000, -1.734723475976807100E-015 ) ) ;
#2514 = VECTOR ( 'NONE', #3069, 1000.000000000000000 ) ;
#2515 = DIRECTION ( 'NONE',  ( -0.0000000000000000000, 0.0000000000000000000, 1.000000000000000000 ) ) ;
#2516 = ORIENTED_EDGE ( 'NONE', *, *, #3168, .T. ) ;
#2517 = FACE_OUTER_BOUND ( 'NONE', #1328, .T. ) ;
#2518 = DIRECTION ( 'NONE',  ( -0.0000000000000000000, -0.0000000000000000000, 1.000000000000000000 ) ) ;
#2519 = EDGE_CURVE ( 'NONE', #1344, #1780, #555, .T. ) ;
#2520 = DIRECTION ( 'NONE',  ( -0.9396926207859077600, 0.3420201433256704900, 0.0000000000000000000 ) ) ;
#2521 = ORIENTED_EDGE ( 'NONE', *, *, #1063, .T. ) ;
#2522 = CARTESIAN_POINT ( 'NONE',  ( 3.713632190808907400, -55.38104150983710400, 0.0000000000000000000 ) ) ;
#2523 = EDGE_CURVE ( 'NONE', #2553, #2390, #2036, .T. ) ;
#2524 = VERTEX_POINT ( 'NONE', #1509 ) ;
#2525 = VERTEX_POINT ( 'NONE', #1800 ) ;
#2526 = CARTESIAN_POINT ( 'NONE',  ( 71.00000000000001400, -32.20000000000000300, 0.0000000000000000000 ) ) ;
#2527 = ORIENTED_EDGE ( 'NONE', *, *, #2800, .F. ) ;
#2528 = AXIS2_PLACEMENT_3D ( 'NONE', #2850, #1377, #3443 ) ;
#2529 = VERTEX_POINT ( 'NONE', #3579 ) ;
#2530 = ORIENTED_EDGE ( 'NONE', *, *, #2729, .T. ) ;
#2531 = ORIENTED_EDGE ( 'NONE', *, *, #125, .T. ) ;
#2532 = DIRECTION ( 'NONE',  ( -1.000000000000000000, -0.0000000000000000000, -0.0000000000000000000 ) ) ;
#2533 = VECTOR ( 'NONE', #3689, 1000.000000000000100 ) ;
#2534 = CARTESIAN_POINT ( 'NONE',  ( 18.59999999999999100, -15.50000000000000000, 4.700000000000002000 ) ) ;
#2535 = VECTOR ( 'NONE', #801, 1000.000000000000000 ) ;
#2536 = DIRECTION ( 'NONE',  ( 1.000000000000000000, 0.0000000000000000000, 0.0000000000000000000 ) ) ;
#2537 = DIRECTION ( 'NONE',  ( -0.5770316808649909000, -0.8167217636858485900, 0.0000000000000000000 ) ) ;
#2538 = CIRCLE ( 'NONE', #1765, 0.5000000000000008900 ) ;
#2539 = LINE ( 'NONE', #3576, #2638 ) ;
#2540 = CARTESIAN_POINT ( 'NONE',  ( 26.08289971752134300, -71.66217800778882500, 6.000000000000000000 ) ) ;
#2541 = CARTESIAN_POINT ( 'NONE',  ( 26.71363219080890900, -71.29999999999999700, 0.0000000000000000000 ) ) ;
#2542 = ORIENTED_EDGE ( 'NONE', *, *, #1012, .F. ) ;
#2543 = DIRECTION ( 'NONE',  ( -0.0000000000000000000, 0.0000000000000000000, 1.000000000000000000 ) ) ;
#2544 = LINE ( 'NONE', #1397, #887 ) ;
#2545 = EDGE_CURVE ( 'NONE', #2331, #3351, #2837, .T. ) ;
#2546 = LINE ( 'NONE', #3813, #3340 ) ;
#2547 = EDGE_CURVE ( 'NONE', #355, #2280, #2745, .T. ) ;
#2548 = DIRECTION ( 'NONE',  ( -0.0000000000000000000, -0.0000000000000000000, 1.000000000000000000 ) ) ;
#2549 = FACE_OUTER_BOUND ( 'NONE', #204, .T. ) ;
#2550 = AXIS2_PLACEMENT_3D ( 'NONE', #2980, #2567, #2985 ) ;
#2551 = ADVANCED_FACE ( 'NONE', ( #2644 ), #2699, .T. ) ;
#2552 = DIRECTION ( 'NONE',  ( -0.0000000000000000000, -1.000000000000000000, -0.0000000000000000000 ) ) ;
#2553 = VERTEX_POINT ( 'NONE', #2981 ) ;
#2554 = VECTOR ( 'NONE', #1007, 1000.000000000000000 ) ;
#2555 = AXIS2_PLACEMENT_3D ( 'NONE', #1212, #1807, #33 ) ;
#2556 = ORIENTED_EDGE ( 'NONE', *, *, #173, .T. ) ;
#2557 = VECTOR ( 'NONE', #3736, 1000.000000000000000 ) ;
#2558 = VERTEX_POINT ( 'NONE', #37 ) ;
#2559 = LINE ( 'NONE', #3494, #1178 ) ;
#2560 = CARTESIAN_POINT ( 'NONE',  ( 75.02719015879687000, -40.52420798858359100, 4.699999999999998400 ) ) ;
#2561 = VERTEX_POINT ( 'NONE', #2103 ) ;
#2562 = CARTESIAN_POINT ( 'NONE',  ( 20.99999999999998900, 0.0000000000000000000, 6.000000000000000000 ) ) ;
#2563 = EDGE_LOOP ( 'NONE', ( #2891, #3483 ) ) ;
#2564 = CARTESIAN_POINT ( 'NONE',  ( 18.81700866054475400, -20.32108983957450800, 4.700000000000002000 ) ) ;
#2565 = ORIENTED_EDGE ( 'NONE', *, *, #2547, .F. ) ;
#2566 = EDGE_CURVE ( 'NONE', #118, #3277, #1168, .T. ) ;
#2567 = DIRECTION ( 'NONE',  ( -0.5961776388591679700, 0.8028525536636895700, 0.0000000000000000000 ) ) ;
#2568 = ADVANCED_FACE ( 'NONE', ( #1073 ), #287, .T. ) ;
#2569 = ORIENTED_EDGE ( 'NONE', *, *, #2979, .T. ) ;
#2570 = ORIENTED_EDGE ( 'NONE', *, *, #3440, .F. ) ;
#2571 = DIRECTION ( 'NONE',  ( -0.0000000000000000000, -0.0000000000000000000, 1.000000000000000000 ) ) ;
#2572 = EDGE_CURVE ( 'NONE', #1887, #3226, #3435, .T. ) ;
#2573 = ORIENTED_EDGE ( 'NONE', *, *, #513, .T. ) ;
#2574 = EDGE_LOOP ( 'NONE', ( #1672, #2057, #1786, #1587 ) ) ;
#2575 = ORIENTED_EDGE ( 'NONE', *, *, #3149, .T. ) ;
#2576 = PLANE ( 'NONE',  #2600 ) ;
#2577 = CARTESIAN_POINT ( 'NONE',  ( 7.440258605082899400, -43.14738959956393000, 3.000000000000000000 ) ) ;
#2578 = FACE_OUTER_BOUND ( 'NONE', #2856, .T. ) ;
#2579 = CARTESIAN_POINT ( 'NONE',  ( 25.24999999999999300, 2.700000000000000200, 2.999999999999999600 ) ) ;
#2580 = SURFACE_STYLE_FILL_AREA ( #3386 ) ;
#2581 = DIRECTION ( 'NONE',  ( -0.8028525536636866900, 0.5961776388591716300, 0.0000000000000000000 ) ) ;
#2582 = DIRECTION ( 'NONE',  ( 0.8028525536636866900, -0.5961776388591716300, 0.0000000000000000000 ) ) ;
#2583 = DIRECTION ( 'NONE',  ( 0.0000000000000000000, -1.000000000000000000, 0.0000000000000000000 ) ) ;
#2584 = ORIENTED_EDGE ( 'NONE', *, *, #295, .T. ) ;
#2585 = VECTOR ( 'NONE', #3542, 1000.000000000000000 ) ;
#2586 = ORIENTED_EDGE ( 'NONE', *, *, #2152, .F. ) ;
#2587 = ADVANCED_FACE ( 'NONE', ( #2549 ), #3606, .F. ) ;
#2588 = CARTESIAN_POINT ( 'NONE',  ( 29.49999999999999300, 1.040949779275250100E-015, 5.500000000000000000 ) ) ;
#2589 = PLANE ( 'NONE',  #2330 ) ;
#2590 = LINE ( 'NONE', #1830, #3198 ) ;
#2591 = EDGE_CURVE ( 'NONE', #3227, #3728, #982, .T. ) ;
#2592 = CARTESIAN_POINT ( 'NONE',  ( 80.94445195035376600, -39.93597938490915300, 3.000000000000000000 ) ) ;
#2593 = LINE ( 'NONE', #1025, #1814 ) ;
#2594 = EDGE_CURVE ( 'NONE', #3359, #1881, #1768, .T. ) ;
#2595 = EDGE_CURVE ( 'NONE', #3277, #2331, #189, .T. ) ;
#2596 = DIRECTION ( 'NONE',  ( 0.0000000000000000000, 0.0000000000000000000, 1.000000000000000000 ) ) ;
#2597 = VECTOR ( 'NONE', #1732, 1000.000000000000000 ) ;
#2598 = CARTESIAN_POINT ( 'NONE',  ( 60.00000000000002100, -69.26616137173527900, 0.0000000000000000000 ) ) ;
#2599 = ORIENTED_EDGE ( 'NONE', *, *, #3720, .T. ) ;
#2600 = AXIS2_PLACEMENT_3D ( 'NONE', #3810, #2991, #925 ) ;
#2601 = CIRCLE ( 'NONE', #1664, 1.500000000000000700 ) ;
#2602 = CARTESIAN_POINT ( 'NONE',  ( 54.59999999999999400, 5.000000000000000000, 0.0000000000000000000 ) ) ;
#2603 = CARTESIAN_POINT ( 'NONE',  ( 20.98471055543668500, -18.71141021465474500, 4.700000000000002000 ) ) ;
#2604 = ORIENTED_EDGE ( 'NONE', *, *, #219, .T. ) ;
#2605 = LINE ( 'NONE', #2467, #953 ) ;
#2606 = PLANE ( 'NONE',  #978 ) ;
#2607 = AXIS2_PLACEMENT_3D ( 'NONE', #1214, #3288, #1522 ) ;
#2608 = PLANE ( 'NONE',  #875 ) ;
#2609 = VERTEX_POINT ( 'NONE', #2433 ) ;
#2610 = VECTOR ( 'NONE', #2784, 999.9999999999998900 ) ;
#2611 = ADVANCED_FACE ( 'NONE', ( #891, #1860 ), #2724, .T. ) ;
#2612 = PLANE ( 'NONE',  #330 ) ;
#2613 = CARTESIAN_POINT ( 'NONE',  ( 82.71072756841387300, -41.24757019039931500, 3.000000000000000400 ) ) ;
#2614 = ORIENTED_EDGE ( 'NONE', *, *, #3754, .F. ) ;
#2615 = CARTESIAN_POINT ( 'NONE',  ( 65.00000000000000000, 0.0000000000000000000, 0.0000000000000000000 ) ) ;
#2616 = CARTESIAN_POINT ( 'NONE',  ( 18.81700866054475400, -20.32108983957450800, 4.700000000000002000 ) ) ;
#2617 = ORIENTED_EDGE ( 'NONE', *, *, #1706, .T. ) ;
#2618 = ORIENTED_EDGE ( 'NONE', *, *, #1211, .F. ) ;
#2619 = VERTEX_POINT ( 'NONE', #955 ) ;
#2620 = CARTESIAN_POINT ( 'NONE',  ( 53.39999999999999900, 6.599999999999999600, 6.000000000000000000 ) ) ;
#2621 = EDGE_CURVE ( 'NONE', #2609, #2769, #100, .T. ) ;
#2622 = EDGE_LOOP ( 'NONE', ( #1608, #2015, #3490, #3688 ) ) ;
#2623 = VERTEX_POINT ( 'NONE', #1557 ) ;
#2624 = CARTESIAN_POINT ( 'NONE',  ( 86.67823443154665600, -71.29999999999999700, 0.0000000000000000000 ) ) ;
#2625 = ORIENTED_EDGE ( 'NONE', *, *, #1186, .F. ) ;
#2626 = CARTESIAN_POINT ( 'NONE',  ( 10.97280984120312800, -40.52420798858360500, 4.699999999999998400 ) ) ;
#2627 = FACE_OUTER_BOUND ( 'NONE', #16, .T. ) ;
#2628 = CARTESIAN_POINT ( 'NONE',  ( 29.49999999999999600, -15.49999999999999800, 6.000000000000000000 ) ) ;
#2629 = EDGE_CURVE ( 'NONE', #2860, #1707, #3154, .T. ) ;
#2630 = LINE ( 'NONE', #1555, #268 ) ;
#2631 = ADVANCED_FACE ( 'NONE', ( #794 ), #669, .T. ) ;
#2632 = CARTESIAN_POINT ( 'NONE',  ( 76.79346577685700500, -41.83579879407375300, 3.000000000000000000 ) ) ;
#2633 = DIRECTION ( 'NONE',  ( -0.5961776388591736300, 0.8028525536636853500, 0.0000000000000000000 ) ) ;
#2634 = DIRECTION ( 'NONE',  ( 0.5961776388591683000, 0.8028525536636891300, -0.0000000000000000000 ) ) ;
#2635 = AXIS2_PLACEMENT_3D ( 'NONE', #1072, #2262, #482 ) ;
#2636 = LINE ( 'NONE', #1483, #1064 ) ;
#2637 = CARTESIAN_POINT ( 'NONE',  ( 87.26522552582838400, -56.99072113475686100, 1.300000000000000300 ) ) ;
#2638 = VECTOR ( 'NONE', #1797, 999.9999999999998900 ) ;
#2639 = VERTEX_POINT ( 'NONE', #3036 ) ;
#2640 = LINE ( 'NONE', #1671, #1762 ) ;
#2641 = PLANE ( 'NONE',  #1251 ) ;
#2642 = LINE ( 'NONE', #2007, #1944 ) ;
#2643 = PLANE ( 'NONE',  #1028 ) ;
#2644 = FACE_OUTER_BOUND ( 'NONE', #1489, .T. ) ;
#2645 = EDGE_CURVE ( 'NONE', #2131, #3765, #2371, .T. ) ;
#2646 = CARTESIAN_POINT ( 'NONE',  ( 78.55974139491709700, -43.14738959956391500, 3.000000000000000000 ) ) ;
#2647 = ORIENTED_EDGE ( 'NONE', *, *, #2257, .F. ) ;
#2648 = LINE ( 'NONE', #3350, #1771 ) ;
#2649 = EDGE_CURVE ( 'NONE', #1425, #1558, #2460, .T. ) ;
#2650 = DIRECTION ( 'NONE',  ( 0.0000000000000000000, 0.0000000000000000000, 1.000000000000000000 ) ) ;
#2651 = ADVANCED_FACE ( 'NONE', ( #2973 ), #2162, .F. ) ;
#2652 = ORIENTED_EDGE ( 'NONE', *, *, #2523, .F. ) ;
#2653 = DIRECTION ( 'NONE',  ( 1.000000000000000000, -0.0000000000000000000, -0.0000000000000000000 ) ) ;
#2654 = FACE_OUTER_BOUND ( 'NONE', #1468, .T. ) ;
#2655 = AXIS2_PLACEMENT_3D ( 'NONE', #2381, #1204, #3276 ) ;
#2656 = ORIENTED_EDGE ( 'NONE', *, *, #1756, .T. ) ;
#2657 = LINE ( 'NONE', #2896, #1084 ) ;
#2658 = VERTEX_POINT ( 'NONE', #1278 ) ;
#2659 = CARTESIAN_POINT ( 'NONE',  ( 8.713632190808905200, -71.29999999999999700, 6.000000000000000000 ) ) ;
#2660 = CARTESIAN_POINT ( 'NONE',  ( 3.713632190808907400, -71.29999999999999700, 5.500000000000000000 ) ) ;
#2661 = EDGE_LOOP ( 'NONE', ( #1919, #151, #2810, #961 ) ) ;
#2662 = DIRECTION ( 'NONE',  ( 0.0000000000000000000, -0.0000000000000000000, -1.000000000000000000 ) ) ;
#2663 = VERTEX_POINT ( 'NONE', #3353 ) ;
#2664 = DIRECTION ( 'NONE',  ( 0.0000000000000000000, 0.0000000000000000000, -1.000000000000000000 ) ) ;
#2665 = CARTESIAN_POINT ( 'NONE',  ( 8.713632190808905200, -59.79999999999999000, 6.000000000000000000 ) ) ;
#2666 = ORIENTED_EDGE ( 'NONE', *, *, #1167, .T. ) ;
#2667 = DIRECTION ( 'NONE',  ( 0.0000000000000000000, 0.0000000000000000000, -1.000000000000000000 ) ) ;
#2668 = PRODUCT ( 'ORM-41F-3_Интерф. реле ORM 3. 1NO+1NC. 24В DC', 'ORM-41F-3_Интерф. реле ORM 3. 1NO+1NC. 24В DC', '', ( #3642 ) ) ;
#2669 = ORIENTED_EDGE ( 'NONE', *, *, #1063, .F. ) ;
#2670 = ORIENTED_EDGE ( 'NONE', *, *, #2545, .T. ) ;
#2671 = CARTESIAN_POINT ( 'NONE',  ( 67.40000000000000600, -15.49999999999999600, 0.0000000000000000000 ) ) ;
#2672 = ORIENTED_EDGE ( 'NONE', *, *, #439, .T. ) ;
#2673 = ADVANCED_FACE ( 'NONE', ( #696 ), #1580, .T. ) ;
#2674 = PLANE ( 'NONE',  #1427 ) ;
#2675 = LINE ( 'NONE', #663, #1885 ) ;
#2676 = ORIENTED_EDGE ( 'NONE', *, *, #1417, .T. ) ;
#2677 = ORIENTED_EDGE ( 'NONE', *, *, #323, .F. ) ;
#2678 = CARTESIAN_POINT ( 'NONE',  ( 45.76784886926868300, 16.65813467480816700, 0.0000000000000000000 ) ) ;
#2679 = EDGE_CURVE ( 'NONE', #2954, #1472, #2182, .T. ) ;
#2680 = DIRECTION ( 'NONE',  ( 0.5961776388591684100, 0.8028525536636892400, 0.0000000000000000000 ) ) ;
#2681 = DIRECTION ( 'NONE',  ( -0.8028525536636885700, 0.5961776388591693000, 0.0000000000000000000 ) ) ;
#2682 = EDGE_CURVE ( 'NONE', #3108, #1820, #3769, .T. ) ;
#2683 = LINE ( 'NONE', #2616, #3371 ) ;
#2684 = CARTESIAN_POINT ( 'NONE',  ( 5.055548049646224800, -39.93597938490916700, 3.000000000000000000 ) ) ;
#2685 = DIRECTION ( 'NONE',  ( 0.5961776388591687500, -0.8028525536636890200, -0.0000000000000000000 ) ) ;
#2686 = DIRECTION ( 'NONE',  ( 1.000000000000000000, 0.0000000000000000000, -0.0000000000000000000 ) ) ;
#2687 = AXIS2_PLACEMENT_3D ( 'NONE', #329, #491, #1988 ) ;
#2688 = LINE ( 'NONE', #93, #223 ) ;
#2689 = DIRECTION ( 'NONE',  ( -1.000000000000000000, 0.0000000000000000000, 0.0000000000000000000 ) ) ;
#2690 = ORIENTED_EDGE ( 'NONE', *, *, #2454, .F. ) ;
#2691 = CARTESIAN_POINT ( 'NONE',  ( 67.40000000000000600, -15.49999999999999600, 6.000000000000000000 ) ) ;
#2692 = LINE ( 'NONE', #278, #2585 ) ;
#2693 = CARTESIAN_POINT ( 'NONE',  ( 53.50000000000000000, 3.038697265529265700, 0.0000000000000000000 ) ) ;
#2694 = CARTESIAN_POINT ( 'NONE',  ( 15.00000000000000400, -32.20000000000000300, 0.0000000000000000000 ) ) ;
#2695 = LINE ( 'NONE', #2391, #1208 ) ;
#2696 = CARTESIAN_POINT ( 'NONE',  ( 28.71363219080890900, 0.0000000000000000000, 0.0000000000000000000 ) ) ;
#2697 = CARTESIAN_POINT ( 'NONE',  ( 15.28445742442452400, -22.94427145055486500, 3.000000000000000000 ) ) ;
#2698 = ADVANCED_FACE ( 'NONE', ( #1400 ), #1291, .T. ) ;
#2699 = PLANE ( 'NONE',  #1910 ) ;
#2700 = LINE ( 'NONE', #2504, #1118 ) ;
#2701 = LINE ( 'NONE', #3493, #1122 ) ;
#2702 = EDGE_CURVE ( 'NONE', #1882, #1098, #1301, .T. ) ;
#2703 = EDGE_LOOP ( 'NONE', ( #2430, #1836 ) ) ;
#2704 = FACE_OUTER_BOUND ( 'NONE', #3229, .T. ) ;
#2705 = PLANE ( 'NONE',  #3814 ) ;
#2706 = PLANE ( 'NONE',  #3453 ) ;
#2707 = ORIENTED_EDGE ( 'NONE', *, *, #395, .T. ) ;
#2708 = EDGE_CURVE ( 'NONE', #398, #3791, #2874, .T. ) ;
#2709 = FACE_OUTER_BOUND ( 'NONE', #3004, .T. ) ;
#2710 = DIRECTION ( 'NONE',  ( 0.0000000000000000000, 1.000000000000000000, 0.0000000000000000000 ) ) ;
#2711 = ORIENTED_EDGE ( 'NONE', *, *, #1565, .F. ) ;
#2712 = VECTOR ( 'NONE', #2217, 1000.000000000000000 ) ;
#2713 = AXIS2_PLACEMENT_3D ( 'NONE', #3301, #2418, #649 ) ;
#2714 = ORIENTED_EDGE ( 'NONE', *, *, #1925, .T. ) ;
#2715 = ADVANCED_FACE ( 'NONE', ( #2783 ), #1888, .T. ) ;
#2716 = CARTESIAN_POINT ( 'NONE',  ( 57.01581247123585400, 2.782820751511359000, 6.000000000000000000 ) ) ;
#2717 = EDGE_LOOP ( 'NONE', ( #3437, #767, #1965, #1868 ) ) ;
#2718 = CARTESIAN_POINT ( 'NONE',  ( 75.02719015879687000, -40.52420798858359100, 1.299999999999998500 ) ) ;
#2719 = CARTESIAN_POINT ( 'NONE',  ( 0.0000000000000000000, 0.0000000000000000000, 0.0000000000000000000 ) ) ;
#2720 = VERTEX_POINT ( 'NONE', #1010 ) ;
#2721 = ORIENTED_EDGE ( 'NONE', *, *, #761, .T. ) ;
#2722 = CARTESIAN_POINT ( 'NONE',  ( 60.00000000000002100, 0.0000000000000000000, 0.0000000000000000000 ) ) ;
#2723 = ORIENTED_EDGE ( 'NONE', *, *, #2101, .F. ) ;
#2724 = PLANE ( 'NONE',  #3102 ) ;
#2725 = ORIENTED_EDGE ( 'NONE', *, *, #659, .F. ) ;
#2726 = VERTEX_POINT ( 'NONE', #3375 ) ;
#2727 = ORIENTED_EDGE ( 'NONE', *, *, #2405, .F. ) ;
#2728 = VECTOR ( 'NONE', #713, 1000.000000000000000 ) ;
#2729 = EDGE_CURVE ( 'NONE', #3794, #2131, #2082, .T. ) ;
#2730 = CARTESIAN_POINT ( 'NONE',  ( -15.78971433232480600, -29.11967591160758700, 6.000000000000000000 ) ) ;
#2731 = LINE ( 'NONE', #3535, #1248 ) ;
#2732 = EDGE_CURVE ( 'NONE', #3417, #3794, #1989, .T. ) ;
#2733 = CARTESIAN_POINT ( 'NONE',  ( 3.713632190808906500, -59.79999999999999000, -1.734723475976807100E-015 ) ) ;
#2734 = ORIENTED_EDGE ( 'NONE', *, *, #239, .F. ) ;
#2735 = DIRECTION ( 'NONE',  ( 0.0000000000000000000, 1.000000000000000000, 0.0000000000000000000 ) ) ;
#2736 = VECTOR ( 'NONE', #202, 1000.000000000000000 ) ;
#2737 = LINE ( 'NONE', #3855, #1345 ) ;
#2738 = DIRECTION ( 'NONE',  ( -0.5961776388591726300, 0.8028525536636861300, 0.0000000000000000000 ) ) ;
#2739 = AXIS2_PLACEMENT_3D ( 'NONE', #3597, #40, #2110 ) ;
#2740 = VECTOR ( 'NONE', #186, 1000.000000000000000 ) ;
#2741 = DIRECTION ( 'NONE',  ( 0.5961776388591729600, 0.8028525536636859100, -0.0000000000000000000 ) ) ;
#2742 = PRODUCT_DEFINITION ( 'UNKNOWN', '', #2935, #783 ) ;
#2743 = FACE_OUTER_BOUND ( 'NONE', #2563, .T. ) ;
#2744 = DIRECTION ( 'NONE',  ( 0.0000000000000000000, 0.0000000000000000000, 1.000000000000000000 ) ) ;
#2745 = LINE ( 'NONE', #619, #379 ) ;
#2746 = CARTESIAN_POINT ( 'NONE',  ( 25.24999999999999300, 1.699999999999999300, 1.499999999999998900 ) ) ;
#2747 = DIRECTION ( 'NONE',  ( 0.4457083075795645300, -0.8951782529499700000, 0.0000000000000000000 ) ) ;
#2748 = ORIENTED_EDGE ( 'NONE', *, *, #2324, .F. ) ;
#2749 = VECTOR ( 'NONE', #101, 1000.000000000000000 ) ;
#2750 = EDGE_LOOP ( 'NONE', ( #2247, #3029, #161, #1281 ) ) ;
#2751 = LINE ( 'NONE', #3420, #386 ) ;
#2752 = CARTESIAN_POINT ( 'NONE',  ( 53.39999999999999900, 6.599999999999999600, 0.0000000000000000000 ) ) ;
#2753 = EDGE_CURVE ( 'NONE', #1907, #2258, #507, .T. ) ;
#2754 = EDGE_CURVE ( 'NONE', #2426, #157, #3479, .T. ) ;
#2755 = ORIENTED_EDGE ( 'NONE', *, *, #320, .F. ) ;
#2756 = VECTOR ( 'NONE', #1696, 1000.000000000000000 ) ;
#2757 = AXIS2_PLACEMENT_3D ( 'NONE', #83, #2689, #2153 ) ;
#2758 = DIRECTION ( 'NONE',  ( -0.5961776388591681900, -0.8028525536636893500, 0.0000000000000000000 ) ) ;
#2759 = ORIENTED_EDGE ( 'NONE', *, *, #3830, .T. ) ;
#2760 = DIRECTION ( 'NONE',  ( -0.5770316808649945700, -0.8167217636858461500, 0.0000000000000000000 ) ) ;
#2761 = ORIENTED_EDGE ( 'NONE', *, *, #1997, .F. ) ;
#2762 = ORIENTED_EDGE ( 'NONE', *, *, #892, .F. ) ;
#2763 = AXIS2_PLACEMENT_3D ( 'NONE', #372, #2442, #714 ) ;
#2764 = VERTEX_POINT ( 'NONE', #2491 ) ;
#2765 = ORIENTED_EDGE ( 'NONE', *, *, #3544, .F. ) ;
#2766 = CARTESIAN_POINT ( 'NONE',  ( 8.588099285766453800, -37.31279777392885000, 1.299999999999998500 ) ) ;
#2767 = ORIENTED_EDGE ( 'NONE', *, *, #768, .T. ) ;
#2768 = EDGE_LOOP ( 'NONE', ( #3132, #66, #596, #3844 ) ) ;
#2769 = VERTEX_POINT ( 'NONE', #1909 ) ;
#2770 = LINE ( 'NONE', #2138, #1482 ) ;
#2771 = DIRECTION ( 'NONE',  ( -0.3420201433256701600, -0.9396926207859078700, 0.0000000000000000000 ) ) ;
#2772 = ORIENTED_EDGE ( 'NONE', *, *, #1117, .F. ) ;
#2773 = FACE_OUTER_BOUND ( 'NONE', #1524, .T. ) ;
#2774 = EDGE_CURVE ( 'NONE', #3791, #2720, #2593, .T. ) ;
#2775 = LINE ( 'NONE', #3618, #1977 ) ;
#2776 = DIRECTION ( 'NONE',  ( -0.0000000000000000000, -0.0000000000000000000, 1.000000000000000000 ) ) ;
#2777 = EDGE_CURVE ( 'NONE', #933, #3227, #2700, .T. ) ;
#2778 = ORIENTED_EDGE ( 'NONE', *, *, #2920, .F. ) ;
#2779 = VECTOR ( 'NONE', #265, 1000.000000000000000 ) ;
#2780 = CARTESIAN_POINT ( 'NONE',  ( 68.94926695751536300, -21.63268064506468100, 3.000000000000000000 ) ) ;
#2781 = AXIS2_PLACEMENT_3D ( 'NONE', #3414, #162, #2929 ) ;
#2782 = LINE ( 'NONE', #600, #505 ) ;
#2783 = FACE_OUTER_BOUND ( 'NONE', #1963, .T. ) ;
#2784 = DIRECTION ( 'NONE',  ( -0.9372351266352605400, -0.3486980318283817700, 0.0000000000000000000 ) ) ;
#2785 = LINE ( 'NONE', #1115, #422 ) ;
#2786 = DIRECTION ( 'NONE',  ( 0.5961776388591729600, 0.8028525536636858000, -0.0000000000000000000 ) ) ;
#2787 = DIRECTION ( 'NONE',  ( -0.9828648502346037900, 0.1843276598161816000, 0.0000000000000000000 ) ) ;
#2788 = DIRECTION ( 'NONE',  ( -1.000000000000000000, 0.0000000000000000000, 0.0000000000000000000 ) ) ;
#2789 = ORIENTED_EDGE ( 'NONE', *, *, #3446, .F. ) ;
#2790 = LINE ( 'NONE', #3519, #426 ) ;
#2791 = EDGE_CURVE ( 'NONE', #2817, #80, #3384, .T. ) ;
#2792 = ORIENTED_EDGE ( 'NONE', *, *, #2352, .T. ) ;
#2793 = LINE ( 'NONE', #916, #518 ) ;
#2794 = DIRECTION ( 'NONE',  ( -0.3420201433256701600, -0.9396926207859078700, 0.0000000000000000000 ) ) ;
#2795 = DIRECTION ( 'NONE',  ( -0.0000000000000000000, -0.0000000000000000000, 1.000000000000000000 ) ) ;
#2796 = ORIENTED_EDGE ( 'NONE', *, *, #1471, .T. ) ;
#2797 = EDGE_CURVE ( 'NONE', #1374, #2804, #234, .T. ) ;
#2798 = VECTOR ( 'NONE', #1297, 1000.000000000000000 ) ;
#2799 = ORIENTED_EDGE ( 'NONE', *, *, #1879, .F. ) ;
#2800 = EDGE_CURVE ( 'NONE', #1725, #3837, #2502, .T. ) ;
#2801 = DIRECTION ( 'NONE',  ( -0.8028525536636878000, 0.5961776388591703000, 0.0000000000000000000 ) ) ;
#2802 = DIRECTION ( 'NONE',  ( -1.000000000000000000, -0.0000000000000000000, 0.0000000000000000000 ) ) ;
#2803 = CARTESIAN_POINT ( 'NONE',  ( 8.713632190808905200, -59.79999999999999000, -1.734723475976807100E-015 ) ) ;
#2804 = VERTEX_POINT ( 'NONE', #2226 ) ;
#2805 = AXIS2_PLACEMENT_3D ( 'NONE', #3251, #593, #2667 ) ;
#2806 = CARTESIAN_POINT ( 'NONE',  ( 0.0000000000000000000, -71.29999999999999700, 6.000000000000000000 ) ) ;
#2807 = AXIS2_PLACEMENT_3D ( 'NONE', #1446, #1161, #860 ) ;
#2808 = DIRECTION ( 'NONE',  ( -0.0000000000000000000, -0.0000000000000000000, 1.000000000000000000 ) ) ;
#2809 = ORIENTED_EDGE ( 'NONE', *, *, #297, .T. ) ;
#2810 = ORIENTED_EDGE ( 'NONE', *, *, #3601, .T. ) ;
#2811 = ORIENTED_EDGE ( 'NONE', *, *, #3003, .F. ) ;
#2812 = PLANE ( 'NONE',  #1145 ) ;
#2813 = CARTESIAN_POINT ( 'NONE',  ( 9.654840034124053000, 13.00185124595387600, 0.0000000000000000000 ) ) ;
#2814 = AXIS2_PLACEMENT_3D ( 'NONE', #2965, #2380, #602 ) ;
#2815 = EDGE_LOOP ( 'NONE', ( #1954, #2346, #1096, #1776, #1793, #1794 ) ) ;
#2816 = ORIENTED_EDGE ( 'NONE', *, *, #3249, .F. ) ;
#2817 = VERTEX_POINT ( 'NONE', #3708 ) ;
#2818 = ORIENTED_EDGE ( 'NONE', *, *, #584, .T. ) ;
#2819 = FACE_OUTER_BOUND ( 'NONE', #2846, .T. ) ;
#2820 = ORIENTED_EDGE ( 'NONE', *, *, #3192, .T. ) ;
#2821 = DIRECTION ( 'NONE',  ( 0.5961776388591718500, 0.8028525536636866900, 0.0000000000000000000 ) ) ;
#2822 = DIRECTION ( 'NONE',  ( 1.000000000000000000, 0.0000000000000000000, 6.447810984205252900E-017 ) ) ;
#2823 = CARTESIAN_POINT ( 'NONE',  ( 62.00000000000001400, -67.79999999999999700, 0.0000000000000000000 ) ) ;
#2824 = VECTOR ( 'NONE', #3454, 999.9999999999998900 ) ;
#2825 = LINE ( 'NONE', #3423, #2736 ) ;
#2826 = CARTESIAN_POINT ( 'NONE',  ( 84.88051497039170100, -60.20213134941160100, 1.300000000000000300 ) ) ;
#2827 = VECTOR ( 'NONE', #1469, 1000.000000000000000 ) ;
#2828 = EDGE_CURVE ( 'NONE', #355, #1725, #942, .T. ) ;
#2829 = PRODUCT_DEFINITION_SHAPE ( 'NONE', 'NONE',  #2139 ) ;
#2830 = CARTESIAN_POINT ( 'NONE',  ( 55.49999999999999300, -15.49999999999999800, 5.500000000000000000 ) ) ;
#2831 = LINE ( 'NONE', #468, #551 ) ;
#2832 = EDGE_CURVE ( 'NONE', #153, #2894, #3203, .T. ) ;
#2833 = DIRECTION ( 'NONE',  ( -0.3486980318283807200, -0.9372351266352609800, 0.0000000000000000000 ) ) ;
#2834 = DIRECTION ( 'NONE',  ( -0.0000000000000000000, 0.0000000000000000000, 1.000000000000000000 ) ) ;
#2835 = LINE ( 'NONE', #520, #1071 ) ;
#2836 = DIRECTION ( 'NONE',  ( 0.5961776388591729600, 0.8028525536636858000, -0.0000000000000000000 ) ) ;
#2837 = LINE ( 'NONE', #1785, #466 ) ;
#2838 = DIRECTION ( 'NONE',  ( -0.0000000000000000000, -0.0000000000000000000, 1.000000000000000000 ) ) ;
#2839 = VERTEX_POINT ( 'NONE', #3718 ) ;
#2840 = TOROIDAL_SURFACE ( 'NONE', #595, 0.5000000000000006700, 1.000000000000000000 ) ;
#2841 = DIRECTION ( 'NONE',  ( 0.0000000000000000000, 1.000000000000000000, 0.0000000000000000000 ) ) ;
#2842 = VECTOR ( 'NONE', #3063, 1000.000000000000000 ) ;
#2843 = VERTEX_POINT ( 'NONE', #163 ) ;
#2844 = VECTOR ( 'NONE', #734, 1000.000000000000000 ) ;
#2845 = DIRECTION ( 'NONE',  ( 0.5961776388591684100, 0.8028525536636892400, -0.0000000000000000000 ) ) ;
#2846 = EDGE_LOOP ( 'NONE', ( #578, #774, #2254, #1739 ) ) ;
#2847 = LINE ( 'NONE', #1404, #3641 ) ;
#2848 = CARTESIAN_POINT ( 'NONE',  ( 54.59999999999999400, 5.000000000000000000, 0.0000000000000000000 ) ) ;
#2849 = EDGE_CURVE ( 'NONE', #260, #444, #3105, .T. ) ;
#2850 = CARTESIAN_POINT ( 'NONE',  ( 0.0000000000000000000, 0.0000000000000000000, 0.4999999999999982800 ) ) ;
#2851 = ORIENTED_EDGE ( 'NONE', *, *, #3220, .T. ) ;
#2852 = ADVANCED_FACE ( 'NONE', ( #836 ), #741, .F. ) ;
#2853 = ORIENTED_EDGE ( 'NONE', *, *, #1724, .T. ) ;
#2854 = EDGE_CURVE ( 'NONE', #3837, #2280, #1029, .T. ) ;
#2855 = ORIENTED_EDGE ( 'NONE', *, *, #2350, .F. ) ;
#2856 = EDGE_LOOP ( 'NONE', ( #2937, #3331, #2857, #3040 ) ) ;
#2857 = ORIENTED_EDGE ( 'NONE', *, *, #641, .T. ) ;
#2858 = ORIENTED_EDGE ( 'NONE', *, *, #2645, .T. ) ;
#2859 = ORIENTED_EDGE ( 'NONE', *, *, #787, .T. ) ;
#2860 = VERTEX_POINT ( 'NONE', #3735 ) ;
#2861 = CARTESIAN_POINT ( 'NONE',  ( 65.00000000000000000, 0.0000000000000000000, 6.000000000000000000 ) ) ;
#2862 = FACE_OUTER_BOUND ( 'NONE', #3500, .T. ) ;
#2863 = CARTESIAN_POINT ( 'NONE',  ( 19.68036321520674300, -54.07135354044548600, 0.0000000000000000000 ) ) ;
#2864 = LINE ( 'NONE', #113, #1287 ) ;
#2865 = FACE_OUTER_BOUND ( 'NONE', #2342, .T. ) ;
#2866 = ADVANCED_FACE ( 'NONE', ( #1541 ), #1652, .T. ) ;
#2867 = CARTESIAN_POINT ( 'NONE',  ( 63.00000000000000000, 2.575788160835400700, 0.0000000000000000000 ) ) ;
#2868 = ORIENTED_EDGE ( 'NONE', *, *, #2383, .F. ) ;
#2869 = FACE_OUTER_BOUND ( 'NONE', #478, .T. ) ;
#2870 = CARTESIAN_POINT ( 'NONE',  ( 60.00000000000002100, -69.26616137173527900, 6.000000000000000000 ) ) ;
#2871 = EDGE_CURVE ( 'NONE', #1009, #3678, #3815, .T. ) ;
#2872 = LINE ( 'NONE', #3853, #2079 ) ;
#2873 = EDGE_CURVE ( 'NONE', #819, #3252, #3023, .T. ) ;
#2874 = LINE ( 'NONE', #3670, #3580 ) ;
#2875 = VECTOR ( 'NONE', #1693, 1000.000000000000200 ) ;
#2876 = DIRECTION ( 'NONE',  ( -0.0000000000000000000, -0.0000000000000000000, 1.000000000000000000 ) ) ;
#2877 = DIRECTION ( 'NONE',  ( 0.0000000000000000000, -0.0000000000000000000, 1.000000000000000000 ) ) ;
#2878 = AXIS2_PLACEMENT_3D ( 'NONE', #1422, #236, #2309 ) ;
#2879 = ORIENTED_EDGE ( 'NONE', *, *, #2566, .F. ) ;
#2880 = LINE ( 'NONE', #2919, #1307 ) ;
#2881 = CARTESIAN_POINT ( 'NONE',  ( 68.94926695751536300, -21.63268064506468100, 3.000000000000000000 ) ) ;
#2882 = ADVANCED_FACE ( 'NONE', ( #2413 ), #188, .T. ) ;
#2883 = CARTESIAN_POINT ( 'NONE',  ( 78.28511156832199400, -52.66212673123886400, 6.000000000000000000 ) ) ;
#2884 = ORIENTED_EDGE ( 'NONE', *, *, #1609, .T. ) ;
#2885 = LINE ( 'NONE', #1574, #3399 ) ;
#2886 = ORIENTED_EDGE ( 'NONE', *, *, #1754, .F. ) ;
#2887 = DIRECTION ( 'NONE',  ( 0.5961776388591683000, 0.8028525536636891300, -0.0000000000000000000 ) ) ;
#2888 = DIRECTION ( 'NONE',  ( -1.000000000000000000, -2.238352872228138200E-016, 0.0000000000000000000 ) ) ;
#2889 = EDGE_LOOP ( 'NONE', ( #2220, #805, #2397, #723 ) ) ;
#2890 = DIRECTION ( 'NONE',  ( -0.8028525536636909000, 0.5961776388591663000, 0.0000000000000000000 ) ) ;
#2891 = ORIENTED_EDGE ( 'NONE', *, *, #1829, .T. ) ;
#2892 = EDGE_CURVE ( 'NONE', #1993, #1747, #2229, .T. ) ;
#2893 = CARTESIAN_POINT ( 'NONE',  ( 8.713632190808905200, -71.29999999999999700, 5.500000000000000000 ) ) ;
#2894 = VERTEX_POINT ( 'NONE', #1085 ) ;
#2895 = ORIENTED_EDGE ( 'NONE', *, *, #1654, .T. ) ;
#2896 = CARTESIAN_POINT ( 'NONE',  ( 9.654840034124053000, 13.00185124595387600, 0.0000000000000000000 ) ) ;
#2897 = EDGE_CURVE ( 'NONE', #2623, #1123, #2918, .T. ) ;
#2898 = ORIENTED_EDGE ( 'NONE', *, *, #3520, .F. ) ;
#2899 = CARTESIAN_POINT ( 'NONE',  ( 79.17817633229367400, -38.62438857941900500, 3.000000000000000000 ) ) ;
#2900 = EDGE_LOOP ( 'NONE', ( #1192, #3070, #1832, #208 ) ) ;
#2901 = VERTEX_POINT ( 'NONE', #3455 ) ;
#2902 = ADVANCED_FACE ( 'NONE', ( #1354 ), #203, .F. ) ;
#2903 = CARTESIAN_POINT ( 'NONE',  ( 75.24419881934160500, -35.70311814900907200, 0.0000000000000000000 ) ) ;
#2904 = LINE ( 'NONE', #235, #2116 ) ;
#2905 = AXIS2_PLACEMENT_3D ( 'NONE', #3137, #3741, #1953 ) ;
#2906 = DIRECTION ( 'NONE',  ( -0.8028525536636859100, 0.5961776388591729600, 0.0000000000000000000 ) ) ;
#2907 = LINE ( 'NONE', #1853, #1432 ) ;
#2908 = DIRECTION ( 'NONE',  ( 1.000000000000000000, 0.0000000000000000000, -0.0000000000000000000 ) ) ;
#2909 = CARTESIAN_POINT ( 'NONE',  ( 29.49999999999999300, -0.5000000000000000000, 5.500000000000000000 ) ) ;
#2910 = DIRECTION ( 'NONE',  ( 0.0000000000000000000, 0.0000000000000000000, -1.000000000000000000 ) ) ;
#2911 = CARTESIAN_POINT ( 'NONE',  ( 65.00000000000000000, 5.000000000000000000, 0.0000000000000000000 ) ) ;
#2912 = ORIENTED_EDGE ( 'NONE', *, *, #3572, .F. ) ;
#2913 = LINE ( 'NONE', #39, #2827 ) ;
#2914 = DIRECTION ( 'NONE',  ( -1.000000000000000000, -0.0000000000000000000, -0.0000000000000000000 ) ) ;
#2915 = LINE ( 'NONE', #1061, #461 ) ;
#2916 = EDGE_CURVE ( 'NONE', #1729, #2945, #3716, .T. ) ;
#2917 = DIRECTION ( 'NONE',  ( 0.0000000000000000000, -1.000000000000000000, 0.0000000000000000000 ) ) ;
#2918 = LINE ( 'NONE', #2861, #553 ) ;
#2919 = CARTESIAN_POINT ( 'NONE',  ( -17.04887120161430400, -46.84138865362521600, 6.000000000000000000 ) ) ;
#2920 = EDGE_CURVE ( 'NONE', #2894, #674, #2134, .T. ) ;
#2921 = ADVANCED_FACE ( 'NONE', ( #3524 ), #3468, .F. ) ;
#2922 = CARTESIAN_POINT ( 'NONE',  ( 5.673982987022793800, -44.45898040505409200, 3.000000000000000000 ) ) ;
#2923 = VECTOR ( 'NONE', #2066, 1000.000000000000000 ) ;
#2924 = CARTESIAN_POINT ( 'NONE',  ( -1.458002945024855400E-013, -35.70311814900876600, 0.0000000000000000000 ) ) ;
#2925 = ORIENTED_EDGE ( 'NONE', *, *, #2203, .T. ) ;
#2926 = VECTOR ( 'NONE', #1834, 1000.000000000000000 ) ;
#2927 = DIRECTION ( 'NONE',  ( 0.0000000000000000000, 0.0000000000000000000, 1.000000000000000000 ) ) ;
#2928 = PLANE ( 'NONE',  #229 ) ;
#2929 = DIRECTION ( 'NONE',  ( 0.0000000000000000000, 0.0000000000000000000, -1.000000000000000000 ) ) ;
#2930 = LINE ( 'NONE', #3664, #3593 ) ;
#2931 = ORIENTED_EDGE ( 'NONE', *, *, #323, .T. ) ;
#2932 = LINE ( 'NONE', #1618, #2147 ) ;
#2933 = CARTESIAN_POINT ( 'NONE',  ( 63.00000000000000000, 2.000000000000000000, 0.0000000000000000000 ) ) ;
#2934 = CARTESIAN_POINT ( 'NONE',  ( 26.71363219080890900, -67.79999999999999700, 0.0000000000000000000 ) ) ;
#2935 = PRODUCT_DEFINITION_FORMATION_WITH_SPECIFIED_SOURCE ( 'ANY', '', #2668, .NOT_KNOWN. ) ;
#2936 = CARTESIAN_POINT ( 'NONE',  ( 10.97280984120312800, -40.52420798858360500, 1.299999999999998500 ) ) ;
#2937 = ORIENTED_EDGE ( 'NONE', *, *, #2645, .F. ) ;
#2938 = LINE ( 'NONE', #803, #64 ) ;
#2939 = DIRECTION ( 'NONE',  ( -0.0000000000000000000, -0.0000000000000000000, 1.000000000000000000 ) ) ;
#2940 = ORIENTED_EDGE ( 'NONE', *, *, #2495, .T. ) ;
#2941 = EDGE_LOOP ( 'NONE', ( #2216, #406, #2759, #2584, #3365, #670 ) ) ;
#2942 = ADVANCED_FACE ( 'NONE', ( #2743 ), #506, .T. ) ;
#2943 = ORIENTED_EDGE ( 'NONE', *, *, #3467, .T. ) ;
#2944 = VERTEX_POINT ( 'NONE', #810 ) ;
#2945 = VERTEX_POINT ( 'NONE', #1411 ) ;
#2946 = EDGE_CURVE ( 'NONE', #200, #487, #1166, .T. ) ;
#2947 = DIRECTION ( 'NONE',  ( -0.0000000000000000000, -0.0000000000000000000, 1.000000000000000000 ) ) ;
#2948 = EDGE_CURVE ( 'NONE', #1371, #877, #464, .T. ) ;
#2949 = PLANE ( 'NONE',  #2008 ) ;
#2950 = ORIENTED_EDGE ( 'NONE', *, *, #2074, .T. ) ;
#2951 = EDGE_LOOP ( 'NONE', ( #401, #3086, #1409, #1795 ) ) ;
#2952 = PLANE ( 'NONE',  #1476 ) ;
#2953 = CARTESIAN_POINT ( 'NONE',  ( 91.41922738029927600, -64.58967151868849000, 6.000000000000000000 ) ) ;
#2954 = VERTEX_POINT ( 'NONE', #2296 ) ;
#2955 = CARTESIAN_POINT ( 'NONE',  ( 60.00000000000002800, -70.21552952853909300, 0.0000000000000000000 ) ) ;
#2956 = LINE ( 'NONE', #2716, #3846 ) ;
#2957 = DIRECTION ( 'NONE',  ( 0.0000000000000000000, -0.0000000000000000000, 1.000000000000000000 ) ) ;
#2958 = AXIS2_PLACEMENT_3D ( 'NONE', #1679, #3726, #2582 ) ;
#2959 = VECTOR ( 'NONE', #264, 1000.000000000000000 ) ;
#2960 = DIRECTION ( 'NONE',  ( 0.8951782529499700000, 0.4457083075795645300, -0.0000000000000000000 ) ) ;
#2961 = AXIS2_PLACEMENT_3D ( 'NONE', #3600, #43, #2114 ) ;
#2962 = VECTOR ( 'NONE', #1624, 1000.000000000000000 ) ;
#2963 = CARTESIAN_POINT ( 'NONE',  ( 25.24999999999999300, 2.700000000000000200, 2.999999999999999600 ) ) ;
#2964 = DIRECTION ( 'NONE',  ( 0.0000000000000000000, 0.0000000000000000000, -1.000000000000000000 ) ) ;
#2965 = CARTESIAN_POINT ( 'NONE',  ( 72.85948826390490800, -38.91452836366384800, 4.699999999999998400 ) ) ;
#2966 = CARTESIAN_POINT ( 'NONE',  ( 55.49999999999999300, -0.5000000000000004400, 0.4999999999999982800 ) ) ;
#2967 = ORIENTED_EDGE ( 'NONE', *, *, #376, .T. ) ;
#2968 = ADVANCED_FACE ( 'NONE', ( #2034 ), #3478, .F. ) ;
#2969 = VECTOR ( 'NONE', #3191, 1000.000000000000000 ) ;
#2970 = CARTESIAN_POINT ( 'NONE',  ( 10.97280984120312800, -40.52420798858360500, 1.299999999999998500 ) ) ;
#2971 = LINE ( 'NONE', #586, #601 ) ;
#2972 = DIRECTION ( 'NONE',  ( -0.5961776388591733000, 0.8028525536636855800, 0.0000000000000000000 ) ) ;
#2973 = FACE_OUTER_BOUND ( 'NONE', #2210, .T. ) ;
#2974 = EDGE_CURVE ( 'NONE', #2769, #1993, #2642, .T. ) ;
#2975 = DIRECTION ( 'NONE',  ( -0.8167217636858433700, 0.5770316808649984500, 0.0000000000000000000 ) ) ;
#2976 = CARTESIAN_POINT ( 'NONE',  ( 63.00000000000000000, 2.575788160835400700, 6.000000000000000000 ) ) ;
#2977 = FACE_OUTER_BOUND ( 'NONE', #2750, .T. ) ;
#2978 = DIRECTION ( 'NONE',  ( 0.8028525536636896800, 0.5961776388591677500, 0.0000000000000000000 ) ) ;
#2979 = EDGE_CURVE ( 'NONE', #2012, #3408, #2835, .T. ) ;
#2980 = CARTESIAN_POINT ( 'NONE',  ( 20.91194879438552300, -28.16142437643952300, 0.0000000000000000000 ) ) ;
#2981 = CARTESIAN_POINT ( 'NONE',  ( 85.09752363093643600, -55.38104150983710400, 4.700000000000001100 ) ) ;
#2982 = ORIENTED_EDGE ( 'NONE', *, *, #508, .F. ) ;
#2983 = PLANE ( 'NONE',  #150 ) ;
#2984 = CYLINDRICAL_SURFACE ( 'NONE', #469, 2.199999999999992200 ) ;
#2985 = DIRECTION ( 'NONE',  ( -0.8028525536636895700, -0.5961776388591679700, 0.0000000000000000000 ) ) ;
#2986 = AXIS2_PLACEMENT_3D ( 'NONE', #3187, #1418, #3480 ) ;
#2987 = ORIENTED_EDGE ( 'NONE', *, *, #320, .T. ) ;
#2988 = VECTOR ( 'NONE', #2653, 1000.000000000000000 ) ;
#2989 = ADVANCED_FACE ( 'NONE', ( #1857 ), #2606, .F. ) ;
#2990 = ORIENTED_EDGE ( 'NONE', *, *, #3520, .T. ) ;
#2991 = DIRECTION ( 'NONE',  ( 0.3420201433256702100, -0.9396926207859078700, 0.0000000000000000000 ) ) ;
#2992 = CARTESIAN_POINT ( 'NONE',  ( 64.42215165449863400, -34.59414100327968100, 0.0000000000000000000 ) ) ;
#2993 = VERTEX_POINT ( 'NONE', #2311 ) ;
#2994 = CARTESIAN_POINT ( 'NONE',  ( 26.08289971752134300, -71.66217800778882500, 0.0000000000000000000 ) ) ;
#2995 = VERTEX_POINT ( 'NONE', #3505 ) ;
#2996 = DIRECTION ( 'NONE',  ( -1.000000000000000000, 0.0000000000000000000, 0.0000000000000000000 ) ) ;
#2997 = CARTESIAN_POINT ( 'NONE',  ( 93.51115582174527700, -61.62878818618026600, 0.0000000000000000000 ) ) ;
#2998 = CARTESIAN_POINT ( 'NONE',  ( 0.0000000000000000000, -55.38104150983710400, 0.0000000000000000000 ) ) ;
#2999 = ORIENTED_EDGE ( 'NONE', *, *, #1393, .T. ) ;
#3000 = CARTESIAN_POINT ( 'NONE',  ( 7.270129478687184000, 9.790441031298938100, 0.0000000000000000000 ) ) ;
#3001 = ORIENTED_EDGE ( 'NONE', *, *, #2048, .T. ) ;
#3002 = ORIENTED_EDGE ( 'NONE', *, *, #1213, .F. ) ;
#3003 = EDGE_CURVE ( 'NONE', #1864, #1420, #2546, .T. ) ;
#3004 = EDGE_LOOP ( 'NONE', ( #3280, #1686, #38, #1606 ) ) ;
#3005 = CARTESIAN_POINT ( 'NONE',  ( 65.44821208447564200, -37.41321886563740400, 6.000000000000000000 ) ) ;
#3006 = DIRECTION ( 'NONE',  ( 0.8028525536636866900, -0.5961776388591716300, -0.0000000000000000000 ) ) ;
#3007 = ORIENTED_EDGE ( 'NONE', *, *, #2523, .T. ) ;
#3008 = ORIENTED_EDGE ( 'NONE', *, *, #3756, .T. ) ;
#3009 = EDGE_CURVE ( 'NONE', #2390, #3732, #282, .T. ) ;
#3010 = DIRECTION ( 'NONE',  ( 0.8028525536636895700, 0.5961776388591679700, 0.0000000000000000000 ) ) ;
#3011 = DIRECTION ( 'NONE',  ( 1.000000000000000000, -4.083685181052831900E-015, 0.0000000000000000000 ) ) ;
#3012 = EDGE_CURVE ( 'NONE', #2285, #1907, #3433, .T. ) ;
#3013 = DIRECTION ( 'NONE',  ( -0.0000000000000000000, 0.0000000000000000000, 1.000000000000000000 ) ) ;
#3014 = LINE ( 'NONE', #2307, #2212 ) ;
#3015 = ADVANCED_FACE ( 'NONE', ( #1668 ), #851, .T. ) ;
#3016 = DIRECTION ( 'NONE',  ( 0.0000000000000000000, 0.0000000000000000000, 1.000000000000000000 ) ) ;
#3017 = AXIS2_PLACEMENT_3D ( 'NONE', #2488, #2975, #2083 ) ;
#3018 = LINE ( 'NONE', #1983, #2215 ) ;
#3019 = ORIENTED_EDGE ( 'NONE', *, *, #1610, .F. ) ;
#3020 = LINE ( 'NONE', #1818, #2125 ) ;
#3021 = CARTESIAN_POINT ( 'NONE',  ( 15.28445742442452400, -22.94427145055486500, 3.000000000000000000 ) ) ;
#3022 = LINE ( 'NONE', #2803, #1442 ) ;
#3023 = LINE ( 'NONE', #3439, #1445 ) ;
#3024 = VECTOR ( 'NONE', #1180, 1000.000000000000000 ) ;
#3025 = DIRECTION ( 'NONE',  ( 0.5961776388591718500, 0.8028525536636866900, -0.0000000000000000000 ) ) ;
#3026 = ADVANCED_FACE ( 'NONE', ( #2458 ), #2033, .T. ) ;
#3027 = CARTESIAN_POINT ( 'NONE',  ( 70.14667518840518300, -35.70311814900905000, 0.0000000000000000000 ) ) ;
#3028 = EDGE_CURVE ( 'NONE', #1650, #917, #98, .T. ) ;
#3029 = ORIENTED_EDGE ( 'NONE', *, *, #2029, .F. ) ;
#3030 = LINE ( 'NONE', #2722, #2926 ) ;
#3031 = CARTESIAN_POINT ( 'NONE',  ( 84.88051497039170100, -60.20213134941160100, 4.700000000000001100 ) ) ;
#3032 = CARTESIAN_POINT ( 'NONE',  ( 0.0000000000000000000, 0.0000000000000000000, 0.0000000000000000000 ) ) ;
#3033 = VERTEX_POINT ( 'NONE', #866 ) ;
#3034 = EDGE_CURVE ( 'NONE', #277, #166, #2367, .T. ) ;
#3035 = VECTOR ( 'NONE', #3377, 1000.000000000000000 ) ;
#3036 = CARTESIAN_POINT ( 'NONE',  ( 67.18299133945524200, -20.32108983957449800, 4.700000000000002000 ) ) ;
#3037 = VERTEX_POINT ( 'NONE', #3231 ) ;
#3038 = LINE ( 'NONE', #780, #1461 ) ;
#3039 = AXIS2_PLACEMENT_3D ( 'NONE', #1387, #2270, #497 ) ;
#3040 = ORIENTED_EDGE ( 'NONE', *, *, #3270, .T. ) ;
#3041 = VERTEX_POINT ( 'NONE', #1467 ) ;
#3042 = APPLICATION_CONTEXT ( 'automotive_design' ) ;
#3043 = ORIENTED_EDGE ( 'NONE', *, *, #3676, .F. ) ;
#3044 = ORIENTED_EDGE ( 'NONE', *, *, #3851, .T. ) ;
#3045 = DIRECTION ( 'NONE',  ( 0.0000000000000000000, 1.000000000000000000, 0.0000000000000000000 ) ) ;
#3046 = ORIENTED_EDGE ( 'NONE', *, *, #415, .T. ) ;
#3047 = DIRECTION ( 'NONE',  ( 0.0000000000000000000, 0.0000000000000000000, 1.000000000000000000 ) ) ;
#3048 = ORIENTED_EDGE ( 'NONE', *, *, #142, .F. ) ;
#3049 = ORIENTED_EDGE ( 'NONE', *, *, #3544, .T. ) ;
#3050 = ORIENTED_EDGE ( 'NONE', *, *, #1948, .F. ) ;
#3051 = CYLINDRICAL_SURFACE ( 'NONE', #2135, 2.199999999999990900 ) ;
#3052 = EDGE_CURVE ( 'NONE', #2945, #1036, #790, .T. ) ;
#3053 = LINE ( 'NONE', #3378, #3144 ) ;
#3054 = EDGE_CURVE ( 'NONE', #3654, #2894, #889, .T. ) ;
#3055 = DIRECTION ( 'NONE',  ( 0.5961776388591718500, 0.8028525536636866900, 0.0000000000000000000 ) ) ;
#3056 = VECTOR ( 'NONE', #1870, 1000.000000000000000 ) ;
#3057 = COLOUR_RGB ( '',0.7921568627450980000, 0.8196078431372548800, 0.9333333333333333500 ) ;
#3058 = CARTESIAN_POINT ( 'NONE',  ( 54.59999999999999400, 5.000000000000000000, 0.0000000000000000000 ) ) ;
#3059 = AXIS2_PLACEMENT_3D ( 'NONE', #2697, #3587, #1811 ) ;
#3060 = ORIENTED_EDGE ( 'NONE', *, *, #20, .F. ) ;
#3061 = DIRECTION ( 'NONE',  ( 0.8028525536636909000, 0.5961776388591661900, 0.0000000000000000000 ) ) ;
#3062 = VECTOR ( 'NONE', #3798, 1000.000000000000000 ) ;
#3063 = DIRECTION ( 'NONE',  ( 0.0000000000000000000, 0.0000000000000000000, 1.000000000000000000 ) ) ;
#3064 = VECTOR ( 'NONE', #881, 1000.000000000000000 ) ;
#3065 = VECTOR ( 'NONE', #3047, 1000.000000000000000 ) ;
#3066 = DIRECTION ( 'NONE',  ( 0.5961776388591733000, -0.8028525536636855800, -0.0000000000000000000 ) ) ;
#3067 = DIRECTION ( 'NONE',  ( -0.0000000000000000000, -0.0000000000000000000, 1.000000000000000000 ) ) ;
#3068 = LINE ( 'NONE', #2806, #3772 ) ;
#3069 = DIRECTION ( 'NONE',  ( 0.0000000000000000000, 0.0000000000000000000, -1.000000000000000000 ) ) ;
#3070 = ORIENTED_EDGE ( 'NONE', *, *, #2126, .F. ) ;
#3071 = VECTOR ( 'NONE', #3789, 1000.000000000000000 ) ;
#3072 = DIRECTION ( 'NONE',  ( -1.000000000000000000, 0.0000000000000000000, 6.447810984205222100E-017 ) ) ;
#3073 = EDGE_CURVE ( 'NONE', #3732, #2839, #3153, .T. ) ;
#3074 = EDGE_CURVE ( 'NONE', #3796, #1970, #2, .T. ) ;
#3075 = VERTEX_POINT ( 'NONE', #1174 ) ;
#3076 = CARTESIAN_POINT ( 'NONE',  ( 18.59999999999999100, -15.50000000000000000, 4.700000000000002000 ) ) ;
#3077 = LINE ( 'NONE', #3829, #2282 ) ;
#3078 = EDGE_LOOP ( 'NONE', ( #3507, #3048, #664, #1292 ) ) ;
#3079 = DIRECTION ( 'NONE',  ( 0.8028525536636911300, -0.5961776388591658600, -0.0000000000000000000 ) ) ;
#3080 = ORIENTED_EDGE ( 'NONE', *, *, #69, .T. ) ;
#3081 = DIRECTION ( 'NONE',  ( 0.9828648502346037900, 0.1843276598161816000, -0.0000000000000000000 ) ) ;
#3082 = ORIENTED_EDGE ( 'NONE', *, *, #3725, .F. ) ;
#3083 = CARTESIAN_POINT ( 'NONE',  ( 8.713632190808905200, -69.29999999999999700, 1.499999999999999600 ) ) ;
#3084 = ORIENTED_EDGE ( 'NONE', *, *, #1193, .F. ) ;
#3085 = DIRECTION ( 'NONE',  ( 2.518126552157516400E-015, -1.000000000000000000, 0.0000000000000000000 ) ) ;
#3086 = ORIENTED_EDGE ( 'NONE', *, *, #1681, .F. ) ;
#3087 = ORIENTED_EDGE ( 'NONE', *, *, #3672, .F. ) ;
#3088 = CARTESIAN_POINT ( 'NONE',  ( 88.41306620651192800, -62.82531296039196900, 3.000000000000000000 ) ) ;
#3089 = ORIENTED_EDGE ( 'NONE', *, *, #1264, .T. ) ;
#3090 = CARTESIAN_POINT ( 'NONE',  ( 70.71554257557546900, -22.94427145055485400, 3.000000000000000000 ) ) ;
#3091 = ORIENTED_EDGE ( 'NONE', *, *, #3192, .F. ) ;
#3092 = ORIENTED_EDGE ( 'NONE', *, *, #2405, .T. ) ;
#3093 = VECTOR ( 'NONE', #3497, 1000.000000000000000 ) ;
#3094 = EDGE_CURVE ( 'NONE', #2248, #3408, #695, .T. ) ;
#3095 = DIRECTION ( 'NONE',  ( 0.0000000000000000000, 1.000000000000000000, 0.0000000000000000000 ) ) ;
#3096 = EDGE_CURVE ( 'NONE', #2843, #3364, #2971, .T. ) ;
#3097 = CARTESIAN_POINT ( 'NONE',  ( 9.654840034124053000, 13.00185124595387600, 6.000000000000000000 ) ) ;
#3098 = ORIENTED_EDGE ( 'NONE', *, *, #1365, .T. ) ;
#3099 = VECTOR ( 'NONE', #611, 1000.000000000000000 ) ;
#3100 = DIRECTION ( 'NONE',  ( -0.0000000000000000000, -0.0000000000000000000, 1.000000000000000000 ) ) ;
#3101 = CARTESIAN_POINT ( 'NONE',  ( 29.49999999999999600, -15.49999999999999800, 5.500000000000000000 ) ) ;
#3102 = AXIS2_PLACEMENT_3D ( 'NONE', #62, #2738, #964 ) ;
#3103 = VECTOR ( 'NONE', #2427, 999.9999999999998900 ) ;
#3104 = DIRECTION ( 'NONE',  ( 0.0000000000000000000, -0.0000000000000000000, 1.000000000000000000 ) ) ;
#3105 = LINE ( 'NONE', #450, #2315 ) ;
#3106 = DIRECTION ( 'NONE',  ( -1.000000000000000000, -4.083685181052837400E-015, 0.0000000000000000000 ) ) ;
#3107 = DIRECTION ( 'NONE',  ( -0.9396926207859064300, -0.3420201433256741500, 0.0000000000000000000 ) ) ;
#3108 = VERTEX_POINT ( 'NONE', #2660 ) ;
#3109 = VECTOR ( 'NONE', #2050, 1000.000000000000100 ) ;
#3110 = PLANE ( 'NONE',  #1347 ) ;
#3111 = CARTESIAN_POINT ( 'NONE',  ( 10.75580118065839300, -35.70311814900907200, 0.0000000000000000000 ) ) ;
#3112 = ORIENTED_EDGE ( 'NONE', *, *, #2774, .F. ) ;
#3113 = DIRECTION ( 'NONE',  ( -1.000000000000000000, 0.0000000000000000000, 1.289562196841047900E-016 ) ) ;
#3114 = FACE_OUTER_BOUND ( 'NONE', #3319, .T. ) ;
#3115 = DIRECTION ( 'NONE',  ( -1.000000000000000000, 0.0000000000000000000, 0.0000000000000000000 ) ) ;
#3116 = EDGE_CURVE ( 'NONE', #2440, #3041, #2872, .T. ) ;
#3117 = ORIENTED_EDGE ( 'NONE', *, *, #3270, .F. ) ;
#3118 = LINE ( 'NONE', #1304, #3035 ) ;
#3119 = CARTESIAN_POINT ( 'NONE',  ( 84.88051497039170100, -60.20213134941160100, 1.300000000000000300 ) ) ;
#3120 = ORIENTED_EDGE ( 'NONE', *, *, #2425, .T. ) ;
#3121 = DIRECTION ( 'NONE',  ( 0.0000000000000000000, 1.000000000000000000, -0.0000000000000000000 ) ) ;
#3122 = EDGE_CURVE ( 'NONE', #3223, #2639, #3671, .T. ) ;
#3123 = LINE ( 'NONE', #2830, #1553 ) ;
#3124 = ORIENTED_EDGE ( 'NONE', *, *, #1997, .T. ) ;
#3125 = CARTESIAN_POINT ( 'NONE',  ( 3.713632190808907400, -55.38104150983710400, 6.000000000000000000 ) ) ;
#3126 = EDGE_LOOP ( 'NONE', ( #2161, #3831, #501, #1383 ) ) ;
#3127 = AXIS2_PLACEMENT_3D ( 'NONE', #2863, #3457, #1677 ) ;
#3128 = AXIS2_PLACEMENT_3D ( 'NONE', #945, #55, #2124 ) ;
#3129 = CARTESIAN_POINT ( 'NONE',  ( 0.0000000000000000000, 0.0000000000000000000, 5.500000000000000000 ) ) ;
#3130 = ORIENTED_EDGE ( 'NONE', *, *, #2649, .F. ) ;
#3131 = ORIENTED_EDGE ( 'NONE', *, *, #190, .T. ) ;
#3132 = ORIENTED_EDGE ( 'NONE', *, *, #3472, .F. ) ;
#3133 = PLANE ( 'NONE',  #2133 ) ;
#3134 = PRODUCT_RELATED_PRODUCT_CATEGORY ( 'part', '', ( #2668 ) ) ;
#3135 = ORIENTED_EDGE ( 'NONE', *, *, #2204, .T. ) ;
#3136 = VERTEX_POINT ( 'NONE', #1781 ) ;
#3137 = CARTESIAN_POINT ( 'NONE',  ( 0.0000000000000000000, 0.0000000000000000000, 5.500000000000000000 ) ) ;
#3138 = ORIENTED_EDGE ( 'NONE', *, *, #338, .T. ) ;
#3139 = VECTOR ( 'NONE', #345, 1000.000000000000100 ) ;
#3140 = ADVANCED_FACE ( 'NONE', ( #1399 ), #1985, .T. ) ;
#3141 = CARTESIAN_POINT ( 'NONE',  ( 63.00000000000000000, 2.000000000000000000, 0.0000000000000000000 ) ) ;
#3142 = CARTESIAN_POINT ( 'NONE',  ( 8.713632190808905200, -62.79999999999999700, 1.499999999999999600 ) ) ;
#3143 = DIRECTION ( 'NONE',  ( 0.5770316808649952300, -0.8167217636858455900, 0.0000000000000000000 ) ) ;
#3144 = VECTOR ( 'NONE', #1323, 1000.000000000000000 ) ;
#3145 = ORIENTED_EDGE ( 'NONE', *, *, #1932, .T. ) ;
#3146 = LINE ( 'NONE', #3734, #1660 ) ;
#3147 = PLANE ( 'NONE',  #3127 ) ;
#3148 = EDGE_CURVE ( 'NONE', #1413, #3108, #2782, .T. ) ;
#3149 = EDGE_CURVE ( 'NONE', #2294, #3075, #1298, .T. ) ;
#3150 = CARTESIAN_POINT ( 'NONE',  ( 65.01528944456329400, -18.71141021465473400, 1.300000000000002000 ) ) ;
#3151 = ORIENTED_EDGE ( 'NONE', *, *, #3322, .F. ) ;
#3152 = LINE ( 'NONE', #3465, #2365 ) ;
#3153 = LINE ( 'NONE', #2637, #1494 ) ;
#3154 = LINE ( 'NONE', #1850, #4 ) ;
#3155 = DIRECTION ( 'NONE',  ( 0.5961776388591684100, 0.8028525536636892400, 0.0000000000000000000 ) ) ;
#3156 = ADVANCED_FACE ( 'NONE', ( #3575 ), #1114, .F. ) ;
#3157 = ORIENTED_EDGE ( 'NONE', *, *, #3655, .T. ) ;
#3158 = VECTOR ( 'NONE', #1602, 1000.000000000000000 ) ;
#3159 = DIRECTION ( 'NONE',  ( -1.000000000000000000, 0.0000000000000000000, 6.447810984205254100E-017 ) ) ;
#3160 = ORIENTED_EDGE ( 'NONE', *, *, #2854, .T. ) ;
#3161 = UNCERTAINTY_MEASURE_WITH_UNIT (LENGTH_MEASURE( 1.000000000000000100E-005 ), #2232, 'distance_accuracy_value', 'NONE');
#3162 = VECTOR ( 'NONE', #1692, 1000.000000000000000 ) ;
#3163 = DIRECTION ( 'NONE',  ( -0.0000000000000000000, -0.0000000000000000000, 1.000000000000000000 ) ) ;
#3164 = ORIENTED_EDGE ( 'NONE', *, *, #2400, .T. ) ;
#3165 = FACE_OUTER_BOUND ( 'NONE', #1561, .T. ) ;
#3166 = DIRECTION ( 'NONE',  ( -0.5770316808649985600, -0.8167217636858433700, 0.0000000000000000000 ) ) ;
#3167 = LINE ( 'NONE', #3557, #2030 ) ;
#3168 = EDGE_CURVE ( 'NONE', #1228, #647, #2695, .T. ) ;
#3169 = DIRECTION ( 'NONE',  ( 0.8028525536636853500, 0.5961776388591736300, 8.031127203596346600E-017 ) ) ;
#3170 = VERTEX_POINT ( 'NONE', #2694 ) ;
#3171 = ORIENTED_EDGE ( 'NONE', *, *, #2832, .T. ) ;
#3172 = ORIENTED_EDGE ( 'NONE', *, *, #3515, .T. ) ;
#3173 = EDGE_CURVE ( 'NONE', #1567, #3604, #1896, .T. ) ;
#3174 = ORIENTED_EDGE ( 'NONE', *, *, #533, .T. ) ;
#3175 = ADVANCED_FACE ( 'NONE', ( #3380 ), #1521, .T. ) ;
#3176 = DIRECTION ( 'NONE',  ( -0.5961776388591687500, 0.8028525536636890200, -0.0000000000000000000 ) ) ;
#3177 = AXIS2_PLACEMENT_3D ( 'NONE', #1986, #220, #2288 ) ;
#3178 = ORIENTED_EDGE ( 'NONE', *, *, #1285, .F. ) ;
#3179 = VERTEX_POINT ( 'NONE', #926 ) ;
#3180 = VERTEX_POINT ( 'NONE', #2404 ) ;
#3181 = CARTESIAN_POINT ( 'NONE',  ( 54.59999999999999400, 6.599999999999999600, 6.000000000000000000 ) ) ;
#3182 = CARTESIAN_POINT ( 'NONE',  ( 75.02719015879687000, -40.52420798858359100, 4.699999999999998400 ) ) ;
#3183 = ORIENTED_EDGE ( 'NONE', *, *, #2948, .F. ) ;
#3184 = VERTEX_POINT ( 'NONE', #1796 ) ;
#3185 = CARTESIAN_POINT ( 'NONE',  ( 8.713632190808905200, -69.29999999999999700, 1.499999999999999600 ) ) ;
#3186 = CARTESIAN_POINT ( 'NONE',  ( 77.03717410096055600, -54.42843822350424400, 0.0000000000000000000 ) ) ;
#3187 = CARTESIAN_POINT ( 'NONE',  ( 12.89974686898783000, -19.73286123590012400, 3.000000000000000000 ) ) ;
#3188 = LINE ( 'NONE', #739, #1611 ) ;
#3189 = DIRECTION ( 'NONE',  ( 0.5961776388591729600, 0.8028525536636858000, 0.0000000000000000000 ) ) ;
#3190 = CARTESIAN_POINT ( 'NONE',  ( 28.71363219080890900, -69.26616137173527900, 0.0000000000000000000 ) ) ;
#3191 = DIRECTION ( 'NONE',  ( 0.9372351266352609800, -0.3486980318283807200, 0.0000000000000000000 ) ) ;
#3192 = EDGE_CURVE ( 'NONE', #960, #1380, #331, .T. ) ;
#3193 = ORIENTED_EDGE ( 'NONE', *, *, #2974, .F. ) ;
#3194 = DIRECTION ( 'NONE',  ( -0.0000000000000000000, 1.000000000000000000, 0.0000000000000000000 ) ) ;
#3195 = LINE ( 'NONE', #2375, #833 ) ;
#3196 = EDGE_CURVE ( 'NONE', #724, #2131, #1808, .T. ) ;
#3197 = ADVANCED_FACE ( 'NONE', ( #1712 ), #1533, .T. ) ;
#3198 = VECTOR ( 'NONE', #58, 1000.000000000000000 ) ;
#3199 = EDGE_CURVE ( 'NONE', #487, #1876, #939, .T. ) ;
#3200 = DIRECTION ( 'NONE',  ( -0.8028525536636909000, -0.5961776388591661900, 0.0000000000000000000 ) ) ;
#3201 = DIRECTION ( 'NONE',  ( 0.8028525536636893500, -0.5961776388591681900, 0.0000000000000000000 ) ) ;
#3202 = AXIS2_PLACEMENT_3D ( 'NONE', #2386, #607, #2686 ) ;
#3203 = LINE ( 'NONE', #744, #1622 ) ;
#3204 = FACE_BOUND ( 'NONE', #394, .T. ) ;
#3205 = DIRECTION ( 'NONE',  ( 0.0000000000000000000, 0.0000000000000000000, -1.000000000000000000 ) ) ;
#3206 = ORIENTED_EDGE ( 'NONE', *, *, #246, .T. ) ;
#3207 = LINE ( 'NONE', #1506, #2420 ) ;
#3208 = CARTESIAN_POINT ( 'NONE',  ( 69.56770189489194000, -17.10967962491975300, 1.300000000000001800 ) ) ;
#3209 = ORIENTED_EDGE ( 'NONE', *, *, #1365, .F. ) ;
#3210 = DIRECTION ( 'NONE',  ( 0.0000000000000000000, 1.000000000000000000, -0.0000000000000000000 ) ) ;
#3211 = LINE ( 'NONE', #1595, #2423 ) ;
#3212 = DIRECTION ( 'NONE',  ( 0.0000000000000000000, 0.0000000000000000000, 1.000000000000000000 ) ) ;
#3213 = ORIENTED_EDGE ( 'NONE', *, *, #993, .F. ) ;
#3214 = LINE ( 'NONE', #1058, #158 ) ;
#3215 = ADVANCED_FACE ( 'NONE', ( #141 ), #1621, .F. ) ;
#3216 = DIRECTION ( 'NONE',  ( 0.0000000000000000000, 1.000000000000000000, 0.0000000000000000000 ) ) ;
#3217 = DIRECTION ( 'NONE',  ( -0.0000000000000000000, -0.0000000000000000000, 1.000000000000000000 ) ) ;
#3218 = DIRECTION ( 'NONE',  ( -0.3486980318283817200, 0.9372351266352605400, 0.0000000000000000000 ) ) ;
#3219 = EDGE_LOOP ( 'NONE', ( #523, #3646, #1236, #808, #977, #1933, #811 ) ) ;
#3220 = EDGE_CURVE ( 'NONE', #2529, #1324, #2590, .T. ) ;
#3221 = DIRECTION ( 'NONE',  ( -0.9396926207859077600, 0.3420201433256706000, 0.0000000000000000000 ) ) ;
#3222 = ORIENTED_EDGE ( 'NONE', *, *, #609, .T. ) ;
#3223 = VERTEX_POINT ( 'NONE', #3616 ) ;
#3224 = DIRECTION ( 'NONE',  ( 0.0000000000000000000, -1.000000000000000000, 0.0000000000000000000 ) ) ;
#3225 = EDGE_CURVE ( 'NONE', #481, #1780, #44, .T. ) ;
#3226 = VERTEX_POINT ( 'NONE', #2127 ) ;
#3227 = VERTEX_POINT ( 'NONE', #361 ) ;
#3228 = ORIENTED_EDGE ( 'NONE', *, *, #1932, .F. ) ;
#3229 = EDGE_LOOP ( 'NONE', ( #2419, #441, #3222, #848 ) ) ;
#3230 = FACE_OUTER_BOUND ( 'NONE', #2900, .T. ) ;
#3231 = CARTESIAN_POINT ( 'NONE',  ( 12.13815572471545100, -54.27206436410774200, 0.0000000000000000000 ) ) ;
#3232 = DIRECTION ( 'NONE',  ( -0.8028525536636855800, 0.5961776388591733000, 8.031127203596346600E-017 ) ) ;
#3233 = VECTOR ( 'NONE', #2795, 1000.000000000000000 ) ;
#3234 = DIRECTION ( 'NONE',  ( -0.5961776388591687500, 0.8028525536636890200, -0.0000000000000000000 ) ) ;
#3235 = ADVANCED_FACE ( 'NONE', ( #2411 ), #3309, .F. ) ;
#3236 = DIRECTION ( 'NONE',  ( -0.8028525536636860200, -0.5961776388591726300, 0.0000000000000000000 ) ) ;
#3237 = ORIENTED_EDGE ( 'NONE', *, *, #948, .T. ) ;
#3238 = DIRECTION ( 'NONE',  ( 0.8028525536636892400, -0.5961776388591684100, 0.0000000000000000000 ) ) ;
#3239 = LINE ( 'NONE', #2189, #2359 ) ;
#3240 = VECTOR ( 'NONE', #1822, 1000.000000000000000 ) ;
#3241 = ORIENTED_EDGE ( 'NONE', *, *, #533, .F. ) ;
#3242 = DIRECTION ( 'NONE',  ( 0.5961776388591718500, 0.8028525536636866900, -0.0000000000000000000 ) ) ;
#3243 = VECTOR ( 'NONE', #3163, 1000.000000000000000 ) ;
#3244 = EDGE_CURVE ( 'NONE', #1665, #798, #835, .T. ) ;
#3245 = CARTESIAN_POINT ( 'NONE',  ( 1.458002945024871300E-013, -35.70311814900911400, 6.000000000000000000 ) ) ;
#3246 = VECTOR ( 'NONE', #2917, 1000.000000000000000 ) ;
#3247 = DIRECTION ( 'NONE',  ( 0.0000000000000000000, -0.0000000000000000000, -1.000000000000000000 ) ) ;
#3248 = DIRECTION ( 'NONE',  ( -1.000000000000000000, 0.0000000000000000000, -0.0000000000000000000 ) ) ;
#3249 = EDGE_CURVE ( 'NONE', #1804, #1141, #2313, .T. ) ;
#3250 = VECTOR ( 'NONE', #3622, 1000.000000000000000 ) ;
#3251 = CARTESIAN_POINT ( 'NONE',  ( 55.49999999999999300, -15.49999999999999800, 5.500000000000000000 ) ) ;
#3252 = VERTEX_POINT ( 'NONE', #2733 ) ;
#3253 = LINE ( 'NONE', #2183, #898 ) ;
#3254 = ADVANCED_FACE ( 'NONE', ( #3812 ), #1613, .T. ) ;
#3255 = EDGE_LOOP ( 'NONE', ( #2293, #617, #216, #1428 ) ) ;
#3256 = LINE ( 'NONE', #217, #3071 ) ;
#3257 = DIRECTION ( 'NONE',  ( -1.000000000000000000, 0.0000000000000000000, -0.0000000000000000000 ) ) ;
#3258 = CARTESIAN_POINT ( 'NONE',  ( 67.18299133945524200, -20.32108983957449800, 4.700000000000002000 ) ) ;
#3259 = VERTEX_POINT ( 'NONE', #1022 ) ;
#3260 = CARTESIAN_POINT ( 'NONE',  ( 8.713632190808905200, -71.29999999999999700, 0.4999999999999982800 ) ) ;
#3261 = EDGE_LOOP ( 'NONE', ( #715, #3583, #124, #3603 ) ) ;
#3262 = VECTOR ( 'NONE', #2314, 1000.000000000000000 ) ;
#3263 = DIRECTION ( 'NONE',  ( -0.0000000000000000000, -0.0000000000000000000, 1.000000000000000000 ) ) ;
#3264 = CARTESIAN_POINT ( 'NONE',  ( 55.49999999999999300, -15.49999999999999800, 6.000000000000000000 ) ) ;
#3265 = ORIENTED_EDGE ( 'NONE', *, *, #2454, .T. ) ;
#3266 = ORIENTED_EDGE ( 'NONE', *, *, #1417, .F. ) ;
#3267 = ORIENTED_EDGE ( 'NONE', *, *, #1899, .T. ) ;
#3268 = CARTESIAN_POINT ( 'NONE',  ( 28.71363219080890900, -70.21552952853909300, 6.000000000000000000 ) ) ;
#3269 = ORIENTED_EDGE ( 'NONE', *, *, #1950, .F. ) ;
#3270 = EDGE_CURVE ( 'NONE', #2901, #3765, #2498, .T. ) ;
#3271 = CARTESIAN_POINT ( 'NONE',  ( 62.00000000000001400, -67.79999999999999700, 0.0000000000000000000 ) ) ;
#3272 = EDGE_CURVE ( 'NONE', #819, #2475, #3022, .T. ) ;
#3273 = CARTESIAN_POINT ( 'NONE',  ( 55.49999999999999300, -15.49999999999999800, 0.4999999999999982800 ) ) ;
#3274 = ORIENTED_EDGE ( 'NONE', *, *, #1046, .F. ) ;
#3275 = ORIENTED_EDGE ( 'NONE', *, *, #3396, .F. ) ;
#3276 = DIRECTION ( 'NONE',  ( 0.8790825613855033400, 0.4766695398993967500, 0.0000000000000000000 ) ) ;
#3277 = VERTEX_POINT ( 'NONE', #3400 ) ;
#3278 = ADVANCED_FACE ( 'NONE', ( #650 ), #1331, .T. ) ;
#3279 = AXIS2_PLACEMENT_3D ( 'NONE', #1276, #3713, #3143 ) ;
#3280 = ORIENTED_EDGE ( 'NONE', *, *, #1880, .F. ) ;
#3281 = VERTEX_POINT ( 'NONE', #1034 ) ;
#3282 = LINE ( 'NONE', #2933, #2487 ) ;
#3283 = DIRECTION ( 'NONE',  ( -0.5770316808649909000, -0.8167217636858485900, 0.0000000000000000000 ) ) ;
#3284 = AXIS2_PLACEMENT_3D ( 'NONE', #3498, #2020, #252 ) ;
#3285 = COLOUR_RGB ( '',0.7921568627450980000, 0.8196078431372548800, 0.9333333333333333500 ) ;
#3286 = DIRECTION ( 'NONE',  ( 0.0000000000000000000, 1.000000000000000000, -0.0000000000000000000 ) ) ;
#3287 = DIRECTION ( 'NONE',  ( -0.0000000000000000000, -0.0000000000000000000, 1.000000000000000000 ) ) ;
#3288 = DIRECTION ( 'NONE',  ( 0.5961776388591718500, 0.8028525536636866900, 0.0000000000000000000 ) ) ;
#3289 = ORIENTED_EDGE ( 'NONE', *, *, #3003, .T. ) ;
#3290 = VECTOR ( 'NONE', #2960, 999.9999999999998900 ) ;
#3291 = DIRECTION ( 'NONE',  ( 0.0000000000000000000, 1.000000000000000000, 0.0000000000000000000 ) ) ;
#3292 = VECTOR ( 'NONE', #949, 1000.000000000000100 ) ;
#3293 = ADVANCED_FACE ( 'NONE', ( #3714 ), #2142, .T. ) ;
#3294 = CARTESIAN_POINT ( 'NONE',  ( 5.673982987022792900, -44.45898040505409200, 3.000000000000000000 ) ) ;
#3295 = PLANE ( 'NONE',  #2739 ) ;
#3296 = VECTOR ( 'NONE', #3387, 1000.000000000000000 ) ;
#3297 = EDGE_CURVE ( 'NONE', #2092, #2356, #2227, .T. ) ;
#3298 = VECTOR ( 'NONE', #254, 1000.000000000000000 ) ;
#3299 = DIRECTION ( 'NONE',  ( 2.238352872228138200E-016, -1.000000000000000000, 0.0000000000000000000 ) ) ;
#3300 = EDGE_CURVE ( 'NONE', #2042, #2140, #2128, .T. ) ;
#3301 = CARTESIAN_POINT ( 'NONE',  ( 62.00000000000001400, 0.0000000000000000000, 0.0000000000000000000 ) ) ;
#3302 = ORIENTED_EDGE ( 'NONE', *, *, #12, .F. ) ;
#3303 = FACE_OUTER_BOUND ( 'NONE', #537, .T. ) ;
#3304 = EDGE_LOOP ( 'NONE', ( #992, #308, #773, #385, #2855, #2343, #2748, #573, #213, #2492, #1087, #3368, #2449, #298, #2669, #79, #3537, #576, #1647, #3632, #3739, #2573, #227, #1182, #2676, #2820, #1871, #1191, #2441, #563, #2943, #165, #1357, #3832, #1883, #325, #1271, #2772, #3237, #2755, #1279, #966, #2931, #2250, #256, #657, #859, #1971, #1205, #3178, #3274, #3737, #2484, #636, #1316, #22, #2811, #1598, #1760, #2727, #1601, #612, #1005 ) ) ;
#3305 = LINE ( 'NONE', #413, #1726 ) ;
#3306 = AXIS2_PLACEMENT_3D ( 'NONE', #1669, #1964, #194 ) ;
#3307 = CARTESIAN_POINT ( 'NONE',  ( 8.499999999999989300, -22.99999999999999600, 0.0000000000000000000 ) ) ;
#3308 = ORIENTED_EDGE ( 'NONE', *, *, #1659, .F. ) ;
#3309 = PLANE ( 'NONE',  #3560 ) ;
#3310 = VECTOR ( 'NONE', #3702, 1000.000000000000000 ) ;
#3311 = DIRECTION ( 'NONE',  ( 0.8028525536636866900, -0.5961776388591717400, 0.0000000000000000000 ) ) ;
#3312 = DIRECTION ( 'NONE',  ( 0.9396926207859075400, -0.3420201433256709900, 0.0000000000000000000 ) ) ;
#3313 = ADVANCED_FACE ( 'NONE', ( #737 ), #460, .T. ) ;
#3314 = DIRECTION ( 'NONE',  ( 0.5770316808649986800, -0.8167217636858432600, 0.0000000000000000000 ) ) ;
#3315 = VERTEX_POINT ( 'NONE', #2236 ) ;
#3316 = VERTEX_POINT ( 'NONE', #3125 ) ;
#3317 = VERTEX_POINT ( 'NONE', #1356 ) ;
#3318 = EDGE_CURVE ( 'NONE', #1472, #678, #2915, .T. ) ;
#3319 = EDGE_LOOP ( 'NONE', ( #2586, #484 ) ) ;
#3320 = EDGE_LOOP ( 'NONE', ( #2145, #169, #3555, #3444 ) ) ;
#3321 = ORIENTED_EDGE ( 'NONE', *, *, #2708, .T. ) ;
#3322 = EDGE_CURVE ( 'NONE', #3316, #2561, #3623, .T. ) ;
#3323 = DIRECTION ( 'NONE',  ( 0.5961776388591718500, 0.8028525536636866900, 0.0000000000000000000 ) ) ;
#3324 = ORIENTED_EDGE ( 'NONE', *, *, #1167, .F. ) ;
#3325 = SURFACE_SIDE_STYLE ('',( #1666 ) ) ;
#3326 = LINE ( 'NONE', #1935, #968 ) ;
#3327 = DIRECTION ( 'NONE',  ( 0.5961776388591683000, 0.8028525536636891300, -0.0000000000000000000 ) ) ;
#3328 = AXIS2_PLACEMENT_3D ( 'NONE', #3345, #1576, #3652 ) ;
#3329 = LINE ( 'NONE', #2997, #175 ) ;
#3330 = CARTESIAN_POINT ( 'NONE',  ( 6.413632190808908900, -55.38104150983710400, 0.0000000000000000000 ) ) ;
#3331 = ORIENTED_EDGE ( 'NONE', *, *, #3196, .F. ) ;
#3332 = LINE ( 'NONE', #697, #1753 ) ;
#3333 = CARTESIAN_POINT ( 'NONE',  ( 75.24419881934160500, -35.70311814900907200, 6.000000000000000000 ) ) ;
#3334 = PRODUCT_DEFINITION_FORMATION_WITH_SPECIFIED_SOURCE ( 'ANY', '', #437, .NOT_KNOWN. ) ;
#3335 = FACE_OUTER_BOUND ( 'NONE', #388, .T. ) ;
#3336 = ORIENTED_EDGE ( 'NONE', *, *, #892, .T. ) ;
#3337 = LINE ( 'NONE', #795, #979 ) ;
#3338 = APPLICATION_CONTEXT ( 'automotive_design' ) ;
#3339 = PLANE ( 'NONE',  #1000 ) ;
#3340 = VECTOR ( 'NONE', #1727, 999.9999999999998900 ) ;
#3341 = DIRECTION ( 'NONE',  ( 2.238352872228138200E-016, -1.000000000000000000, 0.0000000000000000000 ) ) ;
#3342 = PLANE ( 'NONE',  #2276 ) ;
#3343 = VECTOR ( 'NONE', #3314, 1000.000000000000000 ) ;
#3344 = CARTESIAN_POINT ( 'NONE',  ( 26.71363219080890900, -68.52206200559173500, 0.0000000000000000000 ) ) ;
#3345 = CARTESIAN_POINT ( 'NONE',  ( 73.10025313101216700, -19.73286123590011300, 3.000000000000000000 ) ) ;
#3346 = EDGE_CURVE ( 'NONE', #1177, #756, #2831, .T. ) ;
#3347 = EDGE_CURVE ( 'NONE', #1324, #107, #3521, .T. ) ;
#3348 = ORIENTED_EDGE ( 'NONE', *, *, #2321, .F. ) ;
#3349 = VECTOR ( 'NONE', #2771, 999.9999999999998900 ) ;
#3350 = CARTESIAN_POINT ( 'NONE',  ( 69.56770189489194000, -17.10967962491975300, 4.700000000000002000 ) ) ;
#3351 = VERTEX_POINT ( 'NONE', #3142 ) ;
#3352 = LINE ( 'NONE', #3721, #2557 ) ;
#3353 = CARTESIAN_POINT ( 'NONE',  ( 60.00000000000002800, -70.21552952853909300, 6.000000000000000000 ) ) ;
#3354 = VERTEX_POINT ( 'NONE', #1663 ) ;
#3355 = VECTOR ( 'NONE', #831, 1000.000000000000000 ) ;
#3356 = CARTESIAN_POINT ( 'NONE',  ( 8.713632190808905200, -62.79999999999999700, 5.500000000000000000 ) ) ;
#3357 = AXIS2_PLACEMENT_3D ( 'NONE', #3021, #346, #643 ) ;
#3358 = ORIENTED_EDGE ( 'NONE', *, *, #2892, .F. ) ;
#3359 = VERTEX_POINT ( 'NONE', #3436 ) ;
#3360 = ORIENTED_EDGE ( 'NONE', *, *, #2023, .F. ) ;
#3361 = CARTESIAN_POINT ( 'NONE',  ( 62.00000000000001400, 0.0000000000000000000, 6.000000000000000000 ) ) ;
#3362 = DIRECTION ( 'NONE',  ( -0.9396926207859078700, 0.3420201433256701000, 0.0000000000000000000 ) ) ;
#3363 = ORIENTED_EDGE ( 'NONE', *, *, #1261, .F. ) ;
#3364 = VERTEX_POINT ( 'NONE', #2541 ) ;
#3365 = ORIENTED_EDGE ( 'NONE', *, *, #869, .T. ) ;
#3366 = EDGE_CURVE ( 'NONE', #260, #531, #2032, .T. ) ;
#3367 = CARTESIAN_POINT ( 'NONE',  ( 19.68036321520674300, -54.07135354044548600, 6.000000000000000000 ) ) ;
#3368 = ORIENTED_EDGE ( 'NONE', *, *, #3595, .F. ) ;
#3369 = ORIENTED_EDGE ( 'NONE', *, *, #1829, .F. ) ;
#3370 = CARTESIAN_POINT ( 'NONE',  ( 8.713632190808905200, -62.79999999999999700, 6.000000000000000000 ) ) ;
#3371 = VECTOR ( 'NONE', #467, 1000.000000000000000 ) ;
#3372 = EDGE_CURVE ( 'NONE', #2804, #2525, #1163, .T. ) ;
#3373 = CARTESIAN_POINT ( 'NONE',  ( 29.49999999999999300, 1.040949779275250100E-015, 0.4999999999999982800 ) ) ;
#3374 = VECTOR ( 'NONE', #2537, 1000.000000000000100 ) ;
#3375 = CARTESIAN_POINT ( 'NONE',  ( 9.206534223143004100, -41.83579879407376700, 3.000000000000000400 ) ) ;
#3376 = VERTEX_POINT ( 'NONE', #782 ) ;
#3377 = DIRECTION ( 'NONE',  ( -1.000000000000000000, -0.0000000000000000000, -0.0000000000000000000 ) ) ;
#3378 = CARTESIAN_POINT ( 'NONE',  ( 65.00000000000000000, 5.000000000000000000, 0.0000000000000000000 ) ) ;
#3379 = VECTOR ( 'NONE', #2070, 1000.000000000000000 ) ;
#3380 = FACE_OUTER_BOUND ( 'NONE', #1851, .T. ) ;
#3381 = DIRECTION ( 'NONE',  ( -0.0000000000000000000, -0.0000000000000000000, 1.000000000000000000 ) ) ;
#3382 = DIRECTION ( 'NONE',  ( -1.000000000000000000, -1.355252715606880000E-016, 0.0000000000000000000 ) ) ;
#3383 = DIRECTION ( 'NONE',  ( -0.8028525536636854600, 0.5961776388591734100, 0.0000000000000000000 ) ) ;
#3384 = LINE ( 'NONE', #3694, #3296 ) ;
#3385 = DIRECTION ( 'NONE',  ( -0.5961776388591687500, 0.8028525536636890200, -0.0000000000000000000 ) ) ;
#3386 = FILL_AREA_STYLE ('',( #1513 ) ) ;
#3387 = DIRECTION ( 'NONE',  ( 0.0000000000000000000, -1.000000000000000000, 0.0000000000000000000 ) ) ;
#3388 = LINE ( 'NONE', #1140, #3298 ) ;
#3389 = EDGE_CURVE ( 'NONE', #2995, #481, #373, .T. ) ;
#3390 = CARTESIAN_POINT ( 'NONE',  ( 26.71363219080890900, -67.79999999999999700, 0.0000000000000000000 ) ) ;
#3391 = DIRECTION ( 'NONE',  ( -1.000000000000000000, 0.0000000000000000000, 0.0000000000000000000 ) ) ;
#3392 = EDGE_LOOP ( 'NONE', ( #3358, #3193, #1697, #2853 ) ) ;
#3393 = VECTOR ( 'NONE', #1758, 1000.000000000000000 ) ;
#3394 = CARTESIAN_POINT ( 'NONE',  ( 1.458002945024871300E-013, -35.70311814900911400, 0.0000000000000000000 ) ) ;
#3395 = EDGE_CURVE ( 'NONE', #674, #3604, #1854, .T. ) ;
#3396 = EDGE_CURVE ( 'NONE', #1102, #118, #2640, .T. ) ;
#3397 = ORIENTED_EDGE ( 'NONE', *, *, #3427, .T. ) ;
#3398 = DIRECTION ( 'NONE',  ( 0.5961776388591687500, -0.8028525536636890200, -0.0000000000000000000 ) ) ;
#3399 = VECTOR ( 'NONE', #3341, 1000.000000000000000 ) ;
#3400 = CARTESIAN_POINT ( 'NONE',  ( 8.713632190808905200, -71.29999999999999700, 0.4999999999999982800 ) ) ;
#3401 = CARTESIAN_POINT ( 'NONE',  ( 20.91194879438552300, -28.16142437643952300, 6.000000000000000000 ) ) ;
#3402 = AXIS2_PLACEMENT_3D ( 'NONE', #251, #3398, #3010 ) ;
#3403 = DIRECTION ( 'NONE',  ( 0.0000000000000000000, 0.0000000000000000000, -1.000000000000000000 ) ) ;
#3404 = ORIENTED_EDGE ( 'NONE', *, *, #391, .T. ) ;
#3405 = FACE_OUTER_BOUND ( 'NONE', #73, .T. ) ;
#3406 = ORIENTED_EDGE ( 'NONE', *, *, #2450, .T. ) ;
#3407 = AXIS2_PLACEMENT_3D ( 'NONE', #2994, #3586, #1810 ) ;
#3408 = VERTEX_POINT ( 'NONE', #2562 ) ;
#3409 = CARTESIAN_POINT ( 'NONE',  ( 13.14051173609508900, -38.91452836366386200, 4.699999999999998400 ) ) ;
#3410 = CARTESIAN_POINT ( 'NONE',  ( 0.0000000000000000000, -71.29999999999999700, 6.000000000000000000 ) ) ;
#3411 = ORIENTED_EDGE ( 'NONE', *, *, #1364, .F. ) ;
#3412 = ORIENTED_EDGE ( 'NONE', *, *, #3800, .F. ) ;
#3413 = ORIENTED_EDGE ( 'NONE', *, *, #3034, .F. ) ;
#3414 = CARTESIAN_POINT ( 'NONE',  ( 8.713632190808905200, -69.29999999999999700, 1.499999999999999600 ) ) ;
#3415 = ORIENTED_EDGE ( 'NONE', *, *, #2682, .F. ) ;
#3416 = ORIENTED_EDGE ( 'NONE', *, *, #1113, .T. ) ;
#3417 = VERTEX_POINT ( 'NONE', #2867 ) ;
#3418 = DIRECTION ( 'NONE',  ( -0.0000000000000000000, -1.000000000000000000, -0.0000000000000000000 ) ) ;
#3419 = LINE ( 'NONE', #1343, #2728 ) ;
#3420 = CARTESIAN_POINT ( 'NONE',  ( 53.39999999999999900, 3.775106511576874300, 0.0000000000000000000 ) ) ;
#3421 = CARTESIAN_POINT ( 'NONE',  ( 86.64679058845182200, -61.51372215490179200, 3.000000000000000000 ) ) ;
#3422 = EDGE_CURVE ( 'NONE', #3743, #1127, #183, .T. ) ;
#3423 = CARTESIAN_POINT ( 'NONE',  ( -5.169516904405405500, -3.652376073764693300, 0.0000000000000000000 ) ) ;
#3424 = VECTOR ( 'NONE', #3391, 1000.000000000000000 ) ;
#3425 = CARTESIAN_POINT ( 'NONE',  ( 30.17206218484699000, -10.98173254171323300, 0.0000000000000000000 ) ) ;
#3426 = CARTESIAN_POINT ( 'NONE',  ( 26.71363219080890900, 0.0000000000000000000, 6.000000000000000000 ) ) ;
#3427 = EDGE_CURVE ( 'NONE', #3351, #359, #3337, .T. ) ;
#3428 = FACE_OUTER_BOUND ( 'NONE', #3456, .T. ) ;
#3429 = LINE ( 'NONE', #3260, #1159 ) ;
#3430 = AXIS2_PLACEMENT_3D ( 'NONE', #1690, #1980, #214 ) ;
#3431 = VECTOR ( 'NONE', #480, 1000.000000000000000 ) ;
#3432 = DIRECTION ( 'NONE',  ( -0.8790825613855042200, 0.4766695398993953700, 0.0000000000000000000 ) ) ;
#3433 = LINE ( 'NONE', #2620, #3246 ) ;
#3434 = DIRECTION ( 'NONE',  ( -0.0000000000000000000, -0.0000000000000000000, -1.000000000000000000 ) ) ;
#3435 = CIRCLE ( 'NONE', #1711, 2.200000000000002000 ) ;
#3436 = CARTESIAN_POINT ( 'NONE',  ( 62.00000000000002800, -71.29999999999999700, 0.0000000000000000000 ) ) ;
#3437 = ORIENTED_EDGE ( 'NONE', *, *, #2425, .F. ) ;
#3438 = LINE ( 'NONE', #691, #3349 ) ;
#3439 = CARTESIAN_POINT ( 'NONE',  ( 3.713632190808906500, -59.79999999999999000, -1.734723475976807100E-015 ) ) ;
#3440 = EDGE_CURVE ( 'NONE', #3136, #2377, #2544, .T. ) ;
#3441 = VERTEX_POINT ( 'NONE', #209 ) ;
#3442 = VECTOR ( 'NONE', #2838, 1000.000000000000000 ) ;
#3443 = DIRECTION ( 'NONE',  ( 1.000000000000000000, 0.0000000000000000000, 0.0000000000000000000 ) ) ;
#3444 = ORIENTED_EDGE ( 'NONE', *, *, #1730, .T. ) ;
#3445 = DIRECTION ( 'NONE',  ( 0.5961776388591729600, 0.8028525536636859100, -0.0000000000000000000 ) ) ;
#3446 = EDGE_CURVE ( 'NONE', #3041, #3354, #3152, .T. ) ;
#3447 = VECTOR ( 'NONE', #818, 999.9999999999998900 ) ;
#3448 = ORIENTED_EDGE ( 'NONE', *, *, #659, .T. ) ;
#3449 = VERTEX_POINT ( 'NONE', #2279 ) ;
#3450 = ADVANCED_FACE ( 'NONE', ( #2456 ), #3859, .F. ) ;
#3451 = DIRECTION ( 'NONE',  ( -0.0000000000000000000, -0.0000000000000000000, 1.000000000000000000 ) ) ;
#3452 = ORIENTED_EDGE ( 'NONE', *, *, #792, .F. ) ;
#3453 = AXIS2_PLACEMENT_3D ( 'NONE', #941, #1230, #3299 ) ;
#3454 = DIRECTION ( 'NONE',  ( -0.8028525536636860200, -0.5961776388591726300, 0.0000000000000000000 ) ) ;
#3455 = CARTESIAN_POINT ( 'NONE',  ( 56.59999999999999400, 1.999999999999999100, 0.0000000000000000000 ) ) ;
#3456 = EDGE_LOOP ( 'NONE', ( #2879, #3275, #3695, #1999 ) ) ;
#3457 = DIRECTION ( 'NONE',  ( 0.3420201433256709900, -0.9396926207859076500, 0.0000000000000000000 ) ) ;
#3458 = ORIENTED_EDGE ( 'NONE', *, *, #590, .F. ) ;
#3459 = ORIENTED_EDGE ( 'NONE', *, *, #3173, .T. ) ;
#3460 = CARTESIAN_POINT ( 'NONE',  ( 18.59999999999999400, -15.49999999999999800, 6.000000000000000000 ) ) ;
#3461 = ORIENTED_EDGE ( 'NONE', *, *, #3472, .T. ) ;
#3462 = DIRECTION ( 'NONE',  ( -6.447810984205220800E-017, -4.787978453617745000E-017, 1.000000000000000000 ) ) ;
#3463 = LINE ( 'NONE', #1856, #313 ) ;
#3464 = ORIENTED_EDGE ( 'NONE', *, *, #564, .T. ) ;
#3465 = CARTESIAN_POINT ( 'NONE',  ( 29.49999999999999600, -15.49999999999999800, -1.734723475976807100E-015 ) ) ;
#3466 = LINE ( 'NONE', #1505, #1199 ) ;
#3467 = EDGE_CURVE ( 'NONE', #678, #398, #1667, .T. ) ;
#3468 = PLANE ( 'NONE',  #3430 ) ;
#3469 = LINE ( 'NONE', #1957, #499 ) ;
#3470 = EDGE_CURVE ( 'NONE', #3604, #3682, #786, .T. ) ;
#3471 = ADVANCED_FACE ( 'NONE', ( #690 ), #2292, .F. ) ;
#3472 = EDGE_CURVE ( 'NONE', #107, #2285, #3764, .T. ) ;
#3473 = CARTESIAN_POINT ( 'NONE',  ( -19.67221232304237300, -13.89884566301896400, 0.0000000000000000000 ) ) ;
#3474 = ORIENTED_EDGE ( 'NONE', *, *, #486, .F. ) ;
#3475 = VECTOR ( 'NONE', #2634, 1000.000000000000100 ) ;
#3476 = CARTESIAN_POINT ( 'NONE',  ( 74.88790470526153300, -57.09114222646545800, 0.0000000000000000000 ) ) ;
#3477 = VECTOR ( 'NONE', #3287, 1000.000000000000000 ) ;
#3478 = PLANE ( 'NONE',  #570 ) ;
#3479 = LINE ( 'NONE', #1318, #333 ) ;
#3480 = DIRECTION ( 'NONE',  ( 0.8028525536636858000, 0.5961776388591729600, 0.0000000000000000000 ) ) ;
#3481 = FACE_OUTER_BOUND ( 'NONE', #1675, .T. ) ;
#3482 = CARTESIAN_POINT ( 'NONE',  ( 13.14051173609508900, -38.91452836366386200, 4.699999999999998400 ) ) ;
#3483 = ORIENTED_EDGE ( 'NONE', *, *, #65, .T. ) ;
#3484 = LINE ( 'NONE', #2936, #515 ) ;
#3485 = ADVANCED_FACE ( 'NONE', ( #1579 ), #825, .T. ) ;
#3486 = ORIENTED_EDGE ( 'NONE', *, *, #295, .F. ) ;
#3487 = FACE_OUTER_BOUND ( 'NONE', #1197, .T. ) ;
#3488 = EDGE_CURVE ( 'NONE', #2558, #1790, #2176, .T. ) ;
#3489 = CARTESIAN_POINT ( 'NONE',  ( 35.94668027364903700, -66.29351599629060800, 0.0000000000000000000 ) ) ;
#3490 = ORIENTED_EDGE ( 'NONE', *, *, #2545, .F. ) ;
#3491 = DIRECTION ( 'NONE',  ( 0.8028525536636893500, -0.5961776388591681900, 0.0000000000000000000 ) ) ;
#3492 = LINE ( 'NONE', #1597, #1915 ) ;
#3493 = CARTESIAN_POINT ( 'NONE',  ( 53.50000000000000000, 3.038697265529265700, 0.0000000000000000000 ) ) ;
#3494 = CARTESIAN_POINT ( 'NONE',  ( 67.18299133945524200, -20.32108983957449800, 1.300000000000001800 ) ) ;
#3495 = EDGE_CURVE ( 'NONE', #3376, #2860, #1490, .T. ) ;
#3496 = ORIENTED_EDGE ( 'NONE', *, *, #1091, .T. ) ;
#3497 = DIRECTION ( 'NONE',  ( 2.238352872228138200E-016, -1.000000000000000000, 0.0000000000000000000 ) ) ;
#3498 = CARTESIAN_POINT ( 'NONE',  ( 82.71281307549975300, -58.59245172449184500, 4.700000000000001100 ) ) ;
#3499 = AXIS2_PLACEMENT_3D ( 'NONE', #76, #2747, #976 ) ;
#3500 = EDGE_LOOP ( 'NONE', ( #3496, #1721, #2107, #255 ) ) ;
#3501 = EDGE_LOOP ( 'NONE', ( #1596, #3019, #1527, #1090, #192, #577, #3360, #900 ) ) ;
#3502 = VERTEX_POINT ( 'NONE', #1435 ) ;
#3503 = ORIENTED_EDGE ( 'NONE', *, *, #1835, .T. ) ;
#3504 = AXIS2_PLACEMENT_3D ( 'NONE', #1116, #3189, #1419 ) ;
#3505 = CARTESIAN_POINT ( 'NONE',  ( 62.00000000000001400, -68.52206200559173500, 0.0000000000000000000 ) ) ;
#3506 = ORIENTED_EDGE ( 'NONE', *, *, #2777, .T. ) ;
#3507 = ORIENTED_EDGE ( 'NONE', *, *, #270, .F. ) ;
#3508 = CARTESIAN_POINT ( 'NONE',  ( 65.00000000000000000, 5.000000000000000000, 0.0000000000000000000 ) ) ;
#3509 = ORIENTED_EDGE ( 'NONE', *, *, #1286, .F. ) ;
#3510 = ADVANCED_FACE ( 'NONE', ( #2869 ), #1723, .F. ) ;
#3511 = CARTESIAN_POINT ( 'NONE',  ( 53.50000000000000000, 3.038697265529265700, 0.0000000000000000000 ) ) ;
#3512 = VECTOR ( 'NONE', #2887, 1000.000000000000100 ) ;
#3513 = LINE ( 'NONE', #2453, #3233 ) ;
#3514 = CARTESIAN_POINT ( 'NONE',  ( 57.01581247123585400, 2.782820751511359000, 0.0000000000000000000 ) ) ;
#3515 = EDGE_CURVE ( 'NONE', #1970, #277, #1296, .T. ) ;
#3516 = LINE ( 'NONE', #1110, #1158 ) ;
#3517 = DIRECTION ( 'NONE',  ( 0.8951782529499700000, -0.4457083075795645300, 0.0000000000000000000 ) ) ;
#3518 = LINE ( 'NONE', #2099, #1755 ) ;
#3519 = CARTESIAN_POINT ( 'NONE',  ( 53.39999999999999900, 3.775106511576874300, 0.0000000000000000000 ) ) ;
#3520 = EDGE_CURVE ( 'NONE', #960, #772, #2077, .T. ) ;
#3521 = LINE ( 'NONE', #1070, #1942 ) ;
#3522 = DIRECTION ( 'NONE',  ( 1.000000000000000000, -4.083685181052831900E-015, 0.0000000000000000000 ) ) ;
#3523 = AXIS2_PLACEMENT_3D ( 'NONE', #788, #1074, #500 ) ;
#3524 = FACE_OUTER_BOUND ( 'NONE', #3653, .T. ) ;
#3525 = AXIS2_PLACEMENT_3D ( 'NONE', #652, #3624, #1844 ) ;
#3526 = DIRECTION ( 'NONE',  ( -0.0000000000000000000, -0.0000000000000000000, 1.000000000000000000 ) ) ;
#3527 = ADVANCED_FACE ( 'NONE', ( #1981 ), #1151, .F. ) ;
#3528 = CARTESIAN_POINT ( 'NONE',  ( 60.00000000000002800, -70.21552952853909300, 0.0000000000000000000 ) ) ;
#3529 = DIRECTION ( 'NONE',  ( 0.0000000000000000000, 0.0000000000000000000, -1.000000000000000000 ) ) ;
#3530 = VECTOR ( 'NONE', #1207, 1000.000000000000200 ) ;
#3531 = DIRECTION ( 'NONE',  ( 0.0000000000000000000, 0.0000000000000000000, 1.000000000000000000 ) ) ;
#3532 = PRODUCT_RELATED_PRODUCT_CATEGORY ( 'part', '', ( #437 ) ) ;
#3533 = ORIENTED_EDGE ( 'NONE', *, *, #842, .F. ) ;
#3534 = VECTOR ( 'NONE', #1847, 1000.000000000000000 ) ;
#3535 = CARTESIAN_POINT ( 'NONE',  ( 75.24419881934157700, -35.70311814900908600, 4.699999999999998400 ) ) ;
#3536 = PLANE ( 'NONE',  #1320 ) ;
#3537 = ORIENTED_EDGE ( 'NONE', *, *, #863, .F. ) ;
#3538 = PLANE ( 'NONE',  #2410 ) ;
#3539 = VECTOR ( 'NONE', #463, 1000.000000000000000 ) ;
#3540 = ORIENTED_EDGE ( 'NONE', *, *, #2946, .F. ) ;
#3541 = LINE ( 'NONE', #207, #2756 ) ;
#3542 = DIRECTION ( 'NONE',  ( 1.000000000000000000, 0.0000000000000000000, 0.0000000000000000000 ) ) ;
#3543 = EDGE_LOOP ( 'NONE', ( #763, #2925, #962, #3742 ) ) ;
#3544 = EDGE_CURVE ( 'NONE', #2426, #2839, #502, .T. ) ;
#3545 = CARTESIAN_POINT ( 'NONE',  ( 0.0000000000000000000, 0.0000000000000000000, 6.000000000000000000 ) ) ;
#3546 = ORIENTED_EDGE ( 'NONE', *, *, #1311, .T. ) ;
#3547 = EDGE_CURVE ( 'NONE', #3743, #3835, #1206, .T. ) ;
#3548 = CARTESIAN_POINT ( 'NONE',  ( 56.59999999999999400, 1.999999999999999100, 6.000000000000000000 ) ) ;
#3549 = PLANE ( 'NONE',  #1863 ) ;
#3550 = ADVANCED_FACE ( 'NONE', ( #1894 ), #2928, .T. ) ;
#3551 = DIRECTION ( 'NONE',  ( -0.0000000000000000000, -0.0000000000000000000, 1.000000000000000000 ) ) ;
#3552 = ORIENTED_EDGE ( 'NONE', *, *, #1117, .T. ) ;
#3553 = AXIS2_PLACEMENT_3D ( 'NONE', #2813, #2758, #3491 ) ;
#3554 = ORIENTED_EDGE ( 'NONE', *, *, #2649, .T. ) ;
#3555 = ORIENTED_EDGE ( 'NONE', *, *, #764, .T. ) ;
#3556 = ORIENTED_EDGE ( 'NONE', *, *, #3578, .F. ) ;
#3557 = CARTESIAN_POINT ( 'NONE',  ( 73.86184427528454000, -54.27206436410775600, 0.0000000000000000000 ) ) ;
#3558 = ORIENTED_EDGE ( 'NONE', *, *, #3422, .F. ) ;
#3559 = DIRECTION ( 'NONE',  ( -0.8028525536636853500, -0.5961776388591736300, 0.0000000000000000000 ) ) ;
#3560 = AXIS2_PLACEMENT_3D ( 'NONE', #3031, #1253, #3323 ) ;
#3561 = LINE ( 'NONE', #368, #405 ) ;
#3562 = VERTEX_POINT ( 'NONE', #3833 ) ;
#3563 = DIRECTION ( 'NONE',  ( -0.0000000000000000000, -0.0000000000000000000, 1.000000000000000000 ) ) ;
#3564 = FACE_OUTER_BOUND ( 'NONE', #1429, .T. ) ;
#3565 = DIRECTION ( 'NONE',  ( -0.8028525536636895700, -0.5961776388591679700, 0.0000000000000000000 ) ) ;
#3566 = DIRECTION ( 'NONE',  ( 0.0000000000000000000, 1.000000000000000000, 0.0000000000000000000 ) ) ;
#3567 = CIRCLE ( 'NONE', #2757, 1.000000000000000000 ) ;
#3568 = ORIENTED_EDGE ( 'NONE', *, *, #2729, .F. ) ;
#3569 = ADVANCED_FACE ( 'NONE', ( #1395 ), #2040, .F. ) ;
#3570 = CARTESIAN_POINT ( 'NONE',  ( 3.713632190808906900, -66.29999999999999700, 1.499999999999999600 ) ) ;
#3571 = VECTOR ( 'NONE', #3217, 1000.000000000000000 ) ;
#3572 = EDGE_CURVE ( 'NONE', #1098, #2553, #327, .T. ) ;
#3573 = CARTESIAN_POINT ( 'NONE',  ( 11.11209529473844500, -57.09114222646546500, 6.000000000000000000 ) ) ;
#3574 = DIRECTION ( 'NONE',  ( -0.0000000000000000000, -0.0000000000000000000, 1.000000000000000000 ) ) ;
#3575 = FACE_OUTER_BOUND ( 'NONE', #1578, .T. ) ;
#3576 = CARTESIAN_POINT ( 'NONE',  ( 62.58418752876414000, 2.782820751511359000, 6.000000000000000000 ) ) ;
#3577 = CARTESIAN_POINT ( 'NONE',  ( 0.9024763690635463400, -43.01994350415367300, 6.000000000000000000 ) ) ;
#3578 = EDGE_CURVE ( 'NONE', #917, #3075, #2692, .T. ) ;
#3579 = CARTESIAN_POINT ( 'NONE',  ( 56.59999999999999400, 5.000000000000000000, 6.000000000000000000 ) ) ;
#3580 = VECTOR ( 'NONE', #3067, 1000.000000000000000 ) ;
#3581 = PLANE ( 'NONE',  #3607 ) ;
#3582 = LINE ( 'NONE', #3473, #2875 ) ;
#3583 = ORIENTED_EDGE ( 'NONE', *, *, #1609, .F. ) ;
#3584 = VECTOR ( 'NONE', #852, 1000.000000000000000 ) ;
#3585 = ORIENTED_EDGE ( 'NONE', *, *, #3802, .T. ) ;
#3586 = DIRECTION ( 'NONE',  ( -0.3420201433256704900, 0.9396926207859077600, 0.0000000000000000000 ) ) ;
#3587 = DIRECTION ( 'NONE',  ( -0.5961776388591733000, 0.8028525536636855800, 0.0000000000000000000 ) ) ;
#3588 = ORIENTED_EDGE ( 'NONE', *, *, #1703, .T. ) ;
#3589 = CARTESIAN_POINT ( 'NONE',  ( 3.713632190808907400, -55.38104150983710400, 0.0000000000000000000 ) ) ;
#3590 = FACE_OUTER_BOUND ( 'NONE', #1960, .T. ) ;
#3591 = ADVANCED_FACE ( 'NONE', ( #1805 ), #2643, .F. ) ;
#3592 = VERTEX_POINT ( 'NONE', #3850 ) ;
#3593 = VECTOR ( 'NONE', #1878, 1000.000000000000000 ) ;
#3594 = EDGE_LOOP ( 'NONE', ( #259, #956, #2156, #2439 ) ) ;
#3595 = EDGE_CURVE ( 'NONE', #3792, #3562, #1020, .T. ) ;
#3596 = DIRECTION ( 'NONE',  ( -0.5961776388591687500, 0.8028525536636890200, -0.0000000000000000000 ) ) ;
#3597 = CARTESIAN_POINT ( 'NONE',  ( 60.00000000000002100, 0.0000000000000000000, 0.0000000000000000000 ) ) ;
#3598 = VERTEX_POINT ( 'NONE', #582 ) ;
#3599 = EDGE_CURVE ( 'NONE', #1707, #215, #230, .T. ) ;
#3600 = CARTESIAN_POINT ( 'NONE',  ( -5.169516904405405500, -3.652376073764693300, 0.0000000000000000000 ) ) ;
#3601 = EDGE_CURVE ( 'NONE', #3678, #1177, #2494, .T. ) ;
#3602 = CARTESIAN_POINT ( 'NONE',  ( 0.0000000000000000000, -15.49999999999999800, 0.0000000000000000000 ) ) ;
#3603 = ORIENTED_EDGE ( 'NONE', *, *, #1338, .T. ) ;
#3604 = VERTEX_POINT ( 'NONE', #3 ) ;
#3605 = ORIENTED_EDGE ( 'NONE', *, *, #513, .F. ) ;
#3606 = PLANE ( 'NONE',  #2713 ) ;
#3607 = AXIS2_PLACEMENT_3D ( 'NONE', #25, #328, #2396 ) ;
#3608 = AXIS2_PLACEMENT_3D ( 'NONE', #2615, #2019, #1737 ) ;
#3609 = VERTEX_POINT ( 'NONE', #304 ) ;
#3610 = ORIENTED_EDGE ( 'NONE', *, *, #2273, .T. ) ;
#3611 = ORIENTED_EDGE ( 'NONE', *, *, #3470, .T. ) ;
#3612 = DIRECTION ( 'NONE',  ( -0.0000000000000000000, -0.0000000000000000000, 1.000000000000000000 ) ) ;
#3613 = LINE ( 'NONE', #3783, #3093 ) ;
#3614 = ADVANCED_FACE ( 'NONE', ( #937 ), #2674, .T. ) ;
#3615 = VECTOR ( 'NONE', #135, 1000.000000000000000 ) ;
#3616 = CARTESIAN_POINT ( 'NONE',  ( 65.01528944456329400, -18.71141021465473400, 4.700000000000002000 ) ) ;
#3617 = DIRECTION ( 'NONE',  ( -0.0000000000000000000, -0.0000000000000000000, -1.000000000000000000 ) ) ;
#3618 = CARTESIAN_POINT ( 'NONE',  ( 67.18299133945524200, -20.32108983957449800, 4.700000000000002000 ) ) ;
#3619 = FACE_OUTER_BOUND ( 'NONE', #532, .T. ) ;
#3620 = VECTOR ( 'NONE', #2045, 1000.000000000000000 ) ;
#3621 = CARTESIAN_POINT ( 'NONE',  ( 3.713632190808907400, -71.29999999999999700, 0.4999999999999982800 ) ) ;
#3622 = DIRECTION ( 'NONE',  ( 1.000000000000000000, 0.0000000000000000000, 0.0000000000000000000 ) ) ;
#3623 = LINE ( 'NONE', #174, #1254 ) ;
#3624 = DIRECTION ( 'NONE',  ( -0.9909055714925758500, -0.1345590888233554600, 0.0000000000000000000 ) ) ;
#3625 = VECTOR ( 'NONE', #3762, 1000.000000000000000 ) ;
#3626 = EDGE_CURVE ( 'NONE', #2993, #1413, #2408, .T. ) ;
#3627 =( LENGTH_UNIT ( ) NAMED_UNIT ( * ) SI_UNIT ( .MILLI., .METRE. ) );
#3628 = CIRCLE ( 'NONE', #1121, 2.199999999999987300 ) ;
#3629 = DIRECTION ( 'NONE',  ( -0.5961776388591733000, 0.8028525536636855800, -0.0000000000000000000 ) ) ;
#3630 = EDGE_CURVE ( 'NONE', #3609, #2002, #3195, .T. ) ;
#3631 = DIRECTION ( 'NONE',  ( -0.8028525536636895700, -0.5961776388591679700, 0.0000000000000000000 ) ) ;
#3632 = ORIENTED_EDGE ( 'NONE', *, *, #1186, .T. ) ;
#3633 = VECTOR ( 'NONE', #3629, 1000.000000000000000 ) ;
#3634 = AXIS2_PLACEMENT_3D ( 'NONE', #2592, #827, #2890 ) ;
#3635 = LINE ( 'NONE', #2752, #2842 ) ;
#3636 = VERTEX_POINT ( 'NONE', #15 ) ;
#3637 = VECTOR ( 'NONE', #1352, 1000.000000000000000 ) ;
#3638 = DIRECTION ( 'NONE',  ( -0.9396926207859077600, 0.3420201433256706000, 0.0000000000000000000 ) ) ;
#3639 = DIRECTION ( 'NONE',  ( -0.5961776388591687500, 0.8028525536636890200, -0.0000000000000000000 ) ) ;
#3640 = ORIENTED_EDGE ( 'NONE', *, *, #1784, .F. ) ;
#3641 = VECTOR ( 'NONE', #3779, 1000.000000000000000 ) ;
#3642 = PRODUCT_CONTEXT ( 'NONE', #3338, 'mechanical' ) ;
#3643 = EDGE_LOOP ( 'NONE', ( #868, #3458, #1083, #85 ) ) ;
#3644 = DIRECTION ( 'NONE',  ( -1.000000000000000000, -1.355252715606880000E-016, 0.0000000000000000000 ) ) ;
#3645 = EDGE_LOOP ( 'NONE', ( #240, #632, #2617, #2512 ) ) ;
#3646 = ORIENTED_EDGE ( 'NONE', *, *, #665, .F. ) ;
#3647 = PLANE ( 'NONE',  #543 ) ;
#3648 = ORIENTED_EDGE ( 'NONE', *, *, #3630, .T. ) ;
#3649 = ORIENTED_EDGE ( 'NONE', *, *, #1540, .F. ) ;
#3650 = EDGE_CURVE ( 'NONE', #1958, #1002, #1619, .T. ) ;
#3651 = VERTEX_POINT ( 'NONE', #3268 ) ;
#3652 = DIRECTION ( 'NONE',  ( -0.8028525536636854600, 0.5961776388591734100, 0.0000000000000000000 ) ) ;
#3653 = EDGE_LOOP ( 'NONE', ( #3701, #965, #1636, #3585 ) ) ;
#3654 = VERTEX_POINT ( 'NONE', #2691 ) ;
#3655 = EDGE_CURVE ( 'NONE', #60, #3682, #735, .T. ) ;
#3656 = EDGE_LOOP ( 'NONE', ( #2455, #1841 ) ) ;
#3657 = LINE ( 'NONE', #2424, #492 ) ;
#3658 = CARTESIAN_POINT ( 'NONE',  ( 63.00000000000000000, 2.000000000000000000, 6.000000000000000000 ) ) ;
#3659 = DIRECTION ( 'NONE',  ( -0.0000000000000000000, -0.0000000000000000000, 1.000000000000000000 ) ) ;
#3660 = DIRECTION ( 'NONE',  ( 1.000000000000000000, 0.0000000000000000000, 0.0000000000000000000 ) ) ;
#3661 = FACE_OUTER_BOUND ( 'NONE', #1194, .T. ) ;
#3662 = PLANE ( 'NONE',  #493 ) ;
#3663 = VECTOR ( 'NONE', #701, 1000.000000000000000 ) ;
#3664 = CARTESIAN_POINT ( 'NONE',  ( 63.00000000000000000, 2.575788160835400700, 0.0000000000000000000 ) ) ;
#3665 = ORIENTED_EDGE ( 'NONE', *, *, #3322, .T. ) ;
#3666 = SHAPE_DEFINITION_REPRESENTATION ( #2829, #1788 ) ;
#3667 = VECTOR ( 'NONE', #1133, 1000.000000000000000 ) ;
#3668 = CARTESIAN_POINT ( 'NONE',  ( 75.02719015879687000, -40.52420798858359100, 1.299999999999998500 ) ) ;
#3669 = CARTESIAN_POINT ( 'NONE',  ( 13.14051173609508900, -38.91452836366386200, 1.299999999999998700 ) ) ;
#3670 = CARTESIAN_POINT ( 'NONE',  ( 79.58636780919108800, -55.38104150983710400, 0.0000000000000000000 ) ) ;
#3671 = LINE ( 'NONE', #3258, #2179 ) ;
#3672 = EDGE_CURVE ( 'NONE', #355, #470, #41, .T. ) ;
#3673 = VECTOR ( 'NONE', #998, 1000.000000000000000 ) ;
#3674 = PLANE ( 'NONE',  #722 ) ;
#3675 = EDGE_CURVE ( 'NONE', #157, #1881, #2312, .T. ) ;
#3676 = EDGE_CURVE ( 'NONE', #487, #3743, #138, .T. ) ;
#3677 = LINE ( 'NONE', #3804, #1901 ) ;
#3678 = VERTEX_POINT ( 'NONE', #1517 ) ;
#3679 = AXIS2_PLACEMENT_3D ( 'NONE', #1330, #3286, #1520 ) ;
#3680 = LINE ( 'NONE', #3508, #2090 ) ;
#3681 = CARTESIAN_POINT ( 'NONE',  ( 62.00000000000002800, -71.29999999999999700, 6.000000000000000000 ) ) ;
#3682 = VERTEX_POINT ( 'NONE', #3005 ) ;
#3683 = LINE ( 'NONE', #2970, #1312 ) ;
#3684 = CARTESIAN_POINT ( 'NONE',  ( 77.41190071423353900, -37.31279777392883500, 1.299999999999998500 ) ) ;
#3685 = AXIS2_PLACEMENT_3D ( 'NONE', #1447, #1738, #3820 ) ;
#3686 = EDGE_LOOP ( 'NONE', ( #1741, #1319, #3060, #171, #2104, #335 ) ) ;
#3687 = ORIENTED_EDGE ( 'NONE', *, *, #3168, .F. ) ;
#3688 = ORIENTED_EDGE ( 'NONE', *, *, #646, .T. ) ;
#3689 = DIRECTION ( 'NONE',  ( 0.8028525536636893500, -0.5961776388591681900, 0.0000000000000000000 ) ) ;
#3690 = DIRECTION ( 'NONE',  ( -4.083685181052837400E-015, 1.000000000000000000, 0.0000000000000000000 ) ) ;
#3691 = EDGE_LOOP ( 'NONE', ( #525, #2267, #2443, #528 ) ) ;
#3692 = CARTESIAN_POINT ( 'NONE',  ( 29.49999999999999300, -0.5000000000000000000, 5.500000000000000000 ) ) ;
#3693 = DIRECTION ( 'NONE',  ( 0.5961776388591729600, 0.8028525536636858000, 0.0000000000000000000 ) ) ;
#3694 = CARTESIAN_POINT ( 'NONE',  ( 65.00000000000000000, 0.0000000000000000000, 0.0000000000000000000 ) ) ;
#3695 = ORIENTED_EDGE ( 'NONE', *, *, #646, .F. ) ;
#3696 = ORIENTED_EDGE ( 'NONE', *, *, #557, .T. ) ;
#3697 = EDGE_LOOP ( 'NONE', ( #2407, #997, #1008, #1233 ) ) ;
#3698 = CARTESIAN_POINT ( 'NONE',  ( 14.66602248704793100, -18.42127043040994700, 3.000000000000000400 ) ) ;
#3699 = EDGE_CURVE ( 'NONE', #2388, #2356, #648, .T. ) ;
#3700 = ORIENTED_EDGE ( 'NONE', *, *, #1246, .T. ) ;
#3701 = ORIENTED_EDGE ( 'NONE', *, *, #3440, .T. ) ;
#3702 = DIRECTION ( 'NONE',  ( 0.0000000000000000000, -1.000000000000000000, 0.0000000000000000000 ) ) ;
#3703 = CIRCLE ( 'NONE', #2807, 1.500000000000000900 ) ;
#3704 = EDGE_CURVE ( 'NONE', #823, #674, #3020, .T. ) ;
#3705 = DIRECTION ( 'NONE',  ( 0.0000000000000000000, -1.000000000000000000, 0.0000000000000000000 ) ) ;
#3706 = DIRECTION ( 'NONE',  ( -0.8028525536636895700, -0.5961776388591679700, 0.0000000000000000000 ) ) ;
#3707 = FACE_OUTER_BOUND ( 'NONE', #2889, .T. ) ;
#3708 = CARTESIAN_POINT ( 'NONE',  ( 65.00000000000000000, 5.000000000000000000, 0.0000000000000000000 ) ) ;
#3709 = EDGE_LOOP ( 'NONE', ( #924, #2111 ) ) ;
#3710 = AXIS2_PLACEMENT_3D ( 'NONE', #2256, #1092, #3159 ) ;
#3711 = LINE ( 'NONE', #639, #548 ) ;
#3712 = DIRECTION ( 'NONE',  ( -0.0000000000000000000, -0.0000000000000000000, 1.000000000000000000 ) ) ;
#3713 = DIRECTION ( 'NONE',  ( -0.8167217636858455900, -0.5770316808649952300, 0.0000000000000000000 ) ) ;
#3714 = FACE_OUTER_BOUND ( 'NONE', #1268, .T. ) ;
#3715 = CARTESIAN_POINT ( 'NONE',  ( 5.055548049646224800, -39.93597938490916700, 3.000000000000000000 ) ) ;
#3716 = LINE ( 'NONE', #2564, #3625 ) ;
#3717 = PLANE ( 'NONE',  #2781 ) ;
#3718 = CARTESIAN_POINT ( 'NONE',  ( 85.09752363093645000, -55.38104150983709000, 1.300000000000000300 ) ) ;
#3719 = LINE ( 'NONE', #2370, #1355 ) ;
#3720 = EDGE_CURVE ( 'NONE', #2377, #3033, #3711, .T. ) ;
#3721 = CARTESIAN_POINT ( 'NONE',  ( 20.99999999999999300, -15.49999999999999800, 0.0000000000000000000 ) ) ;
#3722 = ORIENTED_EDGE ( 'NONE', *, *, #2753, .T. ) ;
#3723 = LINE ( 'NONE', #365, #3633 ) ;
#3724 = CARTESIAN_POINT ( 'NONE',  ( 0.0000000000000000000, -15.49999999999999800, 0.0000000000000000000 ) ) ;
#3725 = EDGE_CURVE ( 'NONE', #3796, #3354, #2913, .T. ) ;
#3726 = DIRECTION ( 'NONE',  ( -0.5961776388591717400, -0.8028525536636868000, 0.0000000000000000000 ) ) ;
#3727 = VECTOR ( 'NONE', #980, 1000.000000000000100 ) ;
#3728 = VERTEX_POINT ( 'NONE', #2224 ) ;
#3729 = LINE ( 'NONE', #143, #1550 ) ;
#3730 = DIRECTION ( 'NONE',  ( -1.000000000000000000, 0.0000000000000000000, 0.0000000000000000000 ) ) ;
#3731 = CARTESIAN_POINT ( 'NONE',  ( 54.59999999999999400, 6.599999999999999600, 0.0000000000000000000 ) ) ;
#3732 = VERTEX_POINT ( 'NONE', #1757 ) ;
#3733 = VECTOR ( 'NONE', #3445, 1000.000000000000000 ) ;
#3734 = CARTESIAN_POINT ( 'NONE',  ( 18.81700866054475400, -20.32108983957450800, 4.700000000000002000 ) ) ;
#3735 = CARTESIAN_POINT ( 'NONE',  ( 20.98471055543668500, -18.71141021465474500, 4.700000000000002000 ) ) ;
#3736 = DIRECTION ( 'NONE',  ( -0.0000000000000000000, -0.0000000000000000000, 1.000000000000000000 ) ) ;
#3737 = ORIENTED_EDGE ( 'NONE', *, *, #2041, .F. ) ;
#3738 = DIRECTION ( 'NONE',  ( -0.0000000000000000000, -0.0000000000000000000, 1.000000000000000000 ) ) ;
#3739 = ORIENTED_EDGE ( 'NONE', *, *, #1992, .T. ) ;
#3740 = ORIENTED_EDGE ( 'NONE', *, *, #2180, .T. ) ;
#3741 = DIRECTION ( 'NONE',  ( 0.0000000000000000000, 0.0000000000000000000, -1.000000000000000000 ) ) ;
#3742 = ORIENTED_EDGE ( 'NONE', *, *, #3676, .T. ) ;
#3743 = VERTEX_POINT ( 'NONE', #2353 ) ;
#3744 = ORIENTED_EDGE ( 'NONE', *, *, #1408, .T. ) ;
#3745 = DIRECTION ( 'NONE',  ( -0.0000000000000000000, -0.0000000000000000000, 1.000000000000000000 ) ) ;
#3746 = CARTESIAN_POINT ( 'NONE',  ( 55.49999999999999300, -15.49999999999999800, 5.500000000000000000 ) ) ;
#3747 = CARTESIAN_POINT ( 'NONE',  ( 70.71554257557546900, -22.94427145055485400, 3.000000000000000000 ) ) ;
#3748 = ORIENTED_EDGE ( 'NONE', *, *, #814, .F. ) ;
#3749 = ORIENTED_EDGE ( 'NONE', *, *, #1605, .F. ) ;
#3750 = ORIENTED_EDGE ( 'NONE', *, *, #922, .F. ) ;
#3751 = DIRECTION ( 'NONE',  ( -1.000000000000000000, -0.0000000000000000000, -0.0000000000000000000 ) ) ;
#3752 = FACE_OUTER_BOUND ( 'NONE', #2022, .T. ) ;
#3753 = CARTESIAN_POINT ( 'NONE',  ( 7.714888431678005500, -52.66212673123886400, 6.000000000000000000 ) ) ;
#3754 = EDGE_CURVE ( 'NONE', #3792, #440, #2031, .T. ) ;
#3755 = ADVANCED_FACE ( 'NONE', ( #1252 ), #2949, .F. ) ;
#3756 = EDGE_CURVE ( 'NONE', #359, #2993, #2737, .T. ) ;
#3757 = FACE_OUTER_BOUND ( 'NONE', #104, .T. ) ;
#3758 = CARTESIAN_POINT ( 'NONE',  ( 5.000485530211658000, -66.29999999999999700, 1.499999999999999600 ) ) ;
#3759 = FACE_BOUND ( 'NONE', #3656, .T. ) ;
#3760 = PLANE ( 'NONE',  #222 ) ;
#3761 = EDGE_LOOP ( 'NONE', ( #1688, #3336, #449, #120 ) ) ;
#3762 = DIRECTION ( 'NONE',  ( -0.0000000000000000000, 0.0000000000000000000, -1.000000000000000000 ) ) ;
#3763 = AXIS2_PLACEMENT_3D ( 'NONE', #3090, #1313, #3383 ) ;
#3764 = LINE ( 'NONE', #1710, #3062 ) ;
#3765 = VERTEX_POINT ( 'NONE', #3548 ) ;
#3766 = PLANE ( 'NONE',  #3523 ) ;
#3767 = VECTOR ( 'NONE', #1769, 1000.000000000000000 ) ;
#3768 = CARTESIAN_POINT ( 'NONE',  ( 47.77894455776322500, 17.39011364368105500, 6.000000000000000000 ) ) ;
#3769 = LINE ( 'NONE', #694, #3673 ) ;
#3770 = ADVANCED_FACE ( 'NONE', ( #459, #369 ), #2368, .F. ) ;
#3771 = DIRECTION ( 'NONE',  ( 0.0000000000000000000, 0.0000000000000000000, -1.000000000000000000 ) ) ;
#3772 = VECTOR ( 'NONE', #140, 1000.000000000000000 ) ;
#3773 = DIRECTION ( 'NONE',  ( 0.0000000000000000000, 1.000000000000000000, 0.0000000000000000000 ) ) ;
#3774 = EDGE_CURVE ( 'NONE', #3277, #2843, #3429, .T. ) ;
#3775 = ORIENTED_EDGE ( 'NONE', *, *, #2595, .T. ) ;
#3776 = LINE ( 'NONE', #3489, #2190 ) ;
#3777 = CARTESIAN_POINT ( 'NONE',  ( 28.71363219080890900, -69.26616137173527900, 0.0000000000000000000 ) ) ;
#3778 = EDGE_LOOP ( 'NONE', ( #1076, #2251, #396, #2556 ) ) ;
#3779 = DIRECTION ( 'NONE',  ( -0.9396926207859077600, 0.3420201433256706000, 0.0000000000000000000 ) ) ;
#3780 = EDGE_CURVE ( 'NONE', #2609, #2347, #1941, .T. ) ;
#3781 = FACE_OUTER_BOUND ( 'NONE', #2244, .T. ) ;
#3782 = EDGE_LOOP ( 'NONE', ( #668, #1979, #3558, #1644 ) ) ;
#3783 = CARTESIAN_POINT ( 'NONE',  ( 20.99999999999998900, 4.700541031679088300E-015, 0.0000000000000000000 ) ) ;
#3784 = DIRECTION ( 'NONE',  ( 0.0000000000000000000, 0.0000000000000000000, 1.000000000000000000 ) ) ;
#3785 = DIRECTION ( 'NONE',  ( 0.9396926207859078700, 0.3420201433256701600, 0.0000000000000000000 ) ) ;
#3786 = ORIENTED_EDGE ( 'NONE', *, *, #1388, .T. ) ;
#3787 = AXIS2_PLACEMENT_3D ( 'NONE', #1998, #527, #2596 ) ;
#3788 = VERTEX_POINT ( 'NONE', #1783 ) ;
#3789 = DIRECTION ( 'NONE',  ( 2.238352872228138200E-016, -1.000000000000000000, 0.0000000000000000000 ) ) ;
#3790 = ADVANCED_FACE ( 'NONE', ( #274 ), #307, .F. ) ;
#3791 = VERTEX_POINT ( 'NONE', #1190 ) ;
#3792 = VERTEX_POINT ( 'NONE', #911 ) ;
#3793 = CARTESIAN_POINT ( 'NONE',  ( 5.713632190808906100, -69.29999999999999700, 1.499999999999999600 ) ) ;
#3794 = VERTEX_POINT ( 'NONE', #2976 ) ;
#3795 = VERTEX_POINT ( 'NONE', #1203 ) ;
#3796 = VERTEX_POINT ( 'NONE', #3273 ) ;
#3797 = DIRECTION ( 'NONE',  ( 0.0000000000000000000, 0.0000000000000000000, 1.000000000000000000 ) ) ;
#3798 = DIRECTION ( 'NONE',  ( -1.000000000000000000, 0.0000000000000000000, 0.0000000000000000000 ) ) ;
#3799 = LINE ( 'NONE', #3190, #638 ) ;
#3800 = EDGE_CURVE ( 'NONE', #1558, #3794, #2539, .T. ) ;
#3801 = CARTESIAN_POINT ( 'NONE',  ( 25.24999999999999300, 2.700000000000000200, 2.999999999999999600 ) ) ;
#3802 = EDGE_CURVE ( 'NONE', #2639, #3136, #1065, .T. ) ;
#3803 = EDGE_CURVE ( 'NONE', #3226, #1887, #180, .T. ) ;
#3804 = CARTESIAN_POINT ( 'NONE',  ( 8.588099285766453800, -37.31279777392885000, 4.699999999999998400 ) ) ;
#3805 = DIRECTION ( 'NONE',  ( -0.8028525536636855800, 0.5961776388591733000, 8.031127203596346600E-017 ) ) ;
#3806 = ORIENTED_EDGE ( 'NONE', *, *, #1408, .F. ) ;
#3807 = VECTOR ( 'NONE', #921, 1000.000000000000000 ) ;
#3808 = ADVANCED_FACE ( 'NONE', ( #3335 ), #2084, .F. ) ;
#3809 = CARTESIAN_POINT ( 'NONE',  ( 53.39999999999999900, 6.599999999999999600, 0.0000000000000000000 ) ) ;
#3810 = CARTESIAN_POINT ( 'NONE',  ( 27.10896014749831600, -74.48125587014652600, 0.0000000000000000000 ) ) ;
#3811 = CARTESIAN_POINT ( 'NONE',  ( 70.14667518840518300, -35.70311814900905000, 0.0000000000000000000 ) ) ;
#3812 = FACE_OUTER_BOUND ( 'NONE', #2815, .T. ) ;
#3813 = CARTESIAN_POINT ( 'NONE',  ( 30.17206218484699000, -10.98173254171323300, 0.0000000000000000000 ) ) ;
#3814 = AXIS2_PLACEMENT_3D ( 'NONE', #2696, #940, #3013 ) ;
#3815 = LINE ( 'NONE', #2848, #51 ) ;
#3816 = CARTESIAN_POINT ( 'NONE',  ( 88.41306620651192800, -62.82531296039196900, 3.000000000000000000 ) ) ;
#3817 = VECTOR ( 'NONE', #3551, 1000.000000000000000 ) ;
#3818 = ORIENTED_EDGE ( 'NONE', *, *, #3196, .T. ) ;
#3819 = LINE ( 'NONE', #46, #844 ) ;
#3820 = DIRECTION ( 'NONE',  ( 1.000000000000000000, 0.0000000000000000000, -0.0000000000000000000 ) ) ;
#3821 = ORIENTED_EDGE ( 'NONE', *, *, #1305, .T. ) ;
#3822 = LINE ( 'NONE', #423, #1459 ) ;
#3823 = EDGE_CURVE ( 'NONE', #2901, #3792, #3518, .T. ) ;
#3824 = CARTESIAN_POINT ( 'NONE',  ( -8.594213839345641800, -23.61240846156644900, 0.0000000000000000000 ) ) ;
#3825 = ORIENTED_EDGE ( 'NONE', *, *, #688, .T. ) ;
#3826 = LINE ( 'NONE', #181, #757 ) ;
#3827 = ADVANCED_FACE ( 'NONE', ( #2452 ), #2705, .F. ) ;
#3828 = PLANE ( 'NONE',  #932 ) ;
#3829 = CARTESIAN_POINT ( 'NONE',  ( 56.59999999999999400, 5.000000000000000000, 0.0000000000000000000 ) ) ;
#3830 = EDGE_CURVE ( 'NONE', #1386, #1969, #90, .T. ) ;
#3831 = ORIENTED_EDGE ( 'NONE', *, *, #3052, .F. ) ;
#3832 = ORIENTED_EDGE ( 'NONE', *, *, #3675, .T. ) ;
#3833 = CARTESIAN_POINT ( 'NONE',  ( 57.01581247123585400, 2.782820751511359000, 0.0000000000000000000 ) ) ;
#3834 = AXIS2_PLACEMENT_3D ( 'NONE', #2579, #3773, #2877 ) ;
#3835 = VERTEX_POINT ( 'NONE', #45 ) ;
#3836 = ORIENTED_EDGE ( 'NONE', *, *, #1193, .T. ) ;
#3837 = VERTEX_POINT ( 'NONE', #1229 ) ;
#3838 = CARTESIAN_POINT ( 'NONE',  ( 18.81700866054475400, -20.32108983957450800, 1.300000000000001800 ) ) ;
#3839 = CARTESIAN_POINT ( 'NONE',  ( 3.713632190808906500, -62.79999999999999700, -1.734723475976807100E-015 ) ) ;
#3840 = ORIENTED_EDGE ( 'NONE', *, *, #3578, .T. ) ;
#3841 = EDGE_LOOP ( 'NONE', ( #2437, #3117, #1148, #676 ) ) ;
#3842 = CARTESIAN_POINT ( 'NONE',  ( 18.81700866054475400, -20.32108983957450800, 4.700000000000002000 ) ) ;
#3843 = CARTESIAN_POINT ( 'NONE',  ( 18.81700866054475400, -20.32108983957450800, 1.300000000000001800 ) ) ;
#3844 = ORIENTED_EDGE ( 'NONE', *, *, #1041, .T. ) ;
#3845 = DIRECTION ( 'NONE',  ( 1.000000000000000000, 0.0000000000000000000, 0.0000000000000000000 ) ) ;
#3846 = VECTOR ( 'NONE', #640, 999.9999999999998900 ) ;
#3847 = CARTESIAN_POINT ( 'NONE',  ( 62.58418752876414000, 2.782820751511359000, 0.0000000000000000000 ) ) ;
#3848 = VECTOR ( 'NONE', #2308, 1000.000000000000000 ) ;
#3849 = ADVANCED_FACE ( 'NONE', ( #1661 ), #348, .F. ) ;
#3850 = CARTESIAN_POINT ( 'NONE',  ( 5.713632190808906100, -68.73101329783214900, 5.500000000000000000 ) ) ;
#3851 = EDGE_CURVE ( 'NONE', #2720, #2658, #1577, .T. ) ;
#3852 = VECTOR ( 'NONE', #1270, 1000.000000000000200 ) ;
#3853 = CARTESIAN_POINT ( 'NONE',  ( 29.49999999999999300, 1.040949779275250100E-015, -1.734723475976807100E-015 ) ) ;
#3854 = VECTOR ( 'NONE', #3617, 1000.000000000000000 ) ;
#3855 = CARTESIAN_POINT ( 'NONE',  ( 3.713632190808906900, -66.29999999999999700, 1.499999999999999600 ) ) ;
#3856 = CARTESIAN_POINT ( 'NONE',  ( 84.88051497039170100, -60.20213134941160100, 1.300000000000000300 ) ) ;
#3857 = EDGE_CURVE ( 'NONE', #2619, #1970, #2360, .T. ) ;
#3858 = VERTEX_POINT ( 'NONE', #950 ) ;
#3859 = CYLINDRICAL_SURFACE ( 'NONE', #2283, 2.199999999999987300 ) ;
#3860 = CARTESIAN_POINT ( 'NONE',  ( 85.09752363093645000, -55.38104150983709000, 0.0000000000000000000 ) ) ;
ENDSEC;
END-ISO-10303-21;
